:0200000490006A
:10200000680B002471230090939700909F95009097
:10201000859700908B4900902DBB00900000000038
:10202000000000000000000000000000E9AC00908B
:10203000855000900000000099980090EBAC009053
:102040008F2300908F2300908F2300908F23009088
:102050008F2300908F2300908F2300908F23009078
:102060008F2300908F2300908F230090854A00904B
:102070008F2300908F2300908F2300908F23009058
:102080008F2300908F2300908F2300905D5100904C
:102090008F230090695100908F2300908F23009030
:1020A0008F2300908F2300908F2300908F23009028
:1020B0008F2300908F2300908F2300908F23009018
:1020C0008F2300908F2300908F2300908F23009008
:1020D0008F23009021BB00908F2300908F230090CE
:1020E0008F2300908F230090000000008F2300902A
:1020F0008F2300908F2300908F2300908F230090D8
:102100008F2300908F2300908F2300908F230090C7
:102110008F2300908F2300905DB100908F2300905B
:102120008F2300908F2300908F2300908F230090A7
:102130008F2300908F2300908F2300907551009083
:10214000000000000000000000000000000000008F
:102150008F2300908F2300908F2300908F23009077
:102160008F2300908F2300908F2300908F23009067
:102170008F2300908F2300908F2300908F23009057
:102180008F2300908F2300908F2300908F23009047
:102190008F2300908F2300908F2300908F23009037
:1021A0008F2300908F2300908F2300908F23009027
:1021B0008F2300908F2300908F2300908F23009017
:1021C0008F2300908F2300908F2300908F23009007
:1021D0008F2300908F2300908F2300908F230090F7
:1021E0008F2300908F2300908F2300908F230090E7
:1021F0008F2300908F2300908F2300908F230090D7
:102200008F2300908F2300908F2300908F230090C6
:102210008F2300908F2300908F2300908F230090B6
:102220008F2300908F2300908F23009000000000E8
:102230008F2300908F230090000000008F230090D8
:102240008F2300908F2300908F2300908F23009086
:102250008F2300908F2300908F2300908F23009076
:102260008F2300908F2300908F2300908F23009066
:102270008F2300908F2300908F2300900000000098
:102280008F2300908F2300908F2300900000000088
:10229000000000008F23009000F002F800F058F8D2
:1022A0000AA090E8000C82448344AAF10107DA45B1
:1022B00001D100F04DF8AFF2090EBAE80F0013F0AB
:1022C000010F18BFFB1A43F001031847E4BA0000DE
:1022D00004BB0000103A24BF78C878C1FAD852076E
:1022E00024BF30C830C144BF04680C607047000090
:1022F0000023002400250026103A28BF78C1FBD80F
:10230000520728BF30C148BF0B60704766290BF0E9
:10231000388067290BF03580642900F02981732902
:1023200000F09586002070471FB50BF022F800F0F2
:10233000D9FB0400002000210AF0A2FF401C6060CD
:10234000002000210AF0B2FFE0601FBD10B510BDF3
:1023500001F0E8F91146FFF7E7FF09F023FF01F06C
:102360008DFC03B4FFF7F2FF03BC09F020FD000071
:102370000A4880470A4880470A480047FEE7FEE7C8
:10238000FEE7FEE7FEE7FEE7FEE7FEE7FEE7FEE725
:1023900005480649064A074B704700004151009026
:1023A00095AD00909922009068050024680B0024E8
:1023B00068070024680700247047000010B500F08B
:1023C00091FB001D10BD00BFB9AE000053EA020C26
:1023D00000F069802DE9F04B4FF00006002B1FBF85
:1023E000B3FA83F503FA05F424FA05F65E4012BF4A
:1023F0001643B2FA82F502FA05F4C5F120051EBFB4
:1024000022FA05FC44EA0C04203556EA044C4FEA53
:10241000144418BF641C4FF000084FF000099042AC
:1024200071EB030C39D3002919BFB1FA81F701FA16
:1024300007F6B0FA80F700FA07F6C7F120071EBFCB
:1024400020FA07FC46EA0C062037B6FBF4FCA7EBA3
:102450000507103F07F01F0BCBF120060CFA0BFB12
:102460002CFA06F644BFB3460026202FA4BF5E46D2
:102470004FF0000B5BEA060C08BF4FF0010B19EBA5
:102480000B09ABFB027C48EB0608C01B06FB02CC29
:102490000BFB03CC71EB0C01C1E70B460246414636
:1024A0004846BDE8F08B13B54FF000004FF0000137
:1024B000AFF30080BDE81C40704700000FB4044932
:1024C00010B503AA029800F0C7FD10BC5DF814FB1C
:1024D000040000240FB4014610B504AA039800F0CC
:1024E000BBFD10BC5DF814FB0FB41CB50C0007AAB3
:1024F000009001D02044401E074B7B446946019068
:10250000069800F072FD002C03D06946002000F010
:102510007FFD1CBC5DF814FB1D0B000070B50C4664
:102520000546012A05D02878800600D5EA690023EF
:1025300002E0012305E05B1C934202D2E05C00282C
:10254000F9D1A869E618C01AA861286A1844286257
:102550002846AFF3008004E0D5E9012114F8010B0F
:102560009047B442F8D32846AFF3008070BD000016
:102570002DE9F0410646002410687529314616A55C
:1025800010D0AFF30080002802DA404213A507E024
:1025900031688A0701D512A502E0490704D511A5C3
:1025A000012401E0AFF3008000210A2206F1240794
:1025B00009E0B0FBF2FCB0FBF2F302FB1C00303090
:1025C00078541846491C0028F3D123462A46304641
:1025D000BDE8F04100F09BBA000000002D000000B3
:1025E0002B000000200000002DE9F0474FF0000A0A
:1025F00089460446C0F820A02046E16888470028A4
:1026000076D0252806D0D4E901219047206A401CC5
:102610002062F1E7E168204600268847C4F81CA044
:1026200005460027C4F818A02A2D09D0284609F02D
:10263000B7FB38B304EB8708303DC8F8185019E0F1
:1026400059F8041B204604EB87029161E168884732
:10265000012F054618D1E069002820DA26F020066F
:102660001DE0D8F8180000EB800005EB4000303882
:10267000C8F818002046E1688847054609F090FB35
:102680000028EED1012F0AD02E2D08D12046E16876
:1026900088477F1C0546022F46F02006C4DBA06950
:1026A000002803DA404246F00106A061F00701D09D
:1026B00026F010066C2D0AD0682D08D04C2D39D08C
:1026C0006A2D35D0742D35D07A2D33D016E0E168DF
:1026D0002F4620468847B84205460AD16C2F27D09E
:1026E0004FF48060E168064320468847054605E0D0
:1026F00027E06C2F1AD04FF4807006430DB3A5F17C
:102700004100192802D8203546F400664A46294679
:10271000204626604E46FFF7F9FD80B101280BD018
:10272000F61D26F0070000F1080965E74020E4E700
:102730008020D7E70020D5E706F104095CE72846AA
:1027400061E7206ABDE8F0872DE9F04791460F4622
:1027500080460446002614F8015B2DB1FFF72EFEDB
:102760000068405DC007F6D12B2D02D02D2D18D06A
:10277000641E4A463946204600F080FC27B139687D
:10278000A14201D1C7F800804FF0020471050BD5BA
:102790004042002803DD00F0A9F90460A007BDE86D
:1027A000F08746F48066E4E70028F8DA00F09EF946
:1027B00004606FF00040F2E72DE9F05F93460F46AA
:1027C00080460446002600F091F9D0F80090824639
:1027D00014F8015B2DB1FFF7F1FD0068405DC00703
:1027E000F6D12B2D02D02D2D1AD0641E0021CAF84F
:1027F00000105A463946204600F040FC014627B1F9
:102800003868A04201D1C7F80080DAF80000022839
:1028100009D0CAF80090700505D54842BDE8F09F80
:1028200046F48066E2E70846F8E700F0C9BC00F02D
:102830000FBD10B5431E13F8014F002CFBD105E06E
:1028400011F8014B002C03F8014B03D0521EF7D2B4
:102850000021197010BD2DE9F041054690460E4645
:102860000020044600E0641C44450BD2285D00F0C3
:1028700041F90746305D00F03DF9381A02D1295D73
:102880000029F0D1BDE8F08110B5431C02E010F83A
:10289000011B71B18107FAD14FF0013202C88C1AC5
:1028A0008C4314EAC211F9D0C01A0A0603D0C01E24
:1028B00010BDC01A10BD0A0401D0801E10BD09024F
:1028C000FCD0401E10BD032A40F2308010F0030CF3
:1028D00000F0158011F8013BBCF1020F624498BF73
:1028E00011F801CB00F8013B38BF11F8013BA2F110
:1028F000040298BF00F801CB38BF00F8013B11F08B
:10290000030300F06780083AC0F0088051F8043BE8
:10291000083A51F804CBA0E80810F5E7121D5CBF97
:1029200051F8043B40F8043BAFF30080D20724BFCA
:1029300011F8013B11F801CB48BF11F8012B24BF5E
:1029400000F8013B00F801CB48BF00F8012B7047AD
:10295000431A28BF9A427FF6B6AF032A10441144A7
:1029600040F2268010F0030F1EBF11F8013D521EE9
:1029700000F8013D10F0030F7FF4F6AF11F00303F0
:1029800000F0B784083AC0F00B8051F8043D083AD3
:1029900051F804CD40F8043D40F804CDFFF7F3BFF3
:1029A000121D5CBF51F8043D40F8043DAFF30080B8
:1029B000D20724BF11F8013D11F801CD48BF11F82D
:1029C000012C24BF00F8013D00F801CD48BF00F8FC
:1029D000012C704710B5203AC0F00B80B1E81850B8
:1029E000203AA0E81850B1E81850A0E81850BFF4F9
:1029F000F5AF5FEA027C24BFB1E81850A0E8185098
:102A000044BF18C918C0BDE810405FEA827C24BFEB
:102A100051F8043B40F8043B08BF7047D20728BF79
:102A200031F8023B48BF11F8012B28BF20F8023BC8
:102A300048BF00F8012B70474FF0000200B5134665
:102A400094469646203922BFA0E80C50A0E80C50CE
:102A5000B1F12001BFF4F7AF090728BFA0E80C507F
:102A600048BF0CC05DF804EB890028BF40F8042B78
:102A700008BF704748BF20F8022B11F0804F18BFE5
:102A800000F8012B704710B5044610F0030F08BF83
:102A900011F0030F40F015804FF0013E121FC0F2FD
:102AA0000E8051F8043BA3EB0E0C2CEA030C1CEA3D
:102AB000CE1C08BF40F8043BF0D0A1F1040102F1A4
:102AC0000402521E08DB11F8013B002B00F8013B09
:102AD000F7D1114600F037FC204610BD7047704713
:102AE0007047704700487047280500240048704729
:102AF0000805002410B50446FFF760FC0068005D7F
:102B0000C00602D504F1200010BD204610BD2DE9FD
:102B1000F0470D4699469246044600F124080168A4
:102B2000880604D5E06921F01001216000E0012051
:102B3000A84201DD471B00E00027A1697A1902EBDA
:102B40000900081AA0612078C00602D42046AFF31D
:102B50000080002608E0D4E901211AF80600904719
:102B6000206A401C761C20624E45F4DB2078C006AB
:102B70000AD52046AFF3008006E0D4E901213020D9
:102B80009047206A401C2062381EA7F10107F4DC40
:102B900007E0D4E9012118F805009047206A401C9D
:102BA0002062281EA5F10105F3DC2046AFF300806A
:102BB0002078000602D50220BDE8F0870120FBE75F
:102BC00070472DE9FF4F0C461E464FF0FF378BB084
:102BD000D2E90001DDF860800A908A46C1F30A5507
:102BE00005B93D46002108464FF00000BAF1000F3C
:102BF00000F4400005DA00EB80004FF4400101EAE8
:102C000050004FEA9059B9F1010F00DDB9460A981A
:102C100050EA4A000ED044F61050A5F2FF35454365
:102C20002F14B8F1000F1ED07542291E1EDDC9F108
:102C300000021CE0B8F1010F4FF0000001D030217C
:102C400003E0F24305E02154401CB042FBDB304678
:102C50000022002121540B99C1F80880C1E900200D
:102C60000FB0BDE8F08FBD1B6D1CDEE74A4600DAF1
:102C7000694206A800F0ACFC06AB93E8070003AB82
:102C800083E8070050460A9901F03FFA8DE80700F3
:102C9000A0F500501F3800900398002D0ADD42F285
:102CA0001F014A460844002303A90390684601F027
:102CB000EBFC09E0A0F500504A461F38002303A9A9
:102CC0000390684601F00AFD8DE807000004000C3F
:102CD00003D04FF0FF30410800E01046B8F1000F7C
:102CE00003D00022009215461EE0751E05D400F0A8
:102CF00051FB303262556D1EF9D5B34601220843AF
:102D000002D000227F1C04E02078302801D100226C
:102D10007F1E002A099784D01DE0112D07DA00F0EC
:102D200039FB303262556D1C50EA0102F5D108437F
:102D300002D00098C8B10EE00021681E05E0235CB7
:102D4000625C63542254401E491C8142F7DBAB464F
:102D5000A81B401E0990002004F80B000B98099A4C
:102D6000C0F80880C0E9002B7AE711264FF0000870
:102D700057E72DE9F04F88460446D21D22F007019F
:102D800091B0D1E90001CDE90A0108F0DBFE02466D
:102D90000B98C00F01D02D2007E02068810701D5D6
:102DA0002B2002E0202101EAC000032A099001D073
:102DB000072A05DB03464146204600F039FB0BE1BC
:102DC0002078800601D5E06900E00620B8F1650FA3
:102DD000814606D0B8F1660F18D0B8F1670F70D1F0
:102DE00031E00020B9F1110F009001DB112301E067
:102DF00009F101030AAA01A90CA8FFF7E2FEDDE927
:102E00000C70002609F10105834647E001204B467E
:102E100000904FF000470AAA01A90CA8FFF7D1FEC5
:102E2000DDE90DB00C995D46002610B909F10100ED
:102E30000D18B9EB050003D4C0F1FF3609F1010507
:102E4000A5EB09002BE0B9F1010F01DA4FF0010900
:102E50000020B9F1110F0090484601DD112300E078
:102E600003460AAA01A90CA8FFF7ABFEDDE90C7026
:102E70004D4600268346207800070AD4AB4500DA89
:102E80005D4601A8012D04DD411911F8011C30290E
:102E900007D04F4502DA17F1040F04DA0120824609
:102EA0000FE06D1EEEE7002F02DCED1B3E4403E059
:102EB000781CA84200DD7D1CB81B00F1010A4FF010
:102EC00000472078000703D4AA4501DB4FF0FF3A02
:102ED0000021B7F1004F0DF143088DF8431024D0C5
:102EE00002202B23002F01DA7F422D230A21021E0C
:102EF000A0F1010000DC5FB197FBF1FC97FBF1F260
:102F000001FB1C7C17460CF1300C08F801CDEEE7F4
:102F1000A8F1010003702188090501D5452100E0D1
:102F20006521A0F1010800F8011C09980FA9A1EB87
:102F30000807FF1D00B10120411901EBEA70A169EA
:102F40003844081A401EA0612078C00602D42046EA
:102F5000AFF30080099828B1D4E901219047206A95
:102F6000401C20622078C00622D52046AFF30080A6
:102F70001EE0002E04DBB34502DD01A8805D00E009
:102F80003020D4E901219047206A401C2062761C41
:102F9000AAF101005FEA000A0AD1FFF7A3FDC068A9
:102FA0000168405CD4E901219047206A401C2062FE
:102FB000281EA5F10105DCDC07E0D4E9012118F8A1
:102FC000010B9047206A401C2062381EA7F10107C0
:102FD000F3DC2046AFF30080032011B041E600008F
:102FE00001694A1C02610878704700B58FB0CDE9CD
:102FF00001310021059105497944CDE903101146BD
:103000006846FFF7F1FA0FB000BD0000E5FFFFFFD3
:103010000A6802F8010B0A607047D1E900239A425E
:1030200002D2531C0B601070704710B5436913B186
:10303000AFF3008001E0FFF771FA012010BD1278B4
:1030400000F124010A7000224A700122EDE71168A4
:103050004FF0FF32E9E70000074B70B50D467B44A7
:10306000FFF7C3FF0446284600F024FB10B14FF0E1
:10307000FF3070BD204670BDCF8F00002DE9F05F9E
:10308000824615468B4600270AF10104B9460078AE
:10309000302801D09DB113E014F8010B01277828E6
:1030A00003D0582801D045B10AE00DB1102D07D149
:1030B000002714F8010B102502E0082500E00A257E
:1030C0000026B0460EE005FB080005FB06F10127CF
:1030D0001FFA80F801EB1046B6F5803F00D3B946E1
:1030E00014F8010B294600F0E3F90028EBDABBF1F4
:1030F000000F05D00FB1641E00E05446CBF800402D
:10310000B9F1000F06D0FFF7F1FC02210160C81EE3
:10311000BDE8F09F48EA0640FAE700000FB400233C
:1031200000B589B00CA900910B99CB60214B7B4471
:103130000693214B7B44079304236FF00042CDE9B3
:1031400001321E4A7A446B460892024600200AF079
:103150007AF909B05DF814FB70B506464FF0FF3000
:1031600015460C46324686B00091CDE9010169460C
:103170000020049004A8FFF7D1FF0246049821180C
:1031800025B108B1084600E02046286004980028D0
:103190000DD0002A02DD0098884208D03246081B74
:1031A00069460094CDE9010404A8FFF7B7FF06B013
:1031B00070BD00009B030000B3030000D7020000B5
:1031C0002DE9F04791460E4680460446002514F846
:1031D000017B2FB1FFF7F2F80068C05DC007F6D1A0
:1031E0002B2F02D02D2F1ED0641E4A46314620467A
:1031F00000F08CF926B13268A24201D1C6F80080F5
:103200004FF002046A0518D50023D0EB030563EBE9
:1032100001025D1B934109DB0023D0EB030063EB4C
:103220000101BDE8F08745F48065DEE7FFF75EFC4D
:10323000046000204FF00041F3E7021E71F100022C
:10324000EFDAFFF753FC04604FF0FF304108E8E786
:103250002DE9F05F93460F46804604460026FFF7AF
:1032600045FCD0F80090824614F8015B2DB1FFF7C1
:10327000A5F80068405DC007F6D12B2D02D02D2D9A
:103280001FD0641E0021CAF800105A463946204655
:1032900000F03CF9024627B13868A04201D1C7F8D6
:1032A0000080DAF8000002280ED0CAF800907005FD
:1032B0000AD500200346D2EB000063EB0101BDE814
:1032C000F09F46F48066DDE71046F8E7431A28BF12
:1032D0009A427FF67FAB104410F0030F11441EBFDB
:1032E00011F8013D521E00F8013D10F0030F7FF46C
:1032F000F6AF103AC0F00A8010B531E91850103A14
:1033000020E91850BFF4F9AFBDE81040530724BFBF
:1033100031E9081020E9081044BF51F8043D40F895
:10332000043D12F0030F08BF7047D20728BF31F8E1
:10333000023D48BF11F8012C28BF20F8023D48BFCC
:1033400000F8012C70474FF000020429C0F01280F1
:1033500010F0030C3FF472ABCCF1040CBCF1020F83
:1033600018BF00F8012BA8BF20F8022BA1EB0C011D
:10337000FFF764BB5FEAC17C24BF00F8012B00F8B3
:10338000012B48BF00F8012B704700000048704730
:103390000805002430B5B0F10A024FEA900E71F131
:1033A00000034EEA817EB0EB0E0061EB91014FEA23
:1033B000101E4EEA017E10EB0E0041EB11114FEA98
:1033C000102E4EEA016E10EB0E0041EB11214FEA78
:1033D000104E4EEA014E10EB0E0041EB1141401829
:1033E00041F100014FEAD00040EA41704FEAD101BB
:1033F00010EB80054FEA810444EA907444EB010429
:103400006D1944EB0404521BA3414FF0000348BF65
:103410000A3200D530BD401C41F1000130BD10B56D
:103420000446FEF7CBFF0068005D00F0010010BD10
:103430002DE9F0411F46044603260168072A01F4DE
:10344000006004DB08B116A505E016A503E008B18D
:1034500015A500E015A521F010002060A069C01E90
:10346000A0610FB1401EA0612046AFF300804FB1B4
:10347000D4E9012138469047206A401C2062C01CD4
:10348000206206E0206AFAE7D4E9012115F8010B71
:103490009047761EF8D22046AFF30080BDE8F08159
:1034A0004E414E006E616E00494E4600696E6600E8
:1034B0003A2800D2303820F02002412A01D3A2F16C
:1034C0003700884201D34FF0FF307047426842B165
:1034D000016811F8013B23B1521EC0E900121846E1
:1034E00070470121C160881E704742685AB1C368A5
:1034F000016843B983688B4205D0491E521CC0E95C
:103500000012002070474FF0FF3070472DE9F74F51
:103510004FF000091546CA46009C14F8010B3028EC
:1035200001D0ADB115E014F8010B4FF00109782876
:1035300003D0582801D04DB10BE00DB1102D08D1AA
:103540004FF0000914F8010B102502E0082500E0F7
:103550000A2500274FEAE57B3E46B84616E0A5FB64
:1035600007234FF0010905FB08000BFB07311FFA89
:1035700080F805FB0616010C571846F10006381EA8
:1035800076F5803000D3CA4614F8010B2946FFF7C0
:103590008FFF0028E3DA019838B1B9F1000F01D0AC
:1035A000641E00E0009C01980460BAF1000F08D08E
:1035B000FFF79CFA02210160C81E014603B0BDE876
:1035C000F08F310441EA174148EA0740F6E700006E
:1035D0002DE9F047814616468AB0354878440DC833
:1035E0008DE80D0032487844801C03AC0DC884E897
:1035F0000D0041F69B300844372190FBF1F290FB1F
:10360000F1F5A5F1800501FB12041B3C02D56442D3
:10361000012000E00020DFF898A080460027FA444F
:10362000AAF1BE0A0EE0E0070AD03246684607EB70
:10363000470101230AEB810101F050F88DE80700F2
:1036400064107F1C002CEED1194F7F44AE3F19E06F
:10365000E80715D007EB04100DF1180A90E80E00EA
:103660008AE80E00C068F04201D1981908903246ED
:10367000012306A903A801F031F803AB83E8070092
:103680006D10641C002DE3D14FF0010332466946F2
:10369000B8F1000F03A802D000F0F6FF01E001F03E
:1036A0001DF8C9E90001C9F808200AB0BDE8F08793
:1036B0002CA40000007B00F0800070474FF0013C1C
:1036C00050F8042B51F8043B9A4215D1A2EB0C039D
:1036D000934313EACC130BD150F8042B51F8043B5D
:1036E0009A4209D1A2EB0C03934313EACC13E7D01F
:1036F0004FF00000704700BFD01A01BAB1FA81F153
:1037000001F0180122FA01F0CB40C1F12001DBB237
:10371000C0B2C01A2CFA01F3D11A914311EAC311B5
:10372000E6D170477546FFF731FEAE4605006946A3
:10373000534620F00700854618B020B5FEF728FE56
:10374000BDE820404FF000064FF000074FF00008A2
:103750004FF0000B21F00701AC46ACE8C009ACE823
:10376000C009ACE8C009ACE8C0098D46704710B587
:10377000FFF7BCF9006810BD10B50446FFF7B6F9B5
:10378000046010BD2DE9FF4F06468BB00878FF2876
:1037900006D0491C2D2805D000244FF0000908E070
:1037A00000200CE00124F8E709EB8903491C00EB39
:1037B00043090878FF28F7D114B1C9F10000814608
:1037C000107800252C46AA4629462D2801D02B2802
:1037D00004D1521C2D2813D0002082468B4610782D
:1037E000FF280FD04FF0000C0A21521CA5FB0178D6
:1037F00004FB018105FB0C11C5194BEB0104EEE73D
:103800000120EAE7002108464FF00000BAF1000F5E
:1038100002D000EB80004008C0F38157012F01DD8A
:103820004FF0FF370E9955EA040009EB01080BD061
:103830004FF0020918F5FA7F16DA4FEACA70002F26
:10384000706008DD012007E04FEACA70C6E900B0E9
:103850000FB0BDE8F08F00203060FFF747F9C0F8E7
:1038600000901821084616E0B8F5FA7F18DD002F01
:1038700002DAF748784401E0F6487844D0E90010CD
:10388000C6E9001040EACA707060FFF72FF9C0F86F
:103890000090142108460FB0BDE8F04F09F06EBD4E
:1038A000002108464FF00000B8F10001099002DA4B
:1038B000C7F1000200E03A4601DAC8F1000106A8AB
:1038C000FFF786FE06AB93E8070003AB83E807002B
:1038D00044F23E005BEA04010090584604D144F2F1
:1038E0001E012C465D460091210C0904014306D1BE
:1038F0000099240444EA15442D041039009104F081
:103900007F41014306D10099240244EA15642D0247
:103910000839009104F07041014306D10099240157
:1039200044EA15742D01091F009104F04041014340
:1039300006D10099A40044EA9574AD00891E009157
:1039400004F00041084304D100986D196441401E01
:1039500000904FF001033A466846B8F1000FCDE9F8
:10396000014503A902DD00F0CEFE01E000F0A1FE5A
:10397000BAF1000F04460D4601D084F00044002146
:1039800008464FF00000099940F2FF77484010F0D8
:103990000C0F07D124F00040284303D0C4F30A5091
:1039A000B84212D1FFF7A2F8C0F80090C4F30A5051
:1039B000B8420AD1A8487844D0E90010C6E90010FE
:1039C00004F000410843706042E7C6E900543FE755
:1039D0002DE9FF4F1F464FF0000A4FF0FF384546D4
:1039E00091B0D7E90146CDF83CA0FFF77BF8C0685D
:1039F0000168405C1090B96912986D1C8847396A5B
:103A0000814688470028F6D1B9F1FF3F0AD0002E41
:103A100024F4D06411DDB9F12B0F08D0B9F12D0FCA
:103A20000BD102E0404615B013E744F48064B96955
:103A300012986D1C8847761E8146600504A901D541
:103A40002D2000E02B20002E01F1010B0DF130089C
:103A50008DF810003FDDB9F1690F08D0B9F1490FB9
:103A600005D0B9F16E0F02D0B9F14E0F1CD13B4613
:103A700001A8009580E85002DDE912126FF0020003
:103A800009F0E5FCC11CCED10EE0B96912986D1C9D
:103A9000884781461398761E44F4007405600F9899
:103AA000401C002E0F9016DDB9F1300FEDD0B9F1AA
:103AB000780F02D0B9F1580F0DD10F9801280AD113
:103AC0003B46CDE90054DDE91212001F029609F0D1
:103AD000BCFCC11CA7D1109989453ED144F080049B
:103AE00006E01399681CAAF1010A44F40074086006
:103AF000B9696D1C1298761E884730288146F0D02F
:103B00002BE01099894505D1200603D4761E44F098
:103B1000800418E0484608F043F908B3761E0DF11A
:103B200023018B4544F4007408D2A9F130000BF84E
:103B3000010B200607D5AAF1010003E0200602D4FC
:103B40000AF101008246A00502D51399681C08609D
:103B5000B96912986D1C88478146002ED1DC53E06C
:103B6000002E51DDB9F1650F02D0B9F1450F4BD1EF
:103B7000A00549D5B9696D1C1298761E24F44074CD
:103B80008847002E81460CDD2B2804D0B9F12D0F7B
:103B900007D144F48074B96912986D1C8847761E69
:103BA0008146E00501D52D2100E02B2108F8011BFD
:103BB000CDF8008021E0761E0DF13901884544F4EE
:103BC00000740CD2A9F1300010F0FF0088F800005A
:103BD00002D10099884509D908F1010806E0E005FD
:103BE00001D51E4801E042F20F708246B969129871
:103BF0006D1C8847814613980560002E04DD4846F9
:103C000008F0CEF80028D6D1F96912988847FF202D
:103C100053468BF8000088F8000000200A900B90B3
:103C200004AA0CA90AA8FFF7ADFDA00502D46FF005
:103C30000100F8E614F0240F12D0E0071CD1386818
:103C4000DDE90A12031D3B600068C0E9001213E0C1
:103C500060A5000052A5000016A40000F1D8FFFFE7
:103C60000AA9684608F034F8E00705D13868009AD8
:103C7000011D3960006802602846D4E610B504468C
:103C8000AFF300802046BDE81040FEF76ABB00009D
:103C90002DE9FF4F1F464FF03C0987B04FF000421F
:103CA000DDE9141001F10108DDF858A002EA4050E6
:103CB0000390002005908346054604460490B969A8
:103CC000461E08988847AAF1010A0290BAF1000F2F
:103CD0003BDD02982E2815D01021FFF7E9FB0028C4
:103CE0002EDB4FF0010B0599014317D0B9F1000FFE
:103CF0000BDB4A46C11700F0F5F905430C43A9F167
:103D0000040905E0012004900BE008B145F001052D
:103D100001200590049820B9361D02E0049800B1F6
:103D2000361FB969089808F101088847BBF1000FF0
:103D3000AAF1010A0290C9D00999C1F80080C5E72B
:103D40000298702808D0502806D0F969089888474A
:103D5000BBF1000F14D04FE0002002900120BBF116
:103D6000000F049009D0B969089808F10108884744
:103D7000AAF10109B9F1000F07DCF9690898884731
:103D80006FF001000BB0BDE8F08F2B2804D02D2878
:103D90000CD14FF0FF300490B969089808F1010880
:103DA0008847A9F10109B9F1000FE6DD411CE4D013
:103DB0000A21FFF77DFB0028DFDB029908F10108EB
:103DC00001EB810100EB41000290B9690898884736
:103DD0000A21FFF76DFB099AA9F10109B9F1000F5A
:103DE000C2F8008001DD0028E7DAF9690898884701
:103DF0000499029800FB016655EA040004D004F01F
:103E00004041090002D006E0039898E0A40044EA8B
:103E10009574AD00B61E04F00041080002D16D1982
:103E20006441761E159810F0240F03D04FF00B0953
:103E30005C4803E04FF028096FF07D00824656454C
:103E400007DAAAEB06018944B9F1410F01DD4FF011
:103E5000410901200021A9F1010200F043F90246C5
:103E600028400B462140084301D0012100E00021F9
:103E7000501E029143F1FF3128402140084301D0F8
:103E8000012000E000200299834651EA0B014FD047
:103E9000002108464FF00000039900F4400039B1BA
:103EA00000EB80004FF4400100EBD07001EA6000AD
:103EB0008015012802DD4FF0FF3000E013D0401CD8
:103EC00036D0029860B3BBF1000F0CD14A460120F6
:103ED000002100F007F928402140084301D00120CB
:103EE00000E00020E0B101204A46002100F0FAF88D
:103EF000034640190A4661412D1A8C4111D3B9F18C
:103F0000400F09DD159810F0240F02D0AAF13406F5
:103F100003E0AAF1170600E0761C00254FF00044EC
:103F200006E05B1E42F1FF3220EA030521EA0204AB
:103F3000CAF10100B04206DA1B4903980843019018
:103F4000002000900EE0039AC4F3D321E80A0A434C
:103F5000164940EA44500A433146CDE9000268461A
:103F600007F0C2FE159810F0240F0BD01598C0076B
:103F700015D13868DDE90012031D3B600068C0E917
:103F800000120CE002A8694607F0A2FE1598C007CF
:103F900005D13868029A011D396000680260404608
:103FA000F0E6000002FCFFFF0000F07F0000F03FA1
:103FB0002DE9FF4F92461D4685B04FF00041DDE9E7
:103FC000124BDDE914727F1E01EA4B50414940F06B
:103FD000FF4940EA0108002122F02000492804910D
:103FE00002D04E2828D04CE03BA0012607C88DE81F
:103FF0000700A9690698641C88477F1E014606D4FD
:104000001DF8060018B121F0200181420BD0E969AA
:1040100006988847032E34D0082E32D06FF0010066
:1040200009B0BDE8F08F761C032E01D0082EE0D138
:10403000601CCAF80000DCE7A9690698641C884780
:104040007F1E2AD420F02000412826D1A969069895
:10405000641C88477F1E20D420F020004E281CD1ED
:10406000A9690698641C88477F1E48F4002849F413
:104070008009CAF8004001D4282806D0E9690698CA
:1040800088475FEACB7012D022E0A9690698641CC9
:1040900088477F1E01D4002803DAE969069888471B
:1040A000BCE72928F1D1641CCAF80040E9E71BF0FD
:1040B000240F07D028680499031D2B600068C0E90D
:1040C000001805E02868021D2A600068C0F800900A
:1040D0002046A5E70000F07F494E46494E49545915
:1040E00000000000B2F120030AD5C2F1200301FA5A
:1040F00002F120FA03F300FA02F041EA03017047EB
:1041000000FA03F14FF0000070475FEA400C08BF6F
:1041100091F0000F4FEA8C234FEAC12243EA51513C
:104120004FEA1C5018BF00F5F0404FEA300018BFAE
:1041300041F000415FEA6C5C00F02980BCF1FF3F78
:1041400008BF40F080407047130C06BF12044FF0C8
:10415000100C4FF0000C130E04BF12020CF1080CEF
:10416000130F04BF12010CF1040C930F04BF920053
:104170000CF1020CD30F04BF52000CF1010C1146DC
:104180004FF00002A0F11F00A0EB0C00704711F0EF
:10419000004F08BF704731F000413FF4D5AF0B0C22
:1041A00006BF09044FF0100C4FF0000C0B0E04BFBB
:1041B00009020CF1080C0B0F04BF09010CF1040CEF
:1041C0008B0F04BF89000CF1020CCB0F04BF490018
:1041D0000CF1010CCCF12003A0EB0C0022FA03F34C
:1041E00002FA0CF241EA030100F10100704720F0ED
:1041F0007F4C80EA030023F07F47ACEB070303F515
:104200007C5300F0004003F1FF032DE980494FEAA1
:10421000154B09B44FEA144325EA0B4E24EA034830
:104220000FF2042606EB132749083E785FEA3202B4
:1042300003FB0667C7F5000707FB06F64FEA54378E
:104240004FEAD64606F1020607FB066CCCF1005C8D
:104250004FEA1C472CEA074C07FB06F40CFB06F55B
:1042600004EB15464FEA961634BF00204FF000408D
:104270004FEAD13706FB07FC4FEA1C4C0CFB0BF74F
:10428000D21B03FB0CF761EB07010CFB0EF7B0EB45
:10429000074072EB17420CFB08F734BFA2EB074252
:1042A000B2EB074261EB17414FEA0C444FEA91072A
:1042B00006FB07FC4FEA1C4C0CFB0BF7B0EBC740AE
:1042C00072EB573203FB0CF734BFA2EBC742B2EBE1
:1042D000C74261EB57310CFB0EF7B0EBC70072EB36
:1042E00057720CFB08F734BFA2EBC702B2EBC70250
:1042F00061EB5771039F4FEA816141EA921104EB30
:10430000CC044FEAD1374FEA826206FB07FC42EA4F
:1043100090124FEA80604FEA1C4C0CFB0BF7D21B4B
:1043200003FB0CF761EB07010CFB0EF7B0EB07404A
:1043300072EB17420CFB08F734BFA2EB0742B2EB5B
:10434000074261EB17414FEA8C554FEA910704EBA6
:104350009C2406FB07FC4FEA1C4C0CFB0BF7B0EB54
:10436000C74072EB573203FB0CF734BFA2EBC742D6
:10437000B2EBC74261EB57310CFB0EF7B0EBC70055
:1043800072EB57720CFB08F734BFA2EBC702B2EB1B
:10439000C70261EB577115EB4C254FEA816141EA89
:1043A00092114FEA82624FEAD13742EA901206FB3D
:1043B00007FC44F100044FEA80604FEA1C4C0CFB00
:1043C0000BF7D21B03FB0CF761EB07010CFB0EF79D
:1043D000B0EB074072EB17420CFB08F734BFA2EBBF
:1043E0000742B2EB074261EB174115EB1C154FEA90
:1043F000813141EA92414FEA823242EA90424FEAE9
:1044000080304FEA0C7644F1000448EA03434EEA58
:104410000B484FF0000EB2EB080C71EB030724BF02
:10442000624639464EEB0E0E4FF0000B001852411B
:1044300049414BEB0B0BB2EB080C71EB03077BF123
:10444000000B24BF624639464EEB0E0E4FF0000BB8
:104450000018524149414BEB0B0BB2EB080C71EBCE
:1044600003077BF1000B24BF624639464EEB0E0E6C
:1044700051EA020718BF46F0010616EB0E7655F119
:10448000000254F1000103D5BDE88901BDE80088B0
:10449000BDE88901BDE80048B619524141EB010170
:1044A000A3F10103704780807F7E7D7C7B7A7978E1
:1044B000777676757473727171706F6E6E6D6C6CE9
:1044C0006B6A6A696868676666656464636362618B
:1044D0006160605F5F5E5E5D5D5C5C5B5B5A5A590C
:1044E0005958585757565655555554545353525278
:1044F0005251515050504F4F4F4E4E4D4D4D4C4CD0
:104500004C4B4B4B4A4A4A49494948484847474718
:104510004746464645454544444444434343434255
:10452000424242414141000046EA0646A3F570532B
:104530004FEA164646EA42564FEAD22242EA415232
:1045400010B54FEAD121A3F1010300F02FF820F0BC
:10455000004000F1020C00F0004701EB0050114652
:10456000BCF5006F40EA070000D210BDBAF1000FA1
:104570000AD01CB503B44FF004004FF004014FF013
:1045800000000FBCBDE810404FF00001BBF1010F6F
:10459000B9BF04484FF0FF310348002140EA07004B
:1045A00010BD00BFFFFFEF7F0000F07F002B9C4697
:1045B00030D477002BD01CB54FEA370703B44FF047
:1045C00010004FF01001BAF1000F06D0BCF1000F3F
:1045D000DCBF40F0080040F008014FF000000FBCC5
:1045E000BDE810400BF1010BBBF1010F08BF5FEA02
:1045F000170722BF12F1010211F101014FF0004132
:1046000043F1000300F0004043EA00007047F9D393
:104610005708D0E746EA064613F1400F4FEA164620
:104620001FDD13F1200FDFBF16430A4600212033A0
:104630005B42BED0C3F1200746EA064602FA07F7FE
:104640004FEA164646EA0706C3F1200722FA03F2AC
:1046500001FA07F721FA03F14FF0000342EA0702DB
:10466000A7E746EA020646EA06464FEA164646EA43
:104670000106BCBF46EA0646360C4FF000034FF079
:1046800000024FF0000194E72DE9804C9A469346D2
:1046900070B491E8380007C831EA400C48BF34EAEA
:1046A000430C03D5FFF7A3FDFFF780FFF0BCBDE887
:1046B000008C2DE9804C9A46934670B491E83800FE
:1046C00007C831EA400C48BF34EA430C03D5FFF772
:1046D0008EFDFFF729FFF0BCBDE8008C2DE9804C72
:1046E0009A46934670B491E8380007C810F0804F9E
:1046F00008BF13F0804F03D100F01AF8FFF756FF00
:10470000F0BCBDE8008C2DE9804C9A46934670B40D
:1047100091E8380007C810F0804F08BF13F0804FB1
:1047200003D100F005F8FFF7FFFEF0BCBDE8008CF8
:1047300020F07F4780EA030023F07F4C07EB0C0357
:10474000A3F57C5300F00040A3F1FE0392F0000FAC
:1047500000F0B38095F0000F00F077802DE901495B
:104760004FEA11404FEA144621EA004800FB06FCDC
:1047700024EA064708FB06F607FB08F800FB07F7E4
:1047800018EB06484CEB164C4FEA124B18EB074857
:104790004FEA15464CEB174022EA0B4E0BFB06FC8A
:1047A00025EA06470EFB06F607FB0EFE0BFB07F796
:1047B0001EEB064E4CEB164C4FF000061EEB074E60
:1047C0004CEB174B18EB0B0840F1000018EB0E0BED
:1047D00058EB000840F100008F1A4FF000013CBF79
:1047E000C943661B14BFB5EB040C00213CBFC94391
:1047F000F61B4FEA17444EEA8E0E27EA04454FEAAD
:104800001C4704FB07622CEA074C05FB07F70CFB6F
:1048100005F604FB0CFC16EB074642EB174216EBC1
:104820000C4642EB1C421BEB060658EB02024141D0
:1048300046EA9E0601D5BDE80189B619524141EB11
:104840000101A3F10103BDE801894FEA14454FEAD4
:10485000114724EA054621EA074C05FB07F406FB4D
:1048600007F70CFB06F105FB0CFC11EB074144EBD1
:1048700017444FEA124711EB0C4144EB1C4422EA67
:10488000074C05FB07F206FB07F70CFB06F605FBDA
:104890000CFC16EB074642EB174216EB0C4642EBBC
:1048A0001C456A1854F1000148BF7047B6195241BF
:1048B00041EB0101A3F10103704795F0000F37D0E0
:1048C0004FEA11424FEA144721EA024624EA074C14
:1048D00002FB07F106FB07F70CFB06F402FB0CFCDE
:1048E00014EB074441EB17414FEA154714EB0C4416
:1048F00041EB1C4125EA074C02FB07F506FB07F7D5
:104900000CFB06F602FB0CFC16EB074645EB1745C5
:1049100016EB0C4645EB1C42121951F1000148BF41
:104920007047B619524141EB0101A3F101037047F1
:104930004FEA14454FEA114724EA054621EA074C9D
:1049400005FB07F106FB07F70CFB06F24FF000062C
:1049500005FB0CFC12EB074241EB174112EB0C423A
:1049600051EB1C4148BF7047921841EB0101A3F184
:10497000010370470246002004E01378002B03D0A7
:10498000401C521C8842F8D37047FEE708B501224C
:10499000694605F007FD40B19DF8000000F0A2FB5C
:1049A0009DF8000020B105A103E04FF0FF3008BDE5
:1049B00003A104A0FDF782FD012008BD4F4E0000B9
:1049C0004F464600534350492045786563757465EA
:1049D000643A204F75747075742025730D0A0000B9
:1049E00010B586B0044618216846FEF725F815492B
:1049F00000236A46204605F097FD40B19DF800006F
:104A000080B10298012806D0022807D00AE04FF0B2
:104A1000FF3006B010BD9FED0C0B01E09FED0C0BBD
:104A20008DED020B9DED020BB7EEC00B00F072FB9B
:104A30009DED020B08A053EC102BFDF73FFD01206C
:104A4000E7E7000060D700900000000000000000D1
:104A50000000000000004E40534350492045786557
:104A600063757465643A2053657420486F737420CD
:104A7000566F6C7461676520746F20252E336656FF
:104A80000D0A0000014800F08FBF000088020024DA
:104A9000294A016891423AD0274A1832914236D0C9
:104AA000254A3032914232D0234A483291422ED0A8
:104AB000214A603291422AD01F4A7832914226D050
:104AC0001D4A9032914222D01B4AA83291421ED0F8
:104AD0001A4A91421BD0194A1832914217D0174AEC
:104AE0003032914213D0154A483291420FD0134AC6
:104AF000603291420BD0114A7832914207D00F4A6E
:104B00009032914203D00D4AA832914211D1CAB2DB
:104B10001823103AB2FBF3F26FF30901032A02F0F3
:104B20000703074AD25CC26500D9091D81650846A2
:104B3000704721F0FF01F9E7100002401004024025
:104B400082D4009030B5224A012301689142CAB252
:104B50001BD01F4C1434A14217D01D4C2834A14245
:104B600013D01B4C3C34A1420FD0194C5034A142FD
:104B70000BD0174C6434A14207D0154C7834A142B5
:104B800003D0134C8C34A1420CD11421114C083A9F
:104B9000B2FBF1F10F4A803201F01F0504EB8101F5
:104BA000AB4010E00C4D1824103A0D44B2FBF4F168
:104BB000A82D00D80831094A01F01F0402EB810139
:104BC000064AA3408032603080E80E0030BD00000D
:104BD0000854025800580258F0FBFDBF000802407C
:104BE00010B50279531E072B2DD8174C0168A1422E
:104BF0001BD0154C1434A14217D0134C2834A142B9
:104C000013D0114C3C34A1420FD00F4C5034A14270
:104C10000BD00D4C6434A14207D00B4C7834A14228
:104C200003D0094C8C34A14203D10849074C4431CC
:104C300002E00749064C443104EB8202C0E91B2123
:104C400001219940416710BD08540258FC58025890
:104C5000FC08024010B583694FF0C074826A0146B7
:104C6000002053B1B3F5005F15D072B1012A0CD00A
:104C7000022A0AD0032A09D104E01AB1012A06D077
:104C8000022A03D1C96AC90100D5012010BDC96A31
:104C9000A142FAD010BD002AF7D0012AF2D0022A90
:104CA000F3D0032AF3D010BD2DE9F04F804E804F92
:104CB000DFF8FC911836DFF8F8A148370468856DF5
:104CC0000AF1300ADFF8ECB14C45DFF8ECC1DFF84F
:104CD000ECE16DD0B4426BD0544569D0BC4267D092
:104CE000DFF8D081A8F11808444561D05C455FD059
:104CF00064455DD074455BD0DFF8C481444557D02E
:104D0000DFF8BC8108F11808444551D0DFF8B081C4
:104D100008F1300844454BD0DFF8A48108F1480879
:104D2000444545D0DFF8988108F1600844453FD0FC
:104D3000DFF88C8108F17808444539D0DFF88081AC
:104D400008F19008444533D0DFF8748108F1A808D1
:104D500044452DD0DFF86C81444529D0DFF86481CB
:104D600008F11408444523D0DFF8588108F12808D9
:104D700044451DD0DFF84C8108F13C08444517D06C
:104D8000DFF8408108F15008444511D0DFF8348144
:104D900008F1640844450BD0DFF8288108F1780851
:104DA000444505D0DFF81C8108F18C08444509D141
:104DB000D0E91948C4F80480C46E1CB1D0E91C487D
:104DC000C4F8048004684C452ED0B4422CD054451D
:104DD0002AD0BC4228D0374E183EB44224D05C457D
:104DE00022D0644520D074451ED0354EB4421BD02D
:104DF000334E1836B44217D0314E3036B44213D049
:104E00002F4E4836B4420FD02D4E6036B4420BD0F0
:104E10002B4E7836B44207D0294E9036B44203D098
:104E2000274EA836B44215D190F85C603F2406F0B6
:104E30001F06B440AC600468256825F48025256011
:104E40002EE09A600068C160BDE8F08F996000684C
:104E5000C260F9E71B4EB4421BD01A4E1436B4425E
:104E600017D0184E2836B44213D0164E3C36B442F2
:104E70000FD0144E5036B4420BD0124E6436B442AA
:104E800007D0104E7836B44203D00E4E8C36B44262
:104E9000DAD190F85C60012406F01F06B4406C6023
:104EA000046863608368402B0368CFD1C9E70000C2
:104EB0001000024088000240A0000240B8000240FA
:104EC00010040240085402581FB513A104461648A6
:104ED000FDF700FB01226946204605F0E7FAB8B16C
:104EE0000022204602A905F0E1FA9DED000B0E48D4
:104EF0000EA153EC102BFDF7EDFA9DED020B0A48C5
:104F00000DA153EC102BFDF7E5FA012004B010BD04
:104F10004FF0FF30FAE70000636F6E663A766F6C11
:104F2000743A64630D0A0000080000240950313D02
:104F3000256C660D0A0000000950323D256C660D97
:104F40000A00000030B593B005461C4817A1FDF7D4
:104F5000C1FA1B49002306AA284605F0E5FA1849BC
:104F600000230CAA284605F0DFFA15490F2401ABEF
:104F7000284606AA009405F091F9104801AA11A14B
:104F8000FDF7A8FA0E4901AB0CAA2846009405F0DB
:104F900085F90A4801AA0EA1FDF79CFA9FED0F0BB7
:104FA000284605F0A1FD13B0012030BD6D65617389
:104FB0003A766F6C743A61630D0A000008000024B1
:104FC00060D700900950313D25730D0A00000000A4
:104FD0000950323D25730D0A00000000000000005A
:104FE0000000000030B593B005461C4817A1FDF73E
:104FF00071FA1B49002306AA284605F095FA1849BC
:1050000000230CAA284605F08FFA15490F2401AB9E
:10501000284606AA009405F041F9104801AA11A1FA
:10502000FDF758FA0E4901AB0CAA2846009405F08A
:1050300035F90A4801AA0EA1FDF74CFA9FED0F0BB6
:10504000284605F051FD13B0012030BD6D65617338
:105050003A766F6C743A64630D0A0000080000240D
:1050600060D700900950313D25730D0A0000000003
:105070000950323D25730D0A0000000000000000B9
:10508000000000007047000010B58AB0002308241B
:105090004FF080428DE81D0007480A466946049398
:1050A000059306930793089301F066FB002800D050
:1050B00001200AB010BD0000540000241CB50021DE
:1050C000012000918DF8000001918DF8010001A8E8
:1050D00006F02DFD024808226946FFF7D5FF1CBDEA
:1050E000021001001CB500220121009201928DF8EE
:1050F00000108DF801108DF8042008B1012000E0A7
:105100000020694608228DF805004FF48830FFF72B
:10511000BBFF1CBD1CB50021012000918DF80000D3
:1051200001918DF8010001A806F001FD0248082256
:105130006946FFF7A9FF1CBD0110010072B6FEE72A
:10514000054805490839026842F002020260086811
:105150008004FCD5704700000C480258014801F05B
:1051600049BC000054000024014801F043BC000089
:1051700054000024014801F03DBC0000540000240C
:10518000F0B503684FF6FC716D4C426BD3F8845058
:105190008D4345EA8205C3F88450036853F8845F61
:1051A000068F25F47F0545EA06451D60836B654D36
:1051B0009F180268D2F888308B4343EA8703C2F80D
:1051C0008830026852F8883F868F23F4FE0343EA52
:1051D00006431360066856F8A03FC26B8B4307EB8B
:1051E000420243EA82033360076857F8A03FB0F8F1
:1051F000406023F4FE0343EA06433B60D0E91036E7
:1052000003FB06220368D3F8B0608E4346EA8206A9
:10521000C3F8B0600368B0F84860D3F8B07027F402
:10522000FE0747EA0646C3F8B060D0E91267036894
:1052300006FB0722D3F8AC608E4346EA8206C3F829
:10524000AC60D0E91467036806FB0722D3F8F0606E
:105250008E4346EA8206C3F8F0600368B0F85860EF
:10526000D3F8F07027F47C1747EA0646C3F8F060DD
:105270000368876D53F8C06F02EB47028E4346EA1E
:10528000820119600168B0F85C20D1F8C03023F4C5
:105290007C1343EA0242C1F8C020016890F8602004
:1052A000D1F8C03023F07C5343EA0262C1F8C02039
:1052B000416B04EB8101C166826B01EB82020267E4
:1052C000C36B02EBC3024267D0E91034634302EBC5
:1052D00083028267D0E91234634302EB8302C26720
:1052E000D0E91434634302EB8302C0F88020836D5D
:1052F00002EBC303C0F88430C46D826E544303EBE9
:105300008403C0F88830046E544303EB8402C0F871
:105310009020AA420AD9D0F89C20032142F0200212
:10532000C0F89C2080F898100120F0BD002200E019
:1053300004C1D0F890308B42FAD80020F0BD0000B4
:1053400000AC0040FCD30040F0B58E680C69D1E998
:10535000005744EA0604DFB145F080452C43866ED1
:10536000D1E906C54F695E4391F8203045EA0C0546
:10537000B1F80CC0D0F884E0002047EA0363104F76
:105380001D430EEB860345EA0C45E3E8024511E0B8
:1053900044EA8544E3E71418155CA67894F803C042
:1053A00094F801E0360445EA0C6446EA0E252C43E5
:1053B000001D10C3CC683C5D8442ECD8F0BD0000F9
:1053C0008CD400902DE9F84F044601F0A9FF00901D
:1053D0003CB194F83500022806D080216165002098
:1053E000E4E00120BDE8F88FC74DC74EC649183527
:1053F00020683036DFF81483DFF814938842DFF832
:1054000014A3DFF814B32ED0A8422CD0B0422AD077
:10541000404528D0484526D0504524D0584522D074
:10542000BD4A183290421ED0BC4A90421BD0BB4AA3
:105430001832904217D0B94A3032904213D0B74A4E
:10544000483290420FD0B54A603290420BD0B34AF6
:105450007832904207D0B14A9032904203D0AF4A9E
:10546000A832904209D1026822F01E020260206830
:10547000426922F08002426103E0026822F00E02DB
:10548000026027688F4238464DD0A8424BD0B042C8
:1054900049D0404547D0484545D0504543D0584570
:1054A00041D09D4A183290423DD09C4A90423AD019
:1054B0009A4A1832904236D0984A3032904232D0CE
:1054C000964A483290422ED0944A603290422AD076
:1054D000924A7832904226D0904A9032904222D01E
:1054E0008E4AA83290421ED08D4A90421BD08C4AE0
:1054F0001432904217D08A4A2832904213D0884AF8
:105500003C3290420FD0864A503290420BD0844AAF
:105510006432904207D0824A7832904203D0804A67
:105520008C32974204D1206E026822F480720260AD
:1055300075492068884228D0A84226D0B04224D09D
:10554000404522D0484520D050451ED058451CD05B
:1055500071491831884218D07049884215D06F4976
:105560001831884211D06D49303188420DD06B49D5
:105570004831884209D069496031884205D067497D
:105580007831884201D065499031016821F00101EC
:1055900001600EE001F0C4FE0099401A052808D908
:1055A000202262650321002084F8351084F834003D
:1055B00017E73868C007EDD1534A012120689042AF
:1055C0002ED0A8422CD0B0422AD0404528D0484501
:1055D00026D0504524D0584522D04F4B18339842FE
:1055E0001ED04E4B98421BD04C4B1833984217D0CC
:1055F0004A4B3033984213D0484B483398420FD02F
:10560000464B603398420BD0444B7833984207D0D6
:10561000424B9033984203D0404BA833984208D174
:1056200094F85C703F23A06D07F01F07BB408360B8
:1056300007E094F85C30A06D03F01F0301FA03F358
:105640004360206890424DD0A8424BD0B04249D030
:10565000404547D0484545D0504543D0584541D0B6
:105660002D4A183290423DD02C4A90423AD02B4AD3
:105670001832904236D0294A3032904232D0274AEE
:10568000483290422ED0254A603290422AD0234A96
:105690007832904226D0214A9032904222D01F4A3E
:1056A000A83290421ED01E4A90421BD01C4A14328F
:1056B000904217D01A4A2832904213D0184A3C32EE
:1056C00090420FD0164A503290420BD0144A6432A6
:1056D000904207D0124A7832904203D0104A8C325E
:1056E00090420BD1D4E919024260E06E30B10268F9
:1056F00022F480720260D4E91C024260002084F827
:10570000351084F834006DE6100002405800024065
:105710007000024088000240A000024010040240D5
:10572000085402582DE9F05F28B190F8351002298D
:1057300004D0802141650120BDE8F09F904C904B42
:105740000168183C18338E4ADFF83C92A1428D4C18
:10575000DFF838E28E4FDFF83CB2DFF83CA28F4D25
:105760008F4E31D091422FD099422DD0A1422BD0D3
:10577000494529D0714527D0B94225D0DFF810C25C
:105780000CF1180C61451FD0DFF808C2ACF1600CB9
:10579000614519D0DFF8FCC1ACF1480C614513D06C
:1057A000DFF8F0C1ACF1300C61450DD0DFF8E4C199
:1057B000ACF1180C614507D0594505D0514503D0CF
:1057C000A94201D0B1422CD1DFF8B4C14FF0040896
:1057D00080F83580ACF1180C61451DD091421BD08A
:1057E000994219D0A14217D0494515D0714513D01F
:1057F000B94211D06648183081420DD065486038F2
:10580000814209D063484838814205D06148303828
:10581000814201D05F481838086820F00100086014
:10582000ABE0D1F800C02CF00E08DFF854C1C1F88D
:105830000080ACF1180C0168614527D0914225D059
:10584000994223D0A14221D049451FD071451DD096
:10585000B9421BD0DFF838C10CF1180C614515D0E6
:10586000DFF830C1ACF1600C61450FD0DFF824C126
:10587000ACF1480C614509D0DFF818C1ACF1300C2F
:10588000614503D0DFF80CC1ACF1180CD1F800C0B1
:105890002CF0010CC1F800C0DFF8E4804FF0010CDF
:1058A0000168A8F11808414546D0914244D0994278
:1058B00042D0A14240D049453ED071453CD0B9428A
:1058C0003AD0334A1832914236D0324A603A914245
:1058D00032D0304A483A91422ED02E4A303A914244
:1058E0002AD02C4A183A914226D0594524D0514505
:1058F00022D0A94220D0B1421ED02A4A91421BD0C8
:10590000284A1432914217D0264A2832914213D0A5
:10591000244A3C3291420FD0224A503291420BD05D
:10592000204A6432914207D01E4A7832914203D015
:105930001C4A8C32914218D1016E0A6822F480729E
:105940000A6090F85C20816D02F01F020CFA02F2EE
:105950004A60D0E919124A60C16E31B10A6822F476
:1059600080720A60D0E91C124A600022016D80F842
:1059700035C080F8342001B188470020DCE6000003
:105980002800024058000240700002408800024097
:10599000A00002407004024088040240A0040240BB
:1059A000B8040240085402582DE9FC5F0446F74E43
:1059B0000020DFF8D88300904FF41652F44808F125
:1059C0001808A56DDFF8C493DFF8C0A3016809F1DA
:1059D000300920680AF1480AB1FBF2F1B0420191A6
:1059E0002F68D5F800C0DFF8ACB335D04146884207
:1059F00032D0484530D050452ED058452CD0E549BE
:105A00001831884228D0E3493031884224D0E14916
:105A10004831884220D0E04988421DD0DE49183103
:105A2000884219D0DC493031884215D0DA494831F2
:105A3000884211D0DFF860E30EF1600E70450BD0A4
:105A4000D54A7832904207D0D34B9033984203D056
:105A5000D149A83188427DD194F85C20082102F018
:105A60001F0201FA02F23A424AD0B04232D0404517
:105A700030D048452ED050452CD058452AD0C54A64
:105A80001832904226D0C34A3032904222D0C14AC6
:105A9000483290421ED0C04A90421BD0BE4A1832B3
:105AA000904217D0BC4A3032904213D0BA4A4832A2
:105AB00090420FD0B84A603290420BD0B64A78324A
:105AC000904207D0B44A9032904203D0B24AA832F2
:105AD000904203D1026802F0040202E0026802F080
:105AE00008026AB1026822F00402026094F85C00C5
:105AF00000F01F008140A960606D40F0010060650A
:105B000094F85C00012100F01F008140394240D030
:105B10002068B04234D0404532D0484530D050455E
:105B20002ED058452CD09B4A1832904228D0994A02
:105B30003032904224D0974A4832904220D0964A40
:105B400090421DD0944A1832904219D0924A303275
:105B5000904200E0AFE113D08F4A483290420FD01C
:105B60008D4A603290420BD08B4A7832904207D0F7
:105B7000894A9032904203D0874AA83290427DD120
:105B8000406910F0800F04D0A960606D40F0020001
:105B9000606594F85C00042100F01F0081403942E8
:105BA0003ED02068B04232D0404530D048452ED05B
:105BB00050452CD058452AD0764A1832904226D0EB
:105BC000744A3032904222D0724A483290421ED0FB
:105BD000714A90421BD0704A1832904217D06E4AD8
:105BE0003032904213D06C4A483290420FD06A4A09
:105BF000603290420BD0684A7832904207D0664AB1
:105C00009032904203D0644AA83290424ED100684C
:105C100010F0020F04D0A960606D40F004006065D0
:105C200094F85C00102100F01F008140394258D0E8
:105C30002068B04234D0404532D0484530D050453D
:105C40002ED058452CD0534A1832904228D0514A71
:105C50003032904224D04F4A4832904220D04E4AAF
:105C600090421DD04C4A1832904219D04A4A3032E4
:105C7000904215D0484A4832904200E014E00FD0DC
:105C8000454A603290420BD0434A7832904207D066
:105C9000414A9032904203D03F4AA832904207D105
:105CA000006800F0080006E0006872E70068B7E7E7
:105CB000006800F00400A0B1A960206801684903F1
:105CC00004D50068000308D5A16C07E00168C90588
:105CD00003D4016821F008010160216C09B120465C
:105CE000884794F85C00202100F01F008140394271
:105CF00079D02068B04232D0404530D048452ED0CF
:105D000050452CD058452AD0224A1832904226D0ED
:105D1000204A3032904222D01E4A483290421ED051
:105D20001D4A90421BD01C4A1832904217D01A4A82
:105D30003032904213D0184A483290420FD0164A5F
:105D4000603290420BD0144A7832904207D0124A07
:105D50009032904203D0104AA832904203D100689A
:105D600000F0100002E0006800F00200B0B3A9608B
:105D700094F835000428206801680FD049037ED5C7
:105D8000006800032BD4616C2AE000001000024080
:105D900018000024700002401004024021F0160197
:105DA00001602068416921F080014161206C08B9DF
:105DB000A06C20B12068016821F00801016094F80E
:105DC0005C303F21012003F01F0300229940A960AD
:105DD00084F8350084F83420216D65E003E0E16B40
:105DE00009B120468847606D00287DD0606DC007EE
:105DF00059D02068042184F83510B0422BD040459A
:105E000029D0484527D0504525D0584523D09D4915
:105E1000884220D09B49183188421CD099493031A2
:105E2000884218D09849884215D09749183188423D
:105E300011D09549303188420DD09349483188427C
:105E400009D091496031884205D08F497831884224
:105E500001D08D499031016821F001010160206875
:105E60000099019A491C0091914202D80168C90722
:105E7000F6D10068C00710D003200FE0FFE70168EB
:105E8000C905ACD403680121002223F0100303608C
:105E900084F8351084F83420A1E7012084F8350017
:105EA000002084F83400E16C00291DD002B02046A7
:105EB000BDE8F05F0847754988421DD07349143129
:105EC000884219D071492831884215D06F493C3138
:105ED000884211D06D49503188420DD06B496431F0
:105EE000884209D0694900E084E07831884203D0D3
:105EF00066498C3188427DD194F85C800427016822
:105F000008F01F0807FA08F717EA0C0F009746D0A9
:105F10004F0744D500980F04686003D5C8033CD4EC
:105F2000A16CC1E7880638D42068B0422DD055490D
:105F30006039884229D0484527D0504525D058455A
:105F400023D05049884220D04E49183188421CD075
:105F50004C493031884218D04B49884215D04A49C3
:105F60001831884211D04849303188420DD0464915
:105F70004831884209D0704507D0904205D09842F8
:105F800003D04149A831884203D1016821F00801BA
:105F900002E0016821F004010160216C84E702271E
:105FA00007FA08F717EA0C0F00974ED08F074CD569
:105FB00000980F04686003D5C80344D4616C73E78C
:105FC000880640D42068B0422FD02E4960398842DC
:105FD0002BD0484529D0504527D0584525D02949B0
:105FE000884222D02749183188421ED025493031B5
:105FF000884200E044E018D02349884215D0224965
:106000001831884211D02049303188420DD01E49C4
:106010004831884209D0704507D0904205D0984257
:1060200003D01949A831884203D1016821F0140135
:1060300002E0016821F00A010160012184F83510B5
:10604000002084F83400E16B2EE7082202FA08F2FF
:1060500012EA0C0F14D0090712D5016821F00E01C5
:10606000016094F85C100120002201F01F0100FA89
:1060700001F16960606584F8350084F8342012E726
:10608000BDE8FC9F880002401004024008540258FA
:106090002DE9F05F044601F043F9002C07467DD05E
:1060A000E34E022120684FF00308DFF888934FF099
:1060B0000005DFF884A3B042DFF880B334D0DC4AB7
:1060C0001832904230D048452ED050452CD05845FB
:1060D0002AD0DA4A1832904226D0D84A303290423A
:1060E00022D0D64A483290421ED0D54A90421BD088
:1060F000D34A1832904217D0D14A3032904213D04E
:10610000CF4A483290420FD0CD4A603290420BD0F5
:10611000CB4A7832904207D0C94A9032904203D09D
:10612000C74AA83290427DD184F83510B04284F835
:1061300034502ED0BE49183188422AD0484528D044
:10614000504526D0584524D0BC491831884220D02B
:10615000BA49303188421CD0B8494831884218D0F9
:10616000B749884215D0B6491831884211D0B44990
:10617000303188420DD0B2494831884209D0B04907
:106180006031884205D0AE497831884201D0AC49AF
:106190009031016821F00101016008E027E100BFB2
:1061A00001F0BEF8C01B052801D920211CE12068A0
:1061B0000068C007F4D104F108002168D4E9053C67
:1061C0008E4685C809681043D4E907281F43636ACF
:1061D00038439C4F40EA0C001043394040EA080025
:1061E000042B40EA010003D1D4E90B121143084308
:1061F000954909686FF30F01B1F1005F0FD3616832
:10620000A1F12902052A08D9163A032A05D9083A24
:10621000012A02D94F39032901D840F48010CEF861
:10622000000000E023E02068676A4069042F20F046
:10623000070047EA00070DD1D4E90A01074349B135
:106240002046FEF707FD28B140206065012184F853
:106250003510CCE0206847612046FEF719FC94F821
:106260005C203F2102F01F029140816054E0774A98
:1062700090421BD0754B1433984217D0734B283380
:10628000984213D0714B3C3398420FD06F4B503330
:1062900098420BD06D4B6433984207D06B4B7833E8
:1062A000984203D0694B8C3398427DD184F83510E5
:1062B00084F83450664B0168A26801EA030E402A54
:1062C00073D0802A72D00022D4E90378D4E9053152
:1062D00042EAD70242EAD8085C4AD4E9077C48EA95
:1062E000D30848EAD10141EAD701524241EA1C11E0
:1062F000142341EA0E01016020681044B0FBF3F062
:106300008000E0652046FEF7C3FB94F85C20012185
:1063100002F01F02914041602068B04257D04449CA
:106320001831884253D0484551D050454FD0584538
:106330004DD042491831884249D0404930318842D5
:1063400045D03E494831884241D03D4988423ED0FF
:106350003B49183188423AD039493031884236D0E9
:1063600037494831884232D03549603188422ED091
:106370003349783188422AD031499031884226D039
:106380002F49A831884222D0304988421FD02F4956
:10639000143188421BD02D492831884217D02B490F
:1063A0003C31884213D002E01DE017E018E0274995
:1063B000503188420BD025496431884207D02349A7
:1063C0007831884203D021498C31884229D1204636
:1063D000FEF7B8FBA06880280CD00CE0102273E711
:1063E0004FF4804270E74021616584F835800120D8
:1063F000BDE8F09F6560216E20790860D4E919013D
:1064000041606068401E072808D82046FEF7E8FB78
:10641000E06E0560D4E91C01416002E0E566256795
:1064200065670120656584F835000020E0E700001D
:10643000100002404000024058000240700002403C
:10644000100402403F8010FE0010005C0854025807
:106450000F00FEFF2DE9F84F04008C464FF00000BE
:10646000009014D094F83400012812D094F83550DC
:106470000120002184F83400012D0CD0C002606599
:106480000120009084F834100098BDE8F88F0120B6
:10649000FBE70220F9E78C4D0226206884F835607E
:1064A000A8428A4D61658A4E8A4FDFF82C82DFF858
:1064B0002C92DFF82CA2DFF82CB226D0A84224D0F0
:1064C000B04222D0B84220D040451ED048451CD012
:1064D00050451AD0584518D08349884215D0824972
:1064E0001831884211D08049303188420DD07E4920
:1064F0004831884209D07C496031884205D07A49C8
:106500007831884201D078499031016821F0010149
:10651000016061462046FEF7C7FB6B492068884250
:106520002CD0A8422AD0B04228D0B84226D040452C
:1065300024D0484522D0504520D058451ED06A4A24
:1065400090421BD0684A1832904217D0664A3032C7
:10655000904213D0644A483290420FD0624A60326F
:1065600090420BD0604A7832904207D05E4A903217
:10657000904203D05C4AA83290420CD1026822F0CB
:106580001E0242F016020260206C88B12068026888
:1065900042F008020BE0026822F00E0242F00A020A
:1065A0000260206C20B12068026842F004020260A0
:1065B000206888424BD0A84249D0B04247D0B84268
:1065C00045D0404543D0484541D050453FD058453F
:1065D0003DD0454A90423AD0434A1832904236D094
:1065E000414A3032904232D03F4A483290422ED017
:1065F0003D4A603290422AD03B4A7832904226D0BF
:10660000394A9032904222D0374AA83290421ED066
:10661000364A90421BD0354A1432904217D0334A42
:106620002832904213D0314A3C3290420FD02F4A48
:10663000503290420BD02D4A6432904207D02B4A00
:106640007832904203D0294A8C3290420DD1206E8C
:106650000268D20303D5026842F480720260E06EE1
:1066600018B1026842F4807202602068884226D025
:10667000A84224D0B04222D0B84220D040451ED0FB
:1066800048451CD050451AD0584518D01649884264
:1066900015D015491831884211D01349303188423C
:1066A0000DD011494831884209D00F4960318842E4
:1066B00005D00D497831884201D00B4990310168ED
:1066C00041F001010160DFE61000024028000240B5
:1066D0004000024058000240700002408800024022
:1066E000A0000240B80002401004024008540258C2
:1066F00010B590F89830012B09D0022B07D0D0F8B4
:106700009C1041F00201C0F89C10012010BD0368EC
:106710009C6D0C4203D1DC6D44F0010404E09C6DDF
:1067200031EA04041FD00324DC658B0505D503681A
:10673000D3F8E0401443C3F8E0404B0505D50368A7
:10674000D3F8E4401443C3F8E4400068084A01EA7F
:106750000203446D074A1C434465106840EA917087
:106760001060002010BDDC6D44F00204DCE7000086
:10677000FFFFCF3F14A8004070B5044690F8980082
:10678000022804D0D4F89C0040F008000DE02068F6
:10679000D0F8C03013F07C5F0BD0D0F8C4309B022F
:1067A0000CD5D4F89C0040F40070C4F89C00012083
:1067B00070BDD4F89C0040F02000F6E7D0F8C4008B
:1067C000C0F3044520462B46FEF7BEFD216801209C
:1067D000A840C1F8D000C4F89400002070BD7047F4
:1067E00070B590F89820012A09D0022A07D0D0F875
:1067F0009C1041F00201C0F89C10012070BD0B6894
:10680000CA6883B10B69072A43EA427325D00C7A20
:106810004A6942EA84724968006F00EBC100C0E92E
:106820000032002070BD072A0DD00C7AD6060D8AE2
:106830004B6943EA847246EA0543C06E49681A43CD
:1068400040F82120EDE70B8A4FF06055D1E906248E
:1068500042EA034245EA0423EFE78A69DBE770472F
:1068600070470000F0B590F898500024022D04D035
:10687000D0F89C1041F0080129E0402905D04129B9
:1068800029D0056D8D4219D942E00568D5F8A06080
:1068900016F4FE0F12D0D5F8A460760613D0D5F802
:1068A000A460F60105D5D5F8A06016F0004F00D51C
:1068B0000124D5F8A470466F456C24E0D0F89C10F4
:1068C00041F0200103E0D0F89C1041F48071C0F841
:1068D0009C100120F0BD0568D5F8B06016F4FE0FDD
:1068E000ECD0D5F8B4607606EDD0D5F8B460F601FA
:1068F00005D5D5F8B06016F0004F00D50124D5F8C5
:10690000B470866FC56CC7F305273C44654302E04D
:10691000456DC66F4D4306EB85052E6816F0804623
:1069200056602E6836D026F060461660D5F800C056
:1069300000262E4F0CF0005CC2F808C0D5F800C04D
:106940000CF0004CC2F810C0B5F804C01FFA8CFC63
:10695000C2F81CC0D5F804C0CCF3034CC2F80CC07C
:10696000D5F804C00CF4801CC2F814C0D5F804C0DB
:106970000CF4001CC2F818C0D5F804C0CCF3066CA7
:10698000C2F820C0D5F804C008354FEADC7CC2F854
:1069900024C008E0C6F38A46C7E700BF15F806C062
:1069A00003F806C0761CD2F80CC017F80CC0B4452A
:1069B000F4D840290AD041290CD020294FF00102F7
:1069C0000CD200688A40C0F898200DE00068C0F83A
:1069D000A84009E00068C0F8B84005E0006801F090
:1069E0001F018A40C0F89C200020F0BD8CD400908C
:1069F000704700002DE9FF5FDFF80CB304460BF190
:106A00000401DBF8000025680F68AA468007D5F866
:106A10005090696DD5F850806E6D2A6DD5F854C0D0
:106A20002B6D00EA8770009009F470496F6D286D36
:106A300001EA09010191DAF85410DAF85490DAF811
:106A4000505008F00F0806EA0806029602F0F0021D
:106A500003F071536FEA09061F4000F060700CEA02
:106A6000020CCDF80CC0F20501EA00090CD4E84391
:106A7000C00509D400214FF48073CAF85030CBF818
:106A800000102046FFF7B4FF700512D4E84340051C
:106A90000FD4206800234FF48068D0F8DC20D0F8B1
:106AA000E410C0F85080CBF800301140204600F0D0
:106AB00011FBDFF858A2009850B12268830F00EA5A
:106AC0000A001065CBF8003020460099FFF787FEDA
:106AD000019850B12268830F00EA0A001065CBF8D4
:106AE00000302046019900F0F7FA029850B1226870
:106AF000830F00EA0A001065CBF8003020460299A7
:106B000000F088FA039850B12268830F00EA0A0067
:106B10001065CBF800302046039900F0BBFA300531
:106B20000CD4E843000509D4236800204FF4006228
:106B30001A65CBF80000204600F0CFFAB00512D459
:106B4000E84380050FD4206800234FF40078D0F884
:106B5000D820D0F8E010C0F85080CBF800301140B9
:106B6000204600F0B8FA30030CD4E843000309D4FF
:106B7000236800204FF400221A65CBF8000020465D
:106B800000F046FAF0030CD4E843C00309D42368AC
:106B900000204FF480321A65CBF80000204600F048
:106BA00098FA70030CD4E843400309D4226800200B
:106BB0004FF480231365CBF80000204600F088FADC
:106BC000B0030FD4E84380030CD4236800204FF4B3
:106BD00000321A65CBF80000D4F89C0040F0800029
:106BE000C4F89C00B9F1000F0BD022684FEA9973EA
:106BF00009EA0A001065CBF8003049462046FFF745
:106C00002FFE5FB12268BB0F07EA0A001065CBF8C0
:106C10000030D4F89C003843C4F89C003C492068FC
:106C2000884268D1606881468068800763D0D9F85F
:106C30002060D9F82410D9F82080D9F82400D9F898
:106C400020C0D9F82470D9F82030D9F82450D9F8C8
:106C5000202003F4FC4306F00F0AD9F824601D40FD
:106C6000D9F824B008F030080CF4C07C02F4F0220B
:106C700011EA0A0100EA080807EA0C0706EA020618
:106C8000D9F820A004D0C9F82010204600F01DFA41
:106C9000B8F1000005D0616808624146204600F066
:106CA00016FA6FEA0B0040060ED46FEA0A0040069F
:106CB0000AD460684021C36BC26B01622046190C84
:106CC00002F03F0200F002FA2FB160680762394615
:106CD000204600F0F9F935B160680562D4F89C00EF
:106CE0002843C4F89C0036B160680662D4F89C0062
:106CF0003043C4F89C00D4F89C00002802D0204601
:106D0000FFF7ADFDBDE8FF9F10A80040FFFFCF3F9C
:106D100000A000402DE9F04194B08D494C2204467A
:106D20006846FBF757FE64B18A4D2068A84202D13D
:106D300000F58070606094F898004FF0000820B172
:106D400008E0012014B0BDE8F081204684F8998065
:106D500000F002F92068816921F01001816100F0E2
:106D6000DFFA0327064604E000F0DAFA801B0A285F
:106D700011D8206880690007F6D42068816941F045
:106D80000101816100F0CCFA06460DE000F0C8FA7E
:106D9000801B0A2808D9D4F89C0040F00100C4F8F0
:106DA0009C0084F89870CCE720688069C007EDD01B
:106DB0002068816941F002018161207C01282068FE
:106DC000816937D041F040018161607C01282068F1
:106DD000816932D021F480418161A07C0128206842
:106DE00081692DD041F4805181612068A268816958
:106DF00021F44071114381612068816921F0A4016F
:106E000081612068016921F010010161E0680128B9
:106E100019D010B302281BD02068816941F080018D
:106E200081612068016941F010010161E068032877
:106E30000ED012E021F04001C6E741F48041CBE7DB
:106E400021F48051D0E72068816941F0040103E01A
:106E50002068816941F020018161207E6FF0FF028E
:106E6000D4E90773A68A1102400602EB0727A0F1B6
:106E70000070384327685B1E184301EB0646304319
:106E8000F861A068B0F5407F11D104F12800A68C0C
:106E90006FF00F0C89C801EB0641401E02EB032284
:106EA000104322680CEB071318430843D060206E90
:106EB00030B12068626ED0F8C0101143C0F8C01025
:106EC000D4E917126846D14209D02168A36E51F85F
:106ED000C82F50F8233022F007021A430A60216CB1
:106EE00049B12168626C51F8BC3F50F8226023F030
:106EF000070232430A60A16C51B12168E36C51F87A
:106F0000BC2F50F8233022F0700242EA03120A60CC
:106F1000216D51B12168626D51F8BC3F50F82200DB
:106F200023F4E06242EA002008602068A84204D10D
:106F30006068816821F003018160C4F894800121B8
:106F4000C4F89C8084F898102046FEF719F9F9E6F9
:106F50009CD4009000A0004010B5B6B004461421A7
:106F600030A8FBF769FDC0216846FBF765FD2549A0
:106F70002068884244D100201C904FF40041CDE9A4
:106F80000010684600F06AFC08B1FEF7D7F81E480A
:106F9000016841F480710160006800F480703590F0
:106FA00019480C38016841F00101016000680DF1D9
:106FB000C00C022100F001003590012203230924B6
:106FC0004FF4C0508CE81F00104830A900F086F83C
:106FD00000220521132000F08FFA132000F07EFA22
:106FE00000220521152000F087FA152000F076FA1E
:106FF000002205213F2000F07FFA3F2000F06EFACA
:1070000036B010BD00A00040EC4402580000025809
:107010007047000030B5C9078DB026D0402101ABC4
:1070200003AAFFF71FFC00281FD111480399014450
:1070300004291AD89DF8085000299DF809409DF8A8
:107040000A3065F31F609DF80B2064F3174063F36B
:107050000F2062F3070008D100EE100A05A0B7EE7A
:10706000C00A53EC102BFBF729FA0DB030BD00001D
:1070700000DFF5FF2D3E20E5AE9EE697B6E6B58B28
:10708000E9878FE794B5E58E8B3A20252E3366206D
:10709000560D0A00704790F89810012907D0D0F8D3
:1070A0009C1041F00401C0F89C100120704702219F
:1070B00080F89810002201688B6923F001038B612E
:1070C000C0F89C2010467047704770477047704763
:1070D0007047704770477047704770472DE9F84F09
:1070E00003247D4D00234FF001094FF0B04B4FF0CA
:1070F0000F0AE9E009FA03F73A4076D00E7906F074
:107100000306012E01D0022E18D1D0F808C04FEA94
:10711000430ECE6804FA0EF82CEA080C06FA0EF6B6
:1071200046EA0C068660D0F804C00E792CEA070CFB
:10713000C6F300169E4046EA0C0646600E79F643FA
:10714000B6070BD0C6684FEA43088F6804FA08FCFC
:1071500026EA0C0607FA08F73743C7600E7906F0EF
:107160000306022E12D1DE080F694FEA437C00EBC2
:107170008606B646366A4FEADC6C0AFA0CF807FA5D
:107180000CF726EA08063743CEF820700F79066818
:107190004FEA430807F0030704FA08FC07FA08F768
:1071A00026EA0C06374307604E6816F4403F1CD0B1
:1071B0004A4E376847F00207376036689F0706F087
:1071C0000206009623F0030606F1B046B6463F0FCE
:1071D000D6F80864DFF808810AFA07FC404526EA79
:1071E0000C0603D14FF0000C41E06CE0DFF8F4C076
:1071F000604502D14FF0010C39E0DFF8ECC060458A
:1072000002D14FF0020C32E0DFF8E0C0604502D15D
:107210004FF0030C2BE0DFF8D8C0604502D14FF0EF
:10722000040C24E0DFF8CCC0604502D14FF0050C1F
:107230001DE0DFF8C4C0604502D14FF0060C16E037
:10724000DFF8B8C0604502D14FF0070C0FE0DFF85F
:10725000B0C0604502D14FF0080C08E0DFF8A4C0D0
:10726000604502D14FF0090C01E04FF00A0C0CFA16
:1072700007FC4CEA060CCEF808C44F68DBF8006047
:10728000FF0226EA020600D516435F46CBF80060EF
:10729000D1F804C0DBF804605FEA8C2C26EA020611
:1072A00000D516437E606E684F6826EA0206BF036B
:1072B00000D516436E602E684F6826EA0206FF036B
:1072C00000D516432E605B1C0A6832FA03F67FF481
:1072D00011AFBDE8F88F000080000058F444025858
:1072E000000002580004025800080258000C02581E
:1072F000001002580014025800180258001C0258CE
:1073000000200258002402580AB181617047090424
:10731000FBE7000001480068000C70470010005CAB
:1073200001488068704700000C0000240248816812
:1073300002781144816070470C000024032010B5CE
:1073400000F0FAF801F002F90F4A104914681368C6
:10735000C4F3032203F00F038A5CC95C02F01F022E
:1073600001F01F01D0400A4A20FA01F111600949D9
:1073700008600F2000F010F808B1012010BD00F0E7
:107380009FF8002010BD00001844025810D500904E
:107390001C0000241800002410B5102804468AB0F0
:1073A0002CD200220146362000F0A6F8362000F04C
:1073B00095F8174804601748016841F01001016012
:1073C000006809A900F010000890684601F04AF82A
:1073D0000598B0B101F096F840000F4900220F4C1B
:1073E000B0FBF1F10E4840F2E7330460C0E903322C
:1073F000491EC0E9011201F009FC28B101200AB0C0
:1074000010BD01F07FF8E8E7054801F031FCF6E730
:1074100010000024E844025840420F0000100040D1
:1074200000030024154BF0B5083B427813491A605D
:107430000B680A1F23F001030B6043681360057B90
:10744000C67A827A437B2D07847B45EA0665C77B33
:1074500090F809C0067A90F800E045EAC24040EA98
:10746000834040EA444040EA074040EA0C2040EABA
:10747000460040EA0E000860F0BD0000A0ED00E00C
:10748000BFF35F8F044800210368034A23F480336D
:10749000036070321160704724ED00E0074A40F04D
:1074A0000100064970321060086840F480300860BE
:1074B000BFF34F8FBFF36F8F7047000024ED00E0E4
:1074C000054808B5016841F002010160006800F05C
:1074D0000200009008BD0000F4440258002809DBB7
:1074E000410900F01F028900012001F1E0219040D4
:1074F000C1F80001704700000E4BF0B41B680D4648
:10750000C3F30223C3F10706042E00D90426191D74
:10751000072901D2002300E0DB1E012404FA06F152
:107520009C40491E2940641E994014402143F0BCF0
:1075300004F020BB0CED00E0064900F0070210B596
:107540004FF6FF040868044B204040EA022018432D
:10755000086010BD0CED00E00000FA05134970B59D
:107560000A68D243520705D5096801F00701814234
:1075700013D118E00A6822F0070202430A60FFF7FD
:10758000CFFE0A4D4FF47A760446083D07E000BF6F
:10759000FFF7C6FE001BB04201D9012070BD28686C
:1075A000C0438004F4D4002070BD00000C48025891
:1075B00010B500F085FF05490968054AC1F30211BD
:1075C000515C01F01F01C84010BD0000204402586A
:1075D00010D50090494930B5484C0B1D0A68143449
:1075E00009681D68246802F00303C5F30012C1F3A3
:1075F0000531C4F3CC04002914FB02F200EE102A7A
:10760000F8EE400A75D03F4A9FED3D1AB7EE000AEA
:107610006BB1DFED3D1A012B01D0022B64D002EEDD
:10762000101A1168F8EE422A81EEA22A21E0334CAA
:10763000283C23689B0612D5344B246801EE901A2F
:107640001168C4F3C104F8EE612AE34001EE903AF8
:10765000C1F30801F8EE611A81EEA22A0BE001EEF7
:10766000901ADFED2B2A00BFF8EE611A116882EE46
:10767000A12AC1F3080101EE901A1168F8EE611A0F
:1076800040EE811A71EE800A62EE200AC1F34621B3
:1076900001EE101AB8EE411A31EE001AC0EE811A4E
:1076A000BCEEE11A80ED001A1168C1F3064101EE4B
:1076B000101AB8EE411A31EE001AC0EE811ABCEE73
:1076C000E11A80ED011A1168C1F3066101EE101A8A
:1076D000B8EE411A31EE000A80EE801ABCEEC10A03
:1076E00080ED020A30BD04E001EE901ADFED092AB8
:1076F000BAE70021016041608160F3E72844025845
:1077000000000039384402580024744A0090D00325
:107710000024744C20BCBE4B494930B5484C0B1D6D
:107720000A681C3409681D68246802F00303C5F365
:107730000022C1F30551C4F3CC04002914FB02F26A
:1077400000EE102AF8EE400A75D03F4A9FED3D1A30
:10775000B7EE000A6BB1DFED3D1A012B01D0022B11
:1077600064D002EE101A1168F8EE422A81EEA22AC5
:1077700021E0334C283C23689B0612D5344B246807
:1077800001EE901A1168C4F3C104F8EE612AE340D7
:1077900001EE903AC1F30801F8EE611A81EEA22AD7
:1077A0000BE001EE901ADFED2B2A00BFF8EE611A14
:1077B000116882EEA12AC1F3080101EE901A116846
:1077C000F8EE611A40EE811A71EE800A62EE200A2C
:1077D000C1F3462101EE101AB8EE411A31EE001A3B
:1077E000C0EE811ABCEEE11A80ED001A1168C1F3F7
:1077F000064101EE101AB8EE411A31EE001AC0EE41
:10780000811ABCEEE11A80ED011A1168C1F306611C
:1078100001EE101AB8EE411A31EE000A80EE801A1D
:10782000BCEEC10A80ED020A30BD04E001EE901A00
:10783000DFED092ABAE70021016041608160F3E7CA
:107840002844025800000039404402580024744A79
:107850000090D0030024744C20BCBE4B2DE9FE4F99
:107860000546DFF8E48350F8081B0024F64FC943AF
:10787000019005F12800264608F12408009008012F
:107880001DD4A86E50B1B0F5801F0CD0B0F5001F0C
:107890000ED0B0F5401F1ED001240FE0386840F430
:1078A0000030386017E00198022101F0F7FF03E093
:1078B0000098022102F082F804000CD026462888A5
:1078C000C043C00523D4A86D05281ED2DFE800F010
:1078D0000C11161B1B00AA6ED8F8001021F44011E1
:1078E0001143C8F80010EAE7386840F40030386007
:1078F00009E00198002101F0D1FF03E00098002188
:1079000002F05CF8044674B100E0012426462888A1
:10791000C043800528D4E86D80281ED00CDC90B1CF
:1079200040280ED114E0AA6DD8F8001021F007010C
:107930001143C8F80010EAE7C02813D0B0F5807FE3
:1079400010D001240FE0386840F40030386009E0BE
:107950000198002101F0A2FF03E00098002102F04D
:107960002DF804469CB126462888DFF8DC92C043F7
:1079700009F12C0940052CD4D5F8A800B0F5800FEA
:1079800020D00DDCA0B1B0F5001F0FD115E0EA6DDD
:10799000D8F8001021F4E0711143C8F80010E3E7B3
:1079A000B0F5C00F13D0B0F5000F10D001240FE0D8
:1079B000386840F40030386009E00198002101F097
:1079C0006DFF03E00098002101F0F8FF04467CB150
:1079D00026462888C04300052DD4D5F8AC00B0F168
:1079E000007F21D00EDCA8B1B0F1807F10D116E06D
:1079F000D5F8A820D9F8001021F460011143C9F886
:107A00000010E6E7B0F1407F13D0B0F1806F10D0E6
:107A100001240FE0386840F40030386009E0019834
:107A2000002101F03BFF03E00098002101F0C6FFB8
:107A3000044674B126462868C04380011FD4E86C10
:107A4000D8B110280FD0202812D0302815D001240A
:107A500014E0D5F8AC20D9F8001021F0E061114312
:107A6000C9F80010E7E7386840F40030386004E0F7
:107A70000198022101F012FF044674B126462888BD
:107A8000C043C0042BD4286EB0F5005F20D00DDCBD
:107A9000A0B1B0F5805F0FD115E06B48EA6C2030E3
:107AA000016821F0300111430160E8E7B0F5405F63
:107AB00013D0B0F5804F10D001240FE0386840F4A7
:107AC0000030386009E00198002101F0E7FE03E092
:107AD0000098002101F072FF04468CB126462888E8
:107AE000C043800429D4686EB0F5403F23D010DC39
:107AF00008B3B0F5803F14D0B0F5003F0FD115E0CA
:107B00002A6ED8F8001021F4E0411143C8F80010A3
:107B1000E5E7B0F5802F0ED0B0F5A02F0BD00124F3
:107B20000AE00198012101F0B9FE03E0009801216B
:107B300001F044FF044694B126462888C04340041F
:107B40002AD4D5F8B000B0F1405F23D010DC08B3E0
:107B5000B0F1805F14D0B0F1005F0FD115E06A6E14
:107B6000D8F8001021F4E0211143C8F80010E4E730
:107B7000B0F1804F0ED0B0F1A04F0BD001240AE03D
:107B80000198012101F08AFE03E00098012101F033
:107B900015FF044674B126462888C04300041FD44C
:107BA000286FD8B1B0F1805F0ED0B0F1005F10D077
:107BB000012414E0D5F8B020D9F8001021F0E041FC
:107BC0001143C9F80010E7E7386840F40030386026
:107BD00004E00198012101F061FE044674B12646DB
:107BE0002868C043C0011ED4A86CD0B101280ED0B3
:107BF000022811D0032814D0012413E02A6FD8F8EA
:107C0000001021F040511143C8F80010E8E738682F
:107C100040F40030386004E00198022101F03EFE9B
:107C20000446ACB126462868DFF81CB0C043ABF16F
:107C30001C0B400252D40548016841F48071016078
:107C4000FFF76EFB824611E02C44025800480258B0
:107C5000FA48AA6C016821F0030111430160E2E7D0
:107C6000FFF75EFBA0EB0A00642835D8F4480068F3
:107C7000C005F5D58CBBDFF8C4A3B5F8B4100AF184
:107C8000240ADAF8000001F4407100F440708842E0
:107C900011D0DAF80010DAF8002021F4407142F433
:107CA0008032CAF80020DAF8002022F48032CAF8C4
:107CB0000020CAF80010D5F8B400B0F5807F1AD1C2
:107CC000FFF72EFB029012E0FFF72AFB0299411A00
:107CD00041F2883081420AD9032426462878DFF809
:107CE0005CA3C0430AF1080AC00721D03CE0DAF8DF
:107CF00000008007E8D5D5F8B410C1F301200328AF
:107D000058460DD0016821F47C510160B5F8B420CB
:107D1000DAF80010C2F30B021143CAF80010DDE7D5
:107D2000C84A036802EA111223F47C511143ECE7BC
:107D3000E86F182816D005DCA0B1082808D0102854
:107D400004D10AE020280DD028280BD001240AE015
:107D50000198012101F0A2FD03E00098012101F04A
:107D60002DFE044664B126462878C04380071ED401
:107D7000A86F062819D2DFE800F0160C11161616A7
:107D8000EA6FDAF8001021F038011143CAF8001048
:107D9000EAE70198012101F081FD03E0009801214B
:107DA00001F00CFE04467CB100E001242646287850
:107DB000C04340071FD4D5F89400062819D2DFE845
:107DC00000F0160C11161616AA6FDAF8001021F042
:107DD00007011143CAF80010E9E70198012101F0F9
:107DE0005DFD03E00098012101F0E8FD0446A4B127
:107DF00000E0012426462878C04380062BD4D5F81D
:107E00009000B0F1405F24D011DC10B3B0F1805F7E
:107E100015D0B0F1005F10D116E0D5F89420D9F854
:107E2000001021F007011143C9F80010E3E7B0F199
:107E3000804F0ED0B0F1A04F0BD001240AE0019882
:107E4000002101F02BFD03E00098022101F0B6FDB6
:107E5000044694B126462878C04340062BD4D5F872
:107E60009C00B0F5406F24D011DC10B3B0F5806FEA
:107E700015D0B0F5006F10D116E0D5F89020DAF8E3
:107E8000001021F0E0411143CAF80010E3E7B0F51B
:107E9000805F0ED0B0F5A05F0BD001240AE00198FE
:107EA000002101F0FBFC03E00098022101F086FDB7
:107EB000044694B126462878C04300062BD4D5F852
:107EC000A000B0F5C04F24D011DC10B3B0F5005FB6
:107ED00015D0B0F5804F10D116E0D5F89C20D9F818
:107EE000001021F4E0511143C9F80010E3E7B0F5A8
:107EF000004F0ED0B0F5204F0BD001240AE00198BE
:107F0000002101F0CBFC03E00098022101F056FDB6
:107F1000044654B126462878C04300071ED4D5F83D
:107F20008400B0F5805F0AD00FE0D5F8A020D9F822
:107F3000001021F460411143C9F80010EBE70098EC
:107F4000022101F03BFD00B10126D5F88420DAF8CA
:107F5000001021F440511143CAF800102878C043A2
:107F6000C00613D4D5F89800B0F5807F05D10098ED
:107F7000022101F023FD00B10126D5F89820D9F89F
:107F8000001021F440711143C9F800102868C04363
:107F9000000316D4D5F8A40038B1B0F5803F09D05D
:107FA000B0F5003F0BD001240AE00198002101F058
:107FB00075FC03E00098022101F000FD04468CB13D
:107FC00026462868C043400322D4D5F88800B0F57F
:107FD000801F11D0B0F5001F13D0B0F5401F15D091
:107FE000012414E0D5F8A420D9F8001021F4403180
:107FF0001143C9F80010E4E7386840F400303860F5
:1080000004E00098012101F0D9FC04465CB1264649
:108010002868C043C00323D4286DA8B1B0F5803FC1
:1080200017D001241BE0D5F88820DAF8001021F4DD
:1080300040111143CAF80010EAE700004C4402580E
:1080400000480258CFFFFF00386840F40030386025
:1080500004E00198022101F021FC0446E4B1264627
:108060002868C043800005D40098022101F0A6FCD6
:1080700000B101262868C04380031BD4D5F88000D6
:10808000B0B1B0F5807F0FD0B0F5007F10D0B0F563
:10809000407F0DD001240CE05A482A6D016821F47C
:1080A000803111430160DBE7386840F4003038600C
:1080B000ECB326462868C043C00207D46A6FD8F8DC
:1080C000001021F000411143C8F800102868C04397
:1080D000C00008D4D5F8B820DBF8001021F48041A6
:1080E0001143CBF800102868C043800207D4EA6E21
:1080F000D8F8001021F080711143C8F800102868EA
:10810000C04340000CD4DBF8001021F40041CBF850
:108110000010DBF80010D5F8BC201143CBF800109C
:108120002868C04308D437486A6D016800E018E049
:1081300021F04051114301602868C043000208D477
:10814000D5F88C20DAF8001021F440011143CAF868
:10815000001028790024C04300F0010020430AD019
:108160000FE0D5F88020DAF8001021F440711143B7
:10817000CAF800109EE70198002101F08FFB00B1C2
:1081800006462879C04300F00200204305D101983B
:10819000012101F083FB00B106462879C04300F0BD
:1081A0000400204305D10198022101F077FB00B1C2
:1081B00006462879C04300F00800204305D1009806
:1081C000002101F0FBFB00B106462879C04300F016
:1081D0001000204305D10098012101F0EFFB00B110
:1081E00006462879C04300F02000044304D10098DB
:1081F000022101F0E3FB00B916B10120BDE8FE8FBA
:108200000020FBE74C4402582DE9F05F04000F46C4
:108210007ED0DFF83882D8F8000000F00F00B842B6
:108220000CD2D8F8001021F00F013943C8F8001023
:10823000D8F8000000F00F00B84269D12078844DD2
:1082400040070AD52069296801F07001884204D9E5
:10825000296821F070010143296020787C4E361D89
:1082600000070AD56069316801F07001884204D9BD
:10827000316821F07001014331602078C0060AD5D1
:10828000A069316801F4E061884204D9316821F4C1
:10829000E061014331602078DFF8B4B180060BF172
:1082A000080B0CD5E1695846DBF8002002F070029B
:1082B000914204D9026822F070020A4302602078D9
:1082C00080070AD5E068296801F00F01884204D9C7
:1082D000296821F00F01014329602078C0073ED0B2
:1082E0005B49A2682868183920F470601043286040
:1082F0006068022818D0032819D00968012819D00D
:10830000490700294ADADFF848A1AAF1080A00E083
:1083100044E0DAF8002022F007020243CAF8002005
:10832000FEF7FEFF814612E009688903E9E7096864
:108330008901E6E7C905E4E7FEF7F2FFA0EB0901D2
:1083400041F28830814202D90320BDE8F09F616884
:10835000DAF8000000F03800B0EBC10FECD1207863
:1083600080070AD5E068296801F00F01884204D22D
:10837000296821F00F0101432960D8F80010404618
:1083800001F00F01B9420BD9016821F00F01394307
:108390000160006800F00F00B84201D00120D4E76E
:1083A000207840070AD52069296801F070018842C9
:1083B00004D2296821F07001014329602078000768
:1083C0000AD56069316801F07001884204D23168D1
:1083D00021F07001014331602078C0060AD5A06900
:1083E000316801F4E061884204D2316821F4E0612F
:1083F00001433160207880060CD5E1695846DBF8EE
:10840000002002F07002914204D2026822F0700251
:108410000A43026000F09AF80E492A682B68C2F3FA
:10842000032203F00F038A5CC95C02F01F0201F013
:108430001F01D040084A20FA01F111600749086085
:1084400007480068BDE8F05FFEF7A6BF00200052B5
:108450001844025810D500901C0000241800002475
:108460001000002470B5144C3F220260124A2468A8
:108470000832131D114D04F00704446016681C1DDA
:1084800006F470668660166806F00F06C66012680D
:1084900002F0700202611A6802F0700242611A680A
:1084A00002F4E0628261226802F07002C261286810
:1084B00000F00F00086070BD104402580020005208
:1084C00030B500F043F80B4A0B490C4B15681468A3
:1084D000C5F3032204F00F048A5C095D02F01F0259
:1084E00001F01F01D040064A20FA01F11960106026
:1084F000084630BD1844025810D500901C000024D6
:108500001800002400B5FFF7DBFF05490968054A9C
:10851000C1F30211515C01F01F01C84000BD000011
:108520001C44025810D5009000B5FFF7C9FF05495B
:108530000968054AC1F30221515C01F01F01C840DE
:1085400000BD00001C44025810D50090454970B58C
:1085500045480968434B103B11F0380208D001111F
:10856000082A03D0102A0BD0182A0BD0084670BD59
:1085700019688906FBD51968C1F3C101C84070BDEF
:108580003A4870BD3749374D18310C1D24350A68FB
:10859000096826682D6802F0030406F00102C1F3A1
:1085A0000511C5F3CC0515FB02F200EE102AB8EE5A
:1085B000400AE9B32F4ADFED2E0AB7EE001A6CB17C
:1085C000DFED2D1A012C01D0022C43D002EE101A3F
:1085D0001068F8EE422A81EEA22A1EE01C68A4066A
:1085E00011D51B6801EE901A1168C3F3C103F8EEB0
:1085F000612AD84001EE900AC1F30800F8EE611A32
:1086000081EEA22A0BE001EE901ADFED1C2A00BFDA
:10861000F8EE611A106882EEA12AC0F3080001EE9C
:10862000900AF8EE611A40EE201A31EE810A00E05D
:1086300015E022EE000A1068C0F34620401C00EE50
:10864000900AF8EE600A80EE201ABCEEC10A10EE25
:10865000100A70BD01EE901ADFED092AD8E700205C
:1086600070BD0000104402580090D00340787D0196
:1086700000000039304402580024744A0024744C2D
:1086800020BCBE4B2DE9F05F04007DD0FF4F207869
:10869000FE4D1837DFF8F493103DC00748D0D9F8E5
:1086A0000000396800F03800102815D0182803D1D0
:1086B00001F0030002280FD06068B0F5803F12D0AF
:1086C00010B1B0F5A02F18D0286820F480302860B1
:1086D000286820F4802009E02868800328D5606895
:1086E0000028D2D024E0286840F4803028606068F8
:1086F00088B1FEF715FE064609E0286840F48020A0
:108700002860F0E7FEF70CFE801B64286FD828680D
:108710008003F7D50CE0FEF703FE064605E000BF38
:10872000FEF7FEFD801B6428F0D828688003F7D48C
:10873000207841F20308D54E0C3E800769D5D9F860
:108740000000396810F038000ED0182801D18807D1
:108750000AD0E06890B3296821F01901014329602B
:10876000FEF7DEFD824631E02868400702D5E0686A
:1087700000288AD0E168286820F0190008432860A2
:10878000FEF7CEFD824607E0DFE000BFFEF7C8FD42
:10879000A0EB0A000228B9D828684007F6D500BF28
:1087A000FEF7B8FD40451BD82069402812D031683B
:1087B00021F47C3141EA003030602AE018E000BF4B
:1087C000FEF7AEFDA0EB0A0002289FD828684007FC
:1087D000F6D5E5E7306820F47C3040F40030EBE774
:1087E000207C316821F0FE4141EA0060E4E70DE1C0
:1087F000286820F001002860FEF792FD824605E01F
:10880000FEF78EFDA0EB0A0002288DD828684007ED
:10881000F6D42078C0065DD5D9F80000DFF86CB238
:10882000396800F03800ABF1040B082810D0182884
:1088300003D101F0030001280AD0E069002828686C
:1088400038D040F080002860FEF76AFD824623E0C1
:108850002868C00523D5E069802876D11FE0206A0A
:10886000202821D0316821F0F84141EA8060306051
:1088700030E000BF94F82010DBF8002022F07C529A
:1088800042EA0161CBF8001024E000BFFEF748FD8A
:10889000A0EB0A00022898D82868C005F6D5FEF794
:1088A00039FD4045E6D8DAE7306820F0F84040F07E
:1088B0008040DCE720F080002860FEF731FD0646AE
:1088C00005E000BFFEF72CFD801B02289DD828681C
:1088D000C005F7D42078000729D56C486169643059
:1088E00000298046016811D041F001010160FEF7C6
:1088F00017FD064605E000BFFEF712FD801B0228AB
:10890000C9D8D8F800008007F6D510E021F00101A1
:108910000160FEF705FD064605E000BFFEF700FD1D
:10892000801B022872D8D8F800008007F6D420787F
:10893000800623D5A0690028286810D040F4805014
:108940002860FEF7EDFC064605E036E1FEF7E8FCA0
:10895000801B02285AD828688004F7D50EE020F43E
:1089600080502860FEF7DCFC064604E0FEF7D8FCE9
:10897000801B02284AD828688004F7D42078400752
:108980004FD5DFF80C81D8F8001041F48071C8F899
:108990000010FEF7C5FC064605E000BFFEF7C0FC70
:1089A000801B642832D8D8F80000C005F6D5374EB1
:1089B000A068603601280AD008B1052813D03068B5
:1089C00020F001003060306820F0040002E03068E0
:1089D00040F001003060A06841F2883A90B1FEF7A3
:1089E0009FFC80460AE0306840F004003060EEE70B
:1089F000FEF796FCA0EB0801514507D830688007C8
:108A0000F6D50EE0FEF78CFC804607E084E000BF60
:108A1000FEF786FCA0EB080151457DD83068800741
:108A2000F6D4606AB0B3DFF86480D9F8001008F1BA
:108A300020084FF6F87B08F10409C1F3C2010329AD
:108A4000A8F1040A69D00228286820F08070286004
:108A500003D0FEF765FC044684E0FEF761FC0646A1
:108A600005E000BFFEF75CFC801B022877D8286871
:108A70008001F7D4E26A40F2F331386854F8283FB5
:108A8000884340EA02101843386004E0104402585A
:108A900000480258B5E0217B434622894FF4FE0C82
:108AA000208A4FF0FE474902267D521E401EA1F546
:108AB0000071C2F308088AB2761E0CEA004042EA4E
:108AC00008020243504607EA06610A431A60DAF8D0
:108AD000002022F00102CAF80020D9F80020266AFE
:108AE00022EA0B0242EAC602C9F80020DAF80010B6
:108AF000A26921F00C011143CAF800100168E26973
:108B000021F0020111430160016841F480310160EC
:108B1000016841F4003101E021E027E001600168D3
:108B200041F480210160016841F001010160286881
:108B300040F080702860FEF7F3FB044605E000BFBC
:108B4000FEF7EEFB001B022809D828688001F7D544
:108B500057E000BFFEF7E4FB001B022802D9032008
:108B6000BDE8F09F28688001F4D44AE03968012804
:108B7000D8F8000021D0A26A01F0030393421CD16F
:108B8000E26AC1F305118A4217D1216BC0F30802D2
:108B9000491E8A4211D1616BC0F34622491E91429F
:108BA0000BD1A16BC0F30642491E914205D1E16B86
:108BB000C0F30660491E814201D00120D0E7A16CBC
:108BC0004E46D9F80000C0F3CC00814219D0DAF843
:108BD0000000554620F00100CAF80000FEF7A0FB97
:108BE0004FEA0007FEF79CFBB842FBD0A26C30684E
:108BF00020EA0B0040EAC2003060286840F0010023
:108C000028600020ACE770477047704710B504003B
:108C100003D094F83D0010B107E0012010BD002002
:108C200084F83C00204600F022F8022084F83D0041
:108C30002068211D02F098FA012084F8480084F889
:108C40003E0084F83F0084F8400084F8410084F836
:108C5000420084F8430084F8440084F8450084F816
:108C6000460084F8470084F83D00002010BD70479E
:108C700090F83D10012901D001207047174A0221C8
:108C800080F83D100168CB6843F00103CB600068B9
:108C9000904214D0B0F1804F11D0114988420ED0CB
:108CA000104988420BD01049884208D00F498842A9
:108CB00005D00F49884202D00E49884207D1816809
:108CC0000D4A1140062906D0B1F5803F03D0016856
:108CD00041F00101016000207047000000000140E8
:108CE0000004004000080040000C00400004014067
:108CF00000180040004001400700010070472DE9C6
:108D0000F041044600680027C6680569A90713D525
:108D1000B10711D5FA1E026101212177206880690F
:108D20008007204602D0FFF7E9FF04E000F08BF84F
:108D3000204600F089F82777680716D5700714D504
:108D4000226802206FF00401116120772068806999
:108D500010F4407F204602D0FFF7D0FF04E000F07F
:108D600072F8204600F070F82777280715D53007ED
:108D700013D5226804206FF0080111612077206864
:108D8000C0698007204602D0FFF7B8FF04E000F07A
:108D90005AF8204600F058F82777E80616D5F0066E
:108DA00014D5226808206FF0100111612077206827
:108DB000C06910F4407F204602D0FFF79FFF04E017
:108DC00000F041F8204600F03FF82777E80708D088
:108DD000F00706D021686FF001000861204600F01E
:108DE00035F8280601D4A80408D5300606D5216830
:108DF0006FF4025008612046FFF706FFE80508D52A
:108E0000300606D521686FF4807008612046FFF7B0
:108E1000FAFE680608D5700606D521686FF0400096
:108E20000861204600F01CF8A8060AD5B00608D54F
:108E300021686FF0200008612046BDE8F041FFF78F
:108E4000E4BEBDE8F0817047704700000068034948
:108E5000884201D1FEF76ABA704700000010004056
:108E6000704730B590F88410012918D0012280F89D
:108E700084202421C0F888100022202401680B6877
:108E80000D6823F0005325F001050D60426601686E
:108E90000B60C0F8884080F88420104630BD022066
:108EA00030BD10B50446D0F88C00202801D0022037
:108EB00010BD61B15AB10123E3660020206720464E
:108EC00002F02CFD0028F3D1E16E012901D0012030
:108ED00010BD226810211162226852E8001F41F083
:108EE000100142E80013002BF6D110BD10B5006848
:108EF000154A904227D11548941500F01F0303F539
:108F00008073BFF34F8F124A10602030203B002B3C
:108F1000FADCBFF34F8FBFF36F8F0C4AFF294FF07E
:108F2000000001D8505401E082F8FF000A460749CA
:108F3000084801F05BF905492246BDE8104001F5FB
:108F40008070FFF7AEBF10BD00100140F400002498
:108F50005CEF00E070040024704770B5044690F8A0
:108F6000840001281DD0012284F884202420C4F824
:108F7000880020680568026822F00102026020680B
:108F8000826822F060620A438260204602F052F951
:108F90002268202100201560C4F8881084F884001D
:108FA00070BD022070BD70B5044690F884000128A1
:108FB0001DD0012284F884202420C4F88800206871
:108FC0000568026822F0010202602068826822F0CF
:108FD00060420A438260204602F02CF92268202178
:108FE00000201560C4F8881084F8840070BD022049
:108FF00070BD7047704770472DE9F0410768002544
:10900000044640F60F030226F8693968BA68184228
:109010000AD183067ED501F0200302F0805C53EA7A
:109020000C0377D0616F7EE1D44BDFF854C313405B
:1090300001EA0C0C53EA0C0C6CD05FEAC07C0CD03B
:109040005FEAC15C09D54FF0010CC7F820C0D4F825
:10905000907047F00107C4F89070870709D5D707CB
:1090600007D027683E62D4F8906046F00406C4F842
:10907000906046070AD5D60708D0276804263E62C6
:10908000D4F8906046F00206C4F8906006070CD54C
:1090900001F020061E4308D0266808233362D4F866
:1090A000903043F00803C4F8903003050BD54B0112
:1090B00009D526684FF400633362D4F8903043F04A
:1090C0002003C4F89030D4F89030002B3DD08006B7
:1090D00009D501F0200002F08051084303D0616FF0
:1090E00009B1204688472168D4F89000896849066C
:1090F00002D410F0280F2AD0204602F0F7F9206899
:10910000806840061ED52068083050E8001F21F016
:10911000400100E021E040E80012002AF3D1D4F839
:10912000800078B197490165D4F88000FCF7FAFA1D
:1091300000280AD0D4F88000016D00E02046BDE888
:10914000F04108472046FFF756FFBDE8F081204672
:10915000FFF751FFC4F89050F7E7D4F86CC0202314
:10916000BCF1010F7ED15FEAC06C7BD55FEAC16CB8
:1091700078D51020386220688068400673D5D4F80E
:10918000802081491068884234D07F491831884254
:1091900030D07D49303188422CD07B4948318842DB
:1091A00028D079496031884224D077497831884283
:1091B00020D07549903188421CD07349A83188422B
:1091C00018D07249884215D070491831884211D0A0
:1091D0006E49303188420DD06C494831884209D0FF
:1091E0006A496031884205D068497831884201D0A7
:1091F0006649903140684FF480770004000C40D0FD
:10920000B4F85C1081423CD9A4F85E00D069B84241
:109210002FD0216851E8000F20F4807041E800024F
:10922000002AF6D12068083050E8001F21F0010123
:1092300040E80012002AF5D12068083050E8001FED
:1092400021F0400140E80012002AF5D1C4F88C302A
:10925000E566206850E8001F21F0100140E8001288
:10926000002A01E04AE019E0F3D1D4F88000FCF7CD
:10927000A9F82667B4F85C00B4F85E10401A81B211
:1092800008E0B4F85C1081427FF466AFD069B84260
:10929000FAD126672046FFF729FE56E7B4F85C00AE
:1092A000B4F85E10B4F85E20401A81B2002AF4D0FF
:1092B0000029F2D0226852E8000F20F4907042E8B2
:1092C0000007002FF6D1324F206800F1080050E867
:1092D000002F02EA070240E8002CBCF1000FF3D196
:1092E000C4F88C30E5666567226852E8000F20F00C
:1092F000100042E80003002BF6D1CAE7C60209D5E8
:10930000560207D54FF4801038622046BDE8F04180
:10931000FFF770BE06060AD501F0800602F40002CF
:10932000164304D0A16F00297FF408AF0DE7420671
:1093300011D54A060FD52046016851E8002F22F0CA
:10934000400241E80024002CF6D1C0F8883085673F
:1093500000F024F9F9E6020206D54A0004D52046B9
:10936000BDE8F041FFF745BEC00196D5002994DA6B
:109370002046BDE8F041FFF7EFBD000001000010FE
:1093800020010004EBB300901000024010040240E2
:10939000FEFFFFEF10B5040003D0D4F8880010B131
:1093A00007E0012010BD002084F88400204600F072
:1093B00027F82420C4F888002068016821F0010102
:1093C0000160A06A10B1204601F056FF204602F06D
:1093D000CFF80128E6D02068416821F4904141602F
:1093E0002068816821F02A0181602068016841F0CD
:1093F000010101602046BDE8104001F0A1BF00005E
:109400002DE9F043B7B00646142130A8F9F714FB54
:10941000C0216846F9F710FB2E493068884256D1C2
:1094200000201F9001210546CDE900106846FEF797
:1094300015FA08B1FBF782FE2748016841F01001D8
:109440000160006800F01000359023481038016872
:1094500041F001010160006807244FF00208DFF8C5
:109460007C9000F001000121CDE93215CDE93440B6
:109470004FF480674846CDE9307830A9FDF72EFEDD
:1094800079103091CDE93185CDE9335430A9484682
:10949000FDF724FE124C2921124884E82300C4E978
:1094A000035765612046A561E56125626562FCF7A9
:1094B000EFFD08B1FBF742FEC6F88040002205210F
:1094C000A6632520FEF718F82520FEF707F837B029
:1094D000BDE8F08300100140F0440258000002583B
:1094E0008802002410000240704770472DE9F843BD
:1094F0000446D0F88800984616460D46202802D02B
:109500000220BDE8F883A5B19EB10021C4F89010F7
:109510002120C4F888001834FDF702FF814654F872
:10952000100CA687E6872027183CB0F5805F02D094
:1095300003E00120E5E7206910B12E46002510E088
:1095400000260EE08021204602F03CFAC0B9DEB1D0
:1095500016F8010B21688862B4F85600401EA4F882
:109560005600B4F856004B464FF00002CDF800808C
:109570000028E7D14FF04001204602F023FA48B11D
:10958000C4F888700320BCE735F8020B2168C0F3EB
:109590000800E0E7C4F888700020B2E77047FEE7F3
:1095A000094808B5016841F0010101600068002226
:1095B000052100F0010000900B20FDF79DFFBDE8A4
:1095C00008400B20FDF78ABFD84402581D480021EF
:1095D0002DE9F0411A4F012581600F24076005260F
:1095E000C16004220574202341743E2581744661C4
:1095F000C0E90624C0E90826C0E90A24C0E90C2114
:10960000C0E9103208240465C0E912321026C0E90E
:109610001521C0E91713C0E91912C0E90E56FDF76C
:1096200079FB08B1FBF78AFD0648FDF734FD0028F9
:1096300003D0BDE8F041FBF781BDBDE8F08100003B
:1096400000A000405400002470B586B01421684684
:10965000F9F7F2F92948016841F004010160016855
:1096600001F004010591016841F002010160016807
:1096700001F002010591016841F0010101600168FA
:1096800001F001010591016841F08001016001686C
:1096900001F080010591016841F02001016000683E
:1096A0000122174E032100F0200005903046FDF7FF
:1096B0002BFE00256946012402946003CDE90005D4
:1096C0001048FDF70BFD0C206946CDE900050E485A
:1096D0000294FDF703FD022000946946CDE9015094
:1096E0000A48FDF7FBFC03206946CDE90004CDE9FB
:1096F00002453046FDF7F2FC06B070BDE04402586A
:109700000004025800080258001C025800000258C9
:109710001A48002110B5184C0C224FF4E1330460B4
:10972000C0E90131C160C0E904128161C161016217
:1097300041628162FFF72EFE08B1FBF7FFFC0F4884
:109740000021FFF730FC08B1FBF7F8FC0B480021C3
:10975000FFF703FC08B1FBF7F1FC0848FFF781FBBA
:1097600008B1FBF7EBFCBDE8104005494FF48072EF
:109770000248FFF796BB000000100140F4010024EE
:10978000F4000024FEE7002110B501F03FFA0120AB
:1097900010BDFEE710B5140008D00878801F062819
:1097A00007D2DFE800F0080B110614140E4900F090
:1097B0003EFB002010BD4868102201E048680822E6
:1097C000214603F0D3FC0AE048680222F8E7486823
:1097D000002B4FF00A02F3D0214603F0B2FC002820
:1097E000E8D0012010BD0000CAFEFFFF10B5140034
:1097F00008D00878801F062807D2DFE800F0080BA1
:10980000110614140E4900F012FB002010BD486828
:10981000102201E048680822214603F0B1FC0AE06A
:1098200048680222F8E74868002B4FF00A02F3D09C
:10983000214603F090FC0028E8D0012010BD000074
:10984000CAFEFFFFFEB50C001E46054610D0694655
:1098500000F04CFF00280AD00021684600F055FEB9
:1098600040B13346224669462846FFF793FFFEBDC6
:1098700008490AE00121684600F047FE10B16FF088
:10988000890101E06FF06701284600F0D0FA00205E
:10989000FEBD0000CAFEFFFF704700002DE9F04743
:1098A000454D044689464FF0000A2868C0438007AA
:1098B0000AD0414E283E306820F080603060FDF7CD
:1098C0002FFD0746B04608E00120BDE8F08700BF45
:1098D000FDF726FDC01B022867D8D8F8000000015C
:1098E000F6D4206829684FF4FE0721F47C313E024B
:1098F00041EA00302860207AA389B4F804C040020D
:109900002D4D2D495B1E227CACF1010C1035091D3B
:10991000A0F5007080B2521ECCF3080C07EA034396
:1099200040EA0C00184306EA026210432860086807
:10993000626920F0C000104308600A68A06922F044
:10994000200202430A60281D0A6822F010020A6001
:1099500002684FF6F873E4699A4342EAC40202606F
:109960000868B9F1000F40F010020A6011D00868D1
:10997000B9F1010F11D040F400100860D8F80000D0
:10998000444640F08060C8F80000FDF7C9FC054679
:109990000DE0086840F40020EFE740F48010ECE7A9
:1099A000FDF7BEFC401B022801D903208DE720688B
:1099B0000001F5D5504688E7284402582DE9F047C4
:1099C000454D044689464FF0000A2868C043800789
:1099D0000AD0414E283E306820F080503060FDF7BC
:1099E0009FFC0746B04608E00120BDE8F08700BFB5
:1099F000FDF796FCC01B022867D8D8F8000080004D
:109A0000F6D4208829684FF4FE0721F07C713E02CD
:109A100041EA00502860207AA389B4F804C04002CB
:109A20002D4D2D495B1E227CACF1010C1835091D12
:109A3000A0F5007080B2521ECCF3080C07EA034375
:109A400040EA0C00184306EA0262104328600868E6
:109A5000626920F44060104308600A68A06922F43B
:109A6000007202430A60281D0A6822F480720A60AC
:109A700002684FF6F873E4699A4342EAC40202604E
:109A80000868B9F1000F40F480720A6011D00868CC
:109A9000B9F1010F11D040F080700860D8F80000D3
:109AA000444640F08050C8F80000FDF739FC0546F8
:109AB0000DE0086840F48000EFE740F40000ECE7B8
:109AC000FDF72EFC401B022801D903208DE72068FA
:109AD0008000F5D5504688E728440258002310B589
:109AE0000BE000BF00EBC30464688C4204D150F863
:109AF00033001060012010BD5B1C50F83340002C77
:109B0000F0D1002010BD000000B52DED028B87B014
:109B10000E4901236A4600F007FD98B19DED020B46
:109B2000B7EEC08BB0EE480AFBF7C8FAB7EEC80A2A
:109B300007A053EC102BF8F7C1FC012007B0BDECD7
:109B4000028B00BD4FF0FF30F8E7000060D70090B7
:109B5000534350492045786563757465643A2053D2
:109B600065742043757272656E7420746F20252EA3
:109B7000336620410D0A00001CB5CDE900230369BE
:109B8000846A026A18680B46214602F0C5FB1CBDB8
:109B9000F0B50B4C89B0112704F580764FF4807531
:109BA00008A30AA20CA10EA08DE8FF000F4B04F53C
:109BB00092700F4A0F4900F0F1FA09B0F0BD0000B1
:109BC0004C03002456312E302E300000534E3132DB
:109BD00033343536000000005544503639303000FB
:109BE000554E492D5452454E44000000B0D50090CA
:109BF00040000024B0D7009070B5064600F0BEF8D3
:109C0000064D002415F8341019B10022304600F03A
:109C100065FE641C042CF5DB012070BD6AD5009044
:109C200038B501220446694600F06CFC38B1009852
:109C3000032182B2204600F051FE012038BD4FF0D2
:109C4000FF3038BD0321024610B500F03CFE01464E
:109C5000104600F0DBFF012010BD10B502210446C4
:109C600000F031FE0146204600F0D0FF00222046E1
:109C7000022100F033FE012010BD000070B55FF03E
:109C80000004064606EB8405D5F8840028B1F8F7F1
:109C9000FBFDD5F88410024601E0012204A1304604
:109CA00000F00FFF641C042CECDB012070BD0000F1
:109CB000300000000122022110B500F0ABFE0120AF
:109CC00010BD012110B500F0A1FF012010BD20B191
:109CD000C16A11B1096901B108470120704738B55F
:109CE00001220446694600F00DFC38B100980121BC
:109CF00082B2204600F0F2FD012038BD4FF0FF3067
:109D000038BD0121024610B500F0DDFD01461046C8
:109D100000F07CFF012010BD0021024610B500F0CC
:109D2000D2FD0146104600F071FF012010BD012058
:109D3000704700001CB58DED000B04A20446F8F737
:109D4000D3FB2046BDE81C40F8F79EBD252E3135DB
:109D50006C67000010B508480A4602A1F8F7BAFB84
:109D6000002010BD2A2A53435049204552524F52D9
:109D70003A2025640D0A00000800002410B50446AE
:109D80003C3002F0F7F82046BDE8104000F01EB865
:109D900008B500213C30ADF80010694602F0EFF83C
:109DA000BDF9000008BD70B504220D46002104462F
:109DB00000F030FEE06A002807D00268002A04D0D4
:109DC00029462046BDE87040104770BD10B50446D6
:109DD000FFF7DEFF002815D10021204600F073FDBB
:109DE00040070FD504222046002100F05FFDE06A05
:109DF000002807D00268002A04D02046BDE81040A1
:109E00000021104710BD3C3002F0BDB810B504462B
:109E100059B154B10020088004F13C0002F0CAF8A6
:109E20002046FFF7D3FF012010BD002010BD002306
:109E30001A4600F001B800002DE9F84F0C4605461F
:109E400022B11BB9FF211046FAF794FD05F13C0041
:109E500069460646ADF8004002F06DF8DFF874A0E0
:109E60004FF0010948B34846DFF86C805FF0000608
:109E700080F0010706EB460138F91120A2420ADB07
:109E800008EB4100B0F90210A14204DC82880221F3
:109E9000284600F0BFFD761C092EEBDB2146284644
:109EA000FFF781FF1FB151462846FFF77CFF002DC9
:109EB00001D085F83990BDE8F88F6946304602F048
:109EC00097F869463046ADF800A002F034F800205B
:109ED000CAE70000A2FEFFFF20D5009010F1830F1B
:109EE0003ED018DC10F1C80F42D00ADC00F58070BB
:109EF0006B3045D00D2841D035283DD08B281FD15F
:109F000038E010F1AA0F31D010F1970F2CD010F1DA
:109F10008A0F15D126E010F1680F19D009DC10F175
:109F2000710F1BD010F16D0F16D010F16C0F07D10F
:109F300010E010F1670F09D010F1650F04D008B1DF
:109F400010A0704713A0704715A0704719A0704764
:109F50001DA0704720A0704725A0704729A070471A
:109F60002DA0704730A0704734A0704738A07047CC
:109F70003CA070473FA0704744A0704747A070477F
:109F80004AA07047556E6B6E6F776E206572726F68
:109F9000720000004E6F206572726F720000000048
:109FA000496E76616C69642063686172616374658F
:109FB00072000000496E76616C696420736570619F
:109FC0007261746F72000000446174612074797072
:109FD00065206572726F7200506172616D657465A3
:109FE00072206E6F7420616C6C6F77656400000086
:109FF0004D697373696E6720706172616D65746518
:10A0000072000000556E646566696E65642068655F
:10A010006164657200000000496E76616C696420BD
:10A020007375666669780000537566666978206E98
:10A030006F7420616C6C6F7765640000496E7661A7
:10A040006C696420737472696E6720646174610066
:10A0500045787072657373696F6E206572726F7286
:10A0600000000000457865637574696F6E20657245
:10A07000726F7200496C6C6567616C20706172610F
:10A080006D657465722076616C75650053797374C3
:10A09000656D206572726F72000000005175657504
:10A0A00065206F766572666C6F770000496E70751B
:10A0B0007420627566666572206F76657272756E61
:10A0C000000000002DE9FF4F89B0814616464FF091
:10A0D0000004DDE918A7DDF85C800C9878B171B157
:10A0E0006FB15FEA0A0004D0169840B15FEA080039
:10A0F00005D00878102804D06FF0670113E02649D6
:10A1000011E048684022401C03900490886806A92A
:10A11000801E059003A802F0AAFD6FF0A90B08B1FC
:10A12000002524E059464846FFF781FE01200DB086
:10A13000BDE8F08F01D1514600E00021CDF800804C
:10A14000CDE90117169B03A90C9A484601F030FE91
:10A15000040004D0012C17D0022C10D018E0B54216
:10A1600004D006A903A802F0D7FB18B16D1CB542B4
:10A17000E0DD0DE003A802F022FC58B1022403A8A0
:10A1800002F01DFC30B103E059464846FFF74FFE90
:10A190002046CCE70124F7E7CAFEFFFF2DE9F05F78
:10A1A0001D4616460F460446DDF844B09821DDF8FA
:10A1B00028A0DDE90D98F8F73FFCC4F884A0002141
:10A1C00027605A46E662E5650B98C4F888000C984B
:10A1D000C4F80C80C4E923090F98C4E9010110995F
:10A1E0002046BDE8F05FFFF70EBE00002DE9F04706
:10A1F00004464FF0000617004FF001093546D4E938
:10A2000002200ED063689B1A5B1E9F4212DDA6607F
:10A210006FF4B57106702046FFF709FE0020BDE817
:10A22000F0878654D4E90221204600F0ADFA814639
:10A23000A66031E010443A46F8F745FBD4E9020144
:10A2400004F164083844A06001F80060D4E9021009
:10A250004A1B4119404602F0AFFD94F880100544B6
:10A26000012904D094F864001A2811D011E0E168A3
:10A270002A46204600F088FA8146D4E902104A1B9B
:10A280004119F8F765FBA068401BA0600025DDE7D9
:10A2900011B1A068A842D9D84846C0E72DE9F843D3
:10A2A00016001F460B468046089D16D0AFB1A5B1DB
:10A2B00030780024A8B191686A461846FFF70EFC72
:10A2C00068B100992A463846F8F7DDFB691E384622
:10A2D000FAF750FB3C54BDE8F8830020FBE73C70E4
:10A2E000FBE796ED020B29463846FFF723FD0446AF
:10A2F000401CA84229D2337CD8F85C1029B3002036
:10A30000B7EE000B24E016799E4220D192ED021B9D
:10A31000B4EE401BF1EE10FA19D101EB0010006809
:10A320005FEA000811D02A1B38460CA11646F8F740
:10A3300080FAA41CAC4204D2721E41463846F8F79B
:10A3400078FA3846F8F7A0FA04462046C3E7401CDE
:10A3500001EB00121668002ED5D1F6E720000000B0
:10A36000FEB50D001446064612D08CB11A46694659
:10A3700000F0BCF900280AD09DF800100D2909D082
:10A380006FF067014FEA0600FFF751FD0020FEBDA8
:10A390000349F9E70199296002992160FEBD000097
:10A3A000CAFEFFFF7FB50D00064617D0694600F0D4
:10A3B0009DF904000FD09DF800000A2813D00D4A23
:10A3C00003AB6946304600F025F9040003D003983A
:10A3D00000B101202870204604B070BD0649FFF787
:10A3E00026FD0020F8E703AA6946304600F078F918
:10A3F000EDE700008CD50090CAFEFFFFFEB50D0012
:10A40000144606460DD064B11A46694600F06EF94E
:10A41000002805D023462A466946304600F0FAF85F
:10A42000FEBD0249FFF703FD0020FEBDCAFEFFFF8F
:10A43000FEB516461D460C000746089A13D095B186
:10A44000694600F053F902000BD09DF800000E2879
:10A450000ED00F280ED06FF067013846FFF7E7FCEB
:10A4600000221046FEBD1049FFF7E1FC0020FEBDB2
:10A47000272300E02223012000210BE0B0420DD26F
:10A48000019F3F5C6754019F491C3F5C9F4200D184
:10A49000401C401C029F7F1E8742EFD8B1422960BA
:10A4A000DFD200206054DCE7CAFEFFFFFEB50D00DE
:10A4B00006460FD0694600F019F904001DD00021AE
:10A4C000684600F022F850B12A466946304600F04E
:10A4D000DFF812E00A49FFF7AAFC0020FEBD0121C7
:10A4E000684600F012F810B16FF0890101E06FF0DA
:10A4F00067013046FFF79BFC00242046FEBD0000AC
:10A50000CAFEFFFF0123FFF79DB90078801F0628D0
:10A5100008D2DFE800F003030307030501207047BA
:10A5200008467047002070472DE9F0411400884626
:10A530008AB007461DD01A46694600F0D7F80500D4
:10A540001BD0019803900490029805909DF800009C
:10A55000801F052803D800202074012520709DF855
:10A560000000801F06280FD2DFE800F017190C0A40
:10A570000A0A2749FFF75BFC00200AB0BDE8F0811A
:10A580000A2100E002216174062804F108063BD28A
:10A59000DFE800F007070726070D1021F3E7082181
:10A5A000F1E732466946384600F072F82DE006A918
:10A5B00003A802F0C5F906A903A802F0EAFB06A960
:10A5C00003A802F0A9FB32466946384600F060F85D
:10A5D000DDE907122346384602F0FEFD054614E089
:10A5E00006A903A802F0D5FB06A903A802F04FF9BB
:10A5F00009AB424606A9384600F00CF80546012092
:10A6000020700998A06000E000252846B5E700000A
:10A61000CAFEFFFF2DE9F84F150098460E46824608
:10A620004FF0000708D0B8F1000F05D030780928A6
:10A6300009D06FF0670123E014495046FFF7F7FB9C
:10A640000020BDE8F88F0024A14613E0F8F71CF9BC
:10A65000CDF80090014655F83400D6E9012301F009
:10A6600053FF30B105EBC40001274168C8F8001062
:10A6700009E0641C55F834000028E7D16FF0DF01D1
:10A680005046FFF7D4FB3846DBE70000CAFEFFFF69
:10A690007CB5140008D00A78921F062A1BD2DFE886
:10A6A00002F00808081A13130C49FFF7C0FB00203A
:10A6B0007CBD6A4600F017F80546DDE9000102F0AE
:10A6C00013FEC4E9000107E04868214602F063FD7B
:10A6D00008B1012500E0002528467CBDCAFEFFFF29
:10A6E0000123FFF757B80023FFF780B82DE9F041A9
:10A6F0000D001646044610D00021284601F0FEFC4D
:10A7000004F11400E2690746D0E9001311449942AC
:10A710000AD826B16FF06C012FE01A492EE009200B
:10A7200028700020BDE8F081616B59B1294602F024
:10A73000F3F8287830B10021284601F0DFFC6FF0F3
:10A7400066011AE0606B2946401C6063384602F0DF
:10A75000BDFB2878801F0B2809D2DFE800F0060631
:10A76000060606060806060606000120DAE70021AE
:10A77000284601F0C3FC6FF096012046FFF757FB17
:10A78000CFE70000CAFEFFFF2DE9F04F0400454867
:10A79000904689468DB04FF0010AD0E90621006A43
:10A7A0000292CDE903101CD001210020206304F1A6
:10A7B000640584F8381042464946284602F0FCFAFF
:10A7C00006462878192810D0A868002852DD02A86B
:10A7D000294601F08AFB686800270790A868069060
:10A7E0002DE000200DB0BDE8F08F6FF06401204631
:10A7F000FFF71DFB3CE00021009103EB820B0B46B1
:10A800000191DDE9062101F087FDB8B1C4F810B06F
:10A81000002128696061A0616869E0616868C4E935
:10A820000910A8682062204601F050FF00EA0A0AD9
:10A8300095E88C0002A880E88C001BE07F1C236850
:10A8400007EB470253F822000028D4D1334600E03A
:10A850005B1E3BB109EB030010F8010C0D28F7D08B
:10A860000A28F5D06FF070014A462046FFF7E4FA57
:10A870004FF0000A464503DAB144A8EB06089AE710
:10A8800094F8380058B90222204607A102F0E4FCEF
:10A89000200004D0C16A11B1C96801B1884750468F
:10A8A000A0E700008CD500900D0A000010B50B4603
:10A8B000044600F008F820EA02022046BDE81040F5
:10A8C000194600F00BB80A2905D220B100EB41006F
:10A8D000B0F8480070470020704700002DE9F05F95
:10A8E0000A2914460E46054677D2002D75D0DFF8AA
:10A8F000208108F1140900BF08EB460105EB46036F
:10A900004F78B3F8482018F8161009EBC707A24291
:10A9100038687F6879D00729A3F8484070D2DFE80B
:10A9200001F0040423743F747400B5F84A00B5F8CC
:10A93000481020F0400321F04000184211D024EAD2
:10A940000200204241F04002A5F8482058D02800DB
:10A950004FF0010154D0C36AF3B39B68E3B3984747
:10A960004EE0A5F848004BE0C0F307210B2903D0C7
:10A970002846FFF7A8FF01E04FF6FF70044201D020
:10A98000012200E000222846C7F307210E46FFF708
:10A990009AFF12B140EA174432E020EA17402EE055
:10A9A000010E0B29C6B202D1F8B20B2821D04FF00C
:10A9B000000A0B29D34603D02846FFF784FF8246BE
:10A9C000F9B20B2903D02846FFF77DFF834662408A
:10A9D00002EA04039A4301E012E016E031462846F9
:10A9E000FFF771FF03EA0A0302EA0B02134318435D
:10A9F00005E031462846FFF766FF944320430446AE
:10AA0000C7F307200B287FF477AFBDE8F09F000065
:10AA100056D5009010B50B460446FFF754FF02438D
:10AA20002046BDE810401946FFF758BF2DE9F04118
:10AA30000D4614460646114600F022F80746224607
:10AA40002946304600F004F83844BDE8F0810000A3
:10AA500010B5D0F89430934204D20849FFF7E7F9D3
:10AA6000002010BD9B1AC0F8943002D1036B5B1C10
:10AA70000363BDE8104002F0EFBB0000CAFEFFFF19
:10AA8000FEB50A230D4606466C4623201A46A11C35
:10AA90008DF80000284600F015F9A01CF7F7F4FE29
:10AAA000044630308DF801003046C6F8945002F06C
:10AAB000DBFBA21C05466946304602F0CDFB28446C
:10AAC000FEBD2DE9F04115460E46044602F0CCFBD2
:10AAD00007462A463146204602F0BEFB216B384429
:10AAE000491C2163BDE8F08170B588B0044620217F
:10AAF0006846FFF71FF90546204602F0B5FB0646FB
:10AB00002A466946204602F0A7FB216B3044491CC7
:10AB1000216308B070BD00002DE9FC5FFF260C46E4
:10AB20008346B1F90000FFF7D9F90090F7F7ACFEC2
:10AB300001905846B4F9001000F068F804465846F1
:10AB400002F092FB0444584601222FA102F084FB3C
:10AB500000EB04096F46002401AD48E055F82410CD
:10AB6000B1422CD945F8246029E000BF57F82410E1
:10AB7000AAEB010808F10108B04506D355F82400F6
:10AB8000401E761E45F8240023E04246584602F057
:10AB900063FB8144584601221BA102F05DFB814406
:10ABA00055F82400A6EB0806A0EB0800761E0AF173
:10ABB000010145F82400B04247F82410D2D855F8D6
:10ABC000241011A257F8240002F0F0FA5FEA000AFC
:10ABD000CCD155F82420584657F8241002F03CFBFD
:10ABE00055F82420641C8144A6EB020603D1009989
:10ABF00009B1002EB2D10122584603A102F02CFB6C
:10AC00004844BDE8FC9F00002200000001230A2206
:10AC100001F0B0BD0022072110B5FFF75FFE012053
:10AC200010BD38B5012204466946FFF76BFC28B118
:10AC30000098082182B22046FFF750FE012038BD5F
:10AC400010B508210446FFF73EFE01462046FFF7F7
:10AC5000DDFF012010BD10B507210446FFF733FECC
:10AC600001462046FFF7D2FF002220460721FFF7CA
:10AC700035FE012010BD002110B5FFF7C7FF0120F0
:10AC800010BD10B50446FFF783F801462046FFF7D4
:10AC9000BDFF012010BD38B504466946FFF7B6F880
:10ACA00069462046FFF738FF012038BD062203A180
:10ACB00010B5FFF706FF012010BD0000313939390A
:10ACC0002E30000038B50024009400F0C5FE38BDD9
:10ACD00010B504486423144692B2FEF707FC2046E0
:10ACE00010BD0000F40100247047704770B59CB09F
:10ACF0004C216846F7F7A0FE202113A8F7F79CFE29
:10AD00000220FCF72BFC214800242149026842F470
:10AD10004042026002680A6842F001020A60096863
:10AD200001F001011B9101688904FCD50DF1280C8B
:10AD30000825022009900523C0268CE84900CDE9AA
:10AD40000D05C2030F9001216846CDE91054CDE9ED
:10AD500000121294FDF796FC08B172B6FEE740208F
:10AD60001A903F210301CDE916500322CDE91803C3
:10AD700013AB13A883E816000421FDF745FA002859
:10AD800001D072B6FEE71CB070BD00001848025832
:10AD90002C0400583348F0B5334A016841F470017F
:10ADA0000160106800F00F00072804D2106820F03E
:10ADB0000F00C01D10602D4900202C4C10340B6872
:10ADC0002B4D43F001030B6020600B682B400B60A0
:10ADD000136803F00F03072B04D9136823F00F0344
:10ADE000DB1D1360214C234A1834234B261D371DCD
:10ADF00020601E4C214D28343060261D3860371DE0
:10AE000023603B1D35601C1D3A60251D2E1D1860FA
:10AE1000331D22602860326018600A68134B184C9A
:10AE200022F4802260330A60186020686FF30F00FC
:10AE3000B0F1005F03D213490120C1F808010B48AB
:10AE4000D4300168C9040BD4026843F2D2010E4B1E
:10AE500042F4805202601960016821F4805101605F
:10AE6000F0BD000088ED00E00020005200440258D0
:10AE70007FEDF6EA80020101000202020000FF01FC
:10AE80000010005C00800051004000521CB50023FF
:10AE9000044601AA6946FFF763FA20B1DDE9001212
:10AEA0002046FFF7C3FD01201CBD000038B50BA1F3
:10AEB00004460D48F7F70EFB012269462046FFF7CE
:10AEC00071FA38B19DF8002008A10748F7F702FB96
:10AED000012038BD4FF0FF3038BD000054455354B9
:10AEE0003A424F4F4C0D0A00080000240950313DF2
:10AEF00025640D0A000000002DE9F14FA6B00024E2
:10AF00000122269822A9FFF7F1FB002871D021AD7C
:10AF10004FF0010A00200090019020ABCDE902051E
:10AF200022A902462698FFF7CDF8002861D1042611
:10AF300083460DF170091EAF5A46CDE90265269889
:10AF400020ABCDE9009722A9FFF7BCF89DF880005F
:10AF500038B11E991C988E4688421DDD4FF0FF3196
:10AF60001BE02198012802D0022809D04CE004A857
:10AF70001C9A00EBC403002140F83420596007E01C
:10AF800004A81C9940F8341000EBC4011D984860D7
:10AF9000641C0C2C38D243E00121219A009100213D
:10AFA0000191022A02D0012A24D032E01F9B1D9970
:10AFB000994202DD4FF0FF3102E002DA4FF0010169
:10AFC0008A46DDF8741004AB4FF0000C03EBC408A4
:10AFD00043F8340004F10104C8F804100C2C13D217
:10AFE000DDF87C80884514D0BCF1000F5144EDD0D1
:10AFF0000FE025E004A9002341F8340001EBC4016F
:10B00000641C0C2C4B6004D34FF0FF3027B0BDE81C
:10B01000F08F864504D00099084401990029C0D0DA
:10B020000BF10100CDE90265CDE9009720AB834625
:10B0300022A902462698FFF745F800283FF47CAF86
:10B0400010480CA1F7F746FA002504AE0AE000BF4D
:10B0500006EBC50056F835200BA143680948F7F701
:10B0600039FA6D1CA542F3D3064809A1F7F732FA65
:10B070000120CBE7544553545F4368616E6C737491
:10B080003A2000000800002425642125642C2000BB
:10B090000D0A00001CB50D49012304466A46FFF75E
:10B0A000ADF980B1094801AA0099FEF717FD0C48D7
:10B0B00007A1DDE90032F7F70DFA00992046FFF706
:10B0C000A5FD01201CBD4FF0FF301CBD2000002459
:10B0D0000950313D25732028256C64290D0A000094
:10B0E000080000241CB5012369460222FEF744FD36
:10B0F000094803A1DDE90023F7F7ECF901201CBDA5
:10B1000054455354206E756D62657273202564201A
:10B1100025640D0A000000000800002410B59CB052
:10B12000002464221AAB009401A9FFF781F908B941
:10B130008DF8044001AA084802A1F7F7CBF91CB02A
:10B14000012010BD544558543A202A2A2A25732A32
:10B150002A2A0D0A00000000080000240148FDF71B
:10B16000CEBD0000000300242DE9F047294B4FF02D
:10B17000804A294D02689842284E294F294C09D00F
:10B18000504507D0A84205D0B04203D0B84201D004
:10B19000A04205D1D1F804C022F070024CEA0202AC
:10B1A000DFF884C0DFF884809842DFF884900FD005
:10B1B00050450DD0A8420BD0B04209D0B84207D0BC
:10B1C000A04205D0604503D0404501D0484503D199
:10B1D000CD6822F440722A438E684D6922F08002C5
:10B1E000C6620E682A439842866207D0A04205D004
:10B1F000604503D0404501D0484501D1096901634C
:10B200000368012143F00403036041610260BDE86B
:10B21000F0870000000001400004004000080040EA
:10B22000000C004000040140004001400044014087
:10B230000048014030B5416EB9B101680D4B03F1D2
:10B2400008048A688968C2F34262490F5D5C615CE8
:10B250002D01B5FBF1F1A0F86A10995CA25C09011F
:10B26000B1FBF2F1A0F8681030BD0121A0F86A101E
:10B27000F8E7000000D5009090F82810090706D5DF
:10B280000168836B4A6822F400421A434A6090F8CE
:10B290002810C90706D00168C36A4A6822F4003240
:10B2A0001A434A6090F82810890706D50168036B95
:10B2B0004A6822F480321A434A6090F828104907FD
:10B2C00006D50168436B4A6822F480221A434A601B
:10B2D00090F82810C90606D50168C36B8A6822F465
:10B2E00080521A438A6090F82810890606D50168B2
:10B2F000036C8A6822F400521A438A6090F828107E
:10B30000490611D50168436C4A6822F480121A4339
:10B310004A60416CB1F5801F06D10168836C4A68B0
:10B3200022F4C0021A434A6090F82810090606D594
:10B330000168C26C486820F40020104348607047E0
:10B340002DE9F84300250446C0F89050FBF7E8FFCC
:10B350008046206820266FF07E470068000713D5DE
:10B360000022434631042046009700F02BFB58B1E1
:10B37000216851E8000F20F0800041E80002002A17
:10B38000F6D1C4F8886021E020680068400722D523
:10B39000002243464FF480012046009700F012FB44
:10B3A000C8B1206850E8001F21F4907140E80012F5
:10B3B000002AF6D12068083050E8001F21F0010172
:10B3C00040E80012002AF5D1C4F88C60032084F80C
:10B3D0008450BDE8F883C4F88860C4F88C60E566E2
:10B3E0002567002084F88450F3E710B5806B0021B6
:10B3F000A0F85E10FDF7FFFD10BD70B5846B002551
:10B400002168D4F88800D4F88C608968090606D5CC
:10B41000212804D1A4F85650204600F091F8206865
:10B420008068400606D5222E04D1A4F85E5020463E
:10B4300000F05CF8D4F8900040F01000C4F89000E0
:10B440002046FDF7D8FD70BD10B5C1690022806BA4
:10B45000B1F5807F2DD0A0F85E20036853E8001F6F
:10B4600021F4807143E80014002CF6D10168083102
:10B4700051E8003F23F0010341E80034002CF5D1EE
:10B480000168083151E8003F23F0400341E80034EF
:10B49000002CF5D12021C0F88C10C16E012908D1F3
:10B4A000016851E8003F23F0100341E80034002C0C
:10B4B000F6D10267C16E012902D0FEF715F810BD62
:10B4C000B0F85C10FDF712FD10BD10B5806B0121C6
:10B4D0000167C16E012902D0FEF707F810BDB0F870
:10B4E0005C104908FDF702FD10BD000010B50268B0
:10B4F00052E8001F21F4907142E80013002BF6D1AE
:10B500000E4B0268083252E8001F194042E800144E
:10B51000002CF6D1C16E012908D1026852E8001F43
:10B5200021F0100142E80013002BF6D10021202267
:10B53000C0F88C20C166416710BD0000FEFFFFEF20
:10B54000026852E8001F21F0C00142E80013002BFE
:10B55000F6D10168083151E8002F22F4000241E8D9
:10B560000023002BF5D12021C0F88810704700007F
:10B570002DE9F04304468068D84E87B0D84B216847
:10B58000D4E90427D4F81CC010430A68002547EA10
:10B590000C073843324002430A602068E268416881
:10B5A00021F44051114341602268A1699A4201D0BF
:10B5B000206A01439768DFF82CC3CB4ECB4807EADB
:10B5C0000C070F4397602168676ACA6A22F00F026E
:10B5D0003A43CA622268B2420ED1006800F03800D5
:10B5E000182873D047DCB8B3082879D010286FD159
:10B5F00078E028287ED17BE0BD498A4209D10068E5
:10B6000000F00700062875D2DFE800F0546A6C6E7F
:10B610007072B8498A4209D1006800F00700062814
:10B6200068D2DFE800F0475D5F616365B2498A4236
:10B6300009D1006800F0070006285BD2DFE800F0BF
:10B640003A5052545658AD498A420BD1006800F026
:10B65000070006284ED200E010E0DFE800F02B41A2
:10B6600043454749A6498A420AD1006800F038009C
:10B67000182839D0B7DD2028BBD13CE001203AE0C2
:10B68000A0498A4209D1006800F00700062831D29B
:10B69000DFE800F01026282A2C2E9B498A420BD185
:10B6A000006800F00700062824D2DFE800F0031944
:10B6B0001B1D1F2100201EE09A421BD18B48001D3C
:10B6C000006800F00700062814D202E00CE007E052
:10B6D00010E0DFE800F0030507090B0D02200AE087
:10B6E000042008E0082006E0102004E0202002E00A
:10B6F000402000E080208549DFF814829A42854A84
:10B700004FF400434FEA21174FF000064ED11028A6
:10B710001AD006DC022809D004280BD008287CD1D6
:10B720000DE020283ED0402877D13DE0FBF740FFD8
:10B73000014610E06846FBF74DFF01990BE003A8B6
:10B74000FBF7EAFF049906E01068800605D510684B
:10B75000C0F3C100C140002970D0606A676838F842
:10B76000102007EB4703B1FBF2F0834255D8B0EB52
:10B77000073F52D8002308461946F6F727FE02462F
:10B780007808130E120243EA012110183A4671415B
:10B790000023F6F71BFE604AA0F5407191423CD8A9
:10B7A00021688FE03946D8E71946D6E7D4F81CC09F
:10B7B0004FF6EF799C4546D1082819D005DC58B1E1
:10B7C00001280CD0042875D10DE0102815D02028B0
:10B7D00035D040286ED134E0FCF794FE01E0FCF750
:10B7E000A3FE014610E06846FBF7F4FE01990BE06A
:10B7F00003A8FBF791FF049906E01068800604D5C2
:10B800001068C0F3C100C140C1B1636A606838F814
:10B810001330B1FBF3F1490000E04BE001EB5001C4
:10B82000B1FBF0F0A0F11001494543D84FF6F07399
:10B830002168C0F342021840104343E043E0394618
:10B84000E3E71946E1E7082819D005DC58B10128DB
:10B850000CD004282ED10DE0102815D020282BD094
:10B86000402827D12AE0FCF74DFE01E0FCF75CFE02
:10B87000014610E06846FBF7ADFE01990BE003A816
:10B88000FBF74AFF049906E01068800604D51068AB
:10B89000C0F3C100C140B1B1636A606838F81330C9
:10B8A000B1FBF3F101EB5001B1FBF0F0A0F110019D
:10B8B000494505D9012506E03946EDE71946EBE78C
:10B8C000216880B2C8600120A4F86A00A4F868006A
:10B8D00028466667A66707B0BDE8F083F369FFCF27
:10B8E000000C0058FFF4FF110010014054440258AE
:10B8F0000044004000480040004C00400050004020
:10B900000014014000780040007C00400090D0030B
:10B91000E8D4009000440258FFFC0F0070B50446C4
:10B92000D0F8800000232225A165A4F85C20C4F88B
:10B930009030C4F88C50F0B11F49C163D4F8801026
:10B940001E480864D4F880101D48C864D4F88000EC
:10B9500003651346A56D2168D4F880002A4624317A
:10B96000FAF778FD38B11021C4F890102020C4F8FF
:10B970008C00012070BD206940B1216851E8000FA2
:10B9800040F4807041E80002002AF6D120680830B7
:10B9900050E8001F41F0010140E80012002AF5D1F3
:10B9A0002068083050E8001F41F0400140E80012D4
:10B9B000002AF5D1002070BD49B40090CBB40090AE
:10B9C000FBB300902DE9F047994617460D46044613
:10B9D000089E4FF0000833E0701C31D0FBF7A0FC4C
:10B9E000A0EB0900B04218D8BEB120680168490731
:10B9F00026D5802D24D0402D22D0C169C943090706
:10BA00000DD4082505622046FFF770FDC4F890505C
:10BA1000012084F88480BDE8F0870320FBE7C0693B
:10BA2000C04300050CD421684FF400600862204632
:10BA3000FFF75CFD2021C4F8901084F88480ECE7C7
:10BA40002068C06935EA000004D00020B842C3D0A5
:10BA50000020E0E70120F9E72DE9F04186B01D461E
:10BA600016460F4614220446DDF8308026A16846AB
:10BA7000F6F7B0FF002144B1022D0CD0082D0DD0F7
:10BA8000102D0ED025480A250DE0002E33D9302088
:10BA9000387001212FE04FF0004004E04FF080406B
:10BAA00001E04FF08050B8F1000F0DD0221E0BDAEC
:10BAB0000A2D09D15442002E06D92D223A700121B7
:10BAC00002E000BFB0FBF5F0B4FBF0F2002AF9D0C1
:10BAD0004FEA0D03B4FBF0F2B142D2B204D213F834
:10BAE00002C007F801C0491C02FB1044B0FBF5F08E
:10BAF00008B1B142EED3B14201D20020785406B071
:10BB00000846BDE8F0810000303132333435363735
:10BB100038394142434445460000000000CA9A3B80
:10BB20000148FDF769BA0000F4010024FEE710EEB9
:10BB3000101A10B50A0E02700B0C43700C0A8470B8
:10BB4000C17010BD03B401984100009850EAC120B3
:10BB500018BF04204A0D18BF40F0010040F2FF72E8
:10BB6000B2EB515F08BF40F00200012808BF05207A
:10BB700002B07047090700284FEA116104DB00F1A9
:10BB8000E02080F80014704700F00F0000F1E02082
:10BB900080F8141D7047000030B52DED068B81B084
:10BBA000B0EE409B6A4651EC190B00F04DFAB7EE2F
:10BBB000C98B00989FED2AAB7E30009000281BDCDB
:10BBC000B4EE4A9BF1EE10FA16D0002140F60800C0
:10BBD0004FF0000040F60801014040F608004FF029
:10BBE00000009FED210AB4EE408AF1EE10FA04BF86
:10BBF0000220F7F7C1FD2AE0FF2828DB00210846D4
:10BC00004FF00000B4EEC9AB00F44005F1EE10FABD
:10BC100094BF012400240220F7F7AEFD9FED138AA4
:10BC20004DB1002C0CBF4FF400004FF48000A8422F
:10BC300018BF9FED0F8A042108464FF00000002C2A
:10BC400001BFB1EE480A01B0BDEC068B30BDB0EECD
:10BC5000480A01B0BDEC068B30BD000000000000BA
:10BC60000000000000000000000000000000807FD5
:10BC7000FFFF7F7F0000000000B583B09FED060B43
:10BC80000A4601468DED000B6846F7F765FA9DED13
:10BC9000000B03B000BD0000000000000000000029
:10BCA0009FED030B20EE000B70470000000000002A
:10BCB00000000000000000709FED030B20EE000B61
:10BCC00070470000000000000000000000000010AD
:10BCD00010B5044691ED000BFFF75EFF84ED000AFE
:10BCE00010BD00000000000030B504462DED048BAF
:10BCF00085B040F2FF7590ED008B0A4618EE900A71
:10BD00008DED008B35EA10501EBF9FED239BB4EEE6
:10BD1000498BF1EE10FA23D051EC180B01F065FBC2
:10BD200041EC180B18EE900A8DED008B35EA10509F
:10BD30001CD0B4EE498BF1EE10FA11D10220F7F7C6
:10BD40001BFDFFF7B9FF10EE901A18EE900A8DED6B
:10BD5000000B8DED028B61F31E0001909DED008BB9
:10BD600084ED008B05B0BDEC048B30BD0220F7F7ED
:10BD700003FDFFF795FF10EE901A18EE900A8DED77
:10BD8000000B8DED028B61F31E0001909DED008B89
:10BD9000E6E70000000000000000000000000000D6
:10BDA00030380A2801D201207047002070477047C0
:10BDB0002DE9F04387B09C468146144601A80E4603
:10BDC000DDE90F75DDF8388062463B460090484655
:10BDD00000F024F828B1022800D1012007B0BDE806
:10BDE000F08302A9304600F086FD88B10120207062
:10BDF00005A93B46424648460091314600F00EF800
:10BE00000028EAD1059A01999142E6D12960E5E737
:10BE100000202070019828600020DFE72DE9FE4314
:10BE200000241D46164688460A9F814669464046BC
:10BE300000F086FD98B1AC4205D206EB840269465B
:10BE40004846FEF74DFC21226946404600F00FFFB0
:10BE5000002804F10104E9D13C60BDE8FE830CB187
:10BE60000120FAE70220F8E710B59942144604D100
:10BE70001A462146F6F7EFFC08B1002010BD01205C
:10BE800010BD2DE9F8430C461D46A3421746DDF8C8
:10BE900020804FF0000602D20020BDE8F8830A4659
:10BEA0003946F6F7D8FCF0B9B8F1000F4FF00106AB
:10BEB00017D0AC4217D0381969460A2201F041F96F
:10BEC0002044A84201D000260DE00099C8F80010D7
:10BED00009E0F6F773FA395D0068405C2028F2D17A
:10BEE000641CAC42F5D33046D7E770B5B1B14C68AD
:10BEF000A4B18D6895B14368DBB18268CAB1267878
:10BF00002A2E16D03A2E14D01E782A2E11D0561E64
:10BF10009E5D3A2E04D0521EF9D10AE0002070BD79
:10BF20003AB11544A31AC1E9013541681846F6F73C
:10BF30000FFD012070BD0B46024610B500F030F831
:10BF4000B0B9ABB1B2F9001090681B8800EB4100AA
:10BF50000380B2F90010B2F90630491C908891FBB9
:10BF6000F3F4401C9080012003FB1411118010BDDC
:10BF7000002010BD002101804180818070478088B1
:10BF800008800120704781600023C28003804380C5
:10BF900083807047808808B1002070470120704777
:10BFA000B0F90410B0F90600814201D101207047B8
:10BFB00000207047024610B5FFF7ECFF08B10020E3
:10BFC00010BD31B1B2F90230906800EB4300008837
:10BFD0000880B2F90210B2F90630491C908891FB32
:10BFE000F3F4401E9080012003FB1411518010BD1A
:10BFF000024610B5FFF7CEFF08B1002010BDB2F920
:10C000000030B2F906000344A3F1010393FBF0F4FE
:10C0100000FB143000B2108021B1936803EB4000A4
:10C02000008808809088401E9080012010BD00008C
:10C030000349CA695206FCD5C2B28A627047000041
:10C04000001001400000000082B04FF0000CCDE96C
:10C050000001009BC2F800C0DFF864C021F000407E
:10C06000604529DA034327D0B0F5801FA8BF1368C5
:10C070000EDA9DED000B9FED141B6FF0350320EEE3
:10C08000010B10EE901A8DED000B136021F00040B3
:10C09000DFF83CC06FF31E510CEB205018441060C9
:10C0A00041F0FF5040F0005001909DED000B00BFAB
:10C0B00051EC100B02B070479DED000BF8E700004B
:10C0C0000000F07F0000000000000000000050436E
:10C0D00002FCFFFF022805D0082805D0102805D053
:10C0E0000020704702A0704702A0704702A070476E
:10C0F00023420000235100002348000000231A229D
:10C10000C0E901130270704740680078884201D18D
:10C1100001207047002070470168D0E901021144F6
:10C12000814201D80120704700207047F0B587B0E8
:10C1300014216846F6F780FC1848016841F00201B6
:10C140000160016801F002010591016841F00201FE
:10C150000160006801250026114F0224694600F0A5
:10C1600002000590CDE90045CDE902463846FAF7D0
:10C17000B5FF0396694600953846CDE90154FAF7B4
:10C18000ADFF012238460221FBF7BEF801223846F6
:10C190001146FBF7B9F807B0F0BD0000E0440258C3
:10C1A0000004025888B072B64A484B49086000241F
:10C1B000DFF8249109F17C09C9F80040BFF34F8FE3
:10C1C000454B0C33186820F480301860BFF34F8F54
:10C1D000A9F10408D8F8000043F6FF71DFF8FCC0AD
:10C1E000C0F34E32C0F3C90601EA4217304600BF21
:10C1F00047EA8075CCF80050401EF9D2521EF3D2A7
:10C20000BFF34F8FBFF36F8FBFF34F8FBFF36F8FAE
:10C2100032481A68243822F400321A600460BFF3EE
:10C220004F8FBFF36F8FBFF34F8FBFF36F8F0460DC
:10C23000BFF34F8FBFF36F8FC9F80040BFF34F8F2D
:10C24000D8F80000254D143DC0F34E32C0F3C903A9
:10C2500001EA4216184600BF46EA80772F60401E6A
:10C26000FAD2521EF4D2BFF34F8FBFF36F8F62B674
:10C270001B481C49086000F081F9FBF75FF8FEF7E6
:10C2800035FDFDF7E1F9FDF78BF9FDF741FAFDF713
:10C290009DF9FFF74BFF144800220221FBF734F809
:10C2A00012A0F6F70BF915A0F6F708F9FDF770FCE8
:10C2B000022000940121CDE90140CDE90314154885
:10C2C00069460594FAF78CFA124800220121FAF720
:10C2D0000FFAFEE70020009008ED00E074EF00E0A8
:10C2E000000040900000002400040258746573743C
:10C2F000207374617274200D0A00000074657374F9
:10C3000020737461727420202D2D3E43414E0D0A1E
:10C3100000000000540000242DE9FF4F4FF00009F9
:10C32000164681B00F460446CB46F6F7ADFA0546F1
:10C3300031463846F8F71EFB0646601910F8010C26
:10C340003F2806D1B81910F8010C3F2815D16D1EF1
:10C35000761E20785B2803D1641C4FF001096D1E06
:10C3600020783A2801D1641C6D1E38783A2808D10B
:10C37000022E06D378782A2871D1002005B0BDE8B6
:10C38000F08F2946204600F07BF95EA280463146B8
:10C39000384600F00BFF98B3C01BB8F1000F82467F
:10C3A00005DD04EB080010F8010C23282BD0002039
:10C3B00053463A4641460090204600F0A5F8002832
:10C3C0007DD0A5EB0805A6EB0A0644444FF0010812
:10C3D00055EA060057444CD025B32EB3002D05DD99
:10C3E00020783978884201D13A2844D0012D55DD92
:10C3F00060783978884243D122785B2A3ED03FE08A
:10C40000FFE73046C9E7049840B10E98834505D24E
:10C4100004980F9900EB8B00016000E000200BF105
:10C42000010BC5E70EBB24E02946204600F028F9A1
:10C43000215C5B2902D05D2906D102E009F10101EE
:10C4400001E0A9F1010189462D1A0444641CB9F1E7
:10C45000000FA5F1010503D0002DE5D109E018E09A
:10C46000002D03DD20785B28DED000E00DB14FF019
:10C470000008404682E7641C6D1E0AE03A2805D099
:10C4800088420BD121785D2906D007E009F101002F
:10C4900018E0761E7F1C74E73A2811D0022DE6DDE5
:10C4A000A07839788842E2D121785D29DFD161789E
:10C4B0005B29DCD13A28DAD1E41CED1EE9E705E07E
:10C4C000A9F10100A41C8146AD1EE2E74444A5EB9E
:10C4D000080520785D2802D161783A290CD0022D18
:10C4E000C5DD5D28C3D160785B28C0D1A0783A282B
:10C4F000BDD1E41CED1E44E7A41CAD1EA9F1010949
:10C500003FE700003A3F00002DE9F8430C001F46CA
:10C5100090460646089D04D0301910F8010C2328D7
:10C520000BD0304600F0BCF805463B46424621465B
:10C530003046FFF799FCF0B915E04C1E3046214615
:10C5400000F0AEF881463B46424621463046009513
:10C55000FFF797FC78B93B4642464946304600957E
:10C56000FFF78FFC05E03B46424629463046FFF781
:10C570007BFC002800D00120BDE8F8837FB50124B2
:10C58000002522460326009610212B46CDE90154B2
:10C590004806039400F049F812210096CDE90154B1
:10C5A000002303940222480600F03FF8032200967D
:10C5B000CDE90154002303941221100700F035F84F
:10C5C00000960023CDE90154042203940F214FF07B
:10C5D000605000F02AF800230295052203951921E6
:10C5E0007007CDE9006500F020F806220096CDE93D
:10C5F0000154002303941921500700F016F81B2161
:10C600000295012303950722C807CDE9006500F0D4
:10C610000CF800960023CDE901540822039416215A
:10C620004FF0104000F001F87FBD2DE9FF410AAC4A
:10C630004FF0010E94E8E0100024029403948DF86A
:10C6400008108DF80C3000948DF809408DF80D60BD
:10C650008DF800E08DF80A408DF80E708DF80120FD
:10C6600001908DF80B508DF80FC0FAF709FF68465E
:10C67000FAF7D8FE0420FAF711FFBDE8FF810000A9
:10C6800030B505A20D46044600F090FD08B1001B30
:10C6900030BD284630BD00003F3A5B5D0000000021
:10C6A0002DE9F04100240D46074606E0F5F786FE29
:10C6B0000068805D000705D4641CAC4202D23E5D78
:10C6C000002EF3D12046BDE8F08100002DE9F047AF
:10C6D000026A00F11405816A0446D0F81080012630
:10C6E000881810F8010C3F2804D0002794F838006F
:10C6F00010B107E00127F9E727B1012220461CA16C
:10C7000000F0AAFD4FF0000984F83990C4F8309089
:10C71000C4F83490C4F89490D8F80410A9B1204615
:10C720008847012894F8390006D030B96FF0C70166
:10C730002046FDF77CFB00E008B1002605E094F8F8
:10C74000380010B10FB184F83890A968D5E900021B
:10C750000844904208D994F8390028B96FF06B0169
:10C760002046FDF764FB00263046BDE8F087000058
:10C770003B000000F0B58BB00D4601A914460646FB
:10C780002846009313462122FFF766F90746204604
:10C79000FFF7A0FC0546304600F066FD04462DB1CB
:10C7A00002222946304600F057FD04443A4601A9CA
:10C7B000304600F051FD316B2044491C31630BB011
:10C7C000F0BD00002DE9F84F04464068486000279E
:10C7D0000D4680462321204600F0D4FB4FF01A0A74
:10C7E000BB46C0B32046FFF797FC30BB606881466C
:10C7F0000678F5F7E3FD00900068805D20281CD1E5
:10C80000302E1AD0303E09F10100606012E020465F
:10C81000FFF782FC80B90099606809680278895C3A
:10C82000202909D107EB8701401C6060490030399D
:10C830005718761E002EEADC76B12046FFF76CFC16
:10C8400048B100BF85F800A0C5F808B0A16820680D
:10C850000844606014E00DE0D4E90010A268384498
:10C86000606011448142EDD3C11BC5E901170D2061
:10C87000287005E085F800A069686160C5F808B017
:10C88000D5E90112A1EB08001044BDE8F88F70B59E
:10C89000044640680D4648602046FFF73DFCF8B965
:10C8A000F5F78CFD0646606831680278895C11F006
:10C8B000980F15D0401C60602046FFF72DFC10B18A
:10C8C0000EE06068F6E7616830680978405C10F057
:10C8D000380FF6D15F212046FFF716FC0028F0D173
:10C8E00060686968401AA860002801DD092100E03D
:10C8F0001A21297070BD10B50C46416861603A215B
:10C9000000F040FB10B10121022001E000211A20BB
:10C91000A1602070084610BD10B50C4641686160EA
:10C920002C2100F02FFB00284FF0000003D0012144
:10C93000A160207002E0A0601A212170A06810BDE3
:10C9400070B5044640680D464860204600F067FB1D
:10C95000204600F04EFB2E210646204600F012FB3A
:10C9600018B1204600F045FB0644DEB1666820465B
:10C9700000F0D4FB2046FFF7CFFB88B96168087848
:10C98000652801D045280BD1491C2046616000F084
:10C99000C5FB204600F043FB204600F02AFB18B9F7
:10C9A000666001E06868606060686968401AA86055
:10C9B000002801DD0A2100E01A21297070BDFFF76F
:10C9C000ABBB70B50546406848600C460D21284653
:10C9D00000F0D8FA0A21284600F0D4FA69686068A5
:10C9E000091AA160002902DD0520207004E01A2246
:10C9F000227068600021A160084670BD2DE9F041F9
:10CA00000446406848600E462321204600F0BAFAEA
:10CA100000284FF0000769D02046FFF77DFB002873
:10CA200064D16068017868290AD0482908D0712942
:10CA30001ED051291CD0622939D0422937D055E067
:10CA4000401C6060002502E0401C60606D1C2046B8
:10CA5000FFF762FB50B9F5F7B1FC01466068096861
:10CA60000278895C81EA81010906EDD406202CE078
:10CA7000401C606000252046FFF74EFB88B96168C6
:10CA8000087830280FD031280DD032280BD0332829
:10CA900009D0342807D0352805D0362803D03728C8
:10CAA00001D0072011E0491C61606D1CE3E7401CC8
:10CAB000606000252046FFF72FFB28B961680878E1
:10CAC00030280FD031280DD00820307075B1706833
:10CAD000801C70606168081AB06000280BDD801C43
:10CAE000BDE8F081491C61606D1CE3E71A203070DD
:10CAF00070686060B7600020F2E770B50546406876
:10CB00000C4648602846FFF707FB4FF0000670BB55
:10CB100028212846FFF7F8FA48B3686811E06868EA
:10CB20000178A1F120025E2A12D8222910D02329EF
:10CB30000ED027290CD028290AD0292908D03B2932
:10CB400006D0401C68602846FFF7E6FA0028E6D0C9
:10CB50002846FFF7E1FA80B929212846FFF7D4FAE1
:10CB600058B16868401C68606168401AA060A0689D
:10CB7000002803DD1020207005E0A6601A20207038
:10CB800060686860A660A06870BD2DE9F0410C4641
:10CB9000416805461A20616020702846FFF7BCFAFC
:10CBA0004FF00006E0B92A212846FFF7ADFAB8B1E8
:10CBB0006868401C6860284600F042FA00280AD0E5
:10CBC00001DB01280ADB3F21284600F0DBF90128C0
:10CBD00010DB16200FE02846FFF79EFA14200AE02B
:10CBE000284600F0E1F90746284600F029FA012816
:10CBF00009DA0EE01320207013E0284600F020FA36
:10CC0000002814DB08D0284600F0CEF90028F4D123
:10CC10000DE000280BDB0FB11220ECE720781A287A
:10CC20000FD068686168401AA060BDE8F0813F21BC
:10CC3000284600F0A7F9012801DB1520DBE71120C9
:10CC4000D9E7A66060686860A068EEE710B50C469A
:10CC5000416861603B2100F095F910B10120A060AE
:10CC600002E00021A1601A202070A06810BD10B55C
:10CC70000C4641686160114600F084F910B1012151
:10CC8000032001E000211A20A1602070084610BD99
:10CC900070B5044640680D4648602046FFF73CFAF0
:10CCA00058BB60680178222902D027290ED027E0DE
:10CCB000401C60600F2120462970222100F0F0F90D
:10CCC0002046FFF729FAC8B922210CE0401C606019
:10CCD0000E2120462970272100F0E2F92046FFF7B7
:10CCE0001BFA58B927212046FFF70EFA30B16068C9
:10CCF000401C60606968401AA86001E06868606074
:10CD000060686968401AA860002804DC1A222A704A
:10CD100061600020A86070BD2DE9F04105464068C3
:10CD200048600C462F21284600F02CF9284600F0D8
:10CD300012F94FF00007E0B12D21284600F022F94A
:10CD4000284600F042F92846FFF7E6F988B92F2176
:10CD50002846FFF7D9F92E2106462846FFF7D4F9D1
:10CD6000064306D06868401C6860284600F0F3F867
:10CD7000E2E769686068091AA160002902DD0C20F9
:10CD8000207003E01A2121706860A760A068BDE8E8
:10CD9000F08170B5054640680C464860284600F0B2
:10CDA000BDF968686168401AA060002801DD17219C
:10CDB00000E01A21217070BD2DE9F04186B00446D3
:10CDC00000260491039169460592866103A8FFF746
:10CDD000E0FF03A82146FFF7D8FE010004F10C088C
:10CDE00017D403A86946FFF7D4FF002806DD04F135
:10CDF0001802414603A800F03AF803E004994046BF
:10CE0000FFF77CF903A86946FFF7DBFD050006D0B4
:10CE10000AE003992046FFF771F90399EFE703A8A9
:10CE20006946FFF713FF054603A8FFF7C8FD4FF05B
:10CE3000010750B94DB904981921401C0490A7600E
:10CE4000404621700399FFF759F99DF80000012829
:10CE500008D0052809D02677DDE9031006B0401A6E
:10CE6000BDE8F08102202077F6E72777F4E72DE987
:10CE7000FE4380460C464FF0FF378F601820087045
:10CE8000D8F804100025012016466160A168084406
:10CE90006946A060404600F019F89DF800101A2974
:10CEA0000AD0A1686D1C08446946A0604046FFF79F
:10CEB00033FD0028EAD104E01A21217000203D460C
:10CEC000A06006B13560A068BDE8FE832DE9FE4391
:10CED0000D4680466946FFF75CFF064629464046F8
:10CEE000FFF78CFD04002ED129464046FFF7CFFC0A
:10CEF000040028D129464046FFF722FD040011D046
:10CF000069464046FFF745FF074669464046FFF73A
:10CF100003FF002817DDA9683A180B2028708C1829
:10CF2000AC6010D129464046FFF7B2FE04000AD19A
:10CF300029464046FFF746FC040004D129464046F6
:10CF4000FFF7DBFD044669464046FFF722FF304409
:10CF50002044BDE8FE8370B50024054602E0401C75
:10CF60006860641C2846FFF7D7F848B9F5F726FA39
:10CF70000146686809680278895C11F0980FEED163
:10CF8000204670BD70B50D460446FFF7C5F848B998
:10CF900029462046FFF7B8F820B16068401C606061
:10CFA000012070BD002070BD10B50446FFF7B4F835
:10CFB00048B93A212046FFF7A7F820B16068401C25
:10CFC0006060012010BD002010BD10B50446FFF7C1
:10CFD000A3F840B9F5F7F2F90146606809680278EC
:10CFE000895C202901D0002010BD401C6060012018
:10CFF00010BD70B50024054602E0401C6860641C4A
:10D000002846FFF789F840B9F5F7D8F9014668686E
:10D0100009680278895C2029EFD0204670BD10B5E0
:10D020000446FFF779F828B9606801782B2903D006
:10D030002D2901D0002010BD401C6060012010BDD2
:10D0400070B545680446FFF767F8F8B9F5F7B6F923
:10D050000646606831680278895C11F0980F15D037
:10D06000401C60602046FFF757F810B10EE0606882
:10D07000F6E7616830680978405C10F0380FF6D147
:10D080005F212046FFF740F80028F0D12046FFF747
:10D0900043F80028606801D0281A70BD401B70BD9D
:10D0A00070B50D4604461AE0606800787F2804D801
:10D0B00029462046FFF728F870B160680178A94238
:10D0C00012D1401C60602046FFF726F868B9294657
:10D0D0002046FFF719F840B16068401C60602046A8
:10D0E000FFF71AF80028DFD070BD6068401E60604E
:10D0F00070BD000070B500240D46064608E000BF74
:10D10000F5F75CF9315D0068405CC00704D0641C31
:10D11000AC42F5D3284670BD204670BD70B50024E2
:10D1200005462846FEF7F8FF28B9686801782029E7
:10D1300003D0092901D0204670BD401C6860641CE2
:10D14000EFE738B50C4605466946F5F7FDFA20606D
:10D150000098401B38BD38B50C4605466946F5F7C2
:10D1600064FBC4E900010098401B38BD38B50C468B
:10D1700005466946F5F720FB20600098401B38BD46
:10D1800038B50C4605466946F5F751FBC4E9000180
:10D190000098401B38BD38B50D4604466946FEF779
:10D1A0006BFD85ED000B0098001B38BD30B54518B0
:10D1B00009E0114603E0A34201D1401E30BD11F841
:10D1C000013B002BF7D1854203D010F8014B002C16
:10D1D000EFD1002030BD00002DE9F0470F461D467D
:10D1E0008246144611463846FFF784FFA0424FF0AE
:10D1F000000101D129741FE0DAF85C6007EB000937
:10D20000A4EB00080EB300241AE000BFF5F73CFBC6
:10D210003A68034641464846FEF726FE78B116EBCB
:10D22000041012D095ED020B90ED021B20EE010BC5
:10D2300085ED020B007928740120BDE8F087641C9D
:10D2400006EB041738680028E0D16FF082015046E1
:10D25000FCF7EDFD0020F0E71AB111B1C36A5B687D
:10D260001847002070470000016B002903DD0122F0
:10D2700002A1FFF7F1BF0020704700002C00000062
:10D2800010B500290AD00878002807D0054878444E
:10D29000F6F714FA002801D0002010BD02487844A7
:10D2A00010BD0000520B00004A0B000010B5002911
:10D2B0000AD00878002807D005487844F6F7FEF928
:10D2C000002801D0002010BD0248784410BD0000A5
:10D2D000360C00002E0C000002494FF0000000F058
:10D2E00052B800BF0000F87FB1FA81F30B3B20D3A6
:10D2F000994010D1B0FA80F310FA03F108BF7047DB
:10D30000C3F11D0303F580634FEAD1224FEA415078
:10D3100002EB03517047C3F1200C20FA0CFC98403B
:10D32000C3F1320303F5806341EA0C0101EB0351C1
:10D33000704710B5C3F10004C3F1320CC4F1200EE4
:10D340000CF5806201FA0EFC21FA04F100FA0EF3EA
:10D35000E040BDE8104040EA0C0001EB025138BF4C
:10D360007047401C41F100015B0008BF20F0010044
:10D3700070474FF04070E1EE100A70474FF0000028
:10D380007047F5F7F6BC0CF00F03092B08BF082017
:10D3900000F05F800A2B0BD0082B18BF704708BF26
:10D3A0001CF0400F0AD04FF000004FF00001704712
:10D3B0001CF0400F18BF4FF0004070471CF0100FDA
:10D3C00008D020F0704300F07F4242EAD3014FEAD8
:10D3D0004370704700F0604021F07F4242EA000253
:10D3E00001F07F4040EA727070474FF0FF0C4CF440
:10D3F000E06C1CEA11531CBF9CEA030C9445C2BFAD
:10D40000DA4201EB02517047002B0DD0BCF1000F46
:10D410000FD0002A01F00041A4BF41F0E04141F0EB
:10D420007F614FF00000704701F000414FF00000B5
:10D43000704750EA01334FF09B0C18BF4CF0806CE2
:10D440007FF44AAF7047F6F7C3BAF6F721BCF6F798
:10D45000AFBD1CF4801F11D01CF4E02F03D06FEA85
:10D46000CC31490070474FF04050EFF3008222F07A
:10D47000704242EA000282F3008870474FF00000D9
:10D480007047000610160006101600000001020387
:10D4900004050607080C1014182030400000000096
:10D4A000000000000000000000000000000000007C
:10D4B0000100000002000000030000000400000062
:10D4C0000000000005000000000000000000000057
:10D4D0000000000006000000000000000000000046
:10D4E0000000000007000000010002000400060028
:10D4F00008000A000C00100020004000800000011D
:10D5000001010103070100000804020408010101F0
:10D5100000000000010203040102030406070809D9
:10D520009CFF39FF200038FFD5FE1000D4FE71FEAD
:10D5300008000100FF7F080070FE0DFE04000CFED5
:10D54000A9FD8000A8FD45FD400044FDE1FC02006E
:10D55000E0FC7DFC01000000010002010301020269
:10D560000302040202030303040300010B0B0B0B71
:10D57000000002030B0B0B0020000405060B0B0040
:10D5800080000708090B0B000800000024DA009057
:10D590000000000028DA00900100000000000000F8
:10D5A000FFFFFFFF1A000000000000000000000065
:10D5B00044DA00901100000011EA2D819997713D25
:10D5C00040DA00901100000095D626E80B2E113E9F
:10D5D00048DA0090110000008DEDB5A0F7C6B03E0E
:10D5E0003CDA009011000000FCA9F1D24D62503FDE
:10D5F0004CDA009011000000000000000000F03F35
:10D6000034DA0090020000008DEDB5A0F7C6B03E00
:10D6100030DA009002000000FCA9F1D24D62503FC8
:10D6200038DA009002000000000000000000F03F27
:10D630002CDA0090020000000000000000408F4043
:10D640007CDA0090010000008DEDB5A0F7C6B03E79
:10D6500078DA009001000000FCA9F1D24D62503F41
:10D6600080DA009001000000000000000000F03FA0
:10D6700074DA0090010000000000000000408F40BC
:10D6800070DA009003000000000000000000F03F8E
:10D6900060DA0090030000000000000000408F40AE
:10D6A00068DA0090030000000000000080842E4132
:10D6B00054DA0090180000008DEDB5A0F7C6B03E1A
:10D6C00050DA009018000000FCA9F1D24D62503FE2
:10D6D00058DA009018000000000000000000F03F41
:10D6E0009CDA009004000000000000000000F03F01
:10D6F00094DA0090040000000000000000408F4019
:10D7000098DA0090040000000000000080842E41A0
:10D7100090DA0090040000000000000065CDCD41CB
:10D720008CDA009025000000000000000000F03FAF
:10D730005CDA009026000000000000000000F03FCE
:10D7400084DA009026000000000000000000F03F96
:10D7500000000000000000000000000000000000C9
:10D76000C0DA009001000000C8DA0090020000005A
:10D77000D0DA009003000000BCDA00900400000042
:10D78000ACDA009005000000A8DA00900600000066
:10D79000D8DA009007000000A0DA0090080000002E
:10D7A000B4DA00900900000000000000FFFFFFFF56
:10D7B000C4DC0090F99B009000000000A8DC009001
:10D7C000219C0090000000005CDB0090459C0090D4
:10D7D000000000006CDB00905B9C009000000000EB
:10D7E00064DB00907D9C00900000000098DC0090BD
:10D7F000B59C0090000000004CDB0090C39C0090A2
:10D8000000000000D0DC0090CF9C009000000000E1
:10D81000A0DC0090DF9C00900000000054DB009032
:10D82000039D009000000000F4DA0090199D009024
:10D830000000000074DB009087970090000000005B
:10D84000B0DC00902F9D0090000000007CDB009079
:10D8500097AC00900000000048DC009083AC009082
:10D86000000000001CDC0090ADAC00900000000047
:10D87000F4DC0090E14900900000000030DD0090F1
:10D88000099B009000000000E4DC00908D490090AE
:10D890000000000094DB009057AC009000000000F6
:10D8A00058DD009023AC00900000000000DC0090E8
:10D8B00041AC0090000000008CDD009015AC0090A1
:10D8C0000000000024DB0090E54F00900000000005
:10D8D00080DC0090C94E0090000000002CDC00901D
:10D8E00077AC009000000000FCDA0090454F0090FB
:10D8F0000000000038DB009077AC009000000000D2
:10D9000010DB009077AC009000000000D4DB0090AA
:10D9100077AC009000000000E8DB009077AC00904E
:10D92000000000005CDC009077AC0090000000007C
:10D93000B4DB009077AC009000000000B8DC0090F1
:10D94000ADAE009000000000C4DB009095B00090E8
:10D9500000000000E4DA0090E5B000900000000054
:10D96000D8DC00901DB100900000000070DC009039
:10D970008DAE0090000000009CDD0090F9AE00909C
:10D980000000000000000000000000000000000097
:10D9900002400000000000A0000000000540000060
:10D9A000000000C8000000000C4000000000409C87
:10D9B00000000000194000000020BCBE0000000074
:10D9C00034400000BFC91B8E00000004B5400000B9
:10D9D000504BCFD06607E2CF010000006C41000041
:10D9E0003E8251AADFEEA73401000000D9420000B8
:10D9F000DCB5A0E23A301F97FFFFFFFFB4450000FF
:10DA0000FD25A0C8E9A3C14FFFFFFFFFFF3F0000B6
:10DA10000000008000000000FF3F000000000080C8
:10DA2000000000004F4646004F4E00004B410000F2
:10DA30004D41000055410000410000004D460000EE
:10DA40004E460000504600005546000046000000CB
:10DA50004D480000554800004800000044424D0079
:10DA60004B4F484D000000004D4F484D0000000056
:10DA70004F484D004B5600004D56000055560000D3
:10DA80005600000044424D570000000057000000BF
:10DA900047485A004B485A004D485A00485A00001F
:10DAA0004E494E46000000004E414E00444F574E36
:10DAB000000000004155544F000000005550000088
:10DAC0004D494E696D756D004D4158696D756D001C
:10DAD00044454661756C7400494E46696E697479B7
:10DAE0000000000054455354233A4E554D62657270
:10DAF000732300002A5354423F0000004D45415318
:10DB00007572653A564F4C546167653A41433F0020
:10DB10004D4541537572653A43555252656E743A9C
:10DB200041433F004D4541537572653A564F4C5441
:10DB30006167653A44433F004D4541537572653A0C
:10DB400043555252656E743A44433F002A4F504346
:10DB50003F0000002A5352453F0000002A4553452C
:10DB60003F0000002A49444E3F0000002A4553521E
:10DB70003F0000002A5453543F00000053595354AF
:10DB8000656D3A4552526F725B3A4E4558545D3F4F
:10DB9000000000005354415475733A515545537475
:10DBA000696F6E61626C655B3A4556454E745D3FC8
:10DBB000000000004D4541537572653A5045526969
:10DBC0006F643F00544553543A43484F6963653F7F
:10DBD000000000004D4541537572653A5245536946
:10DBE0007374616E63653F004D4541537572653ACC
:10DBF00046524553697374616E63653F00000000CF
:10DC00005354415475733A5155455374696F6E615D
:10DC1000626C653A454E41426C653F00535953541E
:10DC2000656D3A56455253696F6E3F004D454153FD
:10DC30007572653A564F4C546167653A44433A529F
:10DC40004154696F3F00000053595354656D3A4584
:10DC500052526F723A434F554E743F004D454153F7
:10DC60007572653A4652455175656E63793F00009D
:10DC7000544553543A4152426974726172793F007B
:10DC8000434F4E4669677572653A564F4C5461670B
:10DC9000653A4443000000002A4F50430000000052
:10DCA0002A535245000000002A4553450000000059
:10DCB0002A57414900000000544553543A424F4FFF
:10DCC0004C0000002A434C53000000004255530012
:10DCD0002A52535400000000544553543A544558B6
:10DCE000540000004F55545075745B3A53544154DE
:10DCF000655D00005B3A41444452235D5B3A534FFB
:10DD0000555263655D3A564F4C546167655B3A4CBA
:10DD10004556656C5D5B3A494D4D65646961746556
:10DD20005D5B3A414D504C69747564655D0000005F
:10DD300043555252656E745B3A4C4556656C5D5B5B
:10DD40003A494D4D6564696174655D5B3A414D507A
:10DD50004C69747564655D005354415475733A5150
:10DD600055455374696F6E61626C653A454E414228
:10DD70006C650000494D4D65646961746500000083
:10DD800045585465726E616C000000005354415454
:10DD900075733A505245536574000000544553540E
:10DDA0003A4348414E6E656C6C6973740000000024
:10DDB0000CDF00900000002454000000D4220090EA
:10DDC00060DF009054000024140B0000F02200904B
:10DDD000000000000000F07FFFFFFFFFFFFFEF7F6C
:10DDE0001001000043000000F8FFFFFF004040402A
:10DDF000404040404040414141414140404040401E
:10DE000040404040404040404040404040050202C9
:10DE10000202020202020202020202020220202088
:10DE200020202020202020020202020202029090E4
:10DE300090909090101010101010101010101010E2
:10DE40001010101010101010020202020202888836
:10DE50008888888808080808080808080808080842
:10DE6000080808080808080802020202400000002A
:10DE700000000000000000000000000000000000A2
:10DE80000000000000000000000000000000000092
:10DE90000000000000000000000000000000000082
:10DEA0000000000000000000000000000000000072
:10DEB0000000000000000000000000000000000062
:10DEC0000000000000000000000000000000000052
:10DED0000000000000000000000000000000000042
:10DEE0000000000000000000000000000000000032
:10DEF0001C00000043000000F8FFFFFF0C000000C2
:10DF00000E0000000F0000002E00000000000000C6
:10DF100000000000000000000100000010000000F0
:10DF2000000000000090D0030090D003CCDC0090F3
:10DF30000500000074DD00900600000080DD009008
:10DF40000700000000000000FFFFFFFF559D00904C
:10DF5000D1AC0090000000000000000000000000B4
:0400000590002299AC
:00000001FF
