:0200000490006A
:10200000A00C0024712300905BA20090639C0090C0
:102010004DA200908B49009065C600900000000022
:10202000000000000000000000000000B1B70090B8
:10203000855000900000000061A30090B3B70090AD
:102040008F2300908F2300908F2300908F23009088
:102050008F2300908F2300908F2300908F23009078
:102060008F2300908F2300908F230090854A00904B
:102070008F2300908F2300908F2300908F23009058
:102080008F2300908F2300908F2300905D5100904C
:102090008F230090695100908F2300908F23009030
:1020A0008F2300908F2300908F2300908F23009028
:1020B0008F2300908F2300908F2300908F23009018
:1020C0008F2300908F2300908F2300908F23009008
:1020D0008F23009059C600908F2300908F2300908B
:1020E0008F2300908F230090000000008F2300902A
:1020F0008F2300908F2300908F2300908F230090D8
:102100008F2300908F2300908F2300908F230090C7
:102110008F2300908F23009025BC00908F23009088
:102120008F2300908F2300908F2300908F230090A7
:102130008F2300908F2300908F2300907551009083
:10214000000000000000000000000000000000008F
:102150008F2300908F2300908F2300908F23009077
:102160008F2300908F2300908F2300908F23009067
:102170008F2300908F2300908F2300908F23009057
:102180008F2300908F2300908F2300908F23009047
:102190008F2300908F2300908F2300908F23009037
:1021A0008F2300908F2300908F2300908F23009027
:1021B0008F2300908F2300908F2300908F23009017
:1021C0008F2300908F2300908F2300908F23009007
:1021D0008F2300908F2300908F2300908F230090F7
:1021E0008F2300908F2300908F2300908F230090E7
:1021F0008F2300908F2300908F2300908F230090D7
:102200008F2300908F2300908F2300908F230090C6
:102210008F2300908F2300908F2300908F230090B6
:102220008F2300908F2300908F23009000000000E8
:102230008F2300908F230090000000008F230090D8
:102240008F2300908F2300908F2300908F23009086
:102250008F2300908F2300908F2300908F23009076
:102260008F2300908F2300908F2300908F23009066
:102270008F2300908F2300908F2300900000000098
:102280008F2300908F2300908F2300900000000088
:10229000000000008F23009000F002F800F058F8D2
:1022A0000AA090E8000C82448344AAF10107DA45B1
:1022B00001D100F04DF8AFF2090EBAE80F0013F0AB
:1022C000010F18BFFB1A43F00103184724C8000090
:1022D00044C80000103A24BF78C878C1FAD8520721
:1022E00024BF30C830C144BF04680C607047000090
:1022F0000023002400250026103A28BF78C1FBD80F
:10230000520728BF30C148BF0B60704766290BF0E9
:10231000D88667290BF0D586642900F029817329B6
:1023200000F09586002070471FB50BF0C2FE00F04C
:10233000D9FB0400002000210BF042FE401C60602D
:10234000002000210BF052FEE0601FBD10B510BD53
:1023500001F0E8F91146FFF7E7FF0AF027FD01F069
:102360008DFC03B4FFF7F2FF03BC0AF0BCFA0000D7
:102370000A4880470A4880470A480047FEE7FEE7C8
:10238000FEE7FEE7FEE7FEE7FEE7FEE7FEE7FEE725
:1023900005480649064A074B704700004151009026
:1023A0005DB8009099220090A0060024A00C0024A3
:1023B000A0080024A00800247047000010B500F019
:1023C00091FB001D10BD00BFF9BB000053EA020CD9
:1023D00000F069802DE9F04B4FF00006002B1FBF85
:1023E000B3FA83F503FA05F424FA05F65E4012BF4A
:1023F0001643B2FA82F502FA05F4C5F120051EBFB4
:1024000022FA05FC44EA0C04203556EA044C4FEA53
:10241000144418BF641C4FF000084FF000099042AC
:1024200071EB030C39D3002919BFB1FA81F701FA16
:1024300007F6B0FA80F700FA07F6C7F120071EBFCB
:1024400020FA07FC46EA0C062037B6FBF4FCA7EBA3
:102450000507103F07F01F0BCBF120060CFA0BFB12
:102460002CFA06F644BFB3460026202FA4BF5E46D2
:102470004FF0000B5BEA060C08BF4FF0010B19EBA5
:102480000B09ABFB027C48EB0608C01B06FB02CC29
:102490000BFB03CC71EB0C01C1E70B460246414636
:1024A0004846BDE8F08B13B54FF000004FF0000137
:1024B000AFF30080BDE81C40704700000FB4044932
:1024C00010B503AA029800F0C7FD10BC5DF814FB1C
:1024D0000C0000240FB4014610B504AA039800F0C4
:1024E000BBFD10BC5DF814FB0FB41CB50C0007AAB3
:1024F000009001D02044401E074B7B446946019068
:10250000069800F072FD002C03D06946002000F010
:102510007FFD1CBC5DF814FB1D0B000070B50C4664
:102520000546012A05D02878800600D5EA690023EF
:1025300002E0012305E05B1C934202D2E05C00282C
:10254000F9D1A869E618C01AA861286A1844286257
:102550002846AFF3008004E0D5E9012114F8010B0F
:102560009047B442F8D32846AFF3008070BD000016
:102570002DE9F0410646002410687529314616A55C
:1025800010D0AFF30080002802DA404213A507E024
:1025900031688A0701D512A502E0490704D511A5C3
:1025A000012401E0AFF3008000210A2206F1240794
:1025B00009E0B0FBF2FCB0FBF2F302FB1C00303090
:1025C00078541846491C0028F3D123462A46304641
:1025D000BDE8F04100F09BBA000000002D000000B3
:1025E0002B000000200000002DE9F0474FF0000A0A
:1025F00089460446C0F820A02046E16888470028A4
:1026000076D0252806D0D4E901219047206A401CC5
:102610002062F1E7E168204600268847C4F81CA044
:1026200005460027C4F818A02A2D09D028460AF02C
:1026300053F938B304EB8708303DC8F8185019E057
:1026400059F8041B204604EB87029161E168884732
:10265000012F054618D1E069002820DA26F020066F
:102660001DE0D8F8180000EB800005EB4000303882
:10267000C8F818002046E168884705460AF02CF99A
:102680000028EED1012F0AD02E2D08D12046E16876
:1026900088477F1C0546022F46F02006C4DBA06950
:1026A000002803DA404246F00106A061F00701D09D
:1026B00026F010066C2D0AD0682D08D04C2D39D08C
:1026C0006A2D35D0742D35D07A2D33D016E0E168DF
:1026D0002F4620468847B84205460AD16C2F27D09E
:1026E0004FF48060E168064320468847054605E0D0
:1026F00027E06C2F1AD04FF4807006430DB3A5F17C
:102700004100192802D8203546F400664A46294679
:10271000204626604E46FFF7F9FD80B101280BD018
:10272000F61D26F0070000F1080965E74020E4E700
:102730008020D7E70020D5E706F104095CE72846AA
:1027400061E7206ABDE8F0872DE9F04791460F4622
:1027500080460446002614F8015B2DB1FFF72EFEDB
:102760000068405DC007F6D12B2D02D02D2D18D06A
:10277000641E4A463946204600F080FC27B139687D
:10278000A14201D1C7F800804FF0020471050BD5BA
:102790004042002803DD00F0A9F90460A007BDE86D
:1027A000F08746F48066E4E70028F8DA00F09EF946
:1027B00004606FF00040F2E72DE9F05F93460F46AA
:1027C00080460446002600F091F9D0F80090824639
:1027D00014F8015B2DB1FFF7F1FD0068405DC00703
:1027E000F6D12B2D02D02D2D1AD0641E0021CAF84F
:1027F00000105A463946204600F040FC014627B1F9
:102800003868A04201D1C7F80080DAF80000022839
:1028100009D0CAF80090700505D54842BDE8F09F80
:1028200046F48066E2E70846F8E700F0C9BC00F02D
:102830000FBD10B5431E13F8014F002CFBD105E06E
:1028400011F8014B002C03F8014B03D0521EF7D2B4
:102850000021197010BD2DE9F041054690460E4645
:102860000020044600E0641C44450BD2285D00F0C3
:1028700041F90746305D00F03DF9381A02D1295D73
:102880000029F0D1BDE8F08110B5431C02E010F83A
:10289000011B71B18107FAD14FF0013202C88C1AC5
:1028A0008C4314EAC211F9D0C01A0A0603D0C01E24
:1028B00010BDC01A10BD0A0401D0801E10BD09024F
:1028C000FCD0401E10BD032A40F2308010F0030CF3
:1028D00000F0158011F8013BBCF1020F624498BF73
:1028E00011F801CB00F8013B38BF11F8013BA2F110
:1028F000040298BF00F801CB38BF00F8013B11F08B
:10290000030300F06780083AC0F0088051F8043BE8
:10291000083A51F804CBA0E80810F5E7121D5CBF97
:1029200051F8043B40F8043BAFF30080D20724BFCA
:1029300011F8013B11F801CB48BF11F8012B24BF5E
:1029400000F8013B00F801CB48BF00F8012B7047AD
:10295000431A28BF9A427FF6B6AF032A10441144A7
:1029600040F2268010F0030F1EBF11F8013D521EE9
:1029700000F8013D10F0030F7FF4F6AF11F00303F0
:1029800000F0B784083AC0F00B8051F8043D083AD3
:1029900051F804CD40F8043D40F804CDFFF7F3BFF3
:1029A000121D5CBF51F8043D40F8043DAFF30080B8
:1029B000D20724BF11F8013D11F801CD48BF11F82D
:1029C000012C24BF00F8013D00F801CD48BF00F8FC
:1029D000012C704710B5203AC0F00B80B1E81850B8
:1029E000203AA0E81850B1E81850A0E81850BFF4F9
:1029F000F5AF5FEA027C24BFB1E81850A0E8185098
:102A000044BF18C918C0BDE810405FEA827C24BFEB
:102A100051F8043B40F8043B08BF7047D20728BF79
:102A200031F8023B48BF11F8012B28BF20F8023BC8
:102A300048BF00F8012B70474FF0000200B5134665
:102A400094469646203922BFA0E80C50A0E80C50CE
:102A5000B1F12001BFF4F7AF090728BFA0E80C507F
:102A600048BF0CC05DF804EB890028BF40F8042B78
:102A700008BF704748BF20F8022B11F0804F18BFE5
:102A800000F8012B704710B5044610F0030F08BF83
:102A900011F0030F40F015804FF0013E121FC0F2FD
:102AA0000E8051F8043BA3EB0E0C2CEA030C1CEA3D
:102AB000CE1C08BF40F8043BF0D0A1F1040102F1A4
:102AC0000402521E08DB11F8013B002B00F8013B09
:102AD000F7D1114600F037FC204610BD7047704713
:102AE00070477047004870475C06002400487047F4
:102AF0003C06002410B50446FFF760FC0068005D4A
:102B0000C00602D504F1200010BD204610BD2DE9FD
:102B1000F0470D4699469246044600F124080168A4
:102B2000880604D5E06921F01001216000E0012051
:102B3000A84201DD471B00E00027A1697A1902EBDA
:102B40000900081AA0612078C00602D42046AFF31D
:102B50000080002608E0D4E901211AF80600904719
:102B6000206A401C761C20624E45F4DB2078C006AB
:102B70000AD52046AFF3008006E0D4E901213020D9
:102B80009047206A401C2062381EA7F10107F4DC40
:102B900007E0D4E9012118F805009047206A401C9D
:102BA0002062281EA5F10105F3DC2046AFF300806A
:102BB0002078000602D50220BDE8F0870120FBE75F
:102BC00070472DE9FF4F0C461E464FF0FF378BB084
:102BD000D2E90001DDF860800A908A46C1F30A5507
:102BE00005B93D46002108464FF00000BAF1000F3C
:102BF00000F4400005DA00EB80004FF4400101EAE8
:102C000050004FEA9059B9F1010F00DDB9460A981A
:102C100050EA4A000ED044F61050A5F2FF35454365
:102C20002F14B8F1000F1ED07542291E1EDDC9F108
:102C300000021CE0B8F1010F4FF0000001D030217C
:102C400003E0F24305E02154401CB042FBDB304678
:102C50000022002121540B99C1F80880C1E900200D
:102C60000FB0BDE8F08FBD1B6D1CDEE74A4600DAF1
:102C7000694206A800F0ACFC06AB93E8070003AB82
:102C800083E8070050460A9901F03FFA8DE80700F3
:102C9000A0F500501F3800900398002D0ADD42F285
:102CA0001F014A460844002303A90390684601F027
:102CB000EBFC09E0A0F500504A461F38002303A9A9
:102CC0000390684601F00AFD8DE807000004000C3F
:102CD00003D04FF0FF30410800E01046B8F1000F7C
:102CE00003D00022009215461EE0751E05D400F0A8
:102CF00051FB303262556D1EF9D5B34601220843AF
:102D000002D000227F1C04E02078302801D100226C
:102D10007F1E002A099784D01DE0112D07DA00F0EC
:102D200039FB303262556D1C50EA0102F5D108437F
:102D300002D00098C8B10EE00021681E05E0235CB7
:102D4000625C63542254401E491C8142F7DBAB464F
:102D5000A81B401E0990002004F80B000B98099A4C
:102D6000C0F80880C0E9002B7AE711264FF0000870
:102D700057E72DE9F04F88460446D21D22F007019F
:102D800091B0D1E90001CDE90A0109F077FC0246D2
:102D90000B98C00F01D02D2007E02068810701D5D6
:102DA0002B2002E0202101EAC000032A099001D073
:102DB000072A05DB03464146204600F039FB0BE1BC
:102DC0002078800601D5E06900E00620B8F1650FA3
:102DD000814606D0B8F1660F18D0B8F1670F70D1F0
:102DE00031E00020B9F1110F009001DB112301E067
:102DF00009F101030AAA01A90CA8FFF7E2FEDDE927
:102E00000C70002609F10105834647E001204B467E
:102E100000904FF000470AAA01A90CA8FFF7D1FEC5
:102E2000DDE90DB00C995D46002610B909F10100ED
:102E30000D18B9EB050003D4C0F1FF3609F1010507
:102E4000A5EB09002BE0B9F1010F01DA4FF0010900
:102E50000020B9F1110F0090484601DD112300E078
:102E600003460AAA01A90CA8FFF7ABFEDDE90C7026
:102E70004D4600268346207800070AD4AB4500DA89
:102E80005D4601A8012D04DD411911F8011C30290E
:102E900007D04F4502DA17F1040F04DA0120824609
:102EA0000FE06D1EEEE7002F02DCED1B3E4403E059
:102EB000781CA84200DD7D1CB81B00F1010A4FF010
:102EC00000472078000703D4AA4501DB4FF0FF3A02
:102ED0000021B7F1004F0DF143088DF8431024D0C5
:102EE00002202B23002F01DA7F422D230A21021E0C
:102EF000A0F1010000DC5FB197FBF1FC97FBF1F260
:102F000001FB1C7C17460CF1300C08F801CDEEE7F4
:102F1000A8F1010003702188090501D5452100E0D1
:102F20006521A0F1010800F8011C09980FA9A1EB87
:102F30000807FF1D00B10120411901EBEA70A169EA
:102F40003844081A401EA0612078C00602D42046EA
:102F5000AFF30080099828B1D4E901219047206A95
:102F6000401C20622078C00622D52046AFF30080A6
:102F70001EE0002E04DBB34502DD01A8805D00E009
:102F80003020D4E901219047206A401C2062761C41
:102F9000AAF101005FEA000A0AD1FFF7A3FDC068A9
:102FA0000168405CD4E901219047206A401C2062FE
:102FB000281EA5F10105DCDC07E0D4E9012118F8A1
:102FC000010B9047206A401C2062381EA7F10107C0
:102FD000F3DC2046AFF30080032011B041E600008F
:102FE00001694A1C02610878704700B58FB0CDE9CD
:102FF00001310021059105497944CDE903101146BD
:103000006846FFF7F1FA0FB000BD0000E5FFFFFFD3
:103010000A6802F8010B0A607047D1E900239A425E
:1030200002D2531C0B601070704710B5436913B186
:10303000AFF3008001E0FFF771FA012010BD1278B4
:1030400000F124010A7000224A700122EDE71168A4
:103050004FF0FF32E9E70000074B70B50D467B44A7
:10306000FFF7C3FF0446284600F024FB10B14FF0E1
:10307000FF3070BD204670BD079B00002DE9F05F5A
:10308000824615468B4600270AF10104B9460078AE
:10309000302801D09DB113E014F8010B01277828E6
:1030A00003D0582801D045B10AE00DB1102D07D149
:1030B000002714F8010B102502E0082500E00A257E
:1030C0000026B0460EE005FB080005FB06F10127CF
:1030D0001FFA80F801EB1046B6F5803F00D3B946E1
:1030E00014F8010B294600F0E3F90028EBDABBF1F4
:1030F000000F05D00FB1641E00E05446CBF800402D
:10310000B9F1000F06D0FFF7F1FC02210160C81EE3
:10311000BDE8F09F48EA0640FAE700000FB400233C
:1031200000B589B00CA900910B99CB60214B7B4471
:103130000693214B7B44079304236FF00042CDE9B3
:1031400001321E4A7A446B460892024600200BF078
:103150001AF809B05DF814FB70B506464FF0FF3061
:1031600015460C46324686B00091CDE9010169460C
:103170000020049004A8FFF7D1FF0246049821180C
:1031800025B108B1084600E02046286004980028D0
:103190000DD0002A02DD0098884208D03246081B74
:1031A00069460094CDE9010404A8FFF7B7FF06B013
:1031B00070BD00009B030000B3030000D7020000B5
:1031C0002DE9F04791460E4680460446002514F846
:1031D000017B2FB1FFF7F2F80068C05DC007F6D1A0
:1031E0002B2F02D02D2F1ED0641E4A46314620467A
:1031F00000F08CF926B13268A24201D1C6F80080F5
:103200004FF002046A0518D50023D0EB030563EBE9
:1032100001025D1B934109DB0023D0EB030063EB4C
:103220000101BDE8F08745F48065DEE7FFF75EFC4D
:10323000046000204FF00041F3E7021E71F100022C
:10324000EFDAFFF753FC04604FF0FF304108E8E786
:103250002DE9F05F93460F46804604460026FFF7AF
:1032600045FCD0F80090824614F8015B2DB1FFF7C1
:10327000A5F80068405DC007F6D12B2D02D02D2D9A
:103280001FD0641E0021CAF800105A463946204655
:1032900000F03CF9024627B13868A04201D1C7F8D6
:1032A0000080DAF8000002280ED0CAF800907005FD
:1032B0000AD500200346D2EB000063EB0101BDE814
:1032C000F09F46F48066DDE71046F8E7431A28BF12
:1032D0009A427FF67FAB104410F0030F11441EBFDB
:1032E00011F8013D521E00F8013D10F0030F7FF46C
:1032F000F6AF103AC0F00A8010B531E91850103A14
:1033000020E91850BFF4F9AFBDE81040530724BFBF
:1033100031E9081020E9081044BF51F8043D40F895
:10332000043D12F0030F08BF7047D20728BF31F8E1
:10333000023D48BF11F8012C28BF20F8023D48BFCC
:1033400000F8012C70474FF000020429C0F01280F1
:1033500010F0030C3FF472ABCCF1040CBCF1020F83
:1033600018BF00F8012BA8BF20F8022BA1EB0C011D
:10337000FFF764BB5FEAC17C24BF00F8012B00F8B3
:10338000012B48BF00F8012B704700000048704730
:103390003C06002430B5B0F10A024FEA900E71F1FC
:1033A00000034EEA817EB0EB0E0061EB91014FEA23
:1033B000101E4EEA017E10EB0E0041EB11114FEA98
:1033C000102E4EEA016E10EB0E0041EB11214FEA78
:1033D000104E4EEA014E10EB0E0041EB1141401829
:1033E00041F100014FEAD00040EA41704FEAD101BB
:1033F00010EB80054FEA810444EA907444EB010429
:103400006D1944EB0404521BA3414FF0000348BF65
:103410000A3200D530BD401C41F1000130BD10B56D
:103420000446FEF7CBFF0068005D00F0010010BD10
:103430002DE9F0411F46044603260168072A01F4DE
:10344000006004DB08B116A505E016A503E008B18D
:1034500015A500E015A521F010002060A069C01E90
:10346000A0610FB1401EA0612046AFF300804FB1B4
:10347000D4E9012138469047206A401C2062C01CD4
:10348000206206E0206AFAE7D4E9012115F8010B71
:103490009047761EF8D22046AFF30080BDE8F08159
:1034A0004E414E006E616E00494E4600696E6600E8
:1034B0003A2800D2303820F02002412A01D3A2F16C
:1034C0003700884201D34FF0FF307047426842B165
:1034D000016811F8013B23B1521EC0E900121846E1
:1034E00070470121C160881E704742685AB1C368A5
:1034F000016843B983688B4205D0491E521CC0E95C
:103500000012002070474FF0FF3070472DE9F74F51
:103510004FF000091546CA46009C14F8010B3028EC
:1035200001D0ADB115E014F8010B4FF00109782876
:1035300003D0582801D04DB10BE00DB1102D08D1AA
:103540004FF0000914F8010B102502E0082500E0F7
:103550000A2500274FEAE57B3E46B84616E0A5FB64
:1035600007234FF0010905FB08000BFB07311FFA89
:1035700080F805FB0616010C571846F10006381EA8
:1035800076F5803000D3CA4614F8010B2946FFF7C0
:103590008FFF0028E3DA019838B1B9F1000F01D0AC
:1035A000641E00E0009C01980460BAF1000F08D08E
:1035B000FFF79CFA02210160C81E014603B0BDE876
:1035C000F08F310441EA174148EA0740F6E700006E
:1035D0002DE9F047814616468AB0354878440DC833
:1035E0008DE80D0032487844801C03AC0DC884E897
:1035F0000D0041F69B300844372190FBF1F290FB1F
:10360000F1F5A5F1800501FB12041B3C02D56442D3
:10361000012000E00020DFF898A080460027FA444F
:10362000AAF1BE0A0EE0E0070AD03246684607EB70
:10363000470101230AEB810101F050F88DE80700F2
:1036400064107F1C002CEED1194F7F44AE3F19E06F
:10365000E80715D007EB04100DF1180A90E80E00EA
:103660008AE80E00C068F04201D1981908903246ED
:10367000012306A903A801F031F803AB83E8070092
:103680006D10641C002DE3D14FF0010332466946F2
:10369000B8F1000F03A802D000F0F6FF01E001F03E
:1036A0001DF8C9E90001C9F808200AB0BDE8F08793
:1036B0006CB10000007B00F0800070474FF0013CCF
:1036C00050F8042B51F8043B9A4215D1A2EB0C039D
:1036D000934313EACC130BD150F8042B51F8043B5D
:1036E0009A4209D1A2EB0C03934313EACC13E7D01F
:1036F0004FF00000704700BFD01A01BAB1FA81F153
:1037000001F0180122FA01F0CB40C1F12001DBB237
:10371000C0B2C01A2CFA01F3D11A914311EAC311B5
:10372000E6D170477546FFF731FEAE4605006946A3
:10373000534620F00700854618B020B5FEF728FE56
:10374000BDE820404FF000064FF000074FF00008A2
:103750004FF0000B21F00701AC46ACE8C009ACE823
:10376000C009ACE8C009ACE8C0098D46704710B587
:10377000FFF7BCF9006810BD10B50446FFF7B6F9B5
:10378000046010BD2DE9FF4F06468BB00878FF2876
:1037900006D0491C2D2805D000244FF0000908E070
:1037A00000200CE00124F8E709EB8903491C00EB39
:1037B00043090878FF28F7D114B1C9F10000814608
:1037C000107800252C46AA4629462D2801D02B2802
:1037D00004D1521C2D2813D0002082468B4610782D
:1037E000FF280FD04FF0000C0A21521CA5FB0178D6
:1037F00004FB018105FB0C11C5194BEB0104EEE73D
:103800000120EAE7002108464FF00000BAF1000F5E
:1038100002D000EB80004008C0F38157012F01DD8A
:103820004FF0FF370E9955EA040009EB01080BD061
:103830004FF0020918F5FA7F16DA4FEACA70002F26
:10384000706008DD012007E04FEACA70C6E900B0E9
:103850000FB0BDE8F08F00203060FFF747F9C0F8E7
:1038600000901821084616E0B8F5FA7F18DD002F01
:1038700002DAF748784401E0F6487844D0E90010CD
:10388000C6E9001040EACA707060FFF72FF9C0F86F
:103890000090142108460FB0BDE8F04F0AF00EBCAE
:1038A000002108464FF00000B8F10001099002DA4B
:1038B000C7F1000200E03A4601DAC8F1000106A8AB
:1038C000FFF786FE06AB93E8070003AB83E807002B
:1038D00044F23E005BEA04010090584604D144F2F1
:1038E0001E012C465D460091210C0904014306D1BE
:1038F0000099240444EA15442D041039009104F081
:103900007F41014306D10099240244EA15642D0247
:103910000839009104F07041014306D10099240157
:1039200044EA15742D01091F009104F04041014340
:1039300006D10099A40044EA9574AD00891E009157
:1039400004F00041084304D100986D196441401E01
:1039500000904FF001033A466846B8F1000FCDE9F8
:10396000014503A902DD00F0CEFE01E000F0A1FE5A
:10397000BAF1000F04460D4601D084F00044002146
:1039800008464FF00000099940F2FF77484010F0D8
:103990000C0F07D124F00040284303D0C4F30A5091
:1039A000B84212D1FFF7A2F8C0F80090C4F30A5051
:1039B000B8420AD1A8487844D0E90010C6E90010FE
:1039C00004F000410843706042E7C6E900543FE755
:1039D0002DE9FF4F1F464FF0000A4FF0FF384546D4
:1039E00091B0D7E90146CDF83CA0FFF77BF8C0685D
:1039F0000168405C1090B96912986D1C8847396A5B
:103A0000814688470028F6D1B9F1FF3F0AD0002E41
:103A100024F4D06411DDB9F12B0F08D0B9F12D0FCA
:103A20000BD102E0404615B013E744F48064B96955
:103A300012986D1C8847761E8146600504A901D541
:103A40002D2000E02B20002E01F1010B0DF130089C
:103A50008DF810003FDDB9F1690F08D0B9F1490FB9
:103A600005D0B9F16E0F02D0B9F14E0F1CD13B4613
:103A700001A8009580E85002DDE912126FF0020003
:103A80000AF085FBC11CCED10EE0B96912986D1CFD
:103A9000884781461398761E44F4007405600F9899
:103AA000401C002E0F9016DDB9F1300FEDD0B9F1AA
:103AB000780F02D0B9F1580F0DD10F9801280AD113
:103AC0003B46CDE90054DDE91212001F02960AF0D0
:103AD0005CFBC11CA7D1109989453ED144F08004FC
:103AE00006E01399681CAAF1010A44F40074086006
:103AF000B9696D1C1298761E884730288146F0D02F
:103B00002BE01099894505D1200603D4761E44F098
:103B1000800418E0484608F0DFFE08B3761E0DF179
:103B200023018B4544F4007408D2A9F130000BF84E
:103B3000010B200607D5AAF1010003E0200602D4FC
:103B40000AF101008246A00502D51399681C08609D
:103B5000B96912986D1C88478146002ED1DC53E06C
:103B6000002E51DDB9F1650F02D0B9F1450F4BD1EF
:103B7000A00549D5B9696D1C1298761E24F44074CD
:103B80008847002E81460CDD2B2804D0B9F12D0F7B
:103B900007D144F48074B96912986D1C8847761E69
:103BA0008146E00501D52D2100E02B2108F8011BFD
:103BB000CDF8008021E0761E0DF13901884544F4EE
:103BC00000740CD2A9F1300010F0FF0088F800005A
:103BD00002D10099884509D908F1010806E0E005FD
:103BE00001D51E4801E042F20F708246B969129871
:103BF0006D1C8847814613980560002E04DD4846F9
:103C000008F06AFE0028D6D1F96912988847FF208B
:103C100053468BF8000088F8000000200A900B90B3
:103C200004AA0CA90AA8FFF7ADFDA00502D46FF005
:103C30000100F8E614F0240F12D0E0071CD1386818
:103C4000DDE90A12031D3B600068C0E9001213E0C1
:103C5000A0B2000092B2000056B10000F1D8FFFF00
:103C60000AA9684608F0D0FDE00705D13868009A37
:103C7000011D3960006802602846D4E610B504468C
:103C8000AFF300802046BDE81040FEF76ABB00009D
:103C90002DE9FF4F1F464FF03C0987B04FF000421F
:103CA000DDE9141001F10108DDF858A002EA4050E6
:103CB0000390002005908346054604460490B969A8
:103CC000461E08988847AAF1010A0290BAF1000F2F
:103CD0003BDD02982E2815D01021FFF7E9FB0028C4
:103CE0002EDB4FF0010B0599014317D0B9F1000FFE
:103CF0000BDB4A46C11700F0F5F905430C43A9F167
:103D0000040905E0012004900BE008B145F001052D
:103D100001200590049820B9361D02E0049800B1F6
:103D2000361FB969089808F101088847BBF1000FF0
:103D3000AAF1010A0290C9D00999C1F80080C5E72B
:103D40000298702808D0502806D0F969089888474A
:103D5000BBF1000F14D04FE0002002900120BBF116
:103D6000000F049009D0B969089808F10108884744
:103D7000AAF10109B9F1000F07DCF9690898884731
:103D80006FF001000BB0BDE8F08F2B2804D02D2878
:103D90000CD14FF0FF300490B969089808F1010880
:103DA0008847A9F10109B9F1000FE6DD411CE4D013
:103DB0000A21FFF77DFB0028DFDB029908F10108EB
:103DC00001EB810100EB41000290B9690898884736
:103DD0000A21FFF76DFB099AA9F10109B9F1000F5A
:103DE000C2F8008001DD0028E7DAF9690898884701
:103DF0000499029800FB016655EA040004D004F01F
:103E00004041090002D006E0039898E0A40044EA8B
:103E10009574AD00B61E04F00041080002D16D1982
:103E20006441761E159810F0240F03D04FF00B0953
:103E30005C4803E04FF028096FF07D00824656454C
:103E400007DAAAEB06018944B9F1410F01DD4FF011
:103E5000410901200021A9F1010200F043F90246C5
:103E600028400B462140084301D0012100E00021F9
:103E7000501E029143F1FF3128402140084301D0F8
:103E8000012000E000200299834651EA0B014FD047
:103E9000002108464FF00000039900F4400039B1BA
:103EA00000EB80004FF4400100EBD07001EA6000AD
:103EB0008015012802DD4FF0FF3000E013D0401CD8
:103EC00036D0029860B3BBF1000F0CD14A460120F6
:103ED000002100F007F928402140084301D00120CB
:103EE00000E00020E0B101204A46002100F0FAF88D
:103EF000034640190A4661412D1A8C4111D3B9F18C
:103F0000400F09DD159810F0240F02D0AAF13406F5
:103F100003E0AAF1170600E0761C00254FF00044EC
:103F200006E05B1E42F1FF3220EA030521EA0204AB
:103F3000CAF10100B04206DA1B4903980843019018
:103F4000002000900EE0039AC4F3D321E80A0A434C
:103F5000164940EA44500A433146CDE9000268461A
:103F600008F05EFC159810F0240F0BD01598C007D0
:103F700015D13868DDE90012031D3B600068C0E917
:103F800000120CE002A8694608F03EFC1598C00734
:103F900005D13868029A011D396000680260404608
:103FA000F0E6000002FCFFFF0000F07F0000F03FA1
:103FB0002DE9FF4F92461D4685B04FF00041DDE9E7
:103FC000124BDDE914727F1E01EA4B50414940F06B
:103FD000FF4940EA0108002122F02000492804910D
:103FE00002D04E2828D04CE03BA0012607C88DE81F
:103FF0000700A9690698641C88477F1E014606D4FD
:104000001DF8060018B121F0200181420BD0E969AA
:1040100006988847032E34D0082E32D06FF0010066
:1040200009B0BDE8F08F761C032E01D0082EE0D138
:10403000601CCAF80000DCE7A9690698641C884780
:104040007F1E2AD420F02000412826D1A969069895
:10405000641C88477F1E20D420F020004E281CD1ED
:10406000A9690698641C88477F1E48F4002849F413
:104070008009CAF8004001D4282806D0E9690698CA
:1040800088475FEACB7012D022E0A9690698641CC9
:1040900088477F1E01D4002803DAE969069888471B
:1040A000BCE72928F1D1641CCAF80040E9E71BF0FD
:1040B000240F07D028680499031D2B600068C0E90D
:1040C000001805E02868021D2A600068C0F800900A
:1040D0002046A5E70000F07F494E46494E49545915
:1040E00000000000B2F120030AD5C2F1200301FA5A
:1040F00002F120FA03F300FA02F041EA03017047EB
:1041000000FA03F14FF0000070475FEA400C08BF6F
:1041100091F0000F4FEA8C234FEAC12243EA51513C
:104120004FEA1C5018BF00F5F0404FEA300018BFAE
:1041300041F000415FEA6C5C00F02980BCF1FF3F78
:1041400008BF40F080407047130C06BF12044FF0C8
:10415000100C4FF0000C130E04BF12020CF1080CEF
:10416000130F04BF12010CF1040C930F04BF920053
:104170000CF1020CD30F04BF52000CF1010C1146DC
:104180004FF00002A0F11F00A0EB0C00704711F0EF
:10419000004F08BF704731F000413FF4D5AF0B0C22
:1041A00006BF09044FF0100C4FF0000C0B0E04BFBB
:1041B00009020CF1080C0B0F04BF09010CF1040CEF
:1041C0008B0F04BF89000CF1020CCB0F04BF490018
:1041D0000CF1010CCCF12003A0EB0C0022FA03F34C
:1041E00002FA0CF241EA030100F10100704720F0ED
:1041F0007F4C80EA030023F07F47ACEB070303F515
:104200007C5300F0004003F1FF032DE980494FEAA1
:10421000154B09B44FEA144325EA0B4E24EA034830
:104220000FF2042606EB132749083E785FEA3202B4
:1042300003FB0667C7F5000707FB06F64FEA54378E
:104240004FEAD64606F1020607FB066CCCF1005C8D
:104250004FEA1C472CEA074C07FB06F40CFB06F55B
:1042600004EB15464FEA961634BF00204FF000408D
:104270004FEAD13706FB07FC4FEA1C4C0CFB0BF74F
:10428000D21B03FB0CF761EB07010CFB0EF7B0EB45
:10429000074072EB17420CFB08F734BFA2EB074252
:1042A000B2EB074261EB17414FEA0C444FEA91072A
:1042B00006FB07FC4FEA1C4C0CFB0BF7B0EBC740AE
:1042C00072EB573203FB0CF734BFA2EBC742B2EBE1
:1042D000C74261EB57310CFB0EF7B0EBC70072EB36
:1042E00057720CFB08F734BFA2EBC702B2EBC70250
:1042F00061EB5771039F4FEA816141EA921104EB30
:10430000CC044FEAD1374FEA826206FB07FC42EA4F
:1043100090124FEA80604FEA1C4C0CFB0BF7D21B4B
:1043200003FB0CF761EB07010CFB0EF7B0EB07404A
:1043300072EB17420CFB08F734BFA2EB0742B2EB5B
:10434000074261EB17414FEA8C554FEA910704EBA6
:104350009C2406FB07FC4FEA1C4C0CFB0BF7B0EB54
:10436000C74072EB573203FB0CF734BFA2EBC742D6
:10437000B2EBC74261EB57310CFB0EF7B0EBC70055
:1043800072EB57720CFB08F734BFA2EBC702B2EB1B
:10439000C70261EB577115EB4C254FEA816141EA89
:1043A00092114FEA82624FEAD13742EA901206FB3D
:1043B00007FC44F100044FEA80604FEA1C4C0CFB00
:1043C0000BF7D21B03FB0CF761EB07010CFB0EF79D
:1043D000B0EB074072EB17420CFB08F734BFA2EBBF
:1043E0000742B2EB074261EB174115EB1C154FEA90
:1043F000813141EA92414FEA823242EA90424FEAE9
:1044000080304FEA0C7644F1000448EA03434EEA58
:104410000B484FF0000EB2EB080C71EB030724BF02
:10442000624639464EEB0E0E4FF0000B001852411B
:1044300049414BEB0B0BB2EB080C71EB03077BF123
:10444000000B24BF624639464EEB0E0E4FF0000BB8
:104450000018524149414BEB0B0BB2EB080C71EBCE
:1044600003077BF1000B24BF624639464EEB0E0E6C
:1044700051EA020718BF46F0010616EB0E7655F119
:10448000000254F1000103D5BDE88901BDE80088B0
:10449000BDE88901BDE80048B619524141EB010170
:1044A000A3F10103704780807F7E7D7C7B7A7978E1
:1044B000777676757473727171706F6E6E6D6C6CE9
:1044C0006B6A6A696868676666656464636362618B
:1044D0006160605F5F5E5E5D5D5C5C5B5B5A5A590C
:1044E0005958585757565655555554545353525278
:1044F0005251515050504F4F4F4E4E4D4D4D4C4CD0
:104500004C4B4B4B4A4A4A49494948484847474718
:104510004746464645454544444444434343434255
:10452000424242414141000046EA0646A3F570532B
:104530004FEA164646EA42564FEAD22242EA415232
:1045400010B54FEAD121A3F1010300F02FF820F0BC
:10455000004000F1020C00F0004701EB0050114652
:10456000BCF5006F40EA070000D210BDBAF1000FA1
:104570000AD01CB503B44FF004004FF004014FF013
:1045800000000FBCBDE810404FF00001BBF1010F6F
:10459000B9BF04484FF0FF310348002140EA07004B
:1045A00010BD00BFFFFFEF7F0000F07F002B9C4697
:1045B00030D477002BD01CB54FEA370703B44FF047
:1045C00010004FF01001BAF1000F06D0BCF1000F3F
:1045D000DCBF40F0080040F008014FF000000FBCC5
:1045E000BDE810400BF1010BBBF1010F08BF5FEA02
:1045F000170722BF12F1010211F101014FF0004132
:1046000043F1000300F0004043EA00007047F9D393
:104610005708D0E746EA064613F1400F4FEA164620
:104620001FDD13F1200FDFBF16430A4600212033A0
:104630005B42BED0C3F1200746EA064602FA07F7FE
:104640004FEA164646EA0706C3F1200722FA03F2AC
:1046500001FA07F721FA03F14FF0000342EA0702DB
:10466000A7E746EA020646EA06464FEA164646EA43
:104670000106BCBF46EA0646360C4FF000034FF079
:1046800000024FF0000194E72DE9804C9A469346D2
:1046900070B491E8380007C831EA400C48BF34EAEA
:1046A000430C03D5FFF7A3FDFFF780FFF0BCBDE887
:1046B000008C2DE9804C9A46934670B491E83800FE
:1046C00007C831EA400C48BF34EA430C03D5FFF772
:1046D0008EFDFFF729FFF0BCBDE8008C2DE9804C72
:1046E0009A46934670B491E8380007C810F0804F9E
:1046F00008BF13F0804F03D100F01AF8FFF756FF00
:10470000F0BCBDE8008C2DE9804C9A46934670B40D
:1047100091E8380007C810F0804F08BF13F0804FB1
:1047200003D100F005F8FFF7FFFEF0BCBDE8008CF8
:1047300020F07F4780EA030023F07F4C07EB0C0357
:10474000A3F57C5300F00040A3F1FE0392F0000FAC
:1047500000F0B38095F0000F00F077802DE901495B
:104760004FEA11404FEA144621EA004800FB06FCDC
:1047700024EA064708FB06F607FB08F800FB07F7E4
:1047800018EB06484CEB164C4FEA124B18EB074857
:104790004FEA15464CEB174022EA0B4E0BFB06FC8A
:1047A00025EA06470EFB06F607FB0EFE0BFB07F796
:1047B0001EEB064E4CEB164C4FF000061EEB074E60
:1047C0004CEB174B18EB0B0840F1000018EB0E0BED
:1047D00058EB000840F100008F1A4FF000013CBF79
:1047E000C943661B14BFB5EB040C00213CBFC94391
:1047F000F61B4FEA17444EEA8E0E27EA04454FEAAD
:104800001C4704FB07622CEA074C05FB07F70CFB6F
:1048100005F604FB0CFC16EB074642EB174216EBC1
:104820000C4642EB1C421BEB060658EB02024141D0
:1048300046EA9E0601D5BDE80189B619524141EB11
:104840000101A3F10103BDE801894FEA14454FEAD4
:10485000114724EA054621EA074C05FB07F406FB4D
:1048600007F70CFB06F105FB0CFC11EB074144EBD1
:1048700017444FEA124711EB0C4144EB1C4422EA67
:10488000074C05FB07F206FB07F70CFB06F605FBDA
:104890000CFC16EB074642EB174216EB0C4642EBBC
:1048A0001C456A1854F1000148BF7047B6195241BF
:1048B00041EB0101A3F10103704795F0000F37D0E0
:1048C0004FEA11424FEA144721EA024624EA074C14
:1048D00002FB07F106FB07F70CFB06F402FB0CFCDE
:1048E00014EB074441EB17414FEA154714EB0C4416
:1048F00041EB1C4125EA074C02FB07F506FB07F7D5
:104900000CFB06F602FB0CFC16EB074645EB1745C5
:1049100016EB0C4645EB1C42121951F1000148BF41
:104920007047B619524141EB0101A3F101037047F1
:104930004FEA14454FEA114724EA054621EA074C9D
:1049400005FB07F106FB07F70CFB06F24FF000062C
:1049500005FB0CFC12EB074241EB174112EB0C423A
:1049600051EB1C4148BF7047921841EB0101A3F184
:10497000010370470246002004E01378002B03D0A7
:10498000401C521C8842F8D37047FEE708B501224C
:10499000694606F06BFA40B19DF8000000F0A2FBFA
:1049A0009DF8000020B105A103E04FF0FF3008BDE5
:1049B00003A104A0FDF782FD012008BD4F4E0000B9
:1049C0004F464600534350492045786563757465EA
:1049D000643A204F75747075742025730D0A0000B9
:1049E00010B586B0044618216846FEF725F815492B
:1049F00000236A46204606F0FBFA40B19DF800000D
:104A000080B10298012806D0022807D00AE04FF0B2
:104A1000FF3006B010BD9FED0C0B01E09FED0C0BBD
:104A20008DED020B9DED020BB7EEC00B00F072FB9B
:104A30009DED020B08A053EC102BFDF73FFD01206C
:104A4000E7E70000A0E40090000000000000000084
:104A50000000000000004E40534350492045786557
:104A600063757465643A2053657420486F737420CD
:104A7000566F6C7461676520746F20252E336656FF
:104A80000D0A0000014801F039B80000BC03002401
:104A9000294A016891423AD0274A1832914236D0C9
:104AA000254A3032914232D0234A483291422ED0A8
:104AB000214A603291422AD01F4A7832914226D050
:104AC0001D4A9032914222D01B4AA83291421ED0F8
:104AD0001A4A91421BD0194A1832914217D0174AEC
:104AE0003032914213D0154A483291420FD0134AC6
:104AF000603291420BD0114A7832914207D00F4A6E
:104B00009032914203D00D4AA832914211D1CAB2DB
:104B10001823103AB2FBF3F26FF30901032A02F0F3
:104B20000703074AD25CC26500D9091D81650846A2
:104B3000704721F0FF01F9E7100002401004024025
:104B4000C2E1009030B5224A012301689142CAB205
:104B50001BD01F4C1434A14217D01D4C2834A14245
:104B600013D01B4C3C34A1420FD0194C5034A142FD
:104B70000BD0174C6434A14207D0154C7834A142B5
:104B800003D0134C8C34A1420CD11421114C083A9F
:104B9000B2FBF1F10F4A803201F01F0504EB8101F5
:104BA000AB4010E00C4D1824103A0D44B2FBF4F168
:104BB000A82D00D80831094A01F01F0402EB810139
:104BC000064AA3408032603080E80E0030BD00000D
:104BD0000854025800580258F0FBFDBF000802407C
:104BE00010B50279531E072B2DD8174C0168A1422E
:104BF0001BD0154C1434A14217D0134C2834A142B9
:104C000013D0114C3C34A1420FD00F4C5034A14270
:104C10000BD00D4C6434A14207D00B4C7834A14228
:104C200003D0094C8C34A14203D10849074C4431CC
:104C300002E00749064C443104EB8202C0E91B2123
:104C400001219940416710BD08540258FC58025890
:104C5000FC08024010B583694FF0C074826A0146B7
:104C6000002053B1B3F5005F15D072B1012A0CD00A
:104C7000022A0AD0032A09D104E01AB1012A06D077
:104C8000022A03D1C96AC90100D5012010BDC96A31
:104C9000A142FAD010BD002AF7D0012AF2D0022A90
:104CA000F3D0032AF3D010BD2DE9F04F804E804F92
:104CB000DFF8FC911836DFF8F8A148370468856DF5
:104CC0000AF1300ADFF8ECB14C45DFF8ECC1DFF84F
:104CD000ECE16DD0B4426BD0544569D0BC4267D092
:104CE000DFF8D081A8F11808444561D05C455FD059
:104CF00064455DD074455BD0DFF8C481444557D02E
:104D0000DFF8BC8108F11808444551D0DFF8B081C4
:104D100008F1300844454BD0DFF8A48108F1480879
:104D2000444545D0DFF8988108F1600844453FD0FC
:104D3000DFF88C8108F17808444539D0DFF88081AC
:104D400008F19008444533D0DFF8748108F1A808D1
:104D500044452DD0DFF86C81444529D0DFF86481CB
:104D600008F11408444523D0DFF8588108F12808D9
:104D700044451DD0DFF84C8108F13C08444517D06C
:104D8000DFF8408108F15008444511D0DFF8348144
:104D900008F1640844450BD0DFF8288108F1780851
:104DA000444505D0DFF81C8108F18C08444509D141
:104DB000D0E91948C4F80480C46E1CB1D0E91C487D
:104DC000C4F8048004684C452ED0B4422CD054451D
:104DD0002AD0BC4228D0374E183EB44224D05C457D
:104DE00022D0644520D074451ED0354EB4421BD02D
:104DF000334E1836B44217D0314E3036B44213D049
:104E00002F4E4836B4420FD02D4E6036B4420BD0F0
:104E10002B4E7836B44207D0294E9036B44203D098
:104E2000274EA836B44215D190F85C603F2406F0B6
:104E30001F06B440AC600468256825F48025256011
:104E40002EE09A600068C160BDE8F08F996000684C
:104E5000C260F9E71B4EB4421BD01A4E1436B4425E
:104E600017D0184E2836B44213D0164E3C36B442F2
:104E70000FD0144E5036B4420BD0124E6436B442AA
:104E800007D0104E7836B44203D00E4E8C36B44262
:104E9000DAD190F85C60012406F01F06B4406C6023
:104EA000046863608368402B0368CFD1C9E70000C2
:104EB0001000024088000240A0000240B8000240FA
:104EC00010040240085402581FB513A104461648A6
:104ED000FDF700FB01226946204606F04BF8B8B109
:104EE0000022204602A906F045F89DED000B0E4871
:104EF0000EA153EC102BFDF7EDFA9DED020B0A48C5
:104F00000DA153EC102BFDF7E5FA012004B010BD04
:104F10004FF0FF30FAE70000636F6E663A766F6C11
:104F2000743A64630D0A0000100000240950313DFA
:104F3000256C660D0A0000000950323D256C660D97
:104F40000A00000030B593B005461C4817A1FDF7D4
:104F5000C1FA1B49002306AA284606F049F8184959
:104F600000230CAA284606F043F815490F2401AB8C
:104F7000284606AA009405F0F5FE104801AA11A1E2
:104F8000FDF7A8FA0E4901AB0CAA2846009405F0DB
:104F9000E9FE0A4801AA0EA1FDF79CFA9FED0F0B4E
:104FA000284606F005FB13B0012030BD6D65617326
:104FB0003A766F6C743A61630D0A000010000024A9
:104FC000A0E400900950313D25730D0A0000000057
:104FD0000950323D25730D0A00000000000000005A
:104FE0000000000030B593B005461C4817A1FDF73E
:104FF00071FA1B49002306AA284605F0F9FF184953
:1050000000230CAA284605F0F3FF15490F2401AB35
:10501000284606AA009405F0A5FE104801AA11A191
:10502000FDF758FA0E4901AB0CAA2846009405F08A
:1050300099FE0A4801AA0EA1FDF74CFA9FED0F0B4D
:10504000284606F0B5FA13B0012030BD6D656173D6
:105050003A766F6C743A64630D0A00001000002405
:10506000A0E400900950313D25730D0A00000000B6
:105070000950323D25730D0A0000000000000000B9
:10508000000000007047000010B58AB0002308241B
:105090004FF080428DE81D0007480A466946049398
:1050A000059306930793089301F022FC002800D093
:1050B00001200AB010BD0000600000241CB50021D2
:1050C000012000918DF8000001918DF8010001A8E8
:1050D00007F0C9FA024808226946FFF7D5FF1CBD50
:1050E000021001001CB500220121009201928DF8EE
:1050F00000108DF801108DF8042008B1012000E0A7
:105100000020694608228DF805004FF48830FFF72B
:10511000BBFF1CBD1CB50021012000918DF80000D3
:1051200001918DF8010001A807F09DFA02480822BC
:105130006946FFF7A9FF1CBD0110010072B6FEE72A
:10514000054805490839026842F002020260086811
:105150008004FCD5704700000C480258014801F05B
:1051600005BD000060000024014801F0FFBC000004
:1051700060000024014801F0F9BC00006000002438
:10518000F0B503684FF6FC716D4C426BD3F8845058
:105190008D4345EA8205C3F88450036853F8845F61
:1051A000068F25F47F0545EA06451D60836B654D36
:1051B0009F180268D2F888308B4343EA8703C2F80D
:1051C0008830026852F8883F868F23F4FE0343EA52
:1051D00006431360066856F8A03FC26B8B4307EB8B
:1051E000420243EA82033360076857F8A03FB0F8F1
:1051F000406023F4FE0343EA06433B60D0E91036E7
:1052000003FB06220368D3F8B0608E4346EA8206A9
:10521000C3F8B0600368B0F84860D3F8B07027F402
:10522000FE0747EA0646C3F8B060D0E91267036894
:1052300006FB0722D3F8AC608E4346EA8206C3F829
:10524000AC60D0E91467036806FB0722D3F8F0606E
:105250008E4346EA8206C3F8F0600368B0F85860EF
:10526000D3F8F07027F47C1747EA0646C3F8F060DD
:105270000368876D53F8C06F02EB47028E4346EA1E
:10528000820119600168B0F85C20D1F8C03023F4C5
:105290007C1343EA0242C1F8C020016890F8602004
:1052A000D1F8C03023F07C5343EA0262C1F8C02039
:1052B000416B04EB8101C166826B01EB82020267E4
:1052C000C36B02EBC3024267D0E91034634302EBC5
:1052D00083028267D0E91234634302EB8302C26720
:1052E000D0E91434634302EB8302C0F88020836D5D
:1052F00002EBC303C0F88430C46D826E544303EBE9
:105300008403C0F88830046E544303EB8402C0F871
:105310009020AA420AD9D0F89C20032142F0200212
:10532000C0F89C2080F898100120F0BD002200E019
:1053300004C1D0F890308B42FAD80020F0BD0000B4
:1053400000AC0040FCD30040F0B58E680C69D1E998
:10535000005744EA0604DFB145F080452C43866ED1
:10536000D1E906C54F695E4391F8203045EA0C0546
:10537000B1F80CC0D0F884E0002047EA0363104F76
:105380001D430EEB860345EA0C45E3E8024511E0B8
:1053900044EA8544E3E71418155CA67894F803C042
:1053A00094F801E0360445EA0C6446EA0E252C43E5
:1053B000001D10C3CC683C5D8442ECD8F0BD0000F9
:1053C000CCE10090F0B5D1E90843CD690A68C2B1DB
:1053D0000268254322F4F84213431D430560D1E9D6
:1053E0000125D1E903364C692A434568334389696D
:1053F0001A43EB0B2243DB030A431A4342600020AB
:10540000F0BDD1E9012ED1E9036CD1E9057142EA81
:105410000E0246EA0C0632433A430A4301682A4325
:1054200022431A436FF30E010A430260E7E7426921
:1054300043F6FE739A4342EA4101416100207047FE
:1054400070B591E81C00C9686FF01F0506691A4322
:1054500005EB441444EA41210A4306EA45431A4352
:105460000261002070BD00002DE9F04F8B8A6FF0C3
:105470000F05264C4FF07F4BD1F80C9004EB0353F3
:105480006FF0FF044FEA042A1AB386684FEA093224
:105490001F4FA2F580521A433E4032438260D1E949
:1054A00000278E68521E05EB07150F8A2A43C56830
:1054B00004EB06240E7E0AEB074322431A430BEB50
:1054C00006610A4305F070431A43C2600020BDE83C
:1054D000F08F91E804110F4E521E0F8A05EB08154C
:1054E0002A4304EB0C2C06EB09350E7E42EA0C0233
:1054F0002A4385680AEB074422431A430BEB0661F3
:105500000A4305F070431A438260DFE70000F0FFB2
:10551000FF0F0FFF00F0FFFF2DE9F84F044602F0E8
:105520001BF800903CB194F83500022806D0802189
:1055300061650020E4E00120BDE8F88FC74DC74E4B
:10554000C649183520683036DFF81483DFF8149325
:105550008842DFF814A3DFF814B32ED0A8422CD071
:10556000B0422AD0404528D0484526D0504524D0C6
:10557000584522D0BD4A183290421ED0BC4A9042B3
:105580001BD0BB4A1832904217D0B94A30329042F1
:1055900013D0B74A483290420FD0B54A6032904299
:1055A0000BD0B34A7832904207D0B14A9032904241
:1055B00003D0AF4AA832904209D1026822F01E02FD
:1055C00002602068426922F08002426103E00268C2
:1055D00022F00E02026027688F4238464DD0A84262
:1055E0004BD0B04249D0404547D0484545D05045C2
:1055F00043D0584541D09D4A183290423DD09C4AF4
:1056000090423AD09A4A1832904236D0984A303274
:10561000904232D0964A483290422ED0944A60321C
:1056200090422AD0924A7832904226D0904A9032C4
:10563000904222D08E4AA83290421ED08D4A90428B
:105640001BD08C4A1432904217D08A4A283290429A
:1056500013D0884A3C3290420FD0864A5032904252
:105660000BD0844A6432904207D0824A783290420A
:1056700003D0804A8C32974204D1206E026822F413
:105680008072026075492068884228D0A84226D0DE
:10569000B04224D0404522D0484520D050451ED0AD
:1056A00058451CD071491831884218D07049884239
:1056B00015D06F491831884211D06D493031884278
:1056C0000DD06B494831884209D069496031884220
:1056D00005D067497831884201D065499031016829
:1056E00021F0010101600EE001F036FF0099401A3F
:1056F000052808D9202262650321002084F835108E
:1057000084F8340017E73868C007EDD1534A012107
:10571000206890422ED0A8422CD0B0422AD04045DA
:1057200028D0484526D0504524D0584522D04F4B4C
:10573000183398421ED04E4B98421BD04C4B183316
:10574000984217D04A4B3033984213D0484B4833D5
:1057500098420FD0464B603398420BD0444B78337D
:10576000984207D0424B9033984203D0404BA83325
:10577000984208D194F85C703F23A06D07F01F0792
:10578000BB40836007E094F85C30A06D03F01F031A
:1057900001FA03F34360206890424DD0A8424BD0F9
:1057A000B04249D0404547D0484545D0504543D008
:1057B000584541D02D4A183290423DD02C4A904253
:1057C0003AD02B4A1832904236D0294A3032904291
:1057D00032D0274A483290422ED0254A6032904239
:1057E0002AD0234A7832904226D0214A90329042E1
:1057F00022D01F4AA83290421ED01E4A90421BD08F
:105800001C4A1432904217D01A4A2832904213D0C0
:10581000184A3C3290420FD0164A503290420BD078
:10582000144A6432904207D0124A7832904203D030
:10583000104A8C3290420BD1D4E919024260E06EDA
:1058400030B1026822F480720260D4E91C02426026
:10585000002084F8351084F834006DE61000024012
:10586000580002407000024088000240A000024040
:1058700010040240085402582DE9F05F28B190F856
:105880003510022904D0802141650120BDE8F09F38
:10589000904C904B0168183C18338E4ADFF83C92CC
:1058A000A1428D4CDFF838E28E4FDFF83CB2DFF8D2
:1058B0003CA28F4D8F4E31D091422FD099422DD0A6
:1058C000A1422BD0494529D0714527D0B94225D0D6
:1058D000DFF810C20CF1180C61451FD0DFF808C2C8
:1058E000ACF1600C614519D0DFF8FCC1ACF1480C9B
:1058F000614513D0DFF8F0C1ACF1300C61450DD03B
:10590000DFF8E4C1ACF1180C614507D0594505D06A
:10591000514503D0A94201D0B1422CD1DFF8B4C126
:105920004FF0040880F83580ACF1180C61451DD0AB
:1059300091421BD0994219D0A14217D0494515D0A8
:10594000714513D0B94211D06648183081420DD04C
:1059500065486038814209D063484838814205D0A3
:1059600061483038814201D05F481838086820F01B
:1059700001000860ABE0D1F800C02CF00E08DFF8A1
:1059800054C1C1F80080ACF1180C0168614527D002
:10599000914225D0994223D0A14221D049451FD020
:1059A00071451DD0B9421BD0DFF838C10CF1180C7D
:1059B000614515D0DFF830C1ACF1600C61450FD006
:1059C000DFF824C1ACF1480C614509D0DFF818C1FB
:1059D000ACF1300C614503D0DFF80CC1ACF1180C10
:1059E000D1F800C02CF0010CC1F800C0DFF8E48051
:1059F0004FF0010C0168A8F11808414546D09142CA
:105A000044D0994242D0A14240D049453ED0714550
:105A10003CD0B9423AD0334A1832914236D0324A59
:105A2000603A914232D0304A483A91422ED02E4AC2
:105A3000303A91422AD02C4A183A914226D0594500
:105A400024D0514522D0A94220D0B1421ED02A4AAA
:105A500091421BD0284A1432914217D0264A28324C
:105A6000914213D0244A3C3291420FD0224A503204
:105A700091420BD0204A6432914207D01E4A7832BC
:105A8000914203D01C4A8C32914218D1016E0A68AF
:105A900022F480720A6090F85C20816D02F01F028F
:105AA0000CFA02F24A60D0E919124A60C16E31B1B3
:105AB0000A6822F480720A60D0E91C124A6000224F
:105AC000016D80F835C080F8342001B1884700208E
:105AD000DCE600002800024058000240700002404E
:105AE00088000240A0000240700402408804024086
:105AF000A0040240B8040240085402582DE9FC5F9B
:105B00000446F74E0020DFF8D88300904FF4165279
:105B1000F44808F11808A56DDFF8C493DFF8C0A3B6
:105B2000016809F1300920680AF1480AB1FBF2F175
:105B3000B04201912F68D5F800C0DFF8ACB335D082
:105B40004146884232D0484530D050452ED0584545
:105B50002CD0E5491831884228D0E34930318842B9
:105B600024D0E1494831884220D0E04988421DD004
:105B7000DE491831884219D0DC493031884215D0CD
:105B8000DA494831884211D0DFF860E30EF1600E47
:105B900070450BD0D54A7832904207D0D34B903322
:105BA000984203D0D149A83188427DD194F85C2035
:105BB000082102F01F0201FA02F23A424AD0B04232
:105BC00032D0404530D048452ED050452CD0584595
:105BD0002AD0C54A1832904226D0C34A3032904269
:105BE00022D0C14A483290421ED0C04A90421BD0B7
:105BF000BE4A1832904217D0BC4A3032904213D07D
:105C0000BA4A483290420FD0B84A603290420BD024
:105C1000B64A7832904207D0B44A9032904203D0CC
:105C2000B24AA832904203D1026802F0040202E0B4
:105C3000026802F008026AB1026822F004020260FF
:105C400094F85C0000F01F008140A960606D40F096
:105C50000100606594F85C00012100F01F008140A4
:105C6000394240D02068B04234D0404532D0484517
:105C700030D050452ED058452CD09B4A18329042F7
:105C800028D0994A3032904224D0974A48329042E4
:105C900020D0964A90421DD0944A1832904219D092
:105CA000924A3032904200E0AFE113D08F4A48323E
:105CB00090420FD08D4A603290420BD08B4A78329E
:105CC000904207D0894A9032904203D0874AA83246
:105CD00090427DD1406910F0800F04D0A960606DC2
:105CE00040F00200606594F85C00042100F01F00A1
:105CF000814039423ED02068B04232D0404530D059
:105D000048452ED050452CD058452AD0764A1832D6
:105D1000904226D0744A3032904222D0724A4832A1
:105D200090421ED0714A90421BD0704A1832904265
:105D300017D06E4A3032904213D06C4A48329042AB
:105D40000FD06A4A603290420BD0684A7832904253
:105D500007D0664A9032904203D0644AA8329042FB
:105D60004ED1006810F0020F04D0A960606D40F0C1
:105D70000400606594F85C00102100F01F00814071
:105D8000394258D02068B04234D0404532D04845DE
:105D900030D050452ED058452CD0534A183290421E
:105DA00028D0514A3032904224D04F4A4832904253
:105DB00020D04E4A90421DD04C4A1832904219D001
:105DC0004A4A3032904215D0484A4832904200E068
:105DD00014E00FD0454A603290420BD0434A7832EB
:105DE000904207D0414A9032904203D03F4AA832B5
:105DF000904207D1006800F0080006E0006872E7F2
:105E00000068B7E7006800F00400A0B1A96020684E
:105E10000168490304D50068000308D5A16C07E0B8
:105E20000168C90503D4016821F008010160216CF3
:105E300009B12046884794F85C00202100F01F003B
:105E40008140394279D02068B04232D0404530D0CC
:105E500048452ED050452CD058452AD0224A1832D9
:105E6000904226D0204A3032904222D01E4A4832F8
:105E700090421ED01D4A90421BD01C4A18329042BC
:105E800017D01A4A3032904213D0184A4832904202
:105E90000FD0164A603290420BD0144A78329042AA
:105EA00007D0124A9032904203D0104AA832904252
:105EB00003D1006800F0100002E0006800F002006A
:105EC000B0B3A96094F835000428206801680FD0A9
:105ED00049037ED5006800032BD4616C2AE00000E2
:105EE0001000024020000024700002401004024014
:105EF00021F0160101602068416921F080014161B3
:105F0000206C08B9A06C20B12068016821F008015C
:105F1000016094F85C303F21012003F01F03002250
:105F20009940A96084F8350084F83420216D65E03B
:105F300003E0E16B09B120468847606D00287DD001
:105F4000606DC00759D02068042184F83510B04234
:105F50002BD0404529D0484527D0504525D058451D
:105F600023D09D49884220D09B49183188421CD0BB
:105F700099493031884218D09849884215D09749BC
:105F80001831884211D09549303188420DD093495B
:105F90004831884209D091496031884205D08F4903
:105FA0007831884201D08D499031016821F001019A
:105FB000016020680099019A491C0091914202D821
:105FC0000168C907F6D10068C00710D003200FE0B0
:105FD000FFE70168C905ACD403680121002223F062
:105FE0001003036084F8351084F83420A1E7012001
:105FF00084F83500002084F83400E16C00291DD0BD
:1060000002B02046BDE8F05F0847754988421DD0C0
:1060100073491431884219D071492831884215D00A
:106020006F493C31884211D06D49503188420DD0C2
:106030006B496431884209D0694900E084E07831D5
:10604000884203D066498C3188427DD194F85C80C7
:106050000427016808F01F0807FA08F717EA0C0F71
:10606000009746D04F0744D500980F04686003D5C9
:10607000C8033CD4A16CC1E7880638D42068B0427C
:106080002DD055496039884229D0484527D0504500
:1060900025D0584523D05049884220D04E49183148
:1060A00088421CD04C493031884218D04B49884234
:1060B00015D04A491831884211D0484930318842B8
:1060C0000DD046494831884209D0704507D09042EA
:1060D00005D0984203D04149A831884203D10168D4
:1060E00021F0080102E0016821F004010160216C47
:1060F00084E7022707FA08F717EA0C0F00974ED03B
:106100008F074CD500980F04686003D5C80344D4AA
:10611000616C73E7880640D42068B0422FD02E49C6
:10612000603988422BD0484529D0504527D0584562
:1061300025D02949884222D02749183188421ED0CB
:1061400025493031884200E044E018D02349884294
:1061500015D022491831884211D020493031884267
:106160000DD01E494831884209D0704507D0904271
:1061700005D0984203D01949A831884203D101685B
:1061800021F0140102E0016821F00A0101600121FF
:1061900084F83510002084F83400E16B2EE70822E3
:1061A00002FA08F212EA0C0F14D0090712D501689E
:1061B00021F00E01016094F85C100120002201F032
:1061C0001F0100FA01F16960606584F8350084F808
:1061D000342012E7BDE8FC9F880002401004024012
:1061E000085402582DE9F05F044601F0B5F9002C7F
:1061F00007467DD0E34E022120684FF00308DFF808
:1062000088934FF00005DFF884A3B042DFF880B335
:1062100034D0DC4A1832904230D048452ED0504518
:106220002CD058452AD0DA4A1832904226D0D84A83
:106230003032904222D0D64A483290421ED0D54ABF
:1062400090421BD0D34A1832904217D0D14A3032F4
:10625000904213D0CF4A483290420FD0CD4A60329C
:1062600090420BD0CB4A7832904207D0C94A903244
:10627000904203D0C74AA83290427DD184F83510AD
:10628000B04284F834502ED0BE49183188422AD00A
:10629000484528D0504526D0584524D0BC4918310F
:1062A000884220D0BA49303188421CD0B8494831A0
:1062B000884218D0B749884215D0B649183188426B
:1062C00011D0B449303188420DD0B24948318842AA
:1062D00009D0B0496031884205D0AE497831884252
:1062E00001D0AC499031016821F00101016008E062
:1062F00027E100BF01F030F9C01B052801D920219A
:106300001CE120680068C007F4D104F1080021688E
:10631000D4E9053C8E4685C809681043D4E90728AE
:106320001F43636A38439C4F40EA0C0010433940D6
:1063300040EA0800042B40EA010003D1D4E90B1223
:1063400011430843954909686FF30F01B1F1005FEC
:106350000FD36168A1F12902052A08D9163A032A48
:1063600005D9083A012A02D94F39032901D840F446
:106370008010CEF8000000E023E02068676A4069E2
:10638000042F20F0070047EA00070DD1D4E90A01E5
:10639000074349B12046FEF75DFC28B14020606507
:1063A000012184F83510CCE0206847612046FEF7D3
:1063B0006FFB94F85C203F2102F01F029140816046
:1063C00054E0774A90421BD0754B1433984217D053
:1063D000734B2833984213D0714B3C3398420FD003
:1063E0006F4B503398420BD06D4B6433984207D0BB
:1063F0006B4B7833984203D0694B8C3398427DD1F4
:1064000084F8351084F83450664B0168A26801EABC
:10641000030E402A73D0802A72D00022D4E9037878
:10642000D4E9053142EAD70242EAD8085C4AD4E905
:10643000077C48EAD30848EAD10141EAD701524231
:1064400041EA1C11142341EA0E0101602068104446
:10645000B0FBF3F08000E0652046FEF719FB94F8EE
:106460005C20012102F01F02914041602068B0428F
:1064700057D044491831884253D0484551D05045EF
:106480004FD058454DD042491831884249D04049F3
:106490003031884245D03E494831884241D03D495B
:1064A00088423ED03B49183188423AD03949303190
:1064B000884236D037494831884232D03549603138
:1064C00088422ED03349783188422AD031499031E0
:1064D000884226D02F49A831884222D030498842AC
:1064E0001FD02F49143188421BD02D4928318842B2
:1064F00017D02B493C31884213D002E01DE017E051
:1065000018E02749503188420BD025496431884230
:1065100007D023497831884203D021498C31884201
:1065200029D12046FEF70EFBA06880280CD00CE095
:10653000102273E74FF4804270E74021616584F8D0
:1065400035800120BDE8F09F6560216E20790860EC
:10655000D4E9190141606068401E072808D8204628
:10656000FEF73EFBE06E0560D4E91C01416002E0ED
:10657000E566256765670120656584F835000020BC
:10658000E0E70000100002404000024058000240D6
:1065900070000240100402403F8010FE0010005CBA
:1065A000085402580F00FEFF2DE9F84F04008C46F6
:1065B0004FF00000009014D094F83400012812D05D
:1065C00094F835500120002184F83400012D0CD0BE
:1065D000C00260650120009084F834100098BDE886
:1065E000F88F0120FBE70220F9E78C4D0226206896
:1065F00084F83560A8428A4D61658A4E8A4FDFF87B
:106600002C82DFF82C92DFF82CA2DFF82CB226D0F7
:10661000A84224D0B04222D0B84220D040451ED05B
:1066200048451CD050451AD0584518D08349884257
:1066300015D082491831884211D0804930318842C2
:106640000DD07E494831884209D07C49603188426A
:1066500005D07A497831884201D078499031016873
:1066600021F00101016061462046FEF71DFB6B49E8
:10667000206888422CD0A8422AD0B04228D0B84204
:1066800026D0404524D0484522D0504520D05845FA
:106690001ED06A4A90421BD0684A1832904217D0E6
:1066A000664A3032904213D0644A483290420FD04A
:1066B000624A603290420BD0604A7832904207D0F2
:1066C0005E4A9032904203D05C4AA83290420CD18C
:1066D000026822F01E0242F016020260206C88B1AD
:1066E0002068026842F008020BE0026822F00E0205
:1066F00042F00A020260206C20B12068026842F079
:1067000004020260206888424BD0A84249D0B042BF
:1067100047D0B84245D0404543D0484541D0504588
:106720003FD058453DD0454A90423AD0434A18326E
:10673000904236D0414A3032904232D03F4A4832BD
:1067400090422ED03D4A603290422AD03B4A783265
:10675000904226D0394A9032904222D0374AA8320D
:1067600090421ED0364A90421BD0354A1432904295
:1067700017D0334A2832904213D0314A3C329042EB
:106780000FD02F4A503290420BD02D4A64329042A3
:1067900007D02B4A7832904203D0294A8C3290425B
:1067A0000DD1206E0268D20303D5026842F48072D4
:1067B0000260E06E18B1026842F4807202602068E4
:1067C000884226D0A84224D0B04222D0B84220D05D
:1067D00040451ED048451CD050451AD0584518D0C9
:1067E0001649884215D015491831884211D01349ED
:1067F000303188420DD011494831884209D00F49C3
:106800006031884205D00D497831884201D00B496A
:106810009031016841F001010160DFE610000240A3
:106820002800024040000240580002407000024030
:1068300088000240A0000240B8000240100402405C
:106840000854025870B5044600F086FE0546601CE8
:1068500002D004480078044400F07EFE401BA042B1
:10686000FAD370BD1400002410B590F89830012BB5
:1068700009D0022B07D0D0F89C1041F00201C0F8DB
:106880009C10012010BD03689C6D0C4203D1DC6D8F
:1068900044F0010404E09C6D31EA04041FD0032499
:1068A000DC658B0505D50368D3F8E0401443C3F8D5
:1068B000E0404B0505D50368D3F8E4401443C3F822
:1068C000E4400068084A01EA0203446D074A1C4399
:1068D0004465106840EA91701060002010BDDC6DC6
:1068E00044F00204DCE70000FFFFCF3F14A80040A3
:1068F00070B5044690F89800022804D0D4F89C00A3
:1069000040F008000DE02068D0F8C03013F07C5F44
:106910000BD0D0F8C4309B020CD5D4F89C0040F4C6
:106920000070C4F89C00012070BDD4F89C0040F0B9
:106930002000F6E7D0F8C400C0F3044520462B46FB
:10694000FEF702FD21680120A840C1F8D000C4F87C
:106950009400002070BD704770B590F89820012A0F
:1069600009D0022A07D0D0F89C1041F00201C0F8EB
:106970009C10012070BD0B68CA6883B10B69072A9F
:1069800043EA427325D00C7A4A6942EA8472496824
:10699000006F00EBC100C0E90032002070BD072A83
:1069A0000DD00C7AD6060D8A4B6943EA847246EA0A
:1069B0000543C06E49681A4340F82120EDE70B8A71
:1069C0004FF06055D1E9062442EA034245EA042328
:1069D000EFE78A69DBE7704770470000F0B590F891
:1069E00098500024022D04D0D0F89C1041F00801EA
:1069F00029E0402905D0412929D0056D8D4219D9BA
:106A000042E00568D5F8A06016F4FE0F12D0D5F864
:106A1000A460760613D0D5F8A460F60105D5D5F8A4
:106A2000A06016F0004F00D50124D5F8A470466F81
:106A3000456C24E0D0F89C1041F0200103E0D0F830
:106A40009C1041F48071C0F89C100120F0BD0568D5
:106A5000D5F8B06016F4FE0FECD0D5F8B460760629
:106A6000EDD0D5F8B460F60105D5D5F8B06016F0D4
:106A7000004F00D50124D5F8B470866FC56CC7F3FC
:106A800005273C44654302E0456DC66F4D4306EB68
:106A900085052E6816F0804656602E6836D026F0A2
:106AA00060461660D5F800C000262E4F0CF0005C42
:106AB000C2F808C0D5F800C00CF0004CC2F810C0F5
:106AC000B5F804C01FFA8CFCC2F81CC0D5F804C08D
:106AD000CCF3034CC2F80CC0D5F804C00CF4801CF5
:106AE000C2F814C0D5F804C00CF4001CC2F818C0D9
:106AF000D5F804C0CCF3066CC2F820C0D5F804C0A9
:106B000008354FEADC7CC2F824C008E0C6F38A46A8
:106B1000C7E700BF15F806C003F806C0761CD2F818
:106B20000CC017F80CC0B445F4D840290AD041294C
:106B30000CD020294FF001020CD200688A40C0F826
:106B400098200DE00068C0F8A84009E00068C0F88F
:106B5000B84005E0006801F01F018A40C0F89C20A1
:106B60000020F0BDCCE10090704700002DE9FF5FF0
:106B7000DFF80CB304460BF10401DBF800002568D4
:106B80000F68AA468007D5F85090696DD5F85080F7
:106B90006E6D2A6DD5F854C02B6D00EA8770009099
:106BA00009F470496F6D286D01EA09010191DAF865
:106BB0005410DAF85490DAF8505008F00F0806EA4A
:106BC0000806029602F0F00203F071536FEA09061C
:106BD0001F4000F060700CEA020CCDF80CC0F2050A
:106BE00001EA00090CD4E843C00509D400214FF4A0
:106BF0008073CAF85030CBF800102046FFF7B4FF7E
:106C0000700512D4E84340050FD4206800234FF4E8
:106C10008068D0F8DC20D0F8E410C0F85080CBF8C1
:106C200000301140204600F0DBFADFF858A200984F
:106C300050B12268830F00EA0A001065CBF80030DB
:106C400020460099FFF787FE019850B12268830F14
:106C500000EA0A001065CBF800302046019900F0E8
:106C6000C1FA029850B12268830F00EA0A00106549
:106C7000CBF800302046029900F087FA039850B113
:106C80002268830F00EA0A001065CBF80030204626
:106C9000039900F085FA30050CD4E843000509D4C7
:106CA000236800204FF400621A65CBF800002046EC
:106CB00000F099FAB00512D4E84380050FD420689B
:106CC00000234FF40078D0F8D820D0F8E010C0F8B6
:106CD0005080CBF800301140204600F082FA30039B
:106CE0000CD4E843000309D4236800204FF40022A9
:106CF0001A65CBF80000204600F046FAF0030CD4E9
:106D0000E843C00309D4236800204FF480321A6599
:106D1000CBF80000204600F062FA70030CD4E84380
:106D2000400309D4226800204FF480231365CBF878
:106D30000000204600F052FAB0030FD4E84380036D
:106D40000CD4236800204FF400321A65CBF8000001
:106D5000D4F89C0040F08000C4F89C00B9F1000F0A
:106D60000BD022684FEA997309EA0A001065CBF844
:106D7000003049462046FFF72FFE5FB12268BB0F67
:106D800007EA0A001065CBF80030D4F89C003843BD
:106D9000C4F89C003C492068884268D160688146FC
:106DA0008068800763D0D9F82060D9F82410D9F81A
:106DB0002080D9F82400D9F820C0D9F82470D9F857
:106DC0002030D9F82450D9F8202003F4FC4306F0F1
:106DD0000F0AD9F824601D40D9F824B008F0300813
:106DE0000CF4C07C02F4F02211EA0A0100EA08085F
:106DF00007EA0C0706EA0206D9F820A004D0C9F871
:106E00002010204600F0E7F9B8F1000005D06168D5
:106E100008624146204600F0E0F96FEA0B004006A8
:106E20000ED46FEA0A0040060AD460684021C36BA2
:106E3000C26B01622046190C02F03F0200F0CCF94F
:106E40002FB1606807623946204600F0C3F935B1BA
:106E500060680562D4F89C002843C4F89C0036B1F1
:106E600060680662D4F89C003043C4F89C00D4F8F3
:106E70009C00002802D02046FFF7ADFDBDE8FF9F33
:106E800010A80040FFFFCF3F00A000402DE9F041D7
:106E900094B08D494C2204466846FBF79BFD64B1D3
:106EA0008A4D2068A84202D100F58070606094F895
:106EB00098004FF0000820B108E0012014B0BDE8B0
:106EC000F081204684F8998000F002F920688169F9
:106ED00021F01001816100F03FFB0327064604E02A
:106EE00000F03AFB801B0A2811D82068806900074F
:106EF000F6D42068816941F00101816100F02CFB2A
:106F000006460DE000F028FB801B0A2808D9D4F8BB
:106F10009C0040F00100C4F89C0084F89870CCE715
:106F200020688069C007EDD02068816941F00201C6
:106F30008161207C01282068816937D041F04001BF
:106F40008161607C01282068816932D021F4804110
:106F50008161A07C0128206881692DD041F4805195
:106F600081612068A268816921F4407111438161C7
:106F70002068816921F0A40181612068016921F004
:106F800010010161E068012819D010B302281BD05C
:106F90002068816941F0800181612068016941F0C8
:106FA00010010161E06803280ED012E021F04001D9
:106FB000C6E741F48041CBE721F48051D0E7206857
:106FC000816941F0040103E02068816941F02001FA
:106FD0008161207E6FF0FF02D4E90773A68A110257
:106FE000400602EB0727A0F10070384327685B1EBC
:106FF000184301EB06463043F861A068B0F5407FC6
:1070000011D104F12800A68C6FF00F0C89C801EB98
:107010000641401E02EB0322104322680CEB0713CB
:1070200018430843D060206E30B12068626ED0F8FB
:10703000C0101143C0F8C010D4E917126846D142FD
:1070400009D02168A36E51F8C82F50F8233022F0E0
:1070500007021A430A60216C49B12168626C51F839
:10706000BC3F50F8226023F0070232430A60A16C53
:1070700051B12168E36C51F8BC2F50F8233022F055
:10708000700242EA03120A60216D51B12168626DFB
:1070900051F8BC3F50F8220023F4E06242EA00209D
:1070A00008602068A84204D16068816821F003016B
:1070B0008160C4F894800121C4F89C8084F8981001
:1070C0002046FEF75DF8F9E6DCE1009000A0004004
:1070D00010B5B6B00446142130A8FBF7ADFCC021B2
:1070E0006846FBF7A9FC25492068884244D1002066
:1070F0001C904FF40041CDE90010684600F0CCFD33
:1071000008B1FEF71BF81E48016841F48071016068
:10711000006800F48070359019480C38016841F01F
:107120000101016000680DF1C00C022100F00100B6
:1071300035900122032309244FF4C0508CE81F002E
:10714000104830A900F0E2F800220521132000F0D9
:10715000F1FB132000F0E0FB00220521152000F0D8
:10716000E9FB152000F0D8FB002205213F2000F0AC
:10717000E1FB3F2000F0D0FB36B010BD00A0004086
:10718000EC44025800000258704700B5C9078DB0A2
:1071900004D040216A460AABFFF720FC0DB000BDC9
:1071A000704790F89810012907D0D0F89C1041F052
:1071B0000401C0F89C1001207047022180F898104B
:1071C000002201688B6923F001038B61C0F89C20C9
:1071D0001046704770477047704770477047704758
:1071E00070477047704770472DE9F043B7B01421DE
:1071F0006846FBF721FC3C480168002970D14FF03C
:107200000108C0F80080C02106A8FBF715FC00208B
:1072100018904FF080710746CDE9061006A800F0DF
:107220003BFD08B1FDF78AFF3048016841F4805109
:107230000160006802250C26694600F48050059024
:1072400040F2FF608DE8A10003242948CDE9034600
:1072500000F05CF8DFF89C9069468DE8B000CDE95D
:107260000346484600F052F84FF47F4069468DE8E7
:10727000A1002148CDE9034600F048F8474648F20E
:1072800037108DE8A1001D486946CDE9034600F09E
:107290003DF84CF2037069468DE8A1001848CDE92D
:1072A000034600F033F84FF63F0069468DE8A10031
:1072B0001448CDE9034600F029F80D2069468DE811
:1072C000A1001148CDE9034600F020F84FF6807088
:1072D00069468DE8A100CDE90346484600F016F85E
:1072E00037B0BDE8F083000004000024D444025805
:1072F0000020025800100258001C025800180258C2
:10730000000C025800140258000802582DE9F84FEA
:1073100003247D4D00234FF001094FF0B04B4FF097
:107320000F0AE9E009FA03F73A4076D00E7906F041
:107330000306012E01D0022E18D1D0F808C04FEA62
:10734000430ECE6804FA0EF82CEA080C06FA0EF684
:1073500046EA0C068660D0F804C00E792CEA070CC9
:10736000C6F300169E4046EA0C0646600E79F643C8
:10737000B6070BD0C6684FEA43088F6804FA08FCCA
:1073800026EA0C0607FA08F73743C7600E7906F0BD
:107390000306022E12D1DE080F694FEA437C00EB90
:1073A0008606B646366A4FEADC6C0AFA0CF807FA2B
:1073B0000CF726EA08063743CEF820700F790668E6
:1073C0004FEA430807F0030704FA08FC07FA08F736
:1073D00026EA0C06374307604E6816F4403F1CD07F
:1073E0004A4E376847F00207376036689F0706F055
:1073F0000206009623F0030606F1B046B6463F0F9C
:10740000D6F80864DFF808810AFA07FC404526EA46
:107410000C0603D14FF0000C41E06CE0DFF8F4C043
:10742000604502D14FF0010C39E0DFF8ECC0604557
:1074300002D14FF0020C32E0DFF8E0C0604502D12B
:107440004FF0030C2BE0DFF8D8C0604502D14FF0BD
:10745000040C24E0DFF8CCC0604502D14FF0050CED
:107460001DE0DFF8C4C0604502D14FF0060C16E005
:10747000DFF8B8C0604502D14FF0070C0FE0DFF82D
:10748000B0C0604502D14FF0080C08E0DFF8A4C09E
:10749000604502D14FF0090C01E04FF00A0C0CFAE4
:1074A00007FC4CEA060CCEF808C44F68DBF8006015
:1074B000FF0226EA020600D516435F46CBF80060BD
:1074C000D1F804C0DBF804605FEA8C2C26EA0206DF
:1074D00000D516437E606E684F6826EA0206BF0339
:1074E00000D516436E602E684F6826EA0206FF0339
:1074F00000D516432E605B1C0A6832FA03F67FF44F
:1075000011AFBDE8F88F000080000058F444025825
:10751000000002580004025800080258000C0258EB
:10752000001002580014025800180258001C02589B
:1075300000200258002402580069084000D00120B1
:1075400070470AB1816170470904FBE70148006890
:10755000000C70470010005C014880687047000014
:107560001400002402488168027811448160704749
:1075700014000024032010B500F0FCF901F004FA17
:107580000F4A104914681368C4F3032203F00F0371
:107590008A5CC95C02F01F0201F01F01D0400A4A58
:1075A00020FA01F11160094908600F2000F010F87D
:1075B00008B1012010BD00F0A1F9002010BD0000AD
:1075C0001844025850E200902400002420000024B7
:1075D00010B5102804468AB02CD20022014636206D
:1075E00000F0A8F9362000F097F917480460174812
:1075F000016841F010010160006809A900F0100065
:107600000890684601F04CF90598B0B101F098F97E
:1076100040000F4900220F4CB0FBF1F10E4840F240
:10762000E7330460C0E90332491EC0E9011201F0EA
:10763000BFFD28B101200AB010BD01F081F9E8E7D3
:10764000054801F0F9FDF6E718000024E844025867
:1076500040420F0000100040340400242DE9F041A6
:10766000044690F8A00016460F4601281DD00125BB
:1076700084F8A050022084F8A10006EB860000EBFD
:10768000C600342204EB80003830FBF7A3F9324601
:107690003946204602F0E6FA216800204D6284F85F
:1076A000A15084F8A000BDE8F0810220FBE72DE99D
:1076B000F041040004D094F8A100002518B107E0BF
:1076C0000120BDE8F081204684F8A05000F050F879
:1076D000022084F8A10020680123816921F0704113
:1076E0008161D4E90010D4E902722669384332433B
:1076F0008E691043304388612268A08AA16941EAFB
:10770000004191602268A08B216A41EA0041D1606A
:107710002268A08CA16A41EA004111612268A08D13
:10772000216B41EA00415161226894F8351094F8C8
:107730003600D66A000406F07F46D662226840EA28
:10774000012094F83460D16A31430143D16220684A
:10775000416B41F0060141632068816941F00101FC
:107760008161C4F8A45084F8A1300020A9E700008A
:10777000F0B5B7B00446142130A8FBF75DF9C0217D
:107780006846FBF759F93149206888425BD10AAF56
:1077900002250522782387E82C0000211091142669
:1077A0000C4640040D95CDE90E61CDE90001684617
:1077B000119100F071FA08B1FDF7C0FC244801688E
:1077C00041F008010160006800F008003590204891
:1077D000001F016841F480610160016801F480616B
:1077E0003591016841F400710160016801F4007194
:1077F0003591016841F480710160006832AA032666
:1078000000F480703590FF20CDE930050E27114837
:1078100082E8D00030A9FFF779FD32AA4FF6FF7059
:10782000CDE930050C4830A982E8D000FFF76EFDA5
:107830004FF4704032AACDE93005084830A982E8FB
:10784000D000FFF763FD37B0F0BD0000001000501E
:10785000E44402580028025800240258002002582C
:10786000154BF0B5083B427813491A600B680A1FA4
:1078700023F001030B6043681360057BC67A827AAC
:10788000437B2D07847B45EA0665C77B90F809C0DA
:10789000067A90F800E045EAC24040EA834040EAB8
:1078A000444040EA074040EA0C2040EA460040EAF3
:1078B0000E000860F0BD0000A0ED00E0BFF35F8F98
:1078C000044800210368034A23F4803303607032C4
:1078D0001160704724ED00E0074A40F001000649BE
:1078E00070321060086840F480300860BFF34F8F3A
:1078F000BFF36F8F7047000024ED00E0054808B526
:10790000016841F002010160006800F0020000908F
:1079100008BD0000F4440258002809DB410900F0CA
:107920001F028900012001F1E0219040C1F800010F
:10793000704700000E4BF0B41B680D46C3F30223E2
:10794000C3F10706042E00D90426191D072901D208
:10795000002300E0DB1E012404FA06F19C40491ECE
:107960002940641E994014402143F0BC04F09EBE9F
:107970000CED00E0064900F0070210B54FF6FF04D9
:107980000868044B204040EA02201843086010BDFC
:107990000CED00E00000FA05134970B50A68D24307
:1079A000520705D5096801F00701814213D118E09B
:1079B0000A6822F0070202430A60FFF7CDFD0A4D74
:1079C0004FF47A760446083D07E000BFFFF7C4FD98
:1079D000001BB04201D9012070BD2868C04380045B
:1079E000F4D4002070BD00000C48025810B500F01F
:1079F00085FF05490968054AC1F30211515C01F090
:107A00001F01C84010BD00002044025850E2009001
:107A1000494930B5484C0B1D0A68143409681D6883
:107A2000246802F00303C5F30012C1F30531C4F367
:107A3000CC04002914FB02F200EE102AF8EE400AF2
:107A400075D03F4A9FED3D1AB7EE000A6BB1DFEDEE
:107A50003D1A012B01D0022B64D002EE101A1168DE
:107A6000F8EE422A81EEA22A21E0334C283C23681A
:107A70009B0612D5344B246801EE901A1168C4F3AA
:107A8000C104F8EE612AE34001EE903AC1F3080127
:107A9000F8EE611A81EEA22A0BE001EE901ADFEDFA
:107AA0002B2A00BFF8EE611A116882EEA12AC1F3F9
:107AB000080101EE901A1168F8EE611A40EE811A81
:107AC00071EE800A62EE200AC1F3462101EE101A1F
:107AD000B8EE411A31EE001AC0EE811ABCEEE11A7E
:107AE00080ED001A1168C1F3064101EE101AB8EEDC
:107AF000411A31EE001AC0EE811ABCEEE11A80ED97
:107B0000011A1168C1F3066101EE101AB8EE411AAC
:107B100031EE000A80EE801ABCEEC10A80ED020A46
:107B200030BD04E001EE901ADFED092ABAE700212A
:107B3000016041608160F3E7284402580000003989
:107B4000384402580024744A0090D0030024744C36
:107B500020BCBE4B494930B5484C0B1D0A681C344B
:107B600009681D68246802F00303C5F30022C1F30D
:107B70000551C4F3CC04002914FB02F200EE102AD4
:107B8000F8EE400A75D03F4A9FED3D1AB7EE000A65
:107B90006BB1DFED3D1A012B01D0022B64D002EE58
:107BA000101A1168F8EE422A81EEA22A21E0334C25
:107BB000283C23689B0612D5344B246801EE901AAA
:107BC0001168C4F3C104F8EE612AE34001EE903A73
:107BD000C1F30801F8EE611A81EEA22A0BE001EE72
:107BE000901ADFED2B2A00BFF8EE611A116882EEC1
:107BF000A12AC1F3080101EE901A1168F8EE611A8A
:107C000040EE811A71EE800A62EE200AC1F346212D
:107C100001EE101AB8EE411A31EE001AC0EE811AC8
:107C2000BCEEE11A80ED001A1168C1F3064101EEC5
:107C3000101AB8EE411A31EE001AC0EE811ABCEEED
:107C4000E11A80ED011A1168C1F3066101EE101A04
:107C5000B8EE411A31EE000A80EE801ABCEEC10A7D
:107C600080ED020A30BD04E001EE901ADFED092A32
:107C7000BAE70021016041608160F3E728440258BF
:107C800000000039404402580024744A0090D00398
:107C90000024744C20BCBE4B2DE9FE4F0546DFF896
:107CA000E48350F8081B0024F64FC943019005F106
:107CB0002800264608F12408009008011DD4A86E6B
:107CC00050B1B0F5801F0CD0B0F5001F0ED0B0F54C
:107CD000401F1ED001240FE0386840F400303860A7
:107CE00017E00198022102F03DFB03E00098022119
:107CF00002F0C8FB04000CD026462888C043C0050B
:107D000023D4A86D05281ED2DFE800F00C11161B45
:107D10001B00AA6ED8F8001021F440111143C8F8D6
:107D20000010EAE7386840F40030386009E0019854
:107D3000002102F017FB03E00098002102F0A2FBF3
:107D4000044674B100E0012426462888C04380051B
:107D500028D4E86D80281ED00CDC90B140280ED1CC
:107D600014E0AA6DD8F8001021F007011143C8F8FB
:107D70000010EAE7C02813D0B0F5807F10D00124AE
:107D80000FE0386840F40030386009E001980021C5
:107D900002F0E8FA03E00098002102F073FB0446C9
:107DA0009CB126462888DFF8DC92C04309F12C09F3
:107DB00040052CD4D5F8A800B0F5800F20D00DDCFC
:107DC000A0B1B0F5001F0FD115E0EA6DD8F8001092
:107DD00021F4E0711143C8F80010E3E7B0F5C00FDB
:107DE00013D0B0F5000F10D001240FE0386840F434
:107DF0000030386009E00198002102F0B3FA03E096
:107E00000098002102F03EFB04467CB126462888FB
:107E1000C04300052DD4D5F8AC00B0F1007F21D0CF
:107E20000EDCA8B1B0F1807F10D116E0D5F8A82003
:107E3000D9F8001021F460011143C9F80010E6E7F9
:107E4000B0F1407F13D0B0F1806F10D001240FE06B
:107E5000386840F40030386009E00198002102F0F1
:107E600081FA03E00098002102F00CFB044674B193
:107E700026462868C04380011FD4E86CD8B110287A
:107E80000FD0202812D0302815D0012414E0D5F8C6
:107E9000AC20D9F8001021F0E0611143C9F80010BE
:107EA000E7E7386840F40030386004E001980221C8
:107EB00002F058FA044674B126462888C043C0042C
:107EC0002BD4286EB0F5005F20D00DDCA0B1B0F54A
:107ED000805F0FD115E06B48EA6C2030016821F01B
:107EE000300111430160E8E7B0F5405F13D0B0F511
:107EF000804F10D001240FE0386840F40030386023
:107F000009E00198002102F02DFA03E00098002119
:107F100002F0B8FA04468CB126462888C043800493
:107F200029D4686EB0F5403F23D010DC08B3B0F51B
:107F3000803F14D0B0F5003F0FD115E02A6ED8F87D
:107F4000001021F4E0411143C8F80010E5E7B0F556
:107F5000802F0ED0B0F5A02F0BD001240AE001989D
:107F6000012102F0FFF903E00098012102F08AFAF2
:107F7000044694B126462888C04340042AD4D5F844
:107F8000B000B0F1405F23D010DC08B3B0F1805FE7
:107F900014D0B0F1005F0FD115E06A6ED8F8001070
:107FA00021F4E0211143C8F80010E4E7B0F1804F5C
:107FB0000ED0B0F1A04F0BD001240AE001980121AE
:107FC00002F0D0F903E00098012102F05BFA0446C8
:107FD00074B126462888C04300041FD4286FD8B146
:107FE000B0F1805F0ED0B0F1005F10D0012414E03A
:107FF000D5F8B020D9F8001021F0E0411143C9F8BC
:108000000010E7E7386840F40030386004E0019879
:10801000012102F0A7F9044674B126462868C0433E
:10802000C0011ED4A86CD0B101280ED0022811D0F6
:10803000032814D0012413E02A6FD8F8001021F08F
:1080400040511143C8F80010E8E7386840F40030A8
:10805000386004E00198022102F084F90446ACB1D2
:1080600026462868DFF81CB0C043ABF11C0B400269
:1080700052D40548016841F480710160FFF76CFA41
:10808000824611E02C44025800480258FA48AA6C73
:10809000016821F0030111430160E2E7FFF75CFA98
:1080A000A0EB0A00642835D8F4480068C005F5D56F
:1080B0008CBBDFF8C4A3B5F8B4100AF1240ADAF8CF
:1080C000000001F4407100F44070884211D0DAF8E9
:1080D0000010DAF8002021F4407142F48032CAF82E
:1080E0000020DAF8002022F48032CAF80020CAF812
:1080F0000010D5F8B400B0F5807F1AD1FFF72CFA44
:10810000029012E0FFF728FA0299411A41F28830F2
:1081100081420AD9032426462878DFF85CA3C043AD
:108120000AF1080AC00721D03CE0DAF80000800715
:10813000E8D5D5F8B410C1F30120032858460DD076
:10814000016821F47C510160B5F8B420DAF8001020
:10815000C2F30B021143CAF80010DDE7C84A0368F6
:1081600002EA111223F47C511143ECE7E86F18285E
:1081700016D005DCA0B1082808D0102804D10AE0E8
:1081800020280DD028280BD001240AE001980121D5
:1081900002F0E8F803E00098012102F073F90446C8
:1081A00064B126462878C04380071ED4A86F0628ED
:1081B00019D2DFE800F0160C11161616EA6FDAF87D
:1081C000001021F038011143CAF80010EAE70198C5
:1081D000012102F0C7F803E00098012102F052F9F2
:1081E00004467CB100E0012426462878C0434007BD
:1081F0001FD4D5F89400062819D2DFE800F0160C39
:1082000011161616AA6FDAF8001021F007011143B3
:10821000CAF80010E9E70198012102F0A3F803E091
:108220000098012102F02EF90446A4B100E00124D7
:1082300026462878C04380062BD4D5F89000B0F1AC
:10824000405F24D011DC10B3B0F1805F15D0B0F1E5
:10825000005F10D116E0D5F89420D9F8001021F075
:1082600007011143C9F80010E3E7B0F1804F0ED0C9
:10827000B0F1A04F0BD001240AE00198002102F0D8
:1082800071F803E00098022102F0FCF8044694B172
:1082900026462878C04340062BD4D5F89C00B0F57C
:1082A000406F24D011DC10B3B0F5806F15D0B0F55D
:1082B000006F10D116E0D5F89020DAF8001021F008
:1082C000E0411143CAF80010E3E7B0F5805F0ED03B
:1082D000B0F5A05F0BD001240AE00198002102F064
:1082E00041F803E00098022102F0CCF8044694B172
:1082F00026462878C04300062BD4D5F8A000B0F558
:10830000C04F24D011DC10B3B0F5005F15D0B0F52C
:10831000804F10D116E0D5F89C20D9F8001021F438
:10832000E0511143C9F80010E3E7B0F5004F0ED05B
:10833000B0F5204F0BD001240AE00198002102F093
:1083400011F803E00098022102F09CF8044654B1B1
:1083500026462878C04300071ED4D5F88400B0F51F
:10836000805F0AD00FE0D5F8A020D9F8001021F4E2
:1083700060411143C9F80010EBE70098022102F0B8
:1083800081F800B10126D5F88420DAF8001021F434
:1083900040511143CAF800102878C043C00613D4D6
:1083A000D5F89800B0F5807F05D10098022102F041
:1083B00069F800B10126D5F89820D9F8001021F409
:1083C00040711143C9F800102868C043000316D457
:1083D000D5F8A40038B1B0F5803F09D0B0F5003F22
:1083E0000BD001240AE00198002101F0BBFF03E05B
:1083F0000098022102F046F804468CB1264628680F
:10840000C043400322D4D5F88800B0F5801F11D0B6
:10841000B0F5001F13D0B0F5401F15D0012414E0B3
:10842000D5F8A420D9F8001021F440311143C9F83F
:108430000010E4E7386840F40030386004E0009849
:10844000012102F01FF804465CB126462868C043AB
:10845000C00323D4286DA8B1B0F5803F17D0012404
:108460001BE0D5F88820DAF8001021F44011114300
:10847000CAF80010EAE700004C44025800480258CD
:10848000CFFFFF00386840F40030386004E0019806
:10849000022101F067FF0446E4B126462868C04384
:1084A000800005D40098022101F0ECFF00B1012604
:1084B0002868C04380031BD4D5F88000B0B1B0F564
:1084C000807F0FD0B0F5007F10D0B0F5407F0DD089
:1084D00001240CE05A482A6D016821F480311143CF
:1084E0000160DBE7386840F400303860ECB32646C2
:1084F0002868C043C00207D46A6FD8F8001021F082
:1085000000411143C8F800102868C043C00008D4D7
:10851000D5F8B820DBF8001021F480411143CBF8E6
:1085200000102868C043800207D4EA6ED8F8001013
:1085300021F080711143C8F800102868C043400042
:108540000CD4DBF8001021F40041CBF80010DBF86C
:108550000010D5F8BC201143CBF800102868C043A8
:1085600008D437486A6D016800E018E021F04051F6
:10857000114301602868C043000208D4D5F88C205C
:10858000DAF8001021F440011143CAF800102879EC
:108590000024C04300F0010020430AD00FE0D5F8CA
:1085A0008020DAF8001021F440711143CAF800105D
:1085B0009EE70198002101F0D5FE00B1064628791A
:1085C000C04300F00200204305D10198012101F0D1
:1085D000C9FE00B106462879C04300F004002043DC
:1085E00005D10198022101F0BDFE00B106462879AF
:1085F000C04300F00800204305D10098002101F09D
:1086000041FF00B106462879C04300F01000204326
:1086100005D10098012101F035FF00B10646287907
:10862000C04300F02000044304D10098022101F06F
:1086300029FF00B916B10120BDE8FE8F0020FBE73D
:108640004C4402582DE9F05F04000F467ED0DFF85D
:108650003882D8F8000000F00F00B8420CD2D8F8E9
:10866000001021F00F013943C8F80010D8F80000BD
:1086700000F00F00B84269D12078844D40070AD538
:108680002069296801F07001884204D9296821F025
:1086900070010143296020787C4E361D00070AD501
:1086A0006069316801F07001884204D9316821F0B5
:1086B0007001014331602078C0060AD5A069316895
:1086C00001F4E061884204D9316821F4E06101439A
:1086D00031602078DFF8B4B180060BF1080B0CD5BF
:1086E000E1695846DBF8002002F07002914204D99B
:1086F000026822F070020A430260207880070AD5DF
:10870000E068296801F00F01884204D9296821F046
:108710000F01014329602078C0073ED05B49A26861
:108720002868183920F470601043286060680228B7
:1087300018D0032819D00968012819D04907002941
:108740004ADADFF848A1AAF1080A00E044E0DAF8C2
:10875000002022F007020243CAF80020FEF7FCFEC8
:10876000814612E009688903E9E709688901E6E7BB
:10877000C905E4E7FEF7F0FEA0EB090141F28830FD
:10878000814202D90320BDE8F09F6168DAF8000059
:1087900000F03800B0EBC10FECD1207880070AD58B
:1087A000E068296801F00F01884204D2296821F0AD
:1087B0000F0101432960D8F80010404601F00F0175
:1087C000B9420BD9016821F00F01394301600068FB
:1087D00000F00F00B84201D00120D4E72078400714
:1087E0000AD52069296801F07001884204D22968FD
:1087F00021F0700101432960207800070AD56069E3
:10880000316801F07001884204D2316821F07001B2
:10881000014331602078C0060AD5A069316801F4AF
:10882000E061884204D2316821F4E06101433160A3
:10883000207880060CD5E1695846DBF8002002F06C
:108840007002914204D2026822F070020A43026070
:1088500000F09AF80E492A682B68C2F3032203F04D
:108860000F038A5CC95C02F01F0201F01F01D040B7
:10887000084A20FA01F111600749086007480068BA
:10888000BDE8F05FFEF7A4BE002000521844025875
:1088900050E200902400002420000024180000244E
:1088A00070B5144C3F220260124A24680832131D2E
:1088B000114D04F00704446016681C1D06F4706630
:1088C0008660166806F00F06C660126802F0700235
:1088D00002611A6802F0700242611A6802F4E062F2
:1088E0008261226802F07002C261286800F00F0005
:1088F000086070BD104402580020005230B500F0EE
:1089000043F80B4A0B490C4B15681468C5F3032256
:1089100004F00F048A5C095D02F01F0201F01F01E0
:10892000D040064A20FA01F119601060084630BDB7
:108930001844025850E20090240000242000002433
:1089400000B5FFF7DBFF05490968054AC1F30211CD
:10895000515C01F01F01C84000BD00001C440258DA
:1089600050E2009000B5FFF7C9FF05490968054AC4
:10897000C1F30221515C01F01F01C84000BD00009D
:108980001C44025850E20090454970B545480968BA
:10899000434B103B11F0380208D00111082A03D0D4
:1089A000102A0BD0182A0BD0084670BD196889060A
:1089B000FBD51968C1F3C101C84070BD3A4870BD0C
:1089C0003749374D18310C1D24350A680968266867
:1089D0002D6802F0030406F00102C1F30511C5F38E
:1089E000CC0515FB02F200EE102AB8EE400AE9B3FE
:1089F0002F4ADFED2E0AB7EE001A6CB1DFED2D1A0B
:108A0000012C01D0022C43D002EE101A1068F8EEAF
:108A1000422A81EEA22A1EE01C68A40611D51B681A
:108A200001EE901A1168C3F3C103F8EE612AD84031
:108A300001EE900AC1F30800F8EE611A81EEA22A55
:108A40000BE001EE901ADFED1C2A00BFF8EE611A70
:108A5000106882EEA12AC0F3080001EE900AF8EE39
:108A6000611A40EE201A31EE810A00E015E022EE94
:108A7000000A1068C0F34620401C00EE900AF8EE91
:108A8000600A80EE201ABCEEC10A10EE100A70BD1A
:108A900001EE901ADFED092AD8E7002070BD000032
:108AA000104402580090D00340787D010000003946
:108AB000304402580024744A0024744C20BCBE4B3D
:108AC0002DE9F05F04007DD0FF4F2078FE4D183770
:108AD000DFF8F493103DC00748D0D9F8000039689A
:108AE00000F03800102815D0182803D101F0030039
:108AF00002280FD06068B0F5803F12D010B1B0F5F9
:108B0000A02F18D0286820F480302860286820F42E
:108B1000802009E02868800328D560680028D2D02A
:108B200024E0286840F480302860606888B1FEF74F
:108B300013FD064609E0286840F480202860F0E72D
:108B4000FEF70AFD801B64286FD828688003F7D5DC
:108B50000CE0FEF701FD064605E000BFFEF7FCFC59
:108B6000801B6428F0D828688003F7D4207841F26D
:108B70000308D54E0C3E800769D5D9F80000396846
:108B800010F038000ED0182801D188070AD0E0680C
:108B900090B3296821F0190101432960FEF7DCFC3C
:108BA000824631E02868400702D5E06800288AD074
:108BB000E168286820F0190008432860FEF7CCFC23
:108BC000824607E0DFE000BFFEF7C6FCA0EB0A002C
:108BD0000228B9D828684007F6D500BFFEF7B6FCD2
:108BE00040451BD82069402812D0316821F47C31DF
:108BF00041EA003030602AE018E000BFFEF7ACFC2C
:108C0000A0EB0A0002289FD828684007F6D5E5E7C0
:108C1000306820F47C3040F40030EBE7207C316891
:108C200021F0FE4141EA0060E4E70DE1286820F010
:108C300001002860FEF790FC824605E0FEF78CFC00
:108C4000A0EB0A0002288DD828684007F6D42078C7
:108C5000C0065DD5D9F80000DFF86CB2396800F0C5
:108C60003800ABF1040B082810D0182803D101F00C
:108C7000030001280AD0E0690028286838D040F0B5
:108C800080002860FEF768FC824623E02868C00563
:108C900023D5E069802876D11FE0206A202821D0E2
:108CA000316821F0F84141EA8060306030E000BF77
:108CB00094F82010DBF8002022F07C5242EA016197
:108CC000CBF8001024E000BFFEF746FCA0EB0A0042
:108CD000022898D82868C005F6D5FEF737FC40452D
:108CE000E6D8DAE7306820F0F84040F08040DCE772
:108CF00020F080002860FEF72FFC064605E000BF4C
:108D0000FEF72AFC801B02289DD82868C005F7D4EE
:108D10002078000729D56C486169643000298046B5
:108D2000016811D041F001010160FEF715FC064613
:108D300005E000BFFEF710FC801B0228C9D8D8F858
:108D400000008007F6D510E021F001010160FEF778
:108D500003FC064605E000BFFEF7FEFB801B022871
:108D600072D8D8F800008007F6D42078800623D582
:108D7000A0690028286810D040F480502860FEF7D1
:108D8000EBFB064605E036E1FEF7E6FB801B02281A
:108D90005AD828688004F7D50EE020F48050286067
:108DA000FEF7DAFB064604E0FEF7D6FB801B02283E
:108DB0004AD828688004F7D4207840074FD5DFF8D8
:108DC0000C81D8F8001041F48071C8F80010FEF74B
:108DD000C3FB064605E000BFFEF7BEFB801B642810
:108DE00032D8D8F80000C005F6D5374EA0686036F6
:108DF00001280AD008B1052813D0306820F00100FE
:108E00003060306820F0040002E0306840F001007B
:108E10003060A06841F2883A90B1FEF79DFB804631
:108E20000AE0306840F004003060EEE7FEF794FBA3
:108E3000A0EB0801514507D830688007F6D50EE051
:108E4000FEF78AFB804607E084E000BFFEF784FB64
:108E5000A0EB080151457DD830688007F6D4606AE0
:108E6000B0B3DFF86480D9F8001008F120084FF69D
:108E7000F87B08F10409C1F3C2010329A8F1040A2F
:108E800069D00228286820F08070286003D0FEF79F
:108E900063FB044684E0FEF75FFB064605E000BF87
:108EA000FEF75AFB801B022877D828688001F7D488
:108EB000E26A40F2F331386854F8283F884340EAC8
:108EC00002101843386004E0104402580048025869
:108ED000B5E0217B434622894FF4FE0C208A4FF0F7
:108EE000FE474902267D521E401EA1F50071C2F3C5
:108EF00008088AB2761E0CEA004042EA08020243E1
:108F0000504607EA06610A431A60DAF8002022F0A8
:108F10000102CAF80020D9F80020266A22EA0B02D2
:108F200042EAC602C9F80020DAF80010A26921F06E
:108F30000C011143CAF800100168E26921F0020136
:108F400011430160016841F480310160016841F41E
:108F5000003101E021E027E00160016841F4802157
:108F60000160016841F001010160286840F08070F3
:108F70002860FEF7F1FA044605E000BFFEF7ECFAC0
:108F8000001B022809D828688001F7D557E000BFE8
:108F9000FEF7E2FA001B022802D90320BDE8F09F89
:108FA00028688001F4D44AE039680128D8F8000024
:108FB00021D0A26A01F0030393421CD1E26AC1F3FB
:108FC00005118A4217D1216BC0F30802491E8A425B
:108FD00011D1616BC0F34622491E91420BD1A16BA6
:108FE000C0F30642491E914205D1E16BC0F3066011
:108FF000491E814201D00120D0E7A16C4E46D9F82C
:109000000000C0F3CC00814219D0DAF800005546C8
:1090100020F00100CAF80000FEF79EFA4FEA0007B0
:10902000FEF79AFAB842FBD0A26C306820EA0B0037
:1090300040EAC2003060286840F00100286000204B
:10904000ACE7000070B504000D4603D094F82C0086
:1090500010B107E0012070BD002084F82D002046EB
:1090600000F018F8022084F82C002068211DFCF77D
:10907000A9F9D4E900022946FCF7F6F904480121D0
:10908000026842F00042026084F82C10002070BD9B
:1090900000400052FEF7A8B810B5044690F82C0026
:1090A000022804D094F82C00012801D0012010BD22
:1090B000022084F82C002068FCF7B9F9012084F81C
:1090C0002C00002010BD000070B5044690F82C0064
:1090D0000D46022804D0012803D0052801D0012024
:1090E00070BD022084F82C002068FCF7A9F92868DC
:1090F000022805D05FF0010084F82C00002070BD2C
:109100000520F9E77047704770470000F0B590F808
:109110003C20012A3BD01F4E012480F83C40022213
:1091200080F83D2002681C4D5368B242D2F808C056
:1091300001D0AA4203D14F6823F470033B430F6868
:1091400023F070031F4357600268B24213D0B2F19C
:10915000804F10D0114B9A420DD0114B9A420AD039
:10916000104B9A4207D0AA4205D00F4B9A4202D028
:109170000E4B9A4204D189682CF080031943916008
:10918000002180F83D4080F83C100846F0BD0220E8
:10919000F0BD000000000140000401400004004058
:1091A00000080040000C0040001800400040014052
:1091B00010B5040003D094F83D0010B107E0012081
:1091C00010BD002084F83C00204600F023F8022067
:1091D00084F83D002068211D02F02AFD012084F85A
:1091E000480084F83E0084F83F0084F8400084F88A
:1091F000410084F8420084F8430084F8440084F875
:10920000450084F8460084F8470084F83D000020BB
:1092100010BD000008B50068B0F1804F08D10548C6
:10922000016841F001010160006800F00100009058
:1092300008BD0000E844025890F83D10012901D013
:1092400001207047174A022180F83D100168CB6861
:1092500043F00103CB600068904214D0B0F1804F1E
:1092600011D0114988420ED0104988420BD01049C4
:10927000884208D00F49884205D00F49884202D061
:109280000E49884207D181680D4A1140062906D04F
:10929000B1F5803F03D0016841F001010160002079
:1092A000704700000000014000040040000800403A
:1092B000000C004000040140001800400040014044
:1092C0000700010070B5044690F83C000025012815
:1092D00014D03A4B012684F83C60022084F83D000B
:1092E00022689068184020F47F40906008687028D9
:1092F0002FD010DC10F00F0F03D022E04FF002004F
:1093000070BD4FEA2012072A1BD2DFE802F0535348
:1093100053534B394100B0F1101F4BD009DCB0F56D
:10932000805F0FD0B0F5005F1ED0B0F5801F08D170
:1093300040E0A0F5801120393CD010293AD02029F6
:1093400038D0012584F83D60002084F83C00284690
:1093500070BD4A682068D1E9021302F0CFFC206892
:10936000816841F0770109E04A682068D1E9021379
:1093700002F0C4FC2068816841F480418160E1E72B
:10938000CA684968206802F0CDFC2068502106E0D8
:10939000CA684968206802F0D6FC2068602102F0A3
:1093A000B7FCCFE7CA684968206802F0BBFC2068B8
:1093B0004021F4E7226801461046F0E788FFCEFF1F
:1093C00070472DE9F041044600680027C66805692A
:1093D000A90713D5B10711D5FA1E02610121217722
:1093E000206880698007204602D0FFF7E9FF04E08B
:1093F00000F08BF8204600F089F82777680716D52B
:10940000700714D5226802206FF0040111612077E3
:109410002068806910F4407F204602D0FFF7D0FF1B
:1094200004E000F072F8204600F070F82777280773
:1094300015D5300713D5226804206FF0080111619B
:1094400020772068C0698007204602D0FFF7B8FF68
:1094500004E000F05AF8204600F058F82777E806B4
:1094600016D5F00614D5226808206FF0100111619E
:1094700020772068C06910F4407F204602D0FFF7B3
:109480009FFF04E000F041F8204600F03FF8277706
:10949000E80708D0F00706D021686FF001000861E6
:1094A000204600F035F8280601D4A80408D5300677
:1094B00006D521686FF4025008612046FFF723FEAD
:1094C000E80508D5300606D521686FF4807008617C
:1094D0002046FFF717FE680608D5700606D52168F6
:1094E0006FF040000861204600F01CF8A8060AD57D
:1094F000B00608D521686FF0200008612046BDE85D
:10950000F041FFF701BEBDE8F081704770470000F1
:1095100000680349884201D1FEF724B87047000073
:1095200000100040704730B590F88410012918D021
:10953000012280F884202421C0F8881000222024F1
:1095400001680B680D6823F0005325F001050D60DC
:10955000426601680B60C0F8884080F8842010469D
:1095600030BD022030BD10B50446D0F88C00202854
:1095700001D0022010BD61B15AB10123E366002081
:109580002067204602F066FF0028F3D1E16E012932
:1095900001D0012010BD226810211162226852E81A
:1095A000001F41F0100142E80013002BF6D110BD5E
:1095B00010B50068154A904227D11548941500F05F
:1095C0001F0303F58073BFF34F8F124A10602030E2
:1095D000203B002BFADCBFF34F8FBFF36F8F0C4A99
:1095E000FF294FF0000001D8505401E082F8FF003D
:1095F0000A460749084801F05DFB05492246BDE8D7
:10960000104001F58070FFF7AEBF10BD00100140A3
:10961000280200245CEF00E0A4050024704770B528
:10962000044690F8840001281DD0012284F884208B
:109630002420C4F8880020680568026822F001022E
:1096400002602068826822F060620A4382602046DD
:1096500002F08CFB2268202100201560C4F88810DD
:1096600084F8840070BD022070BD70B5044690F887
:10967000840001281DD0012284F884202420C4F80D
:10968000880020680568026822F0010202602068F4
:10969000826822F060420A438260204602F066FB44
:1096A0002268202100201560C4F8881084F8840006
:1096B00070BD022070BD7047704770472DE9F041C2
:1096C00007680025044640F60F030226F86939684A
:1096D000BA6818420AD183067ED501F0200302F051
:1096E000805C53EA0C0377D0616F7EE1D44BDFF8E6
:1096F00054C3134001EA0C0C53EA0C0C6CD05FEA23
:10970000C07C0CD05FEAC15C09D54FF0010CC7F8F2
:1097100020C0D4F8907047F00107C4F89070870714
:1097200009D5D70707D027683E62D4F8906046F085
:109730000406C4F8906046070AD5D60708D0276803
:1097400004263E62D4F8906046F00206C4F89060A9
:1097500006070CD501F020061E4308D02668082312
:109760003362D4F8903043F00803C4F89030030516
:109770000BD54B0109D526684FF400633362D4F84A
:10978000903043F02003C4F89030D4F89030002B90
:109790003DD0800609D501F0200002F08051084339
:1097A00003D0616F09B1204688472168D4F8900042
:1097B0008968490602D410F0280F2AD0204602F00A
:1097C00031FC2068806840061ED52068083050E8CB
:1097D000001F21F0400100E021E040E80012002AD3
:1097E000F3D1D4F8800078B197490165D4F88000AE
:1097F000FCF742F800280AD0D4F88000016D00E0A0
:109800002046BDE8F04108472046FFF756FFBDE877
:10981000F0812046FFF751FFC4F89050F7E7D4F8E5
:109820006CC02023BCF1010F7ED15FEAC06C7BD5F8
:109830005FEAC16C78D510203862206880684006E5
:1098400073D5D4F8802081491068884234D07F498C
:109850001831884230D07D49303188422CD07B4944
:109860004831884228D079496031884224D07749EC
:109870007831884220D07549903188421CD0734994
:10988000A831884218D07249884215D070491831E1
:10989000884211D06E49303188420DD06C49483130
:1098A000884209D06A496031884205D068497831D8
:1098B000884201D06649903140684FF480770004B7
:1098C000000C40D0B4F85C1081423CD9A4F85E0092
:1098D000D069B8422FD0216851E8000F20F4807081
:1098E00041E80002002AF6D12068083050E8001F45
:1098F00021F0010140E80012002AF5D1206808306B
:1099000050E8001F21F0400140E80012002AF5D184
:10991000C4F88C30E566206850E8001F21F0100183
:1099200040E80012002A01E04AE019E0F3D1D4F83F
:109930008000FBF7F1FD2667B4F85C00B4F85E1018
:10994000401A81B208E0B4F85C1081427FF466AF3F
:10995000D069B842FAD126672046FFF729FE56E7BC
:10996000B4F85C00B4F85E10B4F85E20401A81B21E
:10997000002AF4D00029F2D0226852E8000F20F427
:10998000907042E80007002FF6D1324F206800F1B6
:10999000080050E8002F02EA070240E8002CBCF162
:1099A000000FF3D1C4F88C30E5666567226852E891
:1099B000000F20F0100042E80003002BF6D1CAE7A8
:1099C000C60209D5560207D54FF4801038622046EA
:1099D000BDE8F041FFF770BE06060AD501F080062B
:1099E00002F40002164304D0A16F00297FF408AFEF
:1099F0000DE7420611D54A060FD52046016851E809
:109A0000002F22F0400241E80024002CF6D1C0F8DB
:109A10008830856700F024F9F9E6020206D54A008D
:109A200004D52046BDE8F041FFF745BEC00196D5FC
:109A3000002994DA2046BDE8F041FFF7EFBD0000B1
:109A4000010000102001000423BF0090100002401C
:109A500010040240FEFFFFEF10B5040003D0D4F85D
:109A6000880010B107E0012010BD002084F88400B8
:109A7000204600F027F82420C4F8880020680168F8
:109A800021F001010160A06A10B1204602F090F9B6
:109A9000204602F009FB0128E6D02068416821F445
:109AA000904141602068816821F02A01816020682E
:109AB000016841F0010101602046BDE8104002F05C
:109AC000DBB900002DE9F043B7B00646142130A8F9
:109AD000F8F7B2FFC0216846F8F7AEFF2E493068AC
:109AE000884256D100201F9001210546CDE9001083
:109AF0006846FEF7D1F808B1FBF720FB274801685C
:109B000041F010010160006800F01000359023481A
:109B10001038016841F001010160006807244FF02E
:109B20000208DFF87C9000F001000121CDE9321538
:109B3000CDE934404FF480674846CDE9307830A90C
:109B4000FDF7E4FB79103091CDE93185CDE933544F
:109B500030A94846FDF7DAFB124C2921124884E867
:109B60002300C4E9035765612046A561E5612562CC
:109B70006562FCF737FB08B1FBF7E0FAC6F88040F6
:109B800000220521A6632520FDF7D4FE2520FDF740
:109B9000C3FE37B0BDE8F08300100140F044025826
:109BA00000000258BC0300241000024070477047B8
:109BB0002DE9F8430446D0F88800984616460D462D
:109BC000202802D00220BDE8F883A5B19EB1002173
:109BD000C4F890102120C4F888001834FDF7BCFCAC
:109BE000814654F8100CA687E6872027183CB0F56C
:109BF000805F02D003E00120E5E7206910B12E4626
:109C0000002510E000260EE08021204602F076FCC0
:109C1000C0B9DEB116F8010B21688862B4F85600AD
:109C2000401EA4F85600B4F856004B464FF0000210
:109C3000CDF800800028E7D14FF04001204602F027
:109C40005DFC48B1C4F888700320BCE735F8020B0E
:109C50002168C0F30800E0E7C4F888700020B2E78C
:109C60007047FEE72DE9FC4F82468D888946934672
:109C70008820DAF800108C2300EBCB149422A6463F
:109C8000C868C0F30B4028440D59040403EBCB1003
:109C900005F47045CDE9000441F80E509C23D9F835
:109CA000004003EBCB164FF0AC0C982340F2077743
:109CB00002EBCB11A02503EBCB1205EBCB13DAF8AB
:109CC00000500CEBCB1CD5F80C80C8F30B4808F106
:109CD0000108A044019C48EA040845F80E80DAF81F
:109CE0000040B9F80C50D4F80C802058C8F30A088A
:109CF000454400F47048009844F80080DAF80040C9
:109D0000D9F80800D4F80C80C8F30A0808F1010853
:109D10008044009848EA054844F80080DAF80000DA
:109D2000445824F007044450DAF80040D9F81000F1
:109D3000605099F8310099F81810040299F832002F
:109D4000000440EA016099F8301021430143DAF839
:109D500000008151DAF80000815821F0FF018150A4
:109D6000DAF80000D9F814108150DAF80000C15870
:109D7000B943C150DAF80010D9E907021043C850BE
:109D8000DAF80010D9F8240041F80C00D9F81000D6
:109D9000C8B301283AD004283AD0022838D0032882
:109DA00036D0072834D00120DAF80030B02505EB92
:109DB000CB11B42284245D5802EBCB1205F0E025D0
:109DC0005D50D9E9003504EBCB14EB1AB9F82850F3
:109DD00043434543DAF80000DB1D43EA05434350A3
:109DE000DAF8000081586FF30A018150DAF80000B8
:109DF000D9F82C108150DAF80000015941F0010126
:109E00000151BDE8FC8FFFE70420CDE70320CBE73D
:109E10000220C9E7094808B5016841F00101016065
:109E200000680022052100F0010000900B20FDF7E2
:109E300081FDBDE808400B20FDF76EBDD8440258F7
:109E40002DE9F0411E4800211C4F012300F11808A4
:109E50004FF0120C1F268160102507600327C16098
:109E600004220374202441748174436188E84810FB
:109E700043623E2300F12808C0E90D1388E8E000A2
:109E80000823C563C0E910428464C0E91323C0E914
:109E90001521C0E91714C0E91912FCF7F7FF08B142
:109EA000FBF74CF90648FDF77CF9002803D0BDE824
:109EB000F041FBF743B9BDE8F081000000A000408D
:109EC00060000024F0B587B01C216846F8F7B4FDA7
:109ED000154800220823134D02214FF0400C0126A3
:109EE000C0E90052C0E9026320270761CD01C0F834
:109EF00014C0C0E906528E020662CF020724C0E9F0
:109F000009728DE81A0005250394CDE904510691E4
:109F10006946FFF797F808B1FBF710F903F07EFEEA
:109F200007B0F0BD404100520001002470B586B07A
:109F300014216846F8F780FD4848016841F48071B3
:109F40000160016801F480710591016841F002012E
:109F50000160016801F002010591016841F480612E
:109F60000160016801F480610591016841F004011C
:109F70000160016801F004010591016841F01001E0
:109F80000160016801F010010591016841F4007160
:109F90000160016801F400710591016841F001015F
:109FA0000160016801F001010591016841F0800143
:109FB0000160016801F080010591016841F04001F4
:109FC0000160016801F040010591016841F008015C
:109FD0000160016801F008010591016841F020016C
:109FE0000160006800221E4E202100F02000059034
:109FF0003046FDF7A6FA012230460321FDF7A1FA0B
:10A0000001246946002520208DE831003046039563
:10A01000FDF77CF960036946CDE90005114802941B
:10A02000FDF774F90C206946CDE900050E4802944D
:10A03000FDF76CF9022000946946CDE901500B4808
:10A04000FDF764F903206946CDE90004CDE9024536
:10A050003046FDF75BF906B070BD0000E0440258E1
:10A060000004025800080258001C02580000025860
:10A070009AB034216846F8F7DFFC34210DA8F8F7D0
:10A08000DBFC39480024374B2F2200F11C0140F241
:10A09000CF38022540F2A737036087234460222689
:10A0A000846040F2022CC4604FF07F09C0E9044292
:10A0B0004FF401728561C0E90B8281E8C81080F815
:10A0C000349080F8354080F83640FDF7F0FA08B15A
:10A0D000FBF734F84FF4487104954FF4F072FF2009
:10A0E0000DF1140C052783070993CDE90041CDE953
:10A0F00002424FF480668CE8D1008DF83000CDE943
:10A100000A128DF831400022174869468DF8324016
:10A11000FDF7A4FA08B1FBF711F84FF416724846A0
:10A12000C8210DF1480CCDE90D124FF4DC730F91ED
:10A130001093F0231195490018938CE8D1000B4A35
:10A14000CDE916218DF8649001228DF865400DA9A6
:10A1500005488DF86640FDF781FA08B1FAF7EEFF81
:10A16000FEE70000001000503401002400B80BC0CE
:10A1700010B588B016480024164BEF2200944FF01B
:10A18000804101940294039404940594069480E819
:10A190001600C0E903348461FFF70AF808B1FAF742
:10A1A000CDFF4FF48050009009486946FFF78AF8C8
:10A1B00008B1FAF7C3FF064804A904940694FEF711
:10A1C000A5FF002801D0FAF7B9FF08B010BD0000C4
:10A1D000DC010024FFC99A3B1A48002110B5184C35
:10A1E0000C224FF4E1330460C0E90131C160C0E9E1
:10A1F00004128161C161016241628162FFF72CFC3E
:10A2000008B1FAF79BFF0F480021FFF72EFA08B1BB
:10A21000FAF794FF0B480021FFF701FA08B1FAF7AB
:10A220008DFF0848FFF77FF908B1FAF787FFBDE80F
:10A23000104005494FF480720248FFF794B90000BE
:10A24000001001402803002428020024FEE700211A
:10A2500010B501F03FFA012010BDFEE710B5140063
:10A2600008D00878801F062807D2DFE800F0080B26
:10A27000110614140E4900F03EFB002010BD486882
:10A28000102201E048680822214603F00FFE0AE090
:10A2900048680222F8E74868002B4FF00A02F3D022
:10A2A000214603F0EEFD0028E8D0012010BD00009B
:10A2B000CAFEFFFF10B5140008D00878801F0628DA
:10A2C00007D2DFE800F0080B110614140E4900F065
:10A2D00012FB002010BD4868102201E048680822E7
:10A2E000214603F0EDFD0AE048680222F8E74868DD
:10A2F000002B4FF00A02F3D0214603F0CCFD0028DA
:10A30000E8D0012010BD0000CAFEFFFFFEB50C0022
:10A310001E46054610D0694600F04CFF00280AD0C2
:10A320000021684600F055FE40B13346224669469A
:10A330002846FFF793FFFEBD08490AE00121684661
:10A3400000F047FE10B16FF0890101E06FF0670186
:10A35000284600F0D0FA0020FEBD0000CAFEFFFF34
:10A36000704700002DE9F047454D044689464FF0FF
:10A37000000A2868C04380070AD0414E283E306852
:10A3800020F080603060FDF7E7F80746B04608E04F
:10A390000120BDE8F08700BFFDF7DEF8C01B0228F2
:10A3A00067D8D8F800000001F6D4206829684FF477
:10A3B000FE0721F47C313E0241EA00302860207A19
:10A3C000A389B4F804C040022D4D2D495B1E227CA8
:10A3D000ACF1010C1035091DA0F5007080B2521EC1
:10A3E000CCF3080C07EA034340EA0C00184306EAE2
:10A3F0000262104328600868626920F0C0001043C0
:10A4000008600A68A06922F0200202430A60281D41
:10A410000A6822F010020A6002684FF6F873E469D5
:10A420009A4342EAC40202600868B9F1000F40F0A2
:10A4300010020A6011D00868B9F1010F11D040F480
:10A4400000100860D8F80000444640F08060C8F86A
:10A450000000FDF781F805460DE0086840F4002093
:10A46000EFE740F48010ECE7FDF776F8401B022898
:10A4700001D903208DE720680001F5D5504688E713
:10A48000284402582DE9F047454D044689464FF0CF
:10A49000000A2868C04380070AD0414E283E306831
:10A4A00020F080503060FDF757F80746B04608E0CE
:10A4B0000120BDE8F08700BFFDF74EF8C01B022861
:10A4C00067D8D8F800008000F6D4208829684FF4B7
:10A4D000FE0721F07C713E0241EA00502860207A9C
:10A4E000A389B4F804C040022D4D2D495B1E227C87
:10A4F000ACF1010C1835091DA0F5007080B2521E98
:10A50000CCF3080C07EA034340EA0C00184306EAC0
:10A510000262104328600868626920F440601043BA
:10A5200008600A68A06922F4007202430A60281DCC
:10A530000A6822F480720A6002684FF6F873E469D0
:10A540009A4342EAC40202600868B9F1000F40F47D
:10A5500080720A6011D00868B9F1010F11D040F083
:10A5600080700860D8F80000444640F08050C8F879
:10A570000000FCF7F1FF05460DE0086840F480009C
:10A58000EFE740F40000ECE7FCF7E6FF401B022891
:10A5900001D903208DE720688000F5D5504688E773
:10A5A00028440258002310B50BE000BF00EBC304A1
:10A5B00064688C4204D150F833001060012010BD53
:10A5C0005B1C50F83340002CF0D1002010BD00007F
:10A5D00000B52DED028B87B00E4901236A4600F0CD
:10A5E00007FD98B19DED020BB7EEC08BB0EE480AA7
:10A5F000FAF764FDB7EEC80A07A053EC102BF7F783
:10A600005DFF012007B0BDEC028B00BD4FF0FF30B5
:10A61000F8E70000A0E400905343504920457865D6
:10A6200063757465643A205365742043757272656E
:10A630006E7420746F20252E336620410D0A0000B1
:10A640001CB5CDE900230369846A026A18680B46C9
:10A65000214602F0C3FC1CBDF0B50B4C89B011279C
:10A6600004F580764FF4807508A30AA20CA10EA011
:10A670008DE8FF000F4B04F592700F4A0F4900F070
:10A68000F1FA09B0F0BD00008004002456312E30EC
:10A690002E300000534E3132333435360000000086
:10A6A0005544503639303000554E492D5452454EA0
:10A6B00044000000F0E200904C000024F0E4009020
:10A6C00070B5064600F0BEF8064D002415F83410AB
:10A6D00019B10022304600F065FE641C042CF5DB45
:10A6E000012070BDAAE2009038B5012204466946F7
:10A6F00000F06CFC38B10098032182B2204600F0D3
:10A7000051FE012038BD4FF0FF3038BD0321024615
:10A7100010B500F03CFE0146104600F0DBFF0120C2
:10A7200010BD10B50221044600F031FE014620465E
:10A7300000F0D0FF00222046022100F033FE01206D
:10A7400010BD000070B55FF00004064606EB8405FE
:10A75000D5F8840028B1F8F797F8D5F884100246A8
:10A7600001E0012204A1304600F00FFF641C042C1C
:10A77000ECDB012070BD000030000000012202214E
:10A7800010B500F0ABFE012010BD012110B500F0A6
:10A79000A1FF012010BD20B1C16A11B1096901B149
:10A7A00008470120704738B501220446694600F089
:10A7B0000DFC38B10098012182B2204600F0F2FD74
:10A7C000012038BD4FF0FF3038BD0121024610B5E1
:10A7D00000F0DDFD0146104600F07CFF012010BDB9
:10A7E0000021024610B500F0D2FD0146104600F0EF
:10A7F00071FF012010BD0120704700001CB58DEDD8
:10A80000000B04A20446F7F76FFE2046BDE81C408B
:10A81000F8F73AB8252E31356C67000010B50848B6
:10A820000A4602A1F7F756FE002010BD2A2A53431C
:10A830005049204552524F523A2025640D0A0000DB
:10A840001000002410B504463C3002F02FF92046D9
:10A85000BDE8104000F01EB808B500213C30ADF84E
:10A860000010694602F027F9BDF9000008BD70B577
:10A8700004220D460021044600F030FEE06A002864
:10A8800007D00268002A04D029462046BDE870405F
:10A89000104770BD10B50446FFF7DEFF002815D144
:10A8A0000021204600F073FD40070FD5042220460A
:10A8B000002100F05FFDE06A002807D00268002A4E
:10A8C00004D02046BDE810400021104710BD3C30A8
:10A8D00002F0F5B810B5044659B154B10020088013
:10A8E00004F13C0002F002F92046FFF7D3FF0120FB
:10A8F00010BD002010BD00231A4600F001B8000072
:10A900002DE9F84F0C46054622B11BB9FF21104630
:10A91000FAF730F805F13C0069460646ADF800400C
:10A9200002F0A5F8DFF874A04FF0010948B34846DB
:10A93000DFF86C805FF0000680F0010706EB46014F
:10A9400038F91120A2420ADB08EB4100B0F90210ED
:10A95000A14204DC82880221284600F0BFFD761C5B
:10A96000092EEBDB21462846FFF781FF1FB1514638
:10A970002846FFF77CFF002D01D085F83990BDE80F
:10A98000F88F6946304602F0CFF869463046ADF898
:10A9900000A002F06CF80020CAE70000A2FEFFFF52
:10A9A00060E2009010F1830F3ED018DC10F1C80F68
:10A9B00042D00ADC00F580706B3045D00D2841D0C4
:10A9C00035283DD08B281FD138E010F1AA0F31D0A7
:10A9D00010F1970F2CD010F18A0F15D126E010F14D
:10A9E000680F19D009DC10F1710F1BD010F16D0F39
:10A9F00016D010F16C0F07D110E010F1670F09D0DD
:10AA000010F1650F04D008B110A0704713A0704773
:10AA100015A0704719A070471DA0704720A070476F
:10AA200025A0704729A070472DA0704730A070471F
:10AA300034A0704738A070473CA070473FA07047D3
:10AA400044A0704747A070474AA07047556E6B6E90
:10AA50006F776E206572726F720000004E6F206516
:10AA600072726F7200000000496E76616C6964203A
:10AA7000636861726163746572000000496E76619B
:10AA80006C696420736570617261746F720000009C
:10AA9000446174612074797065206572726F720010
:10AAA000506172616D65746572206E6F7420616CA7
:10AAB0006C6F7765640000004D697373696E672081
:10AAC000706172616D65746572000000556E646539
:10AAD00066696E65642068656164657200000000E7
:10AAE000496E76616C6964207375666669780000EA
:10AAF000537566666978206E6F7420616C6C6F7731
:10AB000065640000496E76616C69642073747269D3
:10AB10006E67206461746100457870726573736953
:10AB20006F6E206572726F72000000004578656379
:10AB30007574696F6E206572726F7200496C6C6516
:10AB400067616C20706172616D65746572207661F9
:10AB50006C75650053797374656D206572726F72E0
:10AB6000000000005175657565206F766572666C32
:10AB70006F770000496E7075742062756666657245
:10AB8000206F76657272756E000000002DE9FF4F30
:10AB900089B0814616464FF00004DDE918A7DDF8BC
:10ABA0005C800C9878B171B16FB15FEA0A0004D093
:10ABB000169840B15FEA080005D00878102804D044
:10ABC0006FF0670113E0264911E048684022401CFD
:10ABD00003900490886806A9801E059003A802F0DF
:10ABE000A8FE6FF0A90B08B1002524E0594648469D
:10ABF000FFF781FE01200DB0BDE8F08F01D1514675
:10AC000000E00021CDF80080CDE90117169B03A9D3
:10AC10000C9A484601F068FE040004D0012C17D0BD
:10AC2000022C10D018E0B54204D006A903A802F007
:10AC3000D5FC18B16D1CB542E0DD0DE003A802F0B3
:10AC400020FD58B1022403A802F01BFD30B103E03F
:10AC500059464846FFF74FFE2046CCE70124F7E768
:10AC6000CAFEFFFF2DE9F05F1D4616460F4604465B
:10AC7000DDF844B09821DDF828A0DDE90D98F7F75C
:10AC8000DBFEC4F884A0002127605A46E662E56531
:10AC90000B98C4F888000C98C4F80C80C4E9230908
:10ACA0000F98C4E9010110992046BDE8F05FFFF755
:10ACB0000EBE00002DE9F04704464FF000061700D5
:10ACC0004FF001093546D4E902200ED063689B1A83
:10ACD0005B1E9F4212DDA6606FF4B57106702046C0
:10ACE000FFF709FE0020BDE8F0878654D4E9022171
:10ACF000204600F0ADFA8146A66031E010443A46A5
:10AD0000F7F7E1FDD4E9020104F164083844A060DA
:10AD100001F80060D4E902104A1B4119404602F0D4
:10AD2000ADFE94F880100544012904D094F8640025
:10AD30001A2811D011E0E1682A46204600F088FA6E
:10AD40008146D4E902104A1B4119F7F701FEA068B9
:10AD5000401BA0600025DDE711B1A068A842D9D84A
:10AD60004846C0E72DE9F84316001F460B468046CB
:10AD7000089D16D0AFB1A5B130780024A8B1916874
:10AD80006A461846FFF70EFC68B100992A46384615
:10AD9000F7F779FE691E3846F9F7ECFD3C54BDE83B
:10ADA000F8830020FBE73C70FBE796ED020B294699
:10ADB0003846FFF723FD0446401CA84229D2337CC5
:10ADC000D8F85C1029B30020B7EE000B24E0167908
:10ADD0009E4220D192ED021BB4EE401BF1EE10FA20
:10ADE00019D101EB001000685FEA000811D02A1B9E
:10ADF00038460CA11646F7F71CFDA41CAC4204D241
:10AE0000721E41463846F7F714FD3846F7F73CFD09
:10AE100004462046C3E7401C01EB00121668002ED2
:10AE2000D5D1F6E720000000FEB50D001446064619
:10AE300012D08CB11A46694600F0BCF900280AD03D
:10AE40009DF800100D2909D06FF067014FEA060048
:10AE5000FFF751FD0020FEBD0349F9E70199296084
:10AE600002992160FEBD0000CAFEFFFF7FB50D0004
:10AE7000064617D0694600F09DF904000FD09DF8F2
:10AE800000000A2813D00D4A03AB6946304600F093
:10AE900025F9040003D0039800B101202870204652
:10AEA00004B070BD0649FFF726FD0020F8E703AAAD
:10AEB0006946304600F078F9EDE70000CCE20090FA
:10AEC000CAFEFFFFFEB50D00144606460DD064B164
:10AED0001A46694600F06EF9002805D023462A4636
:10AEE0006946304600F0FAF8FEBD0249FFF703FD5F
:10AEF0000020FEBDCAFEFFFFFEB516461D460C0033
:10AF00000746089A13D095B1694600F053F902003C
:10AF10000BD09DF800000E280ED00F280ED06FF039
:10AF200067013846FFF7E7FC00221046FEBD1049D6
:10AF3000FFF7E1FC0020FEBD272300E022230120D3
:10AF400000210BE0B0420DD2019F3F5C6754019F8E
:10AF5000491C3F5C9F4200D1401C401C029F7F1E49
:10AF60008742EFD8B1422960DFD200206054DCE78D
:10AF7000CAFEFFFFFEB50D0006460FD0694600F081
:10AF800019F904001DD00021684600F022F850B1E4
:10AF90002A466946304600F0DFF812E00A49FFF71A
:10AFA000AAFC0020FEBD0121684600F012F810B195
:10AFB0006FF0890101E06FF067013046FFF79BFCFD
:10AFC00000242046FEBD0000CAFEFFFF0123FFF75C
:10AFD0009DB90078801F062808D2DFE800F003033F
:10AFE000030703050120704708467047002070479B
:10AFF0002DE9F041140088468AB007461DD01A4654
:10B00000694600F0D7F805001BD001980390049022
:10B01000029805909DF80000801F052803D80020A5
:10B020002074012520709DF80000801F06280FD293
:10B03000DFE800F017190C0A0A0A2749FFF75BFC42
:10B0400000200AB0BDE8F0810A2100E0022161740D
:10B05000062804F108063BD2DFE800F007070726C0
:10B06000070D1021F3E70821F1E73246694638461B
:10B0700000F072F82DE006A903A802F0C3FA06A9B1
:10B0800003A802F0E8FC06A903A802F0A7FC3246D8
:10B090006946384600F060F8DDE907122346384675
:10B0A00002F03AFF054614E006A903A802F0D3FC1B
:10B0B00006A903A802F04DFA09AB424606A9384694
:10B0C00000F00CF80546012020700998A06000E00F
:10B0D00000252846B5E70000CAFEFFFF2DE9F84F1E
:10B0E000150098460E4682464FF0000708D0B8F18A
:10B0F000000F05D03078092809D06FF0670123E0F0
:10B1000014495046FFF7F7FB0020BDE8F88F0024F4
:10B11000A14613E0F7F7B8FBCDF80090014655F8CB
:10B120003400D6E9012302F051F830B105EBC40038
:10B1300001274168C8F8001009E0641C55F8340084
:10B140000028E7D16FF0DF015046FFF7D4FB384607
:10B15000DBE70000CAFEFFFF7CB5140008D00A78C8
:10B16000921F062A1BD2DFE802F00808081A131300
:10B170000C49FFF7C0FB00207CBD6A4600F017F8C1
:10B180000546DDE9000102F04FFFC4E9000107E0D8
:10B190004868214602F09FFE08B1012500E0002525
:10B1A00028467CBDCAFEFFFF0123FFF757B80023E6
:10B1B000FFF780B82DE9F0410D001646044610D087
:10B1C0000021284601F036FD04F11400E26907462B
:10B1D000D0E90013114499420AD826B16FF06C01EE
:10B1E0002FE01A492EE0092028700020BDE8F081E8
:10B1F000616B59B1294602F0F1F9287830B100218C
:10B20000284601F017FD6FF066011AE0606B2946D1
:10B21000401C6063384602F0BBFC2878801F0B2876
:10B2200009D2DFE800F0060606060606080606064E
:10B2300006000120DAE70021284601F0FBFC6FF050
:10B2400096012046FFF757FBCFE70000CAFEFFFF3D
:10B250002DE9F04F04004548904689468DB04FF0E7
:10B26000010AD0E90621006A0292CDE903101CD040
:10B2700001210020206304F1640584F8381042465F
:10B280004946284602F0FAFB06462878192810D0CD
:10B29000A868002852DD02A8294601F0C2FB6868B0
:10B2A00000270790A86806902DE000200DB0BDE8AB
:10B2B000F08F6FF064012046FFF71DFB3CE000219A
:10B2C000009103EB820B0B460191DDE9062101F0B1
:10B2D00085FEB8B1C4F810B0002128696061A06192
:10B2E0006869E0616868C4E90910A86820622046BE
:10B2F00002F04EF800EA0A0A95E88C0002A880E8FD
:10B300008C001BE07F1C236807EB470253F82200E8
:10B310000028D4D1334600E05B1E3BB109EB0300AB
:10B3200010F8010C0D28F7D00A28F5D06FF0700145
:10B330004A462046FFF7E4FA4FF0000A464503DA92
:10B34000B144A8EB06089AE794F8380058B90222ED
:10B35000204607A102F020FE200004D0C16A11B1EE
:10B36000C96801B188475046A0E70000CCE20090D0
:10B370000D0A000010B50B46044600F008F820EA5C
:10B3800002022046BDE81040194600F00BB80A2919
:10B3900005D220B100EB4100B0F848007047002012
:10B3A000704700002DE9F05F0A2914460E46054655
:10B3B00077D2002D75D0DFF8208108F1140900BF85
:10B3C00008EB460105EB46034F78B3F8482018F820
:10B3D000161009EBC707A24238687F6879D00729A1
:10B3E000A3F8484070D2DFE801F0040423743F74EE
:10B3F0007400B5F84A00B5F8481020F0400321F079
:10B400004000184211D024EA0200204241F04002DC
:10B41000A5F8482058D028004FF0010154D0C36A45
:10B42000F3B39B68E3B398474EE0A5F848004BE0C0
:10B43000C0F307210B2903D02846FFF7A8FF01E03E
:10B440004FF6FF70044201D0012200E0002228469E
:10B45000C7F307210E46FFF79AFF12B140EA1744DF
:10B4600032E020EA17402EE0010E0B29C6B202D1CD
:10B47000F8B20B2821D04FF0000A0B29D34603D095
:10B480002846FFF784FF8246F9B20B2903D02846ED
:10B49000FFF77DFF8346624002EA04039A4301E01E
:10B4A00012E016E031462846FFF771FF03EA0A036F
:10B4B00002EA0B021343184305E031462846FFF722
:10B4C00066FF944320430446C7F307200B287FF40C
:10B4D00077AFBDE8F09F000096E2009010B50B46F4
:10B4E0000446FFF754FF02432046BDE810401946CA
:10B4F000FFF758BF2DE9F0410D46144606461146A8
:10B5000000F022F8074622462946304600F004F8AB
:10B510003844BDE8F081000010B5D0F89430934273
:10B5200004D20849FFF7E7F9002010BD9B1AC0F8C4
:10B53000943002D1036B5B1C0363BDE8104002F042
:10B540002BBD0000CAFEFFFFFEB50A230D460646CE
:10B550006C4623201A46A11C8DF80000284600F0F6
:10B5600015F9A01CF7F790F9044630308DF801006A
:10B570003046C6F8945002F017FDA21C05466946F5
:10B58000304602F009FD2844FEBD2DE9F041154684
:10B590000E46044602F008FD07462A46314620467C
:10B5A00002F0FAFC216B3844491C2163BDE8F081AC
:10B5B00070B588B0044620216846FFF71FF905469C
:10B5C000204602F0F1FC06462A466946204602F073
:10B5D000E3FC216B3044491C216308B070BD0000BE
:10B5E0002DE9FC5FFF260C468346B1F90000FFF70A
:10B5F000D9F90090F7F748F901905846B4F90010CE
:10B6000000F068F80446584602F0CEFC0444584660
:10B6100001222FA102F0C0FC00EB04096F460024B8
:10B6200001AD48E055F82410B1422CD945F824600A
:10B6300029E000BF57F82410AAEB010808F101081F
:10B64000B04506D355F82400401E761E45F8240068
:10B6500023E04246584602F09FFC814458460122AE
:10B660001BA102F099FC814455F82400A6EB0806C2
:10B67000A0EB0800761E0AF1010145F82400B04253
:10B6800047F82410D2D855F8241011A257F82400F6
:10B6900002F02CFC5FEA000ACCD155F82420584671
:10B6A00057F8241002F078FC55F82420641C8144DB
:10B6B000A6EB020603D1009909B1002EB2D10122F6
:10B6C000584603A102F068FC4844BDE8FC9F000016
:10B6D0002200000001230A2201F0AEBE0022072151
:10B6E00010B5FFF75FFE012010BD38B501220446FA
:10B6F0006946FFF76BFC28B10098082182B220460A
:10B70000FFF750FE012038BD10B508210446FFF7B1
:10B710003EFE01462046FFF7DDFF012010BD10B5BB
:10B7200007210446FFF733FE01462046FFF7D2FF0C
:10B73000002220460721FFF735FE012010BD002121
:10B7400010B5FFF7C7FF012010BD10B50446FFF785
:10B7500083F801462046FFF7BDFF012010BD38B534
:10B7600004466946FFF7B6F869462046FFF738FFFA
:10B77000012038BD062203A110B5FFF706FF012006
:10B7800010BD0000313939392E30000038B50024A1
:10B79000009400F0FDFE38BD10B504486423144643
:10B7A00092B2FEF705FA204610BD000028030024DF
:10B7B0007047704770B59CB04C216846F7F73CF96C
:10B7C000202113A8F7F738F90220FCF7E5F8214803
:10B7D00000242149026842F44042026002680A687B
:10B7E00042F001020A60096801F001011B91016841
:10B7F0008904FCD50DF1280C0825022009900523A9
:10B80000C0268CE84900CDE90D05C2030F90012147
:10B810006846CDE91054CDE900121294FDF750F9B5
:10B8200008B172B6FEE740201A903F210301CDE92E
:10B8300016500322CDE9180313AB13A883E81600B2
:10B840000421FCF7FFFE002801D072B6FEE71CB011
:10B8500070BD0000184802582C0400583348F0B559
:10B86000334A016841F470010160106800F00F0074
:10B87000072804D2106820F00F00C01D10602D4969
:10B8800000202C4C10340B682B4D43F001030B604F
:10B8900020600B682B400B60136803F00F03072B2D
:10B8A00004D9136823F00F03DB1D1360214C234AD6
:10B8B0001834234B261D371D20601E4C214D283483
:10B8C0003060261D3860371D23603B1D35601C1D10
:10B8D0003A60251D2E1D1860331D226028603260DD
:10B8E00018600A68134B184C22F4802260330A60F7
:10B8F000186020686FF30F00B0F1005F03D21349A6
:10B900000120C1F808010B48D4300168C9040BD4E8
:10B91000026843F2D2010E4B42F480520260196079
:10B92000016821F480510160F0BD000088ED00E065
:10B9300000200052004402587FEDF6EA8002010127
:10B94000000202020000FF010010005C00800051B4
:10B95000004000521CB50023044601AA6946FFF7C7
:10B9600063FA20B1DDE900122046FFF7C3FD012094
:10B970001CBD000038B50BA104460D48F6F7AAFD22
:10B98000012269462046FFF771FA38B19DF8002080
:10B9900008A10748F6F79EFD012038BD4FF0FF30A3
:10B9A00038BD0000544553543A424F4F4C0D0A00E5
:10B9B000100000240950313D25640D0A00000000EC
:10B9C0002DE9F14FA6B000240122269822A9FFF705
:10B9D000F1FB002871D021AD4FF0010A002000904A
:10B9E000019020ABCDE9020522A902462698FFF777
:10B9F000CDF8002861D1042683460DF170091EAFF1
:10BA00005A46CDE90265269820ABCDE9009722A9D8
:10BA1000FFF7BCF89DF8800038B11E991C988E463F
:10BA200088421DDD4FF0FF311BE02198012802D034
:10BA3000022809D04CE004A81C9A00EBC4030021A2
:10BA400040F83420596007E004A81C9940F83410ED
:10BA500000EBC4011D984860641C0C2C38D243E0F4
:10BA60000121219A009100210191022A02D0012A8C
:10BA700024D032E01F9B1D99994202DD4FF0FF3127
:10BA800002E002DA4FF001018A46DDF8741004ABDF
:10BA90004FF0000C03EBC40843F8340004F1010438
:10BAA000C8F804100C2C13D2DDF87C80884514D023
:10BAB000BCF1000F5144EDD00FE025E004A90023B4
:10BAC00041F8340001EBC401641C0C2C4B6004D31E
:10BAD0004FF0FF3027B0BDE8F08F864504D00099C5
:10BAE000084401990029C0D00BF10100CDE902659D
:10BAF000CDE9009720AB834622A902462698FFF79E
:10BB000045F800283FF47CAF10480CA1F6F7E2FCA2
:10BB1000002504AE0AE000BF06EBC50056F835204C
:10BB20000BA143680948F6F7D5FC6D1CA542F3D379
:10BB3000064809A1F6F7CEFC0120CBE75445535443
:10BB40005F4368616E6C73743A200000100000243B
:10BB500025642125642C20000D0A00001CB50D4928
:10BB6000012304466A46FFF7ADF980B1094801AAEE
:10BB70000099FEF717FD0C4807A1DDE90032F6F742
:10BB8000A9FC00992046FFF7A5FD01201CBD4FF040
:10BB9000FF301CBD2C0000240950313D25732028A6
:10BBA000256C64290D0A0000100000241CB5012337
:10BBB00069460222FEF744FD094803A1DDE900239E
:10BBC000F6F788FC01201CBD54455354206E756D5A
:10BBD000626572732025642025640D0A0000000050
:10BBE0001000002410B59CB0002464221AAB00940D
:10BBF00001A9FFF781F908B98DF8044001AA0848A6
:10BC000002A1F6F767FC1CB0012010BD5445585442
:10BC10003A202A2A2A25732A2A2A0D0A000000001F
:10BC2000100000240148FDF7CCBB000034040024C0
:10BC30002DE9F047294B4FF0804A294D0268984280
:10BC4000284E294F294C09D0504507D0A84205D08D
:10BC5000B04203D0B84201D0A04205D1D1F804C00F
:10BC600022F070024CEA0202DFF884C0DFF8848020
:10BC70009842DFF884900FD050450DD0A8420BD0E9
:10BC8000B04209D0B84207D0A04205D0604503D0E9
:10BC9000404501D0484503D1CD6822F440722A4383
:10BCA0008E684D6922F08002C6620E682A4398426F
:10BCB000866207D0A04205D0604503D0404501D040
:10BCC000484501D1096901630368012143F0040378
:10BCD000036041610260BDE8F087000000000140A0
:10BCE0000004004000080040000C00400004014037
:10BCF00000400140004401400048014042EA032264
:10BD000083680A4323F47F410A438260704700003E
:10BD1000034B82681A400A4342F007018160704772
:10BD20008FFFCFFF10B5036A046A23F00A0324F0E3
:10BD30000104046284690B4324F0F00141EA02111A
:10BD40008161036210BD10B5036A046A23F0A00389
:10BD500024F010040462846943EA011124F470435E
:10BD600043EA02328261016210BD000030B5416ECB
:10BD7000B9B101680D4B03F108048A688968C2F300
:10BD80004262490F5D5C615C2D01B5FBF1F1A0F8E9
:10BD90006A10995CA25C0901B1FBF2F1A0F868108D
:10BDA00030BD0121A0F86A10F8E7000040E20090E1
:10BDB00090F82810090706D50168836B4A6822F4B9
:10BDC00000421A434A6090F82810C90706D001685B
:10BDD000C36A4A6822F400321A434A6090F8281075
:10BDE000890706D50168036B4A6822F480321A433A
:10BDF0004A6090F82810490706D50168436B4A68E5
:10BE000022F480221A434A6090F82810C90606D509
:10BE10000168C36B8A6822F480521A438A6090F8E2
:10BE20002810890606D50168036C8A6822F400523E
:10BE30001A438A6090F82810490611D50168436CAE
:10BE40004A6822F480121A434A60416CB1F5801F9F
:10BE500006D10168836C4A6822F4C0021A434A6022
:10BE600090F82810090606D50168C26C486820F4CD
:10BE700000201043486070472DE9F8430025044630
:10BE8000C0F89050FBF768FB8046206820266FF0D2
:10BE90007E470068000713D5002243463104204640
:10BEA000009700F02BFB58B1216851E8000F20F0FB
:10BEB000800041E80002002AF6D1C4F8886021E041
:10BEC00020680068400722D5002243464FF48001D5
:10BED0002046009700F012FBC8B1206850E8001F10
:10BEE00021F4907140E80012002AF6D12068083051
:10BEF00050E8001F21F0010140E80012002AF5D1AE
:10BF0000C4F88C60032084F88450BDE8F883C4F83A
:10BF10008860C4F88C60E5662567002084F884504A
:10BF2000F3E710B5806B0021A0F85E10FDF7C5FBAC
:10BF300010BD70B5846B00252168D4F88800D4F852
:10BF40008C608968090606D5212804D1A4F85650CA
:10BF5000204600F091F820688068400606D5222E21
:10BF600004D1A4F85E50204600F05CF8D4F89000AC
:10BF700040F01000C4F890002046FDF79EFB70BD15
:10BF800010B5C1690022806BB1F5807F2DD0A0F87B
:10BF90005E20036853E8001F21F4807143E8001419
:10BFA000002CF6D10168083151E8003F23F001036D
:10BFB00041E80034002CF5D10168083151E8003F18
:10BFC00023F0400341E80034002CF5D12021C0F8D3
:10BFD0008C10C16E012908D1016851E8003F23F09F
:10BFE000100341E80034002CF6D10267C16E01292C
:10BFF00002D0FDF7DBFD10BDB0F85C10FDF7D8FAFC
:10C0000010BD10B5806B01210167C16E012902D0FE
:10C01000FDF7CDFD10BDB0F85C104908FDF7C8FA7A
:10C0200010BD000010B5026852E8001F21F49071A5
:10C0300042E80013002BF6D10E4B0268083252E89A
:10C04000001F194042E80014002CF6D1C16E0129EE
:10C0500008D1026852E8001F21F0100142E80013E5
:10C06000002BF6D100212022C0F88C20C166416748
:10C0700010BD0000FEFFFFEF026852E8001F21F034
:10C08000C00142E80013002BF6D10168083151E8E5
:10C09000002F22F4000241E80023002BF5D12021DB
:10C0A000C0F88810704700002DE9F043044680680E
:10C0B000D84E87B0D84B2168D4E90427D4F81CC0E7
:10C0C00010430A68002547EA0C0738433240024310
:10C0D0000A602068E268416821F4405111434160E0
:10C0E0002268A1699A4201D0206A01439768DFF86B
:10C0F0002CC3CB4ECB4807EA0C070F43976021684F
:10C10000676ACA6A22F00F023A43CA622268B242E0
:10C110000ED1006800F03800182873D047DCB8B39F
:10C12000082879D010286FD178E028287ED17BE0CC
:10C13000BD498A4209D1006800F00700062875D27F
:10C14000DFE800F0546A6C6E7072B8498A4209D117
:10C15000006800F00700062868D2DFE800F0475DBD
:10C160005F616365B2498A4209D1006800F0070047
:10C1700006285BD2DFE800F03A5052545658AD49D9
:10C180008A420BD1006800F0070006284ED200E07A
:10C1900010E0DFE800F02B4143454749A6498A42B9
:10C1A0000AD1006800F03800182839D0B7DD2028FF
:10C1B000BBD13CE001203AE0A0498A4209D10068A5
:10C1C00000F00700062831D2DFE800F01026282A08
:10C1D0002C2E9B498A420BD1006800F007000628EC
:10C1E00024D2DFE800F003191B1D1F2100201EE0F0
:10C1F0009A421BD18B48001D006800F007000628FA
:10C2000014D202E00CE007E010E0DFE800F00305E4
:10C2100007090B0D02200AE0042008E0082006E0D0
:10C22000102004E0202002E0402000E0802085492A
:10C23000DFF814829A42854A4FF400434FEA2117EF
:10C240004FF000064ED110281AD006DC022809D083
:10C2500004280BD008287CD10DE020283ED04028AF
:10C2600077D13DE0FBF7C2FB014610E06846FBF7E3
:10C27000CFFB01990BE003A8FBF76CFC049906E0E7
:10C280001068800605D51068C0F3C100C1400029C0
:10C2900070D0606A676838F8102007EB4703B1FB7D
:10C2A000F2F0834255D8B0EB073F52D8002308463E
:10C2B0001946F6F78BF802467808130E120243EA85
:10C2C000012110183A4671410023F6F77FF8604AC1
:10C2D000A0F5407191423CD821688FE03946D8E7FB
:10C2E0001946D6E7D4F81CC04FF6EF799C4546D1E5
:10C2F000082819D005DC58B101280CD0042875D1C4
:10C300000DE0102815D0202835D040286ED134E01B
:10C31000FCF716FB01E0FCF725FB014610E0684640
:10C32000FBF776FB01990BE003A8FBF713FC0499DC
:10C3300006E01068800604D51068C0F3C100C14053
:10C34000C1B1636A606838F81330B1FBF3F149009A
:10C3500000E04BE001EB5001B1FBF0F0A0F1100167
:10C36000494543D84FF6F0732168C0F342021840A4
:10C37000104343E043E03946E3E71946E1E7082884
:10C3800019D005DC58B101280CD004282ED10DE0BD
:10C39000102815D020282BD0402827D12AE0FCF7E0
:10C3A000CFFA01E0FCF7DEFA014610E06846FBF741
:10C3B0002FFB01990BE003A8FBF7CCFB049906E0E7
:10C3C0001068800604D51068C0F3C100C140B1B147
:10C3D000636A606838F81330B1FBF3F101EB500188
:10C3E000B1FBF0F0A0F11001494505D9012506E0A7
:10C3F0003946EDE71946EBE7216880B2C8600120B5
:10C40000A4F86A00A4F8680028466667A66707B023
:10C41000BDE8F083F369FFCF000C0058FFF4FF1173
:10C4200000100140544402580044004000480040BD
:10C43000004C0040005000400014014000780040D3
:10C44000007C00400090D00328E200900044025895
:10C45000FFFC0F0070B50446D0F8800000232225B1
:10C46000A165A4F85C20C4F89030C4F88C50F0B1F9
:10C470001F49C163D4F880101E480864D4F88010A6
:10C480001D48C864D4F8800003651346A56D216873
:10C49000D4F880002A462431FAF786F838B1102102
:10C4A000C4F890102020C4F88C00012070BD2069D1
:10C4B00040B1216851E8000F40F4807041E800026B
:10C4C000002AF6D12068083050E8001F41F0010131
:10C4D00040E80012002AF5D12068083050E8001F1B
:10C4E00041F0400140E80012002AF5D1002070BD63
:10C4F00081BF009003C0009033BF00902DE9F0474A
:10C50000994617460D460446089E4FF0000833E052
:10C51000701C31D0FBF720F8A0EB0900B04218D80E
:10C52000BEB120680168490726D5802D24D0402D52
:10C5300022D0C169C94309070DD4082505622046E8
:10C54000FFF770FDC4F89050012084F88480BDE8A6
:10C55000F0870320FBE7C069C04300050CD42168C5
:10C560004FF4006008622046FFF75CFD2021C4F80C
:10C57000901084F88480ECE72068C06935EA0000F8
:10C5800004D00020B842C3D00020E0E70120F9E742
:10C590002DE9F04186B01D4616460F46142204468A
:10C5A000DDF8308026A16846F6F714FA002144B180
:10C5B000022D0CD0082D0DD0102D0ED025480A25A7
:10C5C0000DE0002E33D93020387001212FE04FF0DC
:10C5D000004004E04FF0804001E04FF08050B8F19F
:10C5E000000F0DD0221E0BDA0A2D09D15442002E65
:10C5F00006D92D223A70012102E000BFB0FBF5F010
:10C60000B4FBF0F2002AF9D04FEA0D03B4FBF0F2CC
:10C61000B142D2B204D213F802C007F801C0491CDB
:10C6200002FB1044B0FBF5F008B1B142EED3B142C9
:10C6300001D20020785406B00846BDE8F081000021
:10C640003031323334353637383941424344454648
:10C650000000000000CA9A3B0148FDF72FB8000017
:10C6600028030024FEE710EE101A10B50A0E02701F
:10C670000B0C43700C0A8470C17010BD03B4019898
:10C680004100009850EAC12018BF04204A0D18BF8D
:10C6900040F0010040F2FF72B2EB515F08BF40F082
:10C6A0000200012808BF052002B0704709070028D2
:10C6B0004FEA116104DB00F1E02080F800147047BC
:10C6C00000F00F0000F1E02080F8141D704700001A
:10C6D00030B52DED068B81B0B0EE409B6A4651EC33
:10C6E000190B00F04DFAB7EEC98B00989FED2AABFD
:10C6F0007E30009000281BDCB4EE4A9BF1EE10FA6D
:10C7000016D0002140F608004FF0000040F6080166
:10C71000014040F608004FF000009FED210AB4EE02
:10C72000408AF1EE10FA04BF0220F7F725F82AE05C
:10C73000FF2828DB002108464FF00000B4EEC9AB0B
:10C7400000F44005F1EE10FA94BF01240024022009
:10C75000F7F712F89FED138A4DB1002C0CBF4FF480
:10C7600000004FF48000A84218BF9FED0F8A0421FB
:10C7700008464FF00000002C01BFB1EE480A01B09E
:10C78000BDEC068B30BDB0EE480A01B0BDEC068BA7
:10C7900030BD0000000000000000000000000000AC
:10C7A000000000000000807FFFFF7F7F000000008E
:10C7B00000B583B09FED060B0A4601468DED000BD8
:10C7C0006846F6F7C9FC9DED000B03B000BD000004
:10C7D00000000000000000009FED030B20EE000BA6
:10C7E0007047000000000000000000000000007022
:10C7F0009FED030B20EE000B7047000000000000CF
:10C80000000000000000001010B5044691ED000B80
:10C81000FFF75EFF84ED000A10BD0000000000007D
:10C8200030B504462DED048B85B040F2FF7590EDD8
:10C83000008B0A4618EE900A8DED008B35EA1050F9
:10C840001EBF9FED239BB4EE498BF1EE10FA23D06F
:10C8500051EC180B01F069FC41EC180B18EE900A32
:10C860008DED008B35EA10501CD0B4EE498BF1EE03
:10C8700010FA11D10220F6F77FFFFFF7B9FF10EE93
:10C88000901A18EE900A8DED000B8DED028B61F37E
:10C890001E0001909DED008B84ED008B05B0BDEC7A
:10C8A000048B30BD0220F6F767FFFFF795FF10EE0F
:10C8B000901A18EE900A8DED000B8DED028B61F34E
:10C8C0001E0001909DED008BE6E7000000000000D7
:10C8D000000000000000000030380A2801D20120CA
:10C8E00070470020704770472DE9F04387B09C46A1
:10C8F0008146144601A80E46DDE90F75DDF8388043
:10C9000062463B460090484600F024F828B10228D1
:10C9100000D1012007B0BDE8F08302A9304600F045
:10C920004CFE88B10120207005A93B46424648468E
:10C930000091314600F00EF80028EAD1059A0199DD
:10C940009142E6D12960E5E7002020700198286037
:10C950000020DFE72DE9FE4300241D4616468846E9
:10C960000A9F81466946404600F04CFE98B1AC42B1
:10C9700005D206EB840269464846FEF715FC2122E3
:10C980006946404600F0D5FF002804F10104E9D1D2
:10C990003C60BDE8FE830CB10120FAE70220F8E715
:10C9A00010B59942144604D11A462146F5F753FFB3
:10C9B00008B1002010BD012010BD2DE9F8430C4640
:10C9C0001D46A3421746DDF820804FF0000602D234
:10C9D0000020BDE8F8830A463946F5F73CFFF0B978
:10C9E000B8F1000F4FF0010617D0AC4217D038193C
:10C9F00069460A2201F045FA2044A84201D00026E7
:10CA00000DE00099C8F8001009E0F5F7D7FC395D92
:10CA10000068405C2028F2D1641CAC42F5D330465B
:10CA2000D7E770B5B1B14C68A4B18D6895B14368D2
:10CA3000DBB18268CAB126782A2E16D03A2E14D0DD
:10CA40001E782A2E11D0561E9E5D3A2E04D0521EFC
:10CA5000F9D10AE0002070BD3AB11544A31AC1E92A
:10CA6000013541681846F5F773FF012070BD0B468C
:10CA7000024610B500F030F8B0B9ABB1B2F9001011
:10CA800090681B8800EB41000380B2F90010B2F9F6
:10CA90000630491C908891FBF3F4401C90800120E3
:10CAA00003FB1411118010BD002010BD0021018076
:10CAB00041808180704780880880012070478160B4
:10CAC0000023C2800380438083807047808808B140
:10CAD0000020704701207047B0F90410B0F906003B
:10CAE000814201D10120704700207047024610B5F5
:10CAF000FFF7ECFF08B1002010BD31B1B2F90230F0
:10CB0000906800EB430000880880B2F90210B2F987
:10CB10000630491C908891FBF3F4401E9080012060
:10CB200003FB1411518010BD024610B5FFF7CEFF74
:10CB300008B1002010BDB2F90030B2F9060003447C
:10CB4000A3F1010393FBF0F400FB143000B210805A
:10CB500021B1936803EB4000008808809088401E54
:10CB60009080012010BD00000349CA695206FCD51F
:10CB7000C2B28A627047000000100140000000004D
:10CB800082B04FF0000CCDE90001009BC2F800C05C
:10CB9000DFF864C021F00040604529DA034327D064
:10CBA000B0F5801FA8BF13680EDA9DED000B9FED56
:10CBB000141B6FF0350320EE010B10EE901A8DED73
:10CBC000000B136021F00040DFF83CC06FF31E51F2
:10CBD0000CEB20501844106041F0FF5040F0005022
:10CBE00001909DED000B00BF51EC100B02B070479F
:10CBF0009DED000BF8E700000000F07F0000000052
:10CC0000000000000000504302FCFFFF022805D096
:10CC1000082805D0102805D00020704702A07047D2
:10CC200002A0704702A07047234200002351000079
:10CC30002348000000231A22C0E901130270704744
:10CC400040680078884201D1012070470020704779
:10CC50000168D0E901021144814201D801207047E6
:10CC6000002070472DE9F0472E4D4FF40059DFF8B2
:10CC7000B8804FF00107DFF8B4A04FF000042C4E4D
:10CC800008B12F7002E02878012813D10121404615
:10CC9000FAF752FCA0B908213046FAF74DFC78B1FA
:10CCA00004213046FAF748FC50B149465046FAF79D
:10CCB00043FC28B101214046FAF73EFCF0B12DE0DB
:10CCC0000A20F9F7BFFD0020494628705046FAF7C0
:10CCD00033FC00B9042430460421FAF72DFC00B9D6
:10CCE000032430460821FAF727FC00B90224404605
:10CCF0000121FAF721FC88B101240FE00821304618
:10CD0000FAF71AFC50B104213046FAF715FC28B1A5
:10CD100049465046FAF710FC00B12F702046BDE896
:10CD2000F087000028000024000002580008025884
:10CD3000001C0258F0B587B014216846F5F77CFE58
:10CD40001848016841F002010160016801F0020128
:10CD50000591016841F0020101600068012500268B
:10CD6000114F0224694600F002000590CDE900450C
:10CD7000CDE902463846FAF7C9FA039669460095A6
:10CD80003846CDE90154FAF7C1FA012238460221AA
:10CD9000FAF7D7FB012238461146FAF7D2FB07B063
:10CDA000F0BD0000E04402580004025888B072B69A
:10CDB00079487A4908600024DFF8E08108F17C08AE
:10CDC000C8F80040BFF34F8F744A0C32106820F44B
:10CDD00080301060BFF34F8FA8F1040BDBF8000028
:10CDE00043F6FF75DFF8B8C1C0F34E31C0F3C90692
:10CDF00005EA4117304600BF47EA8073CCF800309F
:10CE0000401EF9D2491EF3D2BFF34F8FBFF36F8F8D
:10CE1000BFF34F8FBFF36F8FDFF884A191461146A8
:10CE20001268AAF1240A22F4003250460A60CAF8B5
:10CE30000040BFF34F8FBFF36F8FBFF34F8FBFF330
:10CE40006F8F0460BFF34F8FBFF36F8FC8F8004040
:10CE5000BFF34F8FDBF80000514E143EC0F34E314C
:10CE6000C0F3C90305EA4117184600BF47EA8072BC
:10CE70003260401EFAD2491EF4D2BFF34F8FBFF387
:10CE80006F8F62B647494848016000F0D9F9D9F878
:10CE900000004946800311D4BFF34F8FBFF36F8F5B
:10CEA000CAF80040BFF34F8FBFF36F8F086840F49C
:10CEB00000300860BFF34F8FBFF36F8F0868C00367
:10CEC0001ED4C8F80040BFF34F8FDBF80000C0F35A
:10CED0004E32C0F3C90305EA4217184647EA807C80
:10CEE000C6F800C0401EF9D2521EF4D2BFF34F8FD5
:10CEF000086840F480300860BFF34F8FBFF36F8F36
:10CF0000FAF738FBFEF756FCFDF710F8FCF782FF46
:10CF1000FDF762F9FCF794FFFCF7D4FFFDF728F961
:10CF2000224D012220212846FAF70BFBFDF7A0F83D
:10CF3000FFF700FF002228460221FAF702FB1CA09F
:10CF4000F5F7BCFA1EA0F5F7B9FAFDF785FB02204C
:10CF500000940121CDE90140CDE903141E48694642
:10CF60000594F9F7F9FC1C4800220121F9F77CFC33
:10CF70000020FFF777FE012228460221FAF7E1FAA6
:10CF80006420F9F75FFC002228460221FAF7D9FA5B
:10CF90006420F9F757FCEBE70020009008ED00E073
:10CFA00074EF00E0000040900000002400040258EC
:10CFB00074657374207374617274200D0A0000002C
:10CFC0007465737420737461727420202D2D3E4338
:10CFD000414E0D0A00000000600000242DE9FF4FC3
:10CFE0004FF00009164681B00F460446CB46F5F7D0
:10CFF0004BFC054631463846F7F7BCFC064660193F
:10D0000010F8010C3F2806D1B81910F8010C3F2880
:10D0100015D16D1E761E20785B2803D1641C4FF05D
:10D0200001096D1E20783A2801D1641C6D1E3878E4
:10D030003A2808D1022E06D378782A2871D1002008
:10D0400005B0BDE8F08F2946204600F07BF95EA2CE
:10D0500080463146384600F049FF98B3C01BB8F10E
:10D06000000F824605DD04EB080010F8010C2328B0
:10D070002BD0002053463A4641460090204600F00F
:10D08000A5F800287DD0A5EB0805A6EB0A064444C8
:10D090004FF0010855EA060057444CD025B32EB393
:10D0A000002D05DD20783978884201D13A2844D016
:10D0B000012D55DD60783978884243D122785B2A8A
:10D0C0003ED03FE0FFE73046C9E7049840B10E98F4
:10D0D000834505D204980F9900EB8B00016000E0B6
:10D0E00000200BF1010BC5E70EBB24E029462046CA
:10D0F00000F028F9215C5B2902D05D2906D102E00D
:10D1000009F1010101E0A9F1010189462D1A044448
:10D11000641CB9F1000FA5F1010503D0002DE5D184
:10D1200009E018E0002D03DD20785B28DED000E068
:10D130000DB14FF00008404682E7641C6D1E0AE006
:10D140003A2805D088420BD121785D2906D007E026
:10D1500009F1010018E0761E7F1C74E73A2811D00F
:10D16000022DE6DDA07839788842E2D121785D2968
:10D17000DFD161785B29DCD13A28DAD1E41CED1EDD
:10D18000E9E705E0A9F10100A41C8146AD1EE2E734
:10D190004444A5EB080520785D2802D161783A293E
:10D1A0000CD0022DC5DD5D28C3D160785B28C0D1CD
:10D1B000A0783A28BDD1E41CED1E44E7A41CAD1EA6
:10D1C000A9F101093FE700003A3F00002DE9F843CB
:10D1D0000C001F4690460646089D04D0301910F8F2
:10D1E000010C23280BD0304600F0BCF805463B4626
:10D1F000424621463046FFF7D3FBF0B915E04C1EFE
:10D200003046214600F0AEF881463B464246214674
:10D2100030460095FFF7D1FB78B93B464246494678
:10D2200030460095FFF7C9FB05E03B4642462946DC
:10D230003046FFF7B5FB002800D00120BDE8F88399
:10D240007FB50124002522460326009610212B4697
:10D25000CDE901544806039400F049F812210096E4
:10D26000CDE90154002303940222480600F03FF860
:10D2700003220096CDE901540023039412211007E4
:10D2800000F035F800960023CDE901540422039400
:10D290000F214FF0605000F02AF80023029505227C
:10D2A000039519217007CDE9006500F020F80622EA
:10D2B0000096CDE90154002303941921500700F092
:10D2C00016F81B210295012303950722C807CDE913
:10D2D000006500F00CF800960023CDE90154082207
:10D2E000039416214FF0104000F001F87FBD2DE9A6
:10D2F000FF410AAC4FF0010E94E8E01000240294C4
:10D3000003948DF808108DF80C3000948DF80940C6
:10D310008DF80D608DF800E08DF80A408DF80E70E4
:10D320008DF8012001908DF80B508DF80FC0FAF7A1
:10D33000C5FA6846FAF794FA0420FAF7CDFABDE880
:10D34000FF81000030B505A20D46044600F0CEFD79
:10D3500008B1001B30BD284630BD00003F3A5B5D80
:10D36000000000002DE9F04100240D46074606E0CC
:10D37000F5F724F80068805D000705D4641CAC4212
:10D3800002D23E5D002EF3D12046BDE8F0810000C0
:10D390002DE9F047026A00F11405816A0446D0F8CD
:10D3A00010800126881810F8010C3F2804D00027AF
:10D3B00094F8380010B107E00127F9E727B10122FE
:10D3C00020461CA100F0E8FD4FF0000984F83990D8
:10D3D000C4F83090C4F83490C4F89490D8F804108D
:10D3E000A9B120468847012894F8390006D030B901
:10D3F0006FF0C7012046FDF77EFA00E008B1002675
:10D4000005E094F8380010B10FB184F83890A9689D
:10D41000D5E900020844904208D994F8390028B9A7
:10D420006FF06B012046FDF766FA00263046BDE836
:10D43000F08700003B000000F0B58BB00D4601A95D
:10D44000144606462846009313462122FFF7A0F80B
:10D4500007462046FFF7DAFB0546304600F0A4FDFC
:10D4600004462DB102222946304600F095FD0444C1
:10D470003A4601A9304600F08FFD316B2044491C2B
:10D4800031630BB0F0BD00002DE9F84F0446406851
:10D49000486000270D4680462321204600F013FCFB
:10D4A0004FF01A0ABB46C0B32046FFF7D1FB30BB92
:10D4B000606881460678F4F781FF00900068805D1F
:10D4C00020281CD1302E1AD0303E09F101006060B6
:10D4D00012E02046FFF7BCFB80B90099606809683C
:10D4E0000278895C202909D107EB8701401C606024
:10D4F000490030395718761E002EEADC76B12046F6
:10D50000FFF7A6FB48B100BF85F800A0C5F808B03A
:10D51000A16820680844606014E00DE0D4E90010C0
:10D52000A2683844606011448142EDD3C11BC5E953
:10D5300001170D20287005E085F800A0696861607A
:10D54000C5F808B0D5E90112A1EB08001044BDE808
:10D55000F88F70B5044640680D4648602046FFF7D6
:10D5600077FBF8B9F4F72AFF06466068316802785D
:10D57000895C11F0980F15D0401C60602046FFF7C1
:10D5800067FB10B10EE06068F6E761683068097803
:10D59000405C10F0380FF6D15F212046FFF750FBBA
:10D5A0000028F0D160686968401AA860002801DD91
:10D5B000092100E01A21297070BD10B50C464168A0
:10D5C00061603A2100F07FFB10B10121022001E0EF
:10D5D00000211A20A1602070084610BD10B50C462D
:10D5E000416861602C2100F06EFB00284FF00000C4
:10D5F00003D00121A160207002E0A0601A212170F7
:10D60000A06810BD70B5044640680D4648602046CD
:10D6100000F0A6FB204600F08DFB2E21064620469A
:10D6200000F051FB18B1204600F084FB0644DEB147
:10D630006668204600F012FC2046FFF709FB88B917
:10D6400061680878652801D045280BD1491C20461F
:10D65000616000F003FC204600F082FB204600F0F1
:10D6600069FB18B9666001E06868606060686968B5
:10D67000401AA860002801DD0A2100E01A21297063
:10D6800070BDFFF7E5BA70B50546406848600C46C6
:10D690000D21284600F017FB0A21284600F013FB55
:10D6A00069686068091AA160002902DD0520207000
:10D6B00004E01A22227068600021A160084670BD53
:10D6C0002DE9F0410446406848600E46232120467B
:10D6D00000F0F9FA00284FF0000769D02046FFF764
:10D6E000B7FA002864D16068017868290AD048290F
:10D6F00008D071291ED051291CD0622939D0422965
:10D7000037D055E0401C6060002502E0401C60609E
:10D710006D1C2046FFF79CFA50B9F4F74FFE014606
:10D72000606809680278895C81EA81010906EDD4A4
:10D7300006202CE0401C606000252046FFF788FA98
:10D7400088B96168087830280FD031280DD0322888
:10D750000BD0332809D0342807D0352805D03628F7
:10D7600003D0372801D0072011E0491C61606D1CEF
:10D77000E3E7401C606000252046FFF769FA28B9FE
:10D780006168087830280FD031280DD0082030701B
:10D7900075B17068801C70606168081AB0600028FC
:10D7A0000BDD801CBDE8F081491C61606D1CE3E766
:10D7B0001A20307070686060B7600020F2E770B5C2
:10D7C000054640680C4648602846FFF741FA4FF08E
:10D7D000000670BB28212846FFF732FA48B3686874
:10D7E00011E068680178A1F120025E2A12D822298E
:10D7F00010D023290ED027290CD028290AD0292976
:10D8000008D03B2906D0401C68602846FFF720FA64
:10D810000028E6D02846FFF71BFA80B929212846C0
:10D82000FFF70EFA58B16868401C68606168401ADA
:10D83000A060A068002803DD1020207005E0A6602D
:10D840001A20207060686860A660A06870BD2DE92D
:10D85000F0410C46416805461A2061602070284658
:10D86000FFF7F6F94FF00006E0B92A212846FFF746
:10D87000E7F9B8B16868401C6860284600F081FA92
:10D8800000280AD001DB01280ADB3F21284600F0EE
:10D890001AFA012810DB16200FE02846FFF7D8F906
:10D8A00014200AE0284600F020FA0746284600F037
:10D8B00068FA012809DA0EE01320207013E02846E8
:10D8C00000F05FFA002814DB08D0284600F00DFABB
:10D8D0000028F4D10DE000280BDB0FB11220ECE79B
:10D8E00020781A280FD068686168401AA060BDE8E7
:10D8F000F0813F21284600F0E6F9012801DB1520E0
:10D90000DBE71120D9E7A66060686860A068EEE7F1
:10D9100010B50C46416861603B2100F0D4F910B1AC
:10D920000120A06002E00021A1601A202070A06800
:10D9300010BD10B50C4641686160114600F0C3F996
:10D9400010B10121032001E000211A20A160207004
:10D95000084610BD70B5044640680D464860204634
:10D96000FFF776F958BB60680178222902D0272991
:10D970000ED027E0401C60600F2120462970222134
:10D9800000F02FFA2046FFF763F9C8B922210CE016
:10D99000401C60600E2120462970272100F021FAEA
:10D9A0002046FFF755F958B927212046FFF748F9D7
:10D9B00030B16068401C60606968401AA86001E08E
:10D9C0006868606060686968401AA860002804DCC4
:10D9D0001A222A7061600020A86070BD2DE9F04114
:10D9E0000546406848600C462F21284600F06BF938
:10D9F000284600F051F94FF00007E0B12D212846EC
:10DA000000F061F9284600F081F92846FFF720F977
:10DA100088B92F212846FFF713F92E2106462846FC
:10DA2000FFF70EF9064306D06868401C6860284678
:10DA300000F032F9E2E769686068091AA16000291C
:10DA400002DD0C20207003E01A2121706860A760BD
:10DA5000A068BDE8F08170B5054640680C46486096
:10DA6000284600F0FBF968686168401AA060002849
:10DA700001DD172100E01A21217070BD2DE9F04170
:10DA800086B004460026049103916946059286619A
:10DA900003A8FFF7E0FF03A82146FFF7D8FE010027
:10DAA00004F10C0817D403A86946FFF7D4FF002837
:10DAB00006DD04F11802414603A800F03AF803E03D
:10DAC00004994046FFF7B6F803A86946FFF7DBFD67
:10DAD000050006D00AE003992046FFF7ABF803994A
:10DAE000EFE703A86946FFF713FF054603A8FFF712
:10DAF000C8FD4FF0010750B94DB904981921401CD9
:10DB00000490A760404621700399FFF793F89DF8B1
:10DB10000000012808D0052809D02677DDE9031088
:10DB200006B0401ABDE8F08102202077F6E727779B
:10DB3000F4E72DE9FE4380460C464FF0FF378F6037
:10DB400018200870D8F804100025012016466160DE
:10DB5000A16808446946A060404600F019F89DF8A5
:10DB600000101A290AD0A1686D1C08446946A060FB
:10DB70004046FFF733FD0028EAD104E01A21217066
:10DB800000203D46A06006B13560A068BDE8FE8378
:10DB90002DE9FE430D4680466946FFF75CFF0646C9
:10DBA00029464046FFF78CFD04002ED12946404609
:10DBB000FFF7CFFC040028D129464046FFF722FD9D
:10DBC000040011D069464046FFF745FF0746694605
:10DBD0004046FFF703FF002817DDA9683A180B201D
:10DBE00028708C18AC6010D129464046FFF7B2FE71
:10DBF00004000AD129464046FFF746FC040004D140
:10DC000029464046FFF7DBFD044669464046FFF7DC
:10DC100022FF30442044BDE8FE8300002DE9FF418F
:10DC200000264FF6FF7710251A4801243A46CDE921
:10DC30000246CDE900456946FBF746FA0120F8F7B0
:10DC400001FE02203A46CDE9000512486946CDE9B9
:10DC50000246FBF739FA08210396032000900D488D
:10DC60003A46CDE901516946FBF72EFA4FF40871A7
:10DC70003A460420CDE90005CDE902410548694650
:10DC8000FBF722FA034840F29631FBF705FABDE8AC
:10DC9000FF8100000001002470B50024054602E069
:10DCA000401C6860641C2846FEF7D2FF48B9F4F7B0
:10DCB00085FB0146686809680278895C11F0980F55
:10DCC000EED1204670BD70B50D460446FEF7C0FF8C
:10DCD00048B929462046FEF7B3FF20B16068401CD2
:10DCE0006060012070BD002070BD10B50446FEF7D5
:10DCF000AFFF48B93A212046FEF7A2FF20B1606885
:10DD0000401C6060012010BD002010BD10B504460D
:10DD1000FEF79EFF40B9F4F751FB014660680968C1
:10DD20000278895C202901D0002010BD401C606071
:10DD3000012010BD70B50024054602E0401C68605B
:10DD4000641C2846FEF784FF40B9F4F737FB014610
:10DD5000686809680278895C2029EFD0204670BD88
:10DD600010B50446FEF774FF28B9606801782B29C6
:10DD700003D02D2901D0002010BD401C606001207F
:10DD800010BD70B545680446FEF762FFF8B9F4F7B8
:10DD900015FB0646606831680278895C11F0980FBF
:10DDA00015D0401C60602046FEF752FF10B10EE017
:10DDB0006068F6E7616830680978405C10F0380FF9
:10DDC000F6D15F212046FEF73BFF0028F0D1204628
:10DDD000FEF73EFF0028606801D0281A70BD401B86
:10DDE00070BD70B50D4604461AE0606800787F2863
:10DDF00004D829462046FEF723FF70B160680178F9
:10DE0000A94212D1401C60602046FEF721FF68B98C
:10DE100029462046FEF714FF40B16068401C606050
:10DE20002046FEF715FF0028DFD070BD6068401E59
:10DE3000606070BD70B500240D46064608E000BF66
:10DE4000F4F7BCFA315D0068405CC00704D0641C84
:10DE5000AC42F5D3284670BD204670BD70B5002495
:10DE600005462846FEF7F4FE28B96868017820299F
:10DE700003D0092901D0204670BD401C6860641C95
:10DE8000EFE738B50C4605466946F4F75DFC2060BF
:10DE90000098401B38BD38B50C4605466946F4F776
:10DEA000C4FCC4E900010098401B38BD38B50C46DD
:10DEB00005466946F4F780FC20600098401B38BD99
:10DEC00038B50C4605466946F4F7B1FCC4E90001D3
:10DED0000098401B38BD38B50D4604466946FEF72C
:10DEE00067FC85ED000B0098001B38BD30B5451868
:10DEF00009E0114603E0A34201D1401E30BD11F8F4
:10DF0000013B002BF7D1854203D010F8014B002CC8
:10DF1000EFD1002030BD00002DE9F0470F461D462F
:10DF20008246144611463846FFF784FFA0424FF060
:10DF3000000101D129741FE0DAF85C6007EB0009E9
:10DF4000A4EB00080EB300241AE000BFF4F79CFC19
:10DF50003A68034641464846FEF722FD78B116EB83
:10DF6000041012D095ED020B90ED021B20EE010B78
:10DF700085ED020B007928740120BDE8F087641C50
:10DF800006EB041738680028E0D16FF08201504694
:10DF9000FCF7B1FC0020F0E71AB111B1C36A5B686D
:10DFA0001847002070470000016B002903DD0122A3
:10DFB00002A1FFF7F1BF0020704700002C00000015
:10DFC00010B500290AD00878002807D00548784401
:10DFD000F5F774FB002801D0002010BD02487844FA
:10DFE00010BD0000520B00004A0B000010B50029C4
:10DFF0000AD00878002807D005487844F5F75EFB7A
:10E00000002801D0002010BD0248784410BD000057
:10E01000360C00002E0C000002494FF0000000F00A
:10E0200052B800BF0000F87FB1FA81F30B3B20D358
:10E03000994010D1B0FA80F310FA03F108BF70478D
:10E04000C3F11D0303F580634FEAD1224FEA41502B
:10E0500002EB03517047C3F1200C20FA0CFC9840EE
:10E06000C3F1320303F5806341EA0C0101EB035174
:10E07000704710B5C3F10004C3F1320CC4F1200E97
:10E080000CF5806201FA0EFC21FA04F100FA0EF39D
:10E09000E040BDE8104040EA0C0001EB025138BFFF
:10E0A0007047401C41F100015B0008BF20F00100F7
:10E0B00070474FF04070E1EE100A70474FF00000DB
:10E0C0007047F4F756BE0CF00F03092B08BF082069
:10E0D00000F05F800A2B0BD0082B18BF704708BFD9
:10E0E0001CF0400F0AD04FF000004FF000017047C5
:10E0F0001CF0400F18BF4FF0004070471CF0100F8D
:10E1000008D020F0704300F07F4242EAD3014FEA8A
:10E110004370704700F0604021F07F4242EA000205
:10E1200001F07F4040EA727070474FF0FF0C4CF4F2
:10E13000E06C1CEA11531CBF9CEA030C9445C2BF5F
:10E14000DA4201EB02517047002B0DD0BCF1000FF9
:10E150000FD0002A01F00041A4BF41F0E04141F09E
:10E160007F614FF00000704701F000414FF0000068
:10E17000704750EA01334FF09B0C18BF4CF0806C95
:10E180007FF44AAF7047F5F723BCF5F781BDF5F78B
:10E190000FBF1CF4801F11D01CF4E02F03D06FEAD6
:10E1A000CC31490070474FF04050EFF3008222F02D
:10E1B000704242EA000282F3008870474FF000008C
:10E1C000704700061016000610160000000102033A
:10E1D00004050607080C1014182030400000000049
:10E1E000000000000000000000000000000000002F
:10E1F0000100000002000000030000000400000015
:10E200000000000005000000000000000000000009
:10E2100000000000060000000000000000000000F8
:10E2200000000000070000000100020004000600DA
:10E2300008000A000C0010002000400080000001CF
:10E2400001010103070100000804020408010101A3
:10E25000000000000102030401020304060708098C
:10E260009CFF39FF200038FFD5FE1000D4FE71FE60
:10E2700008000100FF7F080070FE0DFE04000CFE88
:10E28000A9FD8000A8FD45FD400044FDE1FC020021
:10E29000E0FC7DFC0100000001000201030102021C
:10E2A0000302040202030303040300010B0B0B0B24
:10E2B000000002030B0B0B0020000405060B0B00F3
:10E2C00080000708090B0B000800000064E70090BD
:10E2D0000000000068E7009001000000000000005E
:10E2E000FFFFFFFF1A000000000000000000000018
:10E2F00084E700901100000011EA2D819997713D8B
:10E3000080E700901100000095D626E80B2E113E04
:10E3100088E70090110000008DEDB5A0F7C6B03E73
:10E320007CE7009011000000FCA9F1D24D62503F43
:10E330008CE7009011000000000000000000F03F9A
:10E3400074E70090020000008DEDB5A0F7C6B03E66
:10E3500070E7009002000000FCA9F1D24D62503F2E
:10E3600078E7009002000000000000000000F03F8D
:10E370006CE70090020000000000000000408F40A9
:10E38000BCE70090010000008DEDB5A0F7C6B03EDF
:10E39000B8E7009001000000FCA9F1D24D62503FA7
:10E3A000C0E7009001000000000000000000F03F06
:10E3B000B4E70090010000000000000000408F4022
:10E3C000B0E7009003000000000000000000F03FF4
:10E3D000A0E70090030000000000000000408F4014
:10E3E000A8E70090030000000000000080842E4198
:10E3F00094E70090180000008DEDB5A0F7C6B03E80
:10E4000090E7009018000000FCA9F1D24D62503F47
:10E4100098E7009018000000000000000000F03FA6
:10E42000DCE7009004000000000000000000F03F66
:10E43000D4E70090040000000000000000408F407E
:10E44000D8E70090040000000000000080842E4106
:10E45000D0E70090040000000000000065CDCD4131
:10E46000CCE7009025000000000000000000F03F15
:10E470009CE7009026000000000000000000F03F34
:10E48000C4E7009026000000000000000000F03FFC
:10E49000000000000000000000000000000000007C
:10E4A00000E800900100000008E800900200000071
:10E4B00010E8009003000000FCE70090040000005A
:10E4C000ECE7009005000000E8E70090060000007F
:10E4D00018E8009007000000E0E700900800000046
:10E4E000F4E700900900000000000000FFFFFFFFBC
:10E4F00004EA0090C1A6009000000000E8E9009046
:10E50000E9A60090000000009CE800900DA7009094
:10E5100000000000ACE8009023A70090000000007D
:10E52000A4E8009045A7009000000000D8E9009002
:10E530007DA70090000000008CE800908BA7009061
:10E540000000000010EA009097A700900000000073
:10E55000E0E90090A7A700900000000094E8009078
:10E56000CBA700900000000034E80090E1A70090E5
:10E5700000000000B4E800904FA2009000000000EE
:10E58000F0E90090F7A7009000000000BCE80090C0
:10E590005FB700900000000088E900904BB7009042
:10E5A000000000005CE9009075B7009000000000DA
:10E5B00034EA0090E14900900000000070EA009009
:10E5C000D1A500900000000024EA00908D49009041
:10E5D00000000000D4E800901FB700900000000089
:10E5E00098EA0090EBB600900000000040E900902F
:10E5F00009B7009000000000CCEA0090DDB6009062
:10E600000000000064E80090E54F0090000000006A
:10E61000C0E90090C94E0090000000006CE9009035
:10E620003FB70090000000003CE80090454F00908C
:10E630000000000078E800903FB700900000000064
:10E6400050E800903FB700900000000014E90090EF
:10E650003FB700900000000028E900903FB700900D
:10E66000000000009CE900903FB70090000000000F
:10E67000F4E800903FB7009000000000F8E9009037
:10E6800075B900900000000004E900905DBB0090A7
:10E690000000000024E80090ADBB009000000000E6
:10E6A00018EA0090E5BB009000000000B0E900907F
:10E6B00055B9009000000000DCEA0090C1B900905C
:10E6C000000000000000000000000000000000004A
:10E6D00002400000000000A0000000000540000013
:10E6E000000000C8000000000C4000000000409C3A
:10E6F00000000000194000000020BCBE0000000027
:10E7000034400000BFC91B8E00000004B54000006B
:10E71000504BCFD06607E2CF010000006C410000F3
:10E720003E8251AADFEEA73401000000D94200006A
:10E73000DCB5A0E23A301F97FFFFFFFFB4450000B1
:10E74000FD25A0C8E9A3C14FFFFFFFFFFF3F000069
:10E750000000008000000000FF3F0000000000807B
:10E76000000000004F4646004F4E00004B410000A5
:10E770004D41000055410000410000004D460000A1
:10E780004E4600005046000055460000460000007E
:10E790004D480000554800004800000044424D002C
:10E7A0004B4F484D000000004D4F484D0000000009
:10E7B0004F484D004B5600004D5600005556000086
:10E7C0005600000044424D57000000005700000072
:10E7D00047485A004B485A004D485A00485A0000D2
:10E7E0004E494E46000000004E414E00444F574EE9
:10E7F000000000004155544F00000000555000003B
:10E800004D494E696D756D004D4158696D756D00CE
:10E8100044454661756C7400494E46696E69747969
:10E820000000000054455354233A4E554D62657222
:10E83000732300002A5354423F0000004D454153CA
:10E840007572653A564F4C546167653A41433F00D3
:10E850004D4541537572653A43555252656E743A4F
:10E8600041433F004D4541537572653A564F4C54F4
:10E870006167653A44433F004D4541537572653ABF
:10E8800043555252656E743A44433F002A4F5043F9
:10E890003F0000002A5352453F0000002A455345DF
:10E8A0003F0000002A49444E3F0000002A455352D1
:10E8B0003F0000002A5453543F0000005359535462
:10E8C000656D3A4552526F725B3A4E4558545D3F02
:10E8D000000000005354415475733A515545537428
:10E8E000696F6E61626C655B3A4556454E745D3F7B
:10E8F000000000004D4541537572653A504552691C
:10E900006F643F00544553543A43484F6963653F31
:10E91000000000004D4541537572653A52455369F8
:10E920007374616E63653F004D4541537572653A7E
:10E9300046524553697374616E63653F0000000081
:10E940005354415475733A5155455374696F6E6110
:10E95000626C653A454E41426C653F0053595354D1
:10E96000656D3A56455253696F6E3F004D454153B0
:10E970007572653A564F4C546167653A44433A5252
:10E980004154696F3F00000053595354656D3A4537
:10E9900052526F723A434F554E743F004D454153AA
:10E9A0007572653A4652455175656E63793F000050
:10E9B000544553543A4152426974726172793F002E
:10E9C000434F4E4669677572653A564F4C546167BE
:10E9D000653A4443000000002A4F50430000000005
:10E9E0002A535245000000002A455345000000000C
:10E9F0002A57414900000000544553543A424F4FB2
:10EA00004C0000002A434C530000000042555300C4
:10EA10002A52535400000000544553543A54455868
:10EA2000540000004F55545075745B3A5354415490
:10EA3000655D00005B3A41444452235D5B3A534FAD
:10EA4000555263655D3A564F4C546167655B3A4C6D
:10EA50004556656C5D5B3A494D4D65646961746509
:10EA60005D5B3A414D504C69747564655D00000012
:10EA700043555252656E745B3A4C4556656C5D5B0E
:10EA80003A494D4D6564696174655D5B3A414D502D
:10EA90004C69747564655D005354415475733A5103
:10EAA00055455374696F6E61626C653A454E4142DB
:10EAB0006C650000494D4D65646961746500000036
:10EAC00045585465726E616C000000005354415407
:10EAD00075733A50524553657400000054455354C1
:10EAE0003A4348414E6E656C6C69737400000000D7
:10EAF0004CEC00900000002460000000D422009044
:10EB0000ACEC009060000024400C0000F02200906B
:10EB1000000000000000F07FFFFFFFFFFFFFEF7F1E
:10EB20001001000043000000F8FFFFFF00404040DC
:10EB300040404040404041414141414040404040D0
:10EB4000404040404040404040404040400502027C
:10EB5000020202020202020202020202022020203B
:10EB60002020202020202002020202020202909097
:10EB70009090909010101010101010101010101095
:10EB800010101010101010100202020202028888E9
:10EB900088888888080808080808080808080808F5
:10EBA00008080808080808080202020240000000DD
:10EBB0000000000000000000000000000000000055
:10EBC0000000000000000000000000000000000045
:10EBD0000000000000000000000000000000000035
:10EBE0000000000000000000000000000000000025
:10EBF0000000000000000000000000000000000015
:10EC00000000000000000000000000000000000004
:10EC100000000000000000000000000000000000F4
:10EC200000000000000000000000000000000000E4
:10EC30001C00000043000000F8FFFFFF0C00000074
:10EC40000E0000000F0000002E0000000000000079
:10EC500000000000000000000000000000000000B4
:10EC60000100000010000000000000000090D00330
:10EC70000090D003010000000CEA009005000000A5
:10EC8000B4EA009006000000C0EA0090070000000F
:10EC900000000000FFFFFFFF1DA8009099B7009043
:0CECA00000000000000000000000000068
:0400000590002299AC
:00000001FF
