:0200000490006A
:10200000F80B00247D2300901B9F00900F9C0090F4
:102010000D9F0090634A009041C6009000000000B0
:102020000000000000000000000000008DB70090DC
:102030005D5100900000000021A000908FB700903B
:102040009B2300909B2300909B2300909B23009058
:102050009B2300909B2300909B2300909B23009048
:102060009B2300909B2300909B2300905D4B00904E
:102070009B2300909B2300909B2300909B23009028
:102080009B2300909B2300909B230090355200904F
:102090009B230090415200909B2300909B23009033
:1020A0009B2300909B2300909B2300909B230090F8
:1020B0009B2300909B2300909B2300909B230090E8
:1020C0009B2300909B2300909B2300909B230090D8
:1020D0009B23009035C600909B2300909B2300908B
:1020E0009B2300909B230090000000009B23009006
:1020F0009B2300909B2300909B2300909B230090A8
:102100009B2300909B2300909B2300909B23009097
:102110009B2300909B23009001BC00909B23009088
:102120009B2300909B2300909B2300909B23009077
:102130009B2300909B2300909B2300904D52009086
:10214000000000000000000000000000000000008F
:102150009B2300909B2300909B2300909B23009047
:102160009B2300909B2300909B2300909B23009037
:102170009B2300909B2300909B2300909B23009027
:102180009B2300909B2300909B2300909B23009017
:102190009B2300909B2300909B2300909B23009007
:1021A0009B2300909B2300909B2300909B230090F7
:1021B0009B2300909B2300909B2300909B230090E7
:1021C0009B2300909B2300909B2300909B230090D7
:1021D0009B2300909B2300909B2300909B230090C7
:1021E0009B2300909B2300909B2300909B230090B7
:1021F0009B2300909B2300909B2300909B230090A7
:102200009B2300909B2300909B2300909B23009096
:102210009B2300909B2300909B2300909B23009086
:102220009B2300909B2300909B23009000000000C4
:102230009B2300909B230090000000009B230090B4
:102240009B2300909B2300909B2300909B23009056
:102250009B2300909B2300909B2300909B23009046
:102260009B2300909B2300909B2300909B23009036
:102270009B2300909B2300909B2300900000000074
:102280009B2300909B2300909B2300900000000064
:10229000000000009B23009000F002F800F05EF8C0
:1022A0000AA090E8000C82448344AAF10107DA45B1
:1022B00001D100F053F8AFF2090EBAE80F0013F0A5
:1022C000010F18BFFB1A43F00103184750C8000064
:1022D00070C80000103A24BF78C878C1FAD85207F5
:1022E00024BF30C830C144BF04680C607047000090
:1022F0000023002400250026103A28BF78C1FBD80F
:10230000520728BF30C148BF0B60704766290BF0E9
:10231000D08667290BF0CD86642900F05581752998
:1023200000F05281782900F08B81732900F0FB8640
:10233000002070471FB50BF0B4FE00F03FFC040016
:10234000002000210BF034FE401C606000200021C2
:102350000BF044FEE0601FBD10B510BD01F04EFA59
:102360001146FFF7E7FF0AF011FD01F0F3FC03B49B
:10237000FFF7F2FF03BC0AF0A6FA00000A48804704
:102380000A4880470A480047FEE7FEE7FEE7FEE707
:10239000FEE7FEE7FEE7FEE7FEE7FEE70548064943
:1023A000064A074B704700001952009039B8009058
:1023B00099220090F8050024F80B0024F807002467
:1023C000F80700247047000010B500F0F7FB001D6F
:1023D00010BD00BFDDBB000053EA020C00F06980B5
:1023E0002DE9F04B4FF00006002B1FBFB3FA83F529
:1023F00003FA05F424FA05F65E4012BF1643B2FA5A
:1024000082F502FA05F4C5F120051EBF22FA05FC8B
:1024100044EA0C04203556EA044C4FEA144418BF31
:10242000641C4FF000084FF00009904271EB030C60
:1024300039D3002919BFB1FA81F701FA07F6B0FACA
:1024400080F700FA07F6C7F120071EBF20FA07FC45
:1024500046EA0C062037B6FBF4FCA7EB0507103F55
:1024600007F01F0BCBF120060CFA0BFB2CFA06F63B
:1024700044BFB3460026202FA4BF5E464FF0000B9A
:102480005BEA060C08BF4FF0010B19EB0B09ABFB25
:10249000027C48EB0608C01B06FB02CC0BFB03CCFE
:1024A00071EB0C01C1E70B46024641464846BDE8C8
:1024B000F08B13B54FF000004FF00001AFF3008038
:1024C000BDE81C40704700000FB4044910B503AAD2
:1024D000029800F02DFE10BC5DF814FB0C000024E7
:1024E0000FB4014610B504AA039800F021FE10BCF9
:1024F0005DF814FB0FB41CB50C0007AA009001D0C6
:102500002044401E074B7B4469460190069800F02A
:10251000D8FD002C03D06946002000F0E5FD1CBC6E
:102520005DF814FBE90B000070B50446856900688E
:10253000C10601D5302600E02026C00707D070BDB7
:10254000D4E9012130469047206A401C20626D1E6C
:10255000F6D570BD70B5044685690078C00707D10F
:1025600070BDD4E9012120209047206A401C2062E0
:102570006D1EF6D570BD70B50C460546012A05D016
:102580002878800600D5EA69002302E0012305E0EF
:102590005B1C934202D2E05C0028F9D1A869E618DE
:1025A000C01AA861286A184428622846FFF7BCFFB1
:1025B00004E0D5E9012114F8010B9047B442F8D3A7
:1025C0002846FFF7C7FF70BD2DE9F04106460024FD
:1025D00010687529314616A510D0AFF30080002889
:1025E00002DA404213A507E031688A0701D512A537
:1025F00002E0490704D511A5012401E0AFF30080F2
:1026000000210A2206F1240709E0B0FBF2FCB0FB2E
:10261000F2F302FB1C00303078541846491C0028A5
:10262000F3D123462A463046BDE8F04100F0DBBA3C
:10263000000000002D0000002B0000002000000022
:1026400070B504460D4621461068AFF3008021881E
:10265000090502D50F4A7A4402E00E4A7A440E3246
:10266000002104F1240305E000F00F060009965D47
:102670005E54491C0028F7D120780023000704D5B8
:10268000702D02D009B1022311322046BDE87040FE
:1026900000F0A9BA66C000002DE9F05F8946044643
:1026A0004FF0000ADFF874B1FB44C0F820A02046C8
:1026B000E1688847002874D0252806D0D4E9012194
:1026C0009047206A401C2062F1E700265F462046C2
:1026D000E16888472028054607DB312D05D27819A7
:1026E00010F8200C08B10643F1E7B00701D526F039
:1026F0000406C4F81CA00027C4F818A02A2D09D08D
:1027000028460AF0D9F838B304EB8708303DC8F8FA
:10271000185019E059F8041B204604EB8702916118
:10272000E1688847012F054618D1E069002820DAC2
:1027300026F020061DE0D8F8180000EB800005EB1D
:1027400040003038C8F818002046E1688847054640
:102750000AF0B2F80028EED1012F0AD02E2D08D1B0
:102760002046E16888477F1C0546022F46F0200678
:10277000C4DBA069002803DA404246F00106A061EC
:10278000F00701D026F010066C2D0BD0682D09D073
:102790004C2D39D06A2D35D0742D35D07A2D33D0CB
:1027A00016E038E0E1682F4620468847B8420546E3
:1027B00009D16C2F26D04FF48060E1680643204693
:1027C0008847054604E06C2F1AD04FF4807006430A
:1027D0000DB3A5F14100192802D8203546F4006652
:1027E0004A462946204626604E46FFF78FFD80B1B7
:1027F00001280BD0F61D26F0070000F1080956E766
:102800004020E4E78020D8E70020D6E706F104095D
:102810004DE7284652E7206ABDE8F09F3CC0000023
:102820002DE9F04791460F4680460446002614F8ED
:10283000015B2DB1FFF7C8FD0068405DC007F6D110
:102840002B2D02D02D2D18D0641E4A463946204625
:1028500000F080FC27B13968A14201D1C7F800809F
:102860004FF0020471050BD54042002803DD00F053
:10287000A9F90460A007BDE8F08746F48066E4E7A4
:102880000028F8DA00F09EF904606FF00040F2E7EB
:102890002DE9F05F93460F4680460446002600F07F
:1028A00091F9D0F80090824614F8015B2DB1FFF742
:1028B0008BFD0068405DC007F6D12B2D02D02D2D79
:1028C0001AD0641E0021CAF800105A463946204624
:1028D00000F040FC014627B13868A04201D1C7F89A
:1028E0000080DAF80000022809D0CAF800907005CC
:1028F00005D54842BDE8F09F46F48066E2E7084609
:10290000F8E700F0C9BC00F00FBD10B5431E13F886
:10291000014F002CFBD105E011F8014B002C03F80E
:10292000014B03D0521EF7D20021197010BD2DE9C2
:10293000F041054690460E460020044600E0641C27
:1029400044450BD2285D00F041F90746305D00F0A8
:102950003DF9381A02D1295D0029F0D1BDE8F08196
:1029600010B5431C02E010F8011B71B18107FAD1C8
:102970004FF0013202C88C1A8C4314EAC211F9D00C
:10298000C01A0A0603D0C01E10BDC01A10BD0A042A
:1029900001D0801E10BD0902FCD0401E10BD032ACC
:1029A00040F2308010F0030C00F0158011F8013B6C
:1029B000BCF1020F624498BF11F801CB00F8013B53
:1029C00038BF11F8013BA2F1040298BF00F801CB17
:1029D00038BF00F8013B11F0030300F06780083AAC
:1029E000C0F0088051F8043B083A51F804CBA0E845
:1029F0000810F5E7121D5CBF51F8043B40F8043B9A
:102A0000AFF30080D20724BF11F8013B11F801CBCE
:102A100048BF11F8012B24BF00F8013B00F801CB9F
:102A200048BF00F8012B7047431A28BF9A427FF62F
:102A3000B6AF032A1044114440F2268010F0030F71
:102A40001EBF11F8013D521E00F8013D10F0030FAA
:102A50007FF4F6AF11F0030300F0B784083AC0F03A
:102A60000B8051F8043D083A51F804CD40F8043D7C
:102A700040F804CDFFF7F3BF121D5CBF51F8043DD1
:102A800040F8043DAFF30080D20724BF11F8013DA8
:102A900011F801CD48BF11F8012C24BF00F8013D09
:102AA00000F801CD48BF00F8012C704710B5203A5E
:102AB000C0F00B80B1E81850203AA0E81850B1E8F7
:102AC0001850A0E81850BFF4F5AF5FEA027C24BFAD
:102AD000B1E81850A0E8185044BF18C918C0BDE8A4
:102AE00010405FEA827C24BF51F8043B40F8043B6D
:102AF00008BF7047D20728BF31F8023B48BF11F822
:102B0000012B28BF20F8023B48BF00F8012B70477B
:102B10004FF0000200B5134694469646203922BF76
:102B2000A0E80C50A0E80C50B1F12001BFF4F7AFC1
:102B3000090728BFA0E80C5048BF0CC05DF804EBA3
:102B4000890028BF40F8042B08BF704748BF20F811
:102B5000022B11F0804F18BF00F8012B704710B501
:102B6000044610F0030F08BF11F0030F40F015806A
:102B70004FF0013E121FC0F20E8051F8043BA3EB50
:102B80000E0C2CEA030C1CEACE1C08BF40F8043BD8
:102B9000F0D0A1F1040102F10402521E08DB11F889
:102BA000013B002B00F8013BF7D1114600F037FC48
:102BB000204610BD70477047704770470048704707
:102BC000B4050024004870479405002410B504465D
:102BD000FFF7FAFB0068005DC00602D504F1200093
:102BE00010BD204610BD2DE9F0470D46994692468E
:102BF000044600F124080168880604D5E06921F044
:102C00001001216000E00120A84201DD471B00E027
:102C10000027A1697A1902EB0900081AA06120783F
:102C2000C00602D42046FFF77FFC002608E0D4E966
:102C300001211AF806009047206A401C761C206289
:102C40004E45F4DB2078C0060AD52046FFF76CFC21
:102C500006E0D4E9012130209047206A401C206220
:102C6000381EA7F10107F4DC07E0D4E9012118F8C8
:102C700005009047206A401C2062281EA5F101052E
:102C8000F3DC2046FFF766FC2078000602D5022020
:102C9000BDE8F0870120FBE770472DE9FF4F0C46A8
:102CA0001E464FF0FF378BB0D2E90001DDF860809F
:102CB0000A908A46C1F30A5505B93D4600210846E7
:102CC0004FF00000BAF1000F00F4400005DA00EB0D
:102CD00080004FF4400101EA50004FEA9059B9F1E9
:102CE000010F00DDB9460A9850EA4A000ED044F6BA
:102CF0001050A5F2FF3545432F14B8F1000F1ED038
:102D00007542291E1EDDC9F100021CE0B8F1010F59
:102D10004FF0000001D0302103E0F24305E02154E0
:102D2000401CB042FBDB30460022002121540B99AD
:102D3000C1F80880C1E900200FB0BDE8F08FBD1BCD
:102D40006D1CDEE74A4600DA694206A800F0ACFCDA
:102D500006AB93E8070003AB83E8070050460A99E7
:102D600001F03FFA8DE80700A0F500501F380090F1
:102D70000398002D0ADD42F21F014A460844002351
:102D800003A90390684601F0EBFC09E0A0F50050B0
:102D90004A461F38002303A90390684601F00AFD44
:102DA0008DE807000004000C03D04FF0FF3041080D
:102DB00000E01046B8F1000F03D000220092154643
:102DC0001EE0751E05D400F051FB303262556D1EB9
:102DD000F9D5B3460122084302D000227F1C04E04B
:102DE0002078302801D100227F1E002A099784D044
:102DF0001DE0112D07DA00F039FB303262556D1CF1
:102E000050EA0102F5D1084302D00098C8B10EE0A3
:102E10000021681E05E0235C625C63542254401E5E
:102E2000491C8142F7DBAB46A81B401E09900020DD
:102E300004F80B000B98099AC0F80880C0E9002B31
:102E40007AE711264FF0000857E72DE9F04F884642
:102E50000446D21D22F0070191B0D1E90001CDE96D
:102E60000A0109F0F9FB02460B98C00F01D02D2092
:102E700007E02068810701D52B2002E0202101EA2C
:102E8000C000032A099001D0072A05DB034641460A
:102E9000204600F039FB0BE12078800601D5E0697F
:102EA00000E00620B8F1650F814606D0B8F1660F44
:102EB00018D0B8F1670F70D131E00020B9F1110FCF
:102EC000009001DB112301E009F101030AAA01A925
:102ED0000CA8FFF7E2FEDDE90C70002609F1010500
:102EE000834647E001204B4600904FF000470AAA76
:102EF00001A90CA8FFF7D1FEDDE90DB00C995D46E4
:102F0000002610B909F101000D18B9EB050003D432
:102F1000C0F1FF3609F10105A5EB09002BE0B9F17D
:102F2000010F01DA4FF001090020B9F1110F0090F3
:102F3000484601DD112300E003460AAA01A90CA8B6
:102F4000FFF7ABFEDDE90C704D4600268346207886
:102F500000070AD4AB4500DA5D4601A8012D04DD67
:102F6000411911F8011C302907D04F4502DA17F139
:102F7000040F04DA012082460FE06D1EEEE7002FF9
:102F800002DCED1B3E4403E0781CA84200DD7D1C02
:102F9000B81B00F1010A4FF000472078000703D466
:102FA000AA4501DB4FF0FF3A0021B7F1004F0DF1C8
:102FB00043088DF8431024D002202B23002F01DA80
:102FC0007F422D230A21021EA0F1010000DC5FB127
:102FD00097FBF1FC97FBF1F201FB1C7C17460CF10F
:102FE000300C08F801CDEEE7A8F10100037021884C
:102FF000090501D5452100E06521A0F1010800F88F
:10300000011C09980FA9A1EB0807FF1D00B10120C1
:10301000411901EBEA70A1693844081A401EA06109
:103020002078C00602D42046FFF77EFA099828B11E
:10303000D4E901219047206A401C20622078C00614
:1030400022D52046FFF770FA1EE0002E04DBB345C0
:1030500002DD01A8805D00E03020D4E90121904725
:10306000206A401C2062761CAAF101005FEA000A77
:103070000AD1FFF7A3FDC0680168405CD4E90121D3
:103080009047206A401C2062281EA5F10105DCDC67
:1030900007E0D4E9012118F8010B9047206A401C91
:1030A0002062381EA7F10107F3DC2046FFF752FA31
:1030B000032011B041E6000001694A1C0261087852
:1030C000704700B58FB0CDE9013100210591054968
:1030D0007944CDE9031011466846FFF7DDFA0FB0D9
:1030E00000BD0000E5FFFFFF0A6802F8010B0A605F
:1030F0007047D1E900239A4202D2531C0B60107032
:10310000704710B5436913B1AFF3008001E0FFF7DA
:1031100032FA012010BD127800F124010A70002259
:103120004A700122EDE711684FF0FF32E9E7000035
:10313000074B70B50D467B44FFF7C3FF0446284696
:1031400000F024FB10B14FF0FF3070BD204670BD81
:103150000F9A00002DE9F05F824615468B46002746
:103160000AF10104B9460078302801D09DB113E07E
:1031700014F8010B0127782803D0582801D045B155
:103180000AE00DB1102D07D1002714F8010B10250E
:1031900002E0082500E00A250026B0460EE005FB07
:1031A000080005FB06F101271FFA80F801EB104625
:1031B000B6F5803F00D3B94614F8010B294600F05C
:1031C000E3F90028EBDABBF1000F05D00FB1641E64
:1031D00000E05446CBF80040B9F1000F06D0FFF7ED
:1031E000F1FC02210160C81EBDE8F09F48EA0640DC
:1031F000FAE700000FB4002300B589B00CA90091D4
:103200000B99CB60214B7B440693214B7B44079366
:1032100004236FF00042CDE901321E4A7A446B4626
:103220000892024600200AF0A6FF09B05DF814FBE0
:1032300070B506464FF0FF3015460C46324686B054
:103240000091CDE9010169460020049004A8FFF730
:10325000D1FF02460498211825B108B1084600E0C4
:1032600020462860049800280DD0002A02DD00982E
:10327000884208D03246081B69460094CDE9010413
:1032800004A8FFF7B7FF06B070BD00009B03000065
:10329000B3030000D70200002DE9F04791460E4627
:1032A00080460446002514F8017B2FB1FFF78CF807
:1032B0000068C05DC007F6D12B2F02D02D2F1ED085
:1032C000641E4A463146204600F08CF926B1326829
:1032D000A24201D1C6F800804FF002046A0518D559
:1032E0000023D0EB030563EB01025D1B934109DB77
:1032F0000023D0EB030063EB0101BDE8F08745F448
:103300008065DEE7FFF75EFC046000204FF00041BF
:10331000F3E7021E71F10002EFDAFFF753FC0460DD
:103320004FF0FF304108E8E72DE9F05F93460F4684
:10333000804604460026FFF745FCD0F80090824600
:1033400014F8015B2DB1FFF73FF80068405DC0073E
:10335000F6D12B2D02D02D2D1FD0641E0021CAF8CE
:1033600000105A463946204600F03CF9024627B183
:103370003868A04201D1C7F80080DAF800000228BE
:103380000ED0CAF8009070050AD500200346D2EB93
:10339000000063EB0101BDE8F09F46F48066DDE7C5
:1033A0001046F8E7431A28BF9A427FF67FAB1044D5
:1033B00010F0030F11441EBF11F8013D521E00F81A
:1033C000013D10F0030F7FF4F6AF103AC0F00A8011
:1033D00010B531E91850103A20E91850BFF4F9AF90
:1033E000BDE81040530724BF31E9081020E9081058
:1033F00044BF51F8043D40F8043D12F0030F08BFEC
:103400007047D20728BF31F8023D48BF11F8012CA0
:1034100028BF20F8023D48BF00F8012C70474FF04C
:1034200000020429C0F0128010F0030C3FF472ABCC
:10343000CCF1040CBCF1020F18BF00F8012BA8BF9F
:1034400020F8022BA1EB0C01FFF764BB5FEAC17C03
:1034500024BF00F8012B00F8012B48BF00F8012B16
:1034600070470000004870479405002430B5B0F163
:103470000A024FEA900E71F100034EEA817EB0EB32
:103480000E0061EB91014FEA101E4EEA017E10EB37
:103490000E0041EB11114FEA102E4EEA016E10EBB7
:1034A0000E0041EB11214FEA104E4EEA014E10EB97
:1034B0000E0041EB1141401841F100014FEAD000EC
:1034C00040EA41704FEAD10110EB80054FEA8104D8
:1034D00044EA907444EB01046D1944EB0404521B5C
:1034E000A3414FF0000348BF0A3200D530BD401C55
:1034F00041F1000130BD10B50446FEF765FF0068DC
:10350000005D00F0010010BD2DE9F0411F460446AA
:1035100003260168072A01F4006004DB08B116A540
:1035200005E016A503E008B115A500E015A521F0FA
:1035300010002060A069C01EA0610FB1401EA061F4
:103540002046FEF7F1FF4FB1D4E9012138469047FC
:10355000206A401C2062C01C206206E0206AFAE754
:10356000D4E9012115F8010B9047761EF8D22046C8
:10357000FEF7F0FFBDE8F0814E414E006E616E0037
:10358000494E4600696E66003A2800D2303820F075
:103590002002412A01D3A2F13700884201D34FF023
:1035A000FF307047426842B1016811F8013B23B116
:1035B000521EC0E90012184670470121C160881EE2
:1035C000704742685AB1C368016843B983688B4247
:1035D00005D0491E521CC0E90012002070474FF070
:1035E000FF3070472DE9F74F4FF000091546CA46E6
:1035F000009C14F8010B302801D0ADB115E014F88F
:10360000010B4FF00109782803D0582801D04DB1A3
:103610000BE00DB1102D08D14FF0000914F8010B8B
:10362000102502E0082500E00A2500274FEAE57B87
:103630003E46B84616E0A5FB07234FF0010905FBFF
:1036400008000BFB07311FFA80F805FB0616010C7A
:10365000571846F10006381E76F5803000D3CA466A
:1036600014F8010B2946FFF78FFF0028E3DA0198D1
:1036700038B1B9F1000F01D0641E00E0009C019840
:103680000460BAF1000F08D0FFF79CFA0221016034
:10369000C81E014603B0BDE8F08F310441EA17416E
:1036A00048EA0740F6E700002DE9F0478146164654
:1036B0008AB0354878440DC88DE80D00324878440A
:1036C000801C03AC0DC884E80D0041F69B30084413
:1036D000372190FBF1F290FBF1F5A5F1800501FB9C
:1036E00012041B3C02D56442012000E00020DFF8F8
:1036F00098A080460027FA44AAF1BE0A0EE0E0072F
:103700000AD03246684607EB470101230AEB8101E4
:1037100001F050F88DE8070064107F1C002CEED1FA
:10372000194F7F44AE3F19E0E80715D007EB0410AE
:103730000DF1180A90E80E008AE80E00C068F04209
:1037400001D1981908903246012306A903A801F077
:1037500031F803AB83E807006D10641C002DE3D142
:103760004FF0010332466946B8F1000F03A802D0BA
:1037700000F0F6FF01E001F01DF8C9E90001C9F809
:1037800008200AB0BDE8F087C0B00000007B00F060
:10379000800070474FF0013C50F8042B51F8043B77
:1037A0009A4215D1A2EB0C03934313EACC130BD12D
:1037B00050F8042B51F8043B9A4209D1A2EB0C03B8
:1037C000934313EACC13E7D04FF00000704700BFDB
:1037D000D01A01BAB1FA81F101F0180122FA01F010
:1037E000CB40C1F12001DBB2C0B2C01A2CFA01F308
:1037F000D11A914311EAC311E6D170477546FFF71C
:1038000031FEAE4605006946534620F00700854666
:1038100018B020B5FEF7C2FDBDE820404FF000060D
:103820004FF000074FF000084FF0000B21F00701A8
:10383000AC46ACE8C009ACE8C009ACE8C009ACE8EB
:10384000C0098D46704710B5FFF7BCF9006810BD80
:1038500010B50446FFF7B6F9046010BD2DE9FF4F1F
:1038600006468BB00878FF2806D0491C2D2805D0C5
:1038700000244FF0000908E000200CE00124F8E7E4
:1038800009EB8903491C00EB43090878FF28F7D1AD
:1038900014B1C9F100008146107800252C46AA46D3
:1038A00029462D2801D02B2804D1521C2D2813D0B5
:1038B000002082468B461078FF280FD04FF0000C76
:1038C0000A21521CA5FB017804FB018105FB0C11A8
:1038D000C5194BEB0104EEE70120EAE70021084699
:1038E0004FF00000BAF1000F02D000EB800040085A
:1038F000C0F38157012F01DD4FF0FF370E9955EAD4
:10390000040009EB01080BD04FF0020918F5FA7F0B
:1039100016DA4FEACA70002F706008DD012007E058
:103920004FEACA70C6E900B00FB0BDE8F08F0020C2
:103930003060FFF747F9C0F800901821084616E0FC
:10394000B8F5FA7F18DD002F02DAF748784401E075
:10395000F6487844D0E90010C6E9001040EACA7081
:103960007060FFF72FF9C0F80090142108460FB0DF
:10397000BDE8F04F0AF09ABB002108464FF0000066
:10398000B8F10001099002DAC7F1000200E03A46FE
:1039900001DAC8F1000106A8FFF786FE06AB93E83E
:1039A000070003AB83E8070044F23E005BEA040132
:1039B0000090584604D144F21E012C465D46009109
:1039C000210C0904014306D10099240444EA15445A
:1039D0002D041039009104F07F41014306D1009974
:1039E000240244EA15642D020839009104F0704164
:1039F000014306D10099240144EA15742D01091FE1
:103A0000009104F04041014306D10099A40044EA2A
:103A10009574AD00891E009104F00041084304D163
:103A200000986D196441401E00904FF001033A4622
:103A30006846B8F1000FCDE9014503A902DD00F0A9
:103A4000CEFE01E000F0A1FEBAF1000F04460D46E3
:103A500001D084F00044002108464FF0000009998D
:103A600040F2FF77484010F00C0F07D124F00040DF
:103A7000284303D0C4F30A50B84212D1FFF7A2F88A
:103A8000C0F80090C4F30A50B8420AD1A84878445C
:103A9000D0E90010C6E9001004F00041084370604E
:103AA00042E7C6E900543FE72DE9FF4F1F464FF0BC
:103AB000000A4FF0FF38454691B0D7E90146CDF8EE
:103AC0003CA0FFF77BF8C0680168405C1090B969C2
:103AD00012986D1C8847396A814688470028F6D1BC
:103AE000B9F1FF3F0AD0002E24F4D06411DDB9F102
:103AF0002B0F08D0B9F12D0F0BD102E0404615B0C5
:103B000013E744F48064B96912986D1C8847761EE7
:103B10008146600504A901D52D2000E02B20002E50
:103B200001F1010B0DF130088DF810003FDDB9F106
:103B3000690F08D0B9F1490F05D0B9F16E0F02D065
:103B4000B9F14E0F1CD13B4601A8009580E8500208
:103B5000DDE912126FF002000AF011FBC11CCED198
:103B60000EE0B96912986D1C884781461398761E3D
:103B700044F4007405600F98401C002E0F9016DD71
:103B8000B9F1300FEDD0B9F1780F02D0B9F1580F7B
:103B90000DD10F9801280AD13B46CDE90054DDE94B
:103BA0001212001F02960AF0E8FAC11CA7D1109960
:103BB00089453ED144F0800406E01399681CAAF1BF
:103BC000010A44F400740860B9696D1C1298761EED
:103BD000884730288146F0D02BE01099894505D1DF
:103BE000200603D4761E44F0800418E0484608F00E
:103BF00063FE08B3761E0DF123018B4544F4007477
:103C000008D2A9F130000BF8010B200607D5AAF164
:103C1000010003E0200602D40AF101008246A0055B
:103C200002D51399681C0860B96912986D1C884701
:103C30008146002ED1DC53E0002E51DDB9F1650F35
:103C400002D0B9F1450F4BD1A00549D5B9696D1C1A
:103C50001298761E24F440748847002E81460CDDAD
:103C60002B2804D0B9F12D0F07D144F48074B96921
:103C700012986D1C8847761E8146E00501D52D21DE
:103C800000E02B2108F8011BCDF8008021E0761E12
:103C90000DF13901884544F400740CD2A9F13000CB
:103CA00010F0FF0088F8000002D10099884509D97A
:103CB00008F1010806E0E00501D51E4801E042F2E6
:103CC0000F708246B96912986D1C88478146139817
:103CD0000560002E04DD484608F0EEFD0028D6D130
:103CE000F96912988847FF2053468BF8000088F83E
:103CF000000000200A900B9004AA0CA90AA8FFF764
:103D0000ADFDA00502D46FF00100F8E614F0240F19
:103D100012D0E0071CD13868DDE90A12031D3B60B0
:103D20000068C0E9001213E0F4B10000E6B1000041
:103D3000AAB00000F1D8FFFF0AA9684608F054FDB8
:103D4000E00705D13868009A011D396000680260FB
:103D50002846D4E610B50446AFF300802046BDE8FF
:103D60001040FEF704BB00002DE9FF4F1F464FF047
:103D70003C0987B04FF00042DDE9141001F1010861
:103D8000DDF858A002EA40500390002005908346D9
:103D9000054604460490B969461E08988847AAF16A
:103DA000010A0290BAF1000F3BDD02982E2815D0CF
:103DB0001021FFF7E9FB00282EDB4FF0010B0599DE
:103DC000014317D0B9F1000F0BDB4A46C11700F0D1
:103DD000F5F905430C43A9F1040905E0012004901D
:103DE0000BE008B145F0010501200590049820B9C9
:103DF000361D02E0049800B1361FB969089808F131
:103E000001088847BBF1000FAAF1010A0290C9D04E
:103E10000999C1F80080C5E70298702808D0502899
:103E200006D0F96908988847BBF1000F14D04FE01D
:103E3000002002900120BBF1000F049009D0B96965
:103E4000089808F101088847AAF10109B9F1000FA3
:103E500007DCF969089888476FF001000BB0BDE8EE
:103E6000F08F2B2804D02D280CD14FF0FF30049078
:103E7000B969089808F101088847A9F10109B9F161
:103E8000000FE6DD411CE4D00A21FFF77DFB00288E
:103E9000DFDB029908F1010801EB810100EB410031
:103EA0000290B969089888470A21FFF76DFB099AC3
:103EB000A9F10109B9F1000FC2F8008001DD002865
:103EC000E7DAF969089888470499029800FB0166C7
:103ED00055EA040004D004F04041090002D006E095
:103EE000039898E0A40044EA9574AD00B61E04F06F
:103EF0000041080002D16D196441761E159810F03A
:103F0000240F03D04FF00B095C4803E04FF0280961
:103F10006FF07D008246564507DAAAEB0601894418
:103F2000B9F1410F01DD4FF0410901200021A9F154
:103F3000010200F043F9024628400B4621400843A5
:103F400001D0012100E00021501E029143F1FF3118
:103F500028402140084301D0012000E000200299C0
:103F6000834651EA0B014FD0002108464FF0000074
:103F7000039900F4400039B100EB80004FF4400198
:103F800000EBD07001EA60008015012802DD4FF0DF
:103F9000FF3000E013D0401C36D0029860B3BBF174
:103FA000000F0CD14A460120002100F007F92840FB
:103FB0002140084301D0012000E00020E0B10120B1
:103FC0004A46002100F0FAF8034640190A466141CA
:103FD0002D1A8C4111D3B9F1400F09DD159810F05D
:103FE000240F02D0AAF1340603E0AAF1170600E07C
:103FF000761C00254FF0004406E05B1E42F1FF32C4
:1040000020EA030521EA0204CAF10100B04206DAFF
:104010001B49039808430190002000900EE0039A8A
:10402000C4F3D321E80A0A43164940EA44500A433C
:104030003146CDE90002684608F0E2FB159810F021
:10404000240F0BD01598C00715D13868DDE9001290
:10405000031D3B600068C0E900120CE002A869463D
:1040600008F0C2FB1598C00705D13868029A011DF7
:104070003960006802604046F0E6000002FCFFFF85
:104080000000F07F0000F03F2DE9FF4F92461D46F3
:1040900085B04FF00041DDE9124BDDE914727F1E5F
:1040A00001EA4B50414940F0FF4940EA0108002134
:1040B00022F020004928049102D04E2828D04CE05C
:1040C0003BA0012607C88DE80700A9690698641C73
:1040D00088477F1E014606D41DF8060018B121F05E
:1040E000200181420BD0E96906988847032E34D01D
:1040F000082E32D06FF0010009B0BDE8F08F761CB9
:10410000032E01D0082EE0D1601CCAF80000DCE7C5
:10411000A9690698641C88477F1E2AD420F02000D5
:10412000412826D1A9690698641C88477F1E20D49F
:1041300020F020004E281CD1A9690698641C8847ED
:104140007F1E48F4002849F48009CAF8004001D4D1
:10415000282806D0E969069888475FEACB7012D014
:1041600022E0A9690698641C88477F1E01D40028B4
:1041700003DAE96906988847BCE72928F1D1641C6D
:10418000CAF80040E9E71BF0240F07D0286804991B
:10419000031D2B600068C0E9001805E02868021DB7
:1041A0002A600068C0F800902046A5E70000F07F74
:1041B000494E46494E49545900000000B2F12003CF
:1041C0000AD5C2F1200301FA02F120FA03F300FA42
:1041D00002F041EA0301704700FA03F14FF00000DA
:1041E00070475FEA400C08BF91F0000F4FEA8C2344
:1041F0004FEAC12243EA51514FEA1C5018BF00F563
:10420000F0404FEA300018BF41F000415FEA6C5CBB
:1042100000F02980BCF1FF3F08BF40F080407047AC
:10422000130C06BF12044FF0100C4FF0000C130ECD
:1042300004BF12020CF1080C130F04BF12010CF1A1
:10424000040C930F04BF92000CF1020CD30F04BFB7
:1042500052000CF1010C11464FF00002A0F11F00BA
:10426000A0EB0C00704711F0004F08BF704731F011
:1042700000413FF4D5AF0B0C06BF09044FF0100C02
:104280004FF0000C0B0E04BF09020CF1080C0B0FD1
:1042900004BF09010CF1040C8B0F04BF89000CF161
:1042A000020CCB0F04BF49000CF1010CCCF1200330
:1042B000A0EB0C0022FA03F302FA0CF241EA03012C
:1042C00000F10100704720F07F4C80EA030023F0EA
:1042D0007F47ACEB070303F57C5300F0004003F18C
:1042E000FF032DE980494FEA154B09B44FEA144307
:1042F00025EA0B4E24EA03480FF2042606EB1327A7
:1043000049083E785FEA320203FB0667C7F50007FB
:1043100007FB06F64FEA54374FEAD64606F1020687
:1043200007FB066CCCF1005C4FEA1C472CEA074CFB
:1043300007FB06F40CFB06F504EB15464FEA961650
:1043400034BF00204FF000404FEAD13706FB07FC96
:104350004FEA1C4C0CFB0BF7D21B03FB0CF761EB79
:1043600007010CFB0EF7B0EB074072EB17420CFB9A
:1043700008F734BFA2EB0742B2EB074261EB1741EB
:104380004FEA0C444FEA910706FB07FC4FEA1C4C2E
:104390000CFB0BF7B0EBC74072EB573203FB0CF78B
:1043A00034BFA2EBC742B2EBC74261EB57310CFB03
:1043B0000EF7B0EBC70072EB57720CFB08F734BF77
:1043C000A2EBC702B2EBC70261EB5771039F4FEA42
:1043D000816141EA921104EBCC044FEAD1374FEAF4
:1043E000826206FB07FC42EA90124FEA80604FEAC5
:1043F0001C4C0CFB0BF7D21B03FB0CF761EB07010A
:104400000CFB0EF7B0EB074072EB17420CFB08F702
:1044100034BFA2EB0742B2EB074261EB17414FEA10
:104420008C554FEA910704EB9C2406FB07FC4FEAEE
:104430001C4C0CFB0BF7B0EBC74072EB573203FB85
:104440000CF734BFA2EBC742B2EBC74261EB573166
:104450000CFB0EF7B0EBC70072EB57720CFB08F7C2
:1044600034BFA2EBC702B2EBC70261EB577115EB89
:104470004C254FEA816141EA92114FEA82624FEA8C
:10448000D13742EA901206FB07FC44F100044FEAE0
:1044900080604FEA1C4C0CFB0BF7D21B03FB0CF7A4
:1044A00061EB07010CFB0EF7B0EB074072EB174214
:1044B0000CFB08F734BFA2EB0742B2EB074261EBFB
:1044C000174115EB1C154FEA813141EA92414FEA41
:1044D000823242EA90424FEA80304FEA0C7644F151
:1044E000000448EA03434EEA0B484FF0000EB2EBDB
:1044F000080C71EB030724BF624639464EEB0E0EE3
:104500004FF0000B0018524149414BEB0B0BB2EB43
:10451000080C71EB03077BF1000B24BF62463946A0
:104520004EEB0E0E4FF0000B0018524149414BEB81
:104530000B0BB2EB080C71EB03077BF1000B24BFF4
:10454000624639464EEB0E0E51EA020718BF46F09E
:10455000010616EB0E7655F1000254F1000103D569
:10456000BDE88901BDE80088BDE88901BDE80048D3
:10457000B619524141EB0101A3F10103704780805C
:104580007F7E7D7C7B7A79787776767574737271AD
:1045900071706F6E6E6D6C6C6B6A6A696868676665
:1045A00066656464636362616160605F5F5E5E5DF7
:1045B0005D5C5C5B5B5A5A5959585857575656556B
:1045C00055555454535352525251515050504F4FCD
:1045D0004F4E4E4D4D4D4C4C4C4B4B4B4A4A4A491D
:1045E0004949484848474747474646464545454460
:1045F0004444444343434342424242414141000018
:1046000046EA0646A3F570534FEA164646EA425676
:104610004FEAD22242EA415210B54FEAD121A3F12A
:10462000010300F02FF820F0004000F1020C00F030
:10463000004701EB00501146BCF5006F40EA07004F
:1046400000D210BDBAF1000F0AD01CB503B44FF070
:1046500004004FF004014FF000000FBCBDE8104013
:104660004FF00001BBF1010FB9BF04484FF0FF311B
:104670000348002140EA070010BD00BFFFFFEF7FA5
:104680000000F07F002B9C4630D477002BD01CB567
:104690004FEA370703B44FF010004FF01001BAF1A2
:1046A000000F06D0BCF1000FDCBF40F0080040F066
:1046B00008014FF000000FBCBDE810400BF1010BEA
:1046C000BBF1010F08BF5FEA170722BF12F1010219
:1046D00011F101014FF0004143F1000300F00040EF
:1046E00043EA00007047F9D35708D0E746EA064688
:1046F00013F1400F4FEA16461FDD13F1200FDFBF05
:1047000016430A46002120335B42BED0C3F1200786
:1047100046EA064602FA07F74FEA164646EA070651
:10472000C3F1200722FA03F201FA07F721FA03F195
:104730004FF0000342EA0702A7E746EA020646EA0C
:1047400006464FEA164646EA0106BCBF46EA06465A
:10475000360C4FF000034FF000024FF0000194E7D9
:104760002DE9804C9A46934670B491E8380007C80A
:1047700031EA400C48BF34EA430C03D5FFF7A3FDF0
:10478000FFF780FFF0BCBDE8008C2DE9804C9A4615
:10479000934670B491E8380007C831EA400C48BF2E
:1047A00034EA430C03D5FFF78EFDFFF729FFF0BC79
:1047B000BDE8008C2DE9804C9A46934670B491E890
:1047C000380007C810F0804F08BF13F0804F03D1A6
:1047D00000F01AF8FFF756FFF0BCBDE8008C2DE999
:1047E000804C9A46934670B491E8380007C810F0A0
:1047F000804F08BF13F0804F03D100F005F8FFF79A
:10480000FFFEF0BCBDE8008C20F07F4780EA03008B
:1048100023F07F4C07EB0C03A3F57C5300F0004022
:10482000A3F1FE0392F0000F00F0B38095F0000FAB
:1048300000F077802DE901494FEA11404FEA144614
:1048400021EA004800FB06FC24EA064708FB06F6BE
:1048500007FB08F800FB07F718EB06484CEB164C73
:104860004FEA124B18EB07484FEA15464CEB17403E
:1048700022EA0B4E0BFB06FC25EA06470EFB06F66A
:1048800007FB0EFE0BFB07F71EEB064E4CEB164C20
:104890004FF000061EEB074E4CEB174B18EB0B08C6
:1048A00040F1000018EB0E0B58EB000840F100003F
:1048B0008F1A4FF000013CBFC943661B14BFB5EB14
:1048C000040C00213CBFC943F61B4FEA17444EEAD3
:1048D0008E0E27EA04454FEA1C4704FB07622CEAC8
:1048E000074C05FB07F70CFB05F604FB0CFC16EB6D
:1048F000074642EB174216EB0C4642EB1C421BEB01
:10490000060658EB0202414146EA9E0601D5BDE883
:104910000189B619524141EB0101A3F10103BDE840
:1049200001894FEA14454FEA114724EA054621EA76
:10493000074C05FB07F406FB07F70CFB06F105FB2C
:104940000CFC11EB074144EB17444FEA124711EB03
:104950000C4144EB1C4422EA074C05FB07F206FB22
:1049600007F70CFB06F605FB0CFC16EB074642EBC3
:10497000174216EB0C4642EB1C456A1854F1000135
:1049800048BF7047B619524141EB0101A3F1010341
:10499000704795F0000F37D04FEA11424FEA1447A5
:1049A00021EA024624EA074C02FB07F106FB07F75F
:1049B0000CFB06F402FB0CFC14EB074441EB174123
:1049C0004FEA154714EB0C4441EB1C4125EA074C18
:1049D00002FB07F506FB07F70CFB06F602FB0CFCD7
:1049E00016EB074645EB174516EB0C4645EB1C420C
:1049F000121951F1000148BF7047B619524141EBFD
:104A00000101A3F1010370474FEA14454FEA114732
:104A100024EA054621EA074C05FB07F106FB07F7E8
:104A20000CFB06F24FF0000605FB0CFC12EB0742F4
:104A300041EB174112EB0C4251EB1C4148BF704750
:104A4000921841EB0101A3F10103704702460020D7
:104A500004E01378002B03D0401C521C8842F8D38A
:104A60007047FEE708B50122694606F05FF840B1DD
:104A70009DF8000000F0A2FB9DF8000020B105A108
:104A800003E04FF0FF3008BD03A104A0FDF71CFDBB
:104A9000012008BD4F4E00004F4646005343504989
:104AA0002045786563757465643A204F7574707538
:104AB000742025730D0A000010B586B00446182135
:104AC0006846FEF725F8154900236A46204606F099
:104AD000EFF840B19DF8000080B10298012806D09F
:104AE000022807D00AE04FF0FF3006B010BD9FED5E
:104AF0000C0B01E09FED0C0B8DED020B9DED020BFD
:104B0000B7EEC00B00F072FB9DED020B08A053EC5A
:104B1000102BFDF7D9FC0120E7E7000090E400909E
:104B200000000000000000000000000000004E40F7
:104B3000534350492045786563757465643A205342
:104B4000657420486F737420566F6C7461676520BC
:104B5000746F20252E3366560D0A0000014801F0BF
:104B600051B8000014030024294A016891423AD048
:104B7000274A1832914236D0254A3032914232D0FB
:104B8000234A483291422ED0214A603291422AD0A3
:104B90001F4A7832914226D01D4A9032914222D04B
:104BA0001B4AA83291421ED01A4A91421BD0194A80
:104BB0001832914217D0174A3032914213D0154A19
:104BC000483291420FD0134A603291420BD0114AC1
:104BD0007832914207D00F4A9032914203D00D4A69
:104BE000A832914211D1CAB21823103AB2FBF3F2A3
:104BF0006FF30901032A02F00703074AD25CC2657A
:104C000000D9091D81650846704721F0FF01F9E7C9
:104C10001000024010040240B2E1009030B5224A78
:104C2000012301689142CAB21BD01F4C1434A14227
:104C300017D01D4C2834A14213D01B4C3C34A14248
:104C40000FD0194C5034A1420BD0174C6434A14200
:104C500007D0154C7834A14203D0134C8C34A142B8
:104C60000CD11421114C083AB2FBF1F10F4A8032F9
:104C700001F01F0504EB8101AB4010E00C4D18243E
:104C8000103A0D44B2FBF4F1A82D00D80831094ABE
:104C900001F01F0402EB8101064AA340803260301C
:104CA00080E80E0030BD0000085402580058025839
:104CB000F0FBFDBF0008024010B50279531E072B20
:104CC0002DD8174C0168A1421BD0154C1434A142B9
:104CD00017D0134C2834A14213D0114C3C34A142BC
:104CE0000FD00F4C5034A1420BD00D4C6434A14274
:104CF00007D00B4C7834A14203D0094C8C34A1422C
:104D000003D10849074C443102E00749064C4431BD
:104D100004EB8202C0E91B2101219940416710BDCB
:104D200008540258FC580258FC08024010B5836928
:104D30004FF0C074826A0146002053B1B3F5005FA2
:104D400015D072B1012A0CD0022A0AD0032A09D147
:104D500004E01AB1012A06D0022A03D1C96AC901A6
:104D600000D5012010BDC96AA142FAD010BD002AA9
:104D7000F7D0012AF2D0022AF3D0032AF3D010BDD3
:104D80002DE9F04F804E804FDFF8FC911836DFF8A8
:104D9000F8A148370468856D0AF1300ADFF8ECB1F4
:104DA0004C45DFF8ECC1DFF8ECE16DD0B4426BD0DC
:104DB000544569D0BC4267D0DFF8D081A8F118080B
:104DC000444561D05C455FD064455DD074455BD09F
:104DD000DFF8C481444557D0DFF8BC8108F11808DA
:104DE000444551D0DFF8B08108F1300844454BD03C
:104DF000DFF8A48108F14808444545D0DFF89881E0
:104E000008F1600844453FD0DFF88C8108F178084C
:104E1000444539D0DFF8808108F19008444533D00B
:104E2000DFF8748108F1A80844452DD0DFF86C81C3
:104E3000444529D0DFF8648108F11408444523D0A3
:104E4000DFF8588108F1280844451DD0DFF84C816F
:104E500008F13C08444517D0DFF8408108F15008BC
:104E6000444511D0DFF8348108F1640844450BD083
:104E7000DFF8288108F17808444505D0DFF81C8167
:104E800008F18C08444509D1D0E91948C4F80480D8
:104E9000C46E1CB1D0E91C48C4F8048004684C45B9
:104EA0002ED0B4422CD054452AD0BC4228D0374E04
:104EB000183EB44224D05C4522D0644520D07445CD
:104EC0001ED0354EB4421BD0334E1836B44217D0E4
:104ED000314E3036B44213D02F4E4836B4420FD044
:104EE0002D4E6036B4420BD02B4E7836B44207D0EC
:104EF000294E9036B44203D0274EA836B44215D17D
:104F000090F85C603F2406F01F06B440AC60046873
:104F1000256825F4802525602EE09A600068C16030
:104F2000BDE8F08F99600068C260F9E71B4EB4429B
:104F30001BD01A4E1436B44217D0184E2836B4423D
:104F400013D0164E3C36B4420FD0144E5036B442F5
:104F50000BD0124E6436B44207D0104E7836B442AD
:104F600003D00E4E8C36B442DAD190F85C60012446
:104F700006F01F06B4406C60046863608368402BD1
:104F80000368CFD1C9E7000010000240880002404A
:104F9000A0000240B8000240100402400854025829
:104FA0001FB513A104461648FDF79AFA0122694677
:104FB000204605F03FFEB8B10022204602A905F0C8
:104FC00039FE9DED000B0E480EA153EC102BFDF7A2
:104FD00087FA9DED020B0A480DA153EC102BFDF74B
:104FE0007FFA012004B010BD4FF0FF30FAE7000057
:104FF000636F6E663A766F6C743A64630D0A0000F4
:10500000100000240950313D256C660D0A00000097
:105010000950323D256C660D0A00000030B593B092
:1050200005461C4817A1FDF75BFA1B49002306AA99
:10503000284605F03DFE184900230CAA284605F035
:1050400037FE15490F2401AB284606AA009405F047
:10505000E9FC104801AA11A1FDF742FA0E4901AB83
:105060000CAA2846009405F0DDFC0A4801AA0EA10E
:10507000FDF736FA9FED0F0B284606F0F9F813B04E
:10508000012030BD6D6561733A766F6C743A61636F
:105090000D0A00001000002490E400900950313DFA
:1050A00025730D0A000000000950323D25730D0ADA
:1050B00000000000000000000000000030B593B0C8
:1050C00005461C4817A1FDF70BFA1B49002306AA49
:1050D000284605F0EDFD184900230CAA284605F0E6
:1050E000E7FD15490F2401AB284606AA009405F0F8
:1050F00099FC104801AA11A1FDF7F2F90E4901AB84
:105100000CAA2846009405F08DFC0A4801AA0EA1BD
:10511000FDF7E6F99FED0F0B284606F0A9F813B04E
:10512000012030BD6D6561733A766F6C743A6463CB
:105130000D0A00001000002490E400900950313D59
:1051400025730D0A000000000950323D25730D0A39
:105150000000000000000000000000007047000098
:1051600010B58AB0002308244FF080428DE81D005E
:1051700007480A46694604930593069307930893E4
:1051800001F03AFC002800D001200AB010BD000058
:10519000600000241CB50021012000918DF8000062
:1051A00001918DF8010001A807F04BFA024808228E
:1051B0006946FFF7D5FF1CBD021001001CB5002297
:1051C0000121009201928DF800108DF801108DF8E8
:1051D000042008B1012000E00020694608228DF873
:1051E00005004FF48830FFF7BBFF1CBD1CB5002144
:1051F000012000918DF8000001918DF8010001A8B7
:1052000007F01FFA024808226946FFF7A9FF1CBDF4
:105210000110010072B6FEE7054805490839026829
:1052200042F00202026008688004FCD5704700006A
:105230000C480258014801F01DBD00006000002428
:10524000014801F017BD000060000024014801F092
:1052500011BD000060000024F0B503684FF6FC713A
:105260006D4C426BD3F884508D4345EA8205C3F8F8
:105270008450036853F8845F068F25F47F0545EA60
:1052800006451D60836B654D9F180268D2F8883013
:105290008B4343EA8703C2F88830026852F8883F9C
:1052A000868F23F4FE0343EA06431360066856F82C
:1052B000A03FC26B8B4307EB420243EA8203336099
:1052C000076857F8A03FB0F8406023F4FE0343EAB4
:1052D00006433B60D0E9103603FB06220368D3F88F
:1052E000B0608E4346EA8206C3F8B0600368B0F847
:1052F0004860D3F8B07027F4FE0747EA0646C3F8C3
:10530000B060D0E91267036806FB0722D3F8AC60EF
:105310008E4346EA8206C3F8AC60D0E9146703689E
:1053200006FB0722D3F8F0608E4346EA8206C3F8F4
:10533000F0600368B0F85860D3F8F07027F47C1779
:1053400047EA0646C3F8F0600368876D53F8C06FFC
:1053500002EB47028E4346EA820119600168B0F809
:105360005C20D1F8C03023F47C1343EA0242C1F838
:10537000C020016890F86020D1F8C03023F07C5341
:1053800043EA0262C1F8C020416B04EB8101C166AF
:10539000826B01EB82020267C36B02EBC3024267BE
:1053A000D0E91034634302EB83028267D0E9123400
:1053B000634302EB8302C267D0E91434634302EB18
:1053C0008302C0F88020836D02EBC303C0F88430F1
:1053D000C46D826E544303EB8403C0F88830046EBE
:1053E000544303EB8402C0F89020AA420AD9D0F8B3
:1053F0009C20032142F02002C0F89C2080F89810E5
:105400000120F0BD002200E004C1D0F890308B42B2
:10541000FAD80020F0BD000000AC0040FCD30040F2
:10542000F0B58E680C69D1E9005744EA0604DFB193
:1054300045F080452C43866ED1E906C54F695E4331
:1054400091F8203045EA0C05B1F80CC0D0F884E0A2
:10545000002047EA0363104F1D430EEB860345EA25
:105460000C45E3E8024511E044EA8544E3E71418FB
:10547000155CA67894F803C094F801E0360445EA78
:105480000C6446EA0E252C43001D10C3CC683C5D1D
:105490008442ECD8F0BD0000BCE10090F0B5D1E949
:1054A0000843CD690A68C2B10268254322F4F84274
:1054B00013431D430560D1E90125D1E903364C6949
:1054C0002A434568334389691A43EB0B2243DB03C4
:1054D0000A431A4342600020F0BDD1E9012ED1E910
:1054E000036CD1E9057142EA0E0246EA0C0632432A
:1054F0003A430A4301682A4322431A436FF30E01D9
:105500000A430260E7E7426943F6FE739A4342EAC0
:10551000410141610020704770B591E81C00C968E5
:105520006FF01F0506691A4305EB441444EA412154
:105530000A4306EA45431A430261002070BD000099
:105540002DE9F04F8B8A6FF00F05264C4FF07F4B03
:10555000D1F80C9004EB03536FF0FF044FEA042AD8
:105560001AB386684FEA09321F4FA2F580521A43D8
:105570003E4032438260D1E900278E68521E05EB1F
:1055800007150F8A2A43C56804EB06240E7E0AEB32
:10559000074322431A430BEB06610A4305F07043AD
:1055A0001A43C2600020BDE8F08F91E804110F4E4D
:1055B000521E0F8A05EB08152A4304EB0C2C06EB50
:1055C00009350E7E42EA0C022A4385680AEB07443D
:1055D00022431A430BEB06610A4305F070431A435A
:1055E0008260DFE70000F0FFFF0F0FFF00F0FFFF1A
:1055F00010B50A4C012802D0022808D005E0216825
:1056000000204862054803F099FD002010BD0348C2
:1056100003F01AFE2068406A10BD00003401002427
:105620002DE9F84F044602F01BF800903CB194F8C5
:105630003500022806D0802161650020E4E00120C9
:10564000BDE8F88FC74DC74EC649183520683036BB
:10565000DFF81483DFF814938842DFF814A3DFF82F
:1056600014B32ED0A8422CD0B0422AD0404528D026
:10567000484526D0504524D0584522D0BD4A18323E
:1056800090421ED0BC4A90421BD0BB4A1832904276
:1056900017D0B94A3032904213D0B74A48329042BC
:1056A0000FD0B54A603290420BD0B34A7832904264
:1056B00007D0B14A9032904203D0AF4AA83290420C
:1056C00009D1026822F01E0202602068426922F0BD
:1056D0008002426103E0026822F00E020260276845
:1056E0008F4238464DD0A8424BD0B04249D04045B9
:1056F00047D0484545D0504543D0584541D09D4AB4
:10570000183290423DD09C4A90423AD09A4A183280
:10571000904236D0984A3032904232D0964A48323F
:1057200090422ED0944A603290422AD0924A7832E7
:10573000904226D0904A9032904222D08E4AA8328F
:1057400090421ED08D4A90421BD08C4A1432904217
:1057500017D08A4A2832904213D0884A3C3290426D
:105760000FD0864A503290420BD0844A6432904225
:1057700007D0824A7832904203D0804A8C329742D6
:1057800004D1206E026822F480720260754920689C
:10579000884228D0A84226D0B04224D0404522D00A
:1057A000484520D050451ED058451CD0714918316D
:1057B000884218D07049884215D06F491831884204
:1057C00011D06D49303188420DD06B494831884243
:1057D00009D069496031884205D0674978318842EB
:1057E00001D065499031016821F0010101600EE0AE
:1057F00001F036FF0099401A052808D92022626579
:105800000321002084F8351084F8340017E7386845
:10581000C007EDD1534A0121206890422ED0A84202
:105820002CD0B0422AD0404528D0484526D05045FB
:1058300024D0584522D04F4B183398421ED04E4B9F
:1058400098421BD04C4B1833984217D04A4B3033F8
:10585000984213D0484B483398420FD0464B6033A0
:1058600098420BD0444B7833984207D0424B903348
:10587000984203D0404BA833984208D194F85C700A
:105880003F23A06D07F01F07BB40836007E094F83B
:105890005C30A06D03F01F0301FA03F3436020683E
:1058A00090424DD0A8424BD0B04249D0404547D05D
:1058B000484545D0504543D0584541D02D4A18322F
:1058C00090423DD02C4A90423AD02B4A1832904216
:1058D00036D0294A3032904232D0274A483290425C
:1058E0002ED0254A603290422AD0234A7832904204
:1058F00026D0214A9032904222D01F4AA8329042AC
:105900001ED01E4A90421BD01C4A1432904217D01F
:105910001A4A2832904213D0184A3C3290420FD093
:10592000164A503290420BD0144A6432904207D04B
:10593000124A7832904203D0104A8C3290420BD1F6
:10594000D4E919024260E06E30B1026822F480723C
:105950000260D4E91C024260002084F8351084F80B
:1059600034006DE610000240580002407000024012
:1059700088000240A000024010040240085402586F
:105980002DE9F05F28B190F83510022904D080216C
:1059900041650120BDE8F09F904C904B0168183C98
:1059A00018338E4ADFF83C92A1428D4CDFF838E282
:1059B0008E4FDFF83CB2DFF83CA28F4D8F4E31D0D6
:1059C00091422FD099422DD0A1422BD0494529D0C8
:1059D000714527D0B94225D0DFF810C20CF1180C60
:1059E00061451FD0DFF808C2ACF1600C614519D0E9
:1059F000DFF8FCC1ACF1480C614513D0DFF8F0C111
:105A0000ACF1300C61450DD0DFF8E4C1ACF1180CFD
:105A1000614507D0594505D0514503D0A94201D071
:105A2000B1422CD1DFF8B4C14FF0040880F83580C2
:105A3000ACF1180C61451DD091421BD0994219D090
:105A4000A14217D0494515D0714513D0B94211D0A4
:105A50006648183081420DD065486038814209D0CF
:105A600063484838814205D061483038814201D0CE
:105A70005F481838086820F001000860ABE0D1F8F2
:105A800000C02CF00E08DFF854C1C1F80080ACF162
:105A9000180C0168614527D0914225D0994223D046
:105AA000A14221D049451FD071451DD0B9421BD01C
:105AB000DFF838C10CF1180C614515D0DFF830C1A2
:105AC000ACF1600C61450FD0DFF824C1ACF1480C9B
:105AD000614509D0DFF818C1ACF1300C614503D045
:105AE000DFF80CC1ACF1180CD1F800C02CF0010C9F
:105AF000C1F800C0DFF8E4804FF0010C0168A8F1A4
:105B00001808414546D0914244D0994242D0A14222
:105B100040D049453ED071453CD0B9423AD0334A95
:105B20001832914236D0324A603A914232D0304AED
:105B3000483A91422ED02E4A303A91422AD02C4AED
:105B4000183A914226D0594524D0514522D0A94235
:105B500020D0B1421ED02A4A91421BD0284A14328A
:105B6000914217D0264A2832914213D0244A3C321F
:105B700091420FD0224A503291420BD0204A6432D7
:105B8000914207D01E4A7832914203D01C4A8C328F
:105B9000914218D1016E0A6822F480720A6090F86E
:105BA0005C20816D02F01F020CFA02F24A60D0E91B
:105BB00019124A60C16E31B10A6822F480720A601B
:105BC000D0E91C124A600022016D80F835C080F8CF
:105BD000342001B188470020DCE6000028000240A4
:105BE000580002407000024088000240A0000240BD
:105BF0007004024088040240A0040240B80402403D
:105C0000085402582DE9FC5F0446F74E0020DFF8E7
:105C1000D88300904FF41652F44808F11808A56D87
:105C2000DFF8C493DFF8C0A3016809F130092068E8
:105C30000AF1480AB1FBF2F1B04201912F68D5F8A0
:105C400000C0DFF8ACB335D04146884232D0484579
:105C500030D050452ED058452CD0E54918318842D7
:105C600028D0E3493031884224D0E1494831884284
:105C700020D0E04988421DD0DE491831884219D031
:105C8000DC493031884215D0DA494831884211D098
:105C9000DFF860E30EF1600E70450BD0D54A783224
:105CA000904207D0D34B9033984203D0D149A831CA
:105CB00088427DD194F85C20082102F01F0201FA8D
:105CC00002F23A424AD0B04232D0404530D0484544
:105CD0002ED050452CD058452AD0C54A1832904273
:105CE00026D0C34A3032904222D0C14A4832904234
:105CF0001ED0C04A90421BD0BE4A1832904217D0E4
:105D0000BC4A3032904213D0BA4A483290420FD047
:105D1000B84A603290420BD0B64A7832904207D0EF
:105D2000B44A9032904203D0B24AA832904203D192
:105D3000026802F0040202E0026802F008026AB19E
:105D4000026822F00402026094F85C0000F01F0078
:105D50008140A960606D40F00100606594F85C00CE
:105D6000012100F01F008140394240D02068B0423C
:105D700034D0404532D0484530D050452ED05845DB
:105D80002CD09B4A1832904228D0994A3032904207
:105D900024D0974A4832904220D0964A90421DD053
:105DA000944A1832904219D0924A3032904200E020
:105DB000AFE113D08F4A483290420FD08D4A603203
:105DC00090420BD08B4A7832904207D0894A903269
:105DD000904203D0874AA83290427DD1406910F0AA
:105DE000800F04D0A960606D40F00200606594F8F7
:105DF0005C00042100F01F00814039423ED0206841
:105E0000B04232D0404530D048452ED050452CD0FD
:105E100058452AD0764A1832904226D0744A3032F9
:105E2000904222D0724A483290421ED0714A90422B
:105E30001BD0704A1832904217D06E4A30329042CE
:105E400013D06C4A483290420FD06A4A6032904276
:105E50000BD0684A7832904207D0664A903290421E
:105E600003D0644AA83290424ED1006810F0020F6D
:105E700004D0A960606D40F00400606594F85C0097
:105E8000102100F01F008140394258D02068B042F4
:105E900034D0404532D0484530D050452ED05845BA
:105EA0002CD0534A1832904228D0514A3032904276
:105EB00024D04F4A4832904220D04E4A90421DD0C2
:105EC0004C4A1832904219D04A4A3032904215D08A
:105ED000484A4832904200E014E00FD0454A603210
:105EE00090420BD0434A7832904207D0414A9032D8
:105EF000904203D03F4AA832904207D1006800F098
:105F0000080006E0006872E70068B7E7006800F084
:105F10000400A0B1A96020680168490304D50068A5
:105F2000000308D5A16C07E00168C90503D4016826
:105F300021F008010160216C09B12046884794F8DE
:105F40005C00202100F01F008140394279D0206898
:105F5000B04232D0404530D048452ED050452CD0AC
:105F600058452AD0224A1832904226D0204A303250
:105F7000904222D01E4A483290421ED01D4A904282
:105F80001BD01C4A1832904217D01A4A3032904225
:105F900013D0184A483290420FD0164A60329042CD
:105FA0000BD0144A7832904207D0124A9032904275
:105FB00003D0104AA832904203D1006800F01000CC
:105FC00002E0006800F00200B0B3A96094F8350068
:105FD0000428206801680FD049037ED500680003BB
:105FE0002BD4616C2AE00000100002402000002445
:105FF000700002401004024021F016010160206888
:10600000416921F080014161206C08B9A06C20B188
:106010002068016821F00801016094F85C303F219C
:10602000012003F01F0300229940A96084F8350085
:1060300084F83420216D65E003E0E16B09B120466E
:106040008847606D00287DD0606DC00759D02068FA
:10605000042184F83510B0422BD0404529D0484562
:1060600027D0504525D0584523D09D49884220D07F
:106070009B49183188421CD099493031884218D048
:106080009849884215D097491831884211D09549CE
:10609000303188420DD093494831884209D0914926
:1060A0006031884205D08F497831884201D08D49CE
:1060B0009031016821F00101016020680099019A86
:1060C000491C0091914202D80168C907F6D10068C5
:1060D000C00710D003200FE0FFE70168C905ACD46A
:1060E00003680121002223F01003036084F83510B7
:1060F00084F83420A1E7012084F83500002084F8DA
:106100003400E16C00291DD002B02046BDE8F05FEC
:106110000847754988421DD073491431884219D007
:1061200071492831884215D06F493C31884211D0DD
:106130006D49503188420DD06B496431884209D095
:10614000694900E084E07831884203D066498C31A7
:1061500088427DD194F85C800427016808F01F080C
:1061600007FA08F717EA0C0F009746D04F0744D5F7
:1061700000980F04686003D5C8033CD4A16CC1E744
:10618000880638D42068B0422DD0554960398842FD
:1061900029D0484527D0504525D0584523D05049CF
:1061A000884220D04E49183188421CD04C493031A9
:1061B000884218D04B49884215D04A491831884244
:1061C00011D04849303188420DD046494831884283
:1061D00009D0704507D0904205D0984203D041497C
:1061E000A831884203D1016821F0080102E001686A
:1061F00021F004010160216C84E7022707FA08F707
:1062000017EA0C0F00974ED08F074CD500980F045B
:10621000686003D5C80344D4616C73E7880640D432
:106220002068B0422FD02E49603988422BD0484593
:1062300029D0504527D0584525D02949884222D019
:106240002749183188421ED025493031884200E064
:1062500044E018D02349884215D022491831884299
:1062600011D02049303188420DD01E494831884232
:1062700009D0704507D0904205D0984203D0194903
:10628000A831884203D1016821F0140102E00168BD
:1062900021F00A010160012184F83510002084F802
:1062A0003400E16B2EE7082202FA08F212EA0C0F22
:1062B00014D0090712D5016821F00E01016094F88D
:1062C0005C100120002201F01F0100FA01F1696059
:1062D000606584F8350084F8342012E7BDE8FC9F3F
:1062E0008800024010040240085402582DE9F05F73
:1062F000044601F0B5F9002C07467DD0E34E02219B
:1063000020684FF00308DFF888934FF00005DFF8AE
:1063100084A3B042DFF880B334D0DC4A1832904214
:1063200030D048452ED050452CD058452AD0DA4A96
:106330001832904226D0D84A3032904222D0D64AE3
:10634000483290421ED0D54A90421BD0D34A1832D0
:10635000904217D0D14A3032904213D0CF4A4832BF
:1063600090420FD0CD4A603290420BD0CB4A783267
:10637000904207D0C94A9032904203D0C74AA8320F
:1063800090427DD184F83510B04284F834502ED03C
:10639000BE49183188422AD0484528D0504526D0D9
:1063A000584524D0BC491831884220D0BA493031F0
:1063B00088421CD0B8494831884218D0B749884231
:1063C00015D0B6491831884211D0B44930318842CD
:1063D0000DD0B2494831884209D0B0496031884275
:1063E00005D0AE497831884201D0AC49903101687E
:1063F00021F00101016008E027E100BF01F030F960
:10640000C01B052801D920211CE120680068C007B5
:10641000F4D104F108002168D4E9053C8E4685C812
:1064200009681043D4E907281F43636A38439C4F27
:1064300040EA0C001043394040EA0800042B40EACF
:10644000010003D1D4E90B121143084395490968AF
:106450006FF30F01B1F1005F0FD36168A1F1290261
:10646000052A08D9163A032A05D9083A012A02D979
:106470004F39032901D840F48010CEF8000000E025
:1064800023E02068676A4069042F20F0070047EA8C
:1064900000070DD1D4E90A01074349B12046FEF7B0
:1064A00045FC28B140206065012184F83510CCE01E
:1064B000206847612046FEF757FB94F85C203F2197
:1064C00002F01F029140816054E0774A90421BD055
:1064D000754B1433984217D0734B2833984213D01E
:1064E000714B3C3398420FD06F4B503398420BD0D6
:1064F0006D4B6433984207D06B4B7833984203D08E
:10650000694B8C3398427DD184F8351084F834502F
:10651000664B0168A26801EA030E402A73D0802A04
:1065200072D00022D4E90378D4E9053142EAD702D7
:1065300042EAD8085C4AD4E9077C48EAD30848EA2A
:10654000D10141EAD701524241EA1C11142341EA28
:106550000E01016020681044B0FBF3F08000E0659C
:106560002046FEF701FB94F85C20012102F01F0297
:10657000914041602068B04257D044491831884268
:1065800053D0484551D050454FD058454DD0424941
:106590001831884249D040493031884245D03E497F
:1065A0004831884241D03D4988423ED03B4918316C
:1065B00088423AD039493031884236D0374948315B
:1065C000884232D03549603188422ED03349783103
:1065D00088422AD031499031884226D02F49A831AB
:1065E000884222D0304988421FD02F491431884236
:1065F0001BD02D492831884217D02B493C31884285
:1066000013D002E01DE017E018E02749503188421E
:106610000BD025496431884207D02349783188421C
:1066200003D021498C31884229D12046FEF7F6FA61
:10663000A06880280CD00CE0102273E74FF4804251
:1066400070E74021616584F835800120BDE8F09F46
:106650006560216E20790860D4E9190141606068A5
:10666000401E072808D82046FEF726FBE06E05608E
:10667000D4E91C01416002E0E566256765670120F9
:10668000656584F835000020E0E700001000024056
:1066900040000240580002407000024010040240D6
:1066A0003F8010FE0010005C085402580F00FEFFEF
:1066B0002DE9F84F04008C464FF00000009014D0F4
:1066C00094F83400012812D094F8355001200021AC
:1066D00084F83400012D0CD0C002606501200090C8
:1066E00084F834100098BDE8F88F0120FBE7022001
:1066F000F9E78C4D0226206884F83560A8428A4D5F
:1067000061658A4E8A4FDFF82C82DFF82C92DFF821
:106710002CA2DFF82CB226D0A84224D0B04222D03E
:10672000B84220D040451ED048451CD050451AD014
:10673000584518D08349884215D08249183188427B
:1067400011D08049303188420DD07E49483188428D
:1067500009D07C496031884205D07A497831884235
:1067600001D078499031016821F001010160614652
:106770002046FEF705FB6B49206888422CD0A842D2
:106780002AD0B04228D0B84226D0404524D048452F
:1067900022D0504520D058451ED06A4A90421BD086
:1067A000684A1832904217D0664A3032904213D06D
:1067B000644A483290420FD0624A603290420BD015
:1067C000604A7832904207D05E4A9032904203D0BD
:1067D0005C4AA83290420CD1026822F01E0242F0BC
:1067E00016020260206C88B12068026842F008023C
:1067F0000BE0026822F00E0242F00A020260206CF6
:1068000020B12068026842F00402026020688842D9
:106810004BD0A84249D0B04247D0B84245D04045BD
:1068200043D0484541D050453FD058453DD0454ADA
:1068300090423AD0434A1832904236D0414A3032E0
:10684000904232D03F4A483290422ED03D4A603288
:1068500090422AD03B4A7832904226D0394A903230
:10686000904222D0374AA83290421ED0364A9042F7
:106870001BD0354A1432904217D0334A2832904206
:1068800013D0314A3C3290420FD02F4A50329042BE
:106890000BD02D4A6432904207D02B4A7832904276
:1068A00003D0294A8C3290420DD1206E0268D20367
:1068B00003D5026842F480720260E06E18B102688B
:1068C00042F4807202602068884226D0A84224D018
:1068D000B04222D0B84220D040451ED048451CD0FE
:1068E00050451AD0584518D01649884215D0154938
:1068F0001831884211D01349303188420DD01149E6
:106900004831884209D00F496031884205D00D498D
:106910007831884201D00B499031016841F0010182
:106920000160DFE610000240280002404000024003
:10693000580002407000024088000240A00002405F
:10694000B8000240100402400854025870B50446D2
:1069500000F086FE0546601C02D00448007804441E
:1069600000F07EFE401BA042FAD370BD140000244C
:1069700010B590F89830012B09D0022B07D0D0F831
:106980009C1041F00201C0F89C10012010BD03686A
:106990009C6D0C4203D1DC6D44F0010404E09C6D5D
:1069A00031EA04041FD00324DC658B0505D5036898
:1069B000D3F8E0401443C3F8E0404B0505D5036825
:1069C000D3F8E4401443C3F8E4400068084A01EAFD
:1069D0000203446D074A1C434465106840EA917005
:1069E0001060002010BDDC6D44F00204DCE7000004
:1069F000FFFFCF3F14A8004070B5044690F8980000
:106A0000022804D0D4F89C0040F008000DE0206873
:106A1000D0F8C03013F07C5F0BD0D0F8C4309B02AC
:106A20000CD5D4F89C0040F40070C4F89C00012000
:106A300070BDD4F89C0040F02000F6E7D0F8C40008
:106A4000C0F3044520462B46FEF7EAFC21680120EE
:106A5000A840C1F8D000C4F89400002070BD704771
:106A600070B590F89820012A09D0022A07D0D0F8F2
:106A70009C1041F00201C0F89C10012070BD0B6811
:106A8000CA6883B10B69072A43EA427325D00C7A9E
:106A90004A6942EA84724968006F00EBC100C0E9AC
:106AA0000032002070BD072A0DD00C7AD6060D8A60
:106AB0004B6943EA847246EA0543C06E49681A434B
:106AC00040F82120EDE70B8A4FF06055D1E906240C
:106AD00042EA034245EA0423EFE78A69DBE77047AD
:106AE00070470000F0B590F898500024022D04D0B3
:106AF000D0F89C1041F0080129E0402905D0412937
:106B000029D0056D8D4219D942E00568D5F8A060FD
:106B100016F4FE0F12D0D5F8A460760613D0D5F87F
:106B2000A460F60105D5D5F8A06016F0004F00D599
:106B30000124D5F8A470466F456C24E0D0F89C1071
:106B400041F0200103E0D0F89C1041F48071C0F8BE
:106B50009C100120F0BD0568D5F8B06016F4FE0F5A
:106B6000ECD0D5F8B4607606EDD0D5F8B460F60177
:106B700005D5D5F8B06016F0004F00D50124D5F842
:106B8000B470866FC56CC7F305273C44654302E0CB
:106B9000456DC66F4D4306EB85052E6816F08046A1
:106BA00056602E6836D026F060461660D5F800C0D4
:106BB00000262E4F0CF0005CC2F808C0D5F800C0CB
:106BC0000CF0004CC2F810C0B5F804C01FFA8CFCE1
:106BD000C2F81CC0D5F804C0CCF3034CC2F80CC0FA
:106BE000D5F804C00CF4801CC2F814C0D5F804C059
:106BF0000CF4001CC2F818C0D5F804C0CCF3066C25
:106C0000C2F820C0D5F804C008354FEADC7CC2F8D1
:106C100024C008E0C6F38A46C7E700BF15F806C0DF
:106C200003F806C0761CD2F80CC017F80CC0B445A7
:106C3000F4D840290AD041290CD020294FF0010274
:106C40000CD200688A40C0F898200DE00068C0F8B7
:106C5000A84009E00068C0F8B84005E0006801F00D
:106C60001F018A40C0F89C200020F0BDBCE10090CC
:106C7000704700002DE9FF5FDFF80CB304460BF10D
:106C80000401DBF8000025680F68AA468007D5F8E4
:106C90005090696DD5F850806E6D2A6DD5F854C04E
:106CA0002B6D00EA8770009009F470496F6D286DB4
:106CB00001EA09010191DAF85410DAF85490DAF88F
:106CC000505008F00F0806EA0806029602F0F0029B
:106CD00003F071536FEA09061F4000F060700CEA80
:106CE000020CCDF80CC0F20501EA00090CD4E8430F
:106CF000C00509D400214FF48073CAF85030CBF896
:106D000000102046FFF7B4FF700512D4E843400599
:106D10000FD4206800234FF48068D0F8DC20D0F82E
:106D2000E410C0F85080CBF800301140204600F04D
:106D3000DBFADFF858A2009850B12268830F00EA0E
:106D40000A001065CBF8003020460099FFF787FE57
:106D5000019850B12268830F00EA0A001065CBF851
:106D600000302046019900F0C1FA029850B1226823
:106D7000830F00EA0A001065CBF800302046029924
:106D800000F087FA039850B12268830F00EA0A00E6
:106D90001065CBF800302046039900F085FA3005E5
:106DA0000CD4E843000509D4236800204FF40062A6
:106DB0001A65CBF80000204600F099FAB00512D40D
:106DC000E84380050FD4206800234FF40078D0F802
:106DD000D820D0F8E010C0F85080CBF80030114037
:106DE000204600F082FA30030CD4E843000309D4B3
:106DF000236800204FF400221A65CBF800002046DB
:106E000000F046FAF0030CD4E843C00309D4236829
:106E100000204FF480321A65CBF80000204600F0C5
:106E200062FA70030CD4E843400309D422680020BE
:106E30004FF480231365CBF80000204600F052FA8F
:106E4000B0030FD4E84380030CD4236800204FF430
:106E500000321A65CBF80000D4F89C0040F08000A6
:106E6000C4F89C00B9F1000F0BD022684FEA997367
:106E700009EA0A001065CBF8003049462046FFF7C2
:106E80002FFE5FB12268BB0F07EA0A001065CBF83E
:106E90000030D4F89C003843C4F89C003C4920687A
:106EA000884268D1606881468068800763D0D9F8DD
:106EB0002060D9F82410D9F82080D9F82400D9F816
:106EC00020C0D9F82470D9F82030D9F82450D9F846
:106ED000202003F4FC4306F00F0AD9F824601D407B
:106EE000D9F824B008F030080CF4C07C02F4F02289
:106EF00011EA0A0100EA080807EA0C0706EA020696
:106F0000D9F820A004D0C9F82010204600F0E7F9F5
:106F1000B8F1000005D0616808624146204600F0E3
:106F2000E0F96FEA0B0040060ED46FEA0A00400653
:106F30000AD460684021C36BC26B01622046190C01
:106F400002F03F0200F0CCF92FB1606807623946C9
:106F5000204600F0C3F935B160680562D4F89C00A2
:106F60002843C4F89C0036B160680662D4F89C00DF
:106F70003043C4F89C00D4F89C00002802D020467E
:106F8000FFF7ADFDBDE8FF9F10A80040FFFFCF3F1A
:106F900000A000402DE9F04194B08D494C220446F8
:106FA0006846FBF783FD64B18A4D2068A84202D190
:106FB00000F58070606094F898004FF0000820B1F0
:106FC00008E0012014B0BDE8F081204684F89980E3
:106FD00000F002F92068816921F01001816100F060
:106FE0003FFB0327064604E000F03AFB801B0A281B
:106FF00011D8206880690007F6D42068816941F0C3
:107000000101816100F02CFB06460DE000F028FB39
:10701000801B0A2808D9D4F89C0040F00100C4F86D
:107020009C0084F89870CCE720688069C007EDD098
:107030002068816941F002018161207C012820687B
:10704000816937D041F040018161607C012820686E
:10705000816932D021F480418161A07C01282068BF
:1070600081692DD041F4805181612068A2688169D5
:1070700021F44071114381612068816921F0A401EC
:1070800081612068016921F010010161E068012837
:1070900019D010B302281BD02068816941F080010B
:1070A00081612068016941F010010161E0680328F5
:1070B0000ED012E021F04001C6E741F48041CBE759
:1070C00021F48051D0E72068816941F0040103E098
:1070D0002068816941F020018161207E6FF0FF020C
:1070E000D4E90773A68A1102400602EB0727A0F134
:1070F0000070384327685B1E184301EB0646304397
:10710000F861A068B0F5407F11D104F12800A68C89
:107110006FF00F0C89C801EB0641401E02EB032201
:10712000104322680CEB071318430843D060206E0D
:1071300030B12068626ED0F8C0101143C0F8C010A2
:10714000D4E917126846D14209D02168A36E51F8DC
:10715000C82F50F8233022F007021A430A60216C2E
:1071600049B12168626C51F8BC3F50F8226023F0AD
:10717000070232430A60A16C51B12168E36C51F8F7
:10718000BC2F50F8233022F0700242EA03120A604A
:10719000216D51B12168626D51F8BC3F50F8220059
:1071A00023F4E06242EA002008602068A84204D18B
:1071B0006068816821F003018160C4F89480012136
:1071C000C4F89C8084F898102046FEF745F8F9E64C
:1071D000CCE1009000A0004010B5B6B004461421E8
:1071E00030A8FBF795FCC0216846FBF791FC2549C8
:1071F0002068884244D100201C904FF40041CDE922
:107200000010684600F0CAFC08B1FEF703F81E48FB
:10721000016841F480710160006800F4807035906D
:1072200019480C38016841F00101016000680DF156
:10723000C00C022100F00100359001220323092433
:107240004FF4C0508CE81F00104830A900F0E2F85D
:1072500000220521132000F0EFFA132000F0DEFADF
:1072600000220521152000F0E7FA152000F0D6FADB
:10727000002205213F2000F0DFFA3F2000F0CEFA87
:1072800036B010BD00A00040EC4402580000025887
:10729000704700B5C9078DB004D040216A460AABDB
:1072A000FFF720FC0DB000BD704790F89810012941
:1072B00007D0D0F89C1041F00401C0F89C100120C8
:1072C0007047022180F89810002201688B6923F032
:1072D00001038B61C0F89C201046704770477047CF
:1072E00070477047704770477047704770477047E6
:1072F0002DE9F043B7B014216846FBF709FC3C4880
:107300000168002970D14FF00108C0F80080C02149
:1073100006A8FBF7FDFB002018904FF08071074690
:10732000CDE9061006A800F039FC08B1FDF772FFA0
:107330003048016841F480510160006802250C2644
:10734000694600F48050059040F2FF608DE8A1008E
:1073500003242948CDE9034600F05CF8DFF89C904F
:1073600069468DE8B000CDE90346484600F052F882
:107370004FF47F4069468DE8A1002148CDE90346DE
:1073800000F048F8474648F237108DE8A1001D4844
:107390006946CDE9034600F03DF84CF203706946BA
:1073A0008DE8A1001848CDE9034600F033F84FF608
:1073B0003F0069468DE8A1001448CDE9034600F07E
:1073C00029F80D2069468DE8A1001148CDE9034652
:1073D00000F020F84FF6807069468DE8A100CDE9F5
:1073E0000346484600F016F837B0BDE8F0830000C9
:1073F00004000024D444025800200258001002580F
:10740000001C025800180258000C025800140258C0
:10741000000802582DE9F84F03247D4D00234FF05A
:1074200001094FF0B04B4FF00F0AE9E009FA03F7FA
:107430003A4076D00E7906F00306012E01D0022ED6
:1074400018D1D0F808C04FEA430ECE6804FA0EF8FF
:107450002CEA080C06FA0EF646EA0C068660D0F80E
:1074600004C00E792CEA070CC6F300169E4046EACB
:107470000C0646600E79F643B6070BD0C6684FEA95
:1074800043088F6804FA08FC26EA0C0607FA08F796
:107490003743C7600E7906F00306022E12D1DE08CC
:1074A0000F694FEA437C00EB8606B646366A4FEA20
:1074B000DC6C0AFA0CF807FA0CF726EA08063743E0
:1074C000CEF820700F7906684FEA430807F00307EB
:1074D00004FA08FC07FA08F726EA0C0637430760A7
:1074E0004E6816F4403F1CD04A4E376847F00207FA
:1074F000376036689F0706F00206009623F0030601
:1075000006F1B046B6463F0FD6F80864DFF80881AA
:107510000AFA07FC404526EA0C0603D14FF0000C9E
:1075200041E06CE0DFF8F4C0604502D14FF0010C9F
:1075300039E0DFF8ECC0604502D14FF0020C32E0D8
:10754000DFF8E0C0604502D14FF0030C2BE0DFF81C
:10755000D8C0604502D14FF0040C24E0DFF8CCC065
:10756000604502D14FF0050C1DE0DFF8C4C0604556
:1075700002D14FF0060C16E0DFF8B8C0604502D12A
:107580004FF0070C0FE0DFF8B0C0604502D14FF0BC
:10759000080C08E0DFF8A4C0604502D14FF0090CE8
:1075A00001E04FF00A0C0CFA07FC4CEA060CCEF88E
:1075B00008C44F68DBF80060FF0226EA020600D527
:1075C00016435F46CBF80060D1F804C0DBF80460D6
:1075D0005FEA8C2C26EA020600D516437E606E68B0
:1075E0004F6826EA0206BF0300D516436E602E6878
:1075F0004F6826EA0206FF0300D516432E605B1C87
:107600000A6832FA03F67FF411AFBDE8F88F000084
:1076100080000058F4440258000002580004025848
:1076200000080258000C02580010025800140258BA
:1076300000180258001C025800200258002402586A
:107640000069084000D0012070470AB1816170478D
:107650000904FBE701480068000C70470010005C5B
:1076600001488068704700001400002402488168C7
:10767000027811448160704714000024032010B583
:1076800000F0FAF801F002F90F4A10491468136883
:10769000C4F3032203F00F038A5CC95C02F01F02EB
:1076A00001F01F01D0400A4A20FA01F11160094996
:1076B00008600F2000F010F808B1012010BD00F0A4
:1076C0009FF8002010BD00001844025840E20090CE
:1076D000240000242000002410B5102804468AB09D
:1076E0002CD200220146362000F0A6F8362000F009
:1076F00095F8174804601748016841F010010160CF
:10770000006809A900F010000890684601F04AF8E6
:107710000598B0B101F096F840000F4900220F4CD7
:10772000B0FBF1F10E4840F2E7330460C0E90332E8
:10773000491EC0E9011201F0BDFC28B101200AB0C8
:1077400010BD01F07FF8E8E7054801F037FDF6E7E6
:1077500018000024E844025840420F000010004086
:107760008C030024154BF0B5083B427813491A608E
:107770000B680A1F23F001030B6043681360057B4D
:10778000C67A827A437B2D07847B45EA0665C77BF0
:1077900090F809C0067A90F800E045EAC24040EA55
:1077A000834040EA444040EA074040EA0C2040EA77
:1077B000460040EA0E000860F0BD0000A0ED00E0C9
:1077C000BFF35F8F044800210368034A23F480332A
:1077D000036070321160704724ED00E0074A40F00A
:1077E0000100064970321060086840F4803008607B
:1077F000BFF34F8FBFF36F8F7047000024ED00E0A1
:10780000054808B5016841F002010160006800F018
:107810000200009008BD0000F4440258002809DB73
:10782000410900F01F028900012001F1E021904090
:10783000C1F80001704700000E4BF0B41B680D4604
:10784000C3F30223C3F10706042E00D90426191D31
:10785000072901D2002300E0DB1E012404FA06F10F
:107860009C40491E2940641E994014402143F0BCAD
:1078700004F00ABF0CED00E0064900F0070210B565
:107880004FF6FF040868044B204040EA02201843EA
:10789000086010BD0CED00E00000FA05134970B55A
:1078A0000A68D243520705D5096801F007018142F1
:1078B00013D118E00A6822F0070202430A60FFF7BA
:1078C000CFFE0A4D4FF47A760446083D07E000BF2C
:1078D000FFF7C6FE001BB04201D9012070BD286829
:1078E000C0438004F4D4002070BD00000C4802584E
:1078F00010B500F085FF05490968054AC1F302117A
:10790000515C01F01F01C84010BD00002044025826
:1079100040E20090494930B5484C0B1D0A681434C8
:1079200009681D68246802F00303C5F30012C1F35F
:107930000531C4F3CC04002914FB02F200EE102A36
:10794000F8EE400A75D03F4A9FED3D1AB7EE000AA7
:107950006BB1DFED3D1A012B01D0022B64D002EE9A
:10796000101A1168F8EE422A81EEA22A21E0334C67
:10797000283C23689B0612D5344B246801EE901AEC
:107980001168C4F3C104F8EE612AE34001EE903AB5
:10799000C1F30801F8EE611A81EEA22A0BE001EEB4
:1079A000901ADFED2B2A00BFF8EE611A116882EE03
:1079B000A12AC1F3080101EE901A1168F8EE611ACC
:1079C00040EE811A71EE800A62EE200AC1F3462170
:1079D00001EE101AB8EE411A31EE001AC0EE811A0B
:1079E000BCEEE11A80ED001A1168C1F3064101EE08
:1079F000101AB8EE411A31EE001AC0EE811ABCEE30
:107A0000E11A80ED011A1168C1F3066101EE101A46
:107A1000B8EE411A31EE000A80EE801ABCEEC10ABF
:107A200080ED020A30BD04E001EE901ADFED092A74
:107A3000BAE70021016041608160F3E72844025801
:107A400000000039384402580024744A0090D003E2
:107A50000024744C20BCBE4B494930B5484C0B1D2A
:107A60000A681C3409681D68246802F00303C5F322
:107A70000022C1F30551C4F3CC04002914FB02F227
:107A800000EE102AF8EE400A75D03F4A9FED3D1AED
:107A9000B7EE000A6BB1DFED3D1A012B01D0022BCE
:107AA00064D002EE101A1168F8EE422A81EEA22A82
:107AB00021E0334C283C23689B0612D5344B2468C4
:107AC00001EE901A1168C4F3C104F8EE612AE34094
:107AD00001EE903AC1F30801F8EE611A81EEA22A94
:107AE0000BE001EE901ADFED2B2A00BFF8EE611AD1
:107AF000116882EEA12AC1F3080101EE901A116803
:107B0000F8EE611A40EE811A71EE800A62EE200AE8
:107B1000C1F3462101EE101AB8EE411A31EE001AF7
:107B2000C0EE811ABCEEE11A80ED001A1168C1F3B3
:107B3000064101EE101AB8EE411A31EE001AC0EEFD
:107B4000811ABCEEE11A80ED011A1168C1F30661D9
:107B500001EE101AB8EE411A31EE000A80EE801ADA
:107B6000BCEEC10A80ED020A30BD04E001EE901ABD
:107B7000DFED092ABAE70021016041608160F3E787
:107B80002844025800000039404402580024744A36
:107B90000090D0030024744C20BCBE4B2DE9FE4F56
:107BA0000546DFF8E48350F8081B0024F64FC9436C
:107BB000019005F12800264608F1240800900801EC
:107BC0001DD4A86E50B1B0F5801F0CD0B0F5001FC9
:107BD0000ED0B0F5401F1ED001240FE0386840F4ED
:107BE0000030386017E00198022102F01BFA03E030
:107BF0000098022102F0A6FA04000CD0264628883C
:107C0000C043C00523D4A86D05281ED2DFE800F0CC
:107C10000C11161B1B00AA6ED8F8001021F440119D
:107C20001143C8F80010EAE7386840F400303860C3
:107C300009E00198002102F0F5F903E00098002125
:107C400002F080FA044674B100E001242646288838
:107C5000C043800528D4E86D80281ED00CDC90B18C
:107C600040280ED114E0AA6DD8F8001021F00701C9
:107C70001143C8F80010EAE7C02813D0B0F5807FA0
:107C800010D001240FE0386840F40030386009E07B
:107C90000198002102F0C6F903E00098002102F0EB
:107CA00051FA04469CB126462888DFF8DC92C0438E
:107CB00009F12C0940052CD4D5F8A800B0F5800FA7
:107CC00020D00DDCA0B1B0F5001F0FD115E0EA6D9A
:107CD000D8F8001021F4E0711143C8F80010E3E770
:107CE000B0F5C00F13D0B0F5000F10D001240FE095
:107CF000386840F40030386009E00198002102F053
:107D000091F903E00098002102F01CFA04467CB1CE
:107D100026462888C04300052DD4D5F8AC00B0F124
:107D2000007F21D00EDCA8B1B0F1807F10D116E029
:107D3000D5F8A820D9F8001021F460011143C9F842
:107D40000010E6E7B0F1407F13D0B0F1806F10D0A3
:107D500001240FE0386840F40030386009E00198F1
:107D6000002102F05FF903E00098002102F0EAF937
:107D7000044674B126462868C04380011FD4E86CCD
:107D8000D8B110280FD0202812D0302815D00124C7
:107D900014E0D5F8AC20D9F8001021F0E0611143CF
:107DA000C9F80010E7E7386840F40030386004E0B4
:107DB0000198022102F036F9044674B1264628885B
:107DC000C043C0042BD4286EB0F5005F20D00DDC7A
:107DD000A0B1B0F5805F0FD115E06B48EA6C2030A0
:107DE000016821F0300111430160E8E7B0F5405F20
:107DF00013D0B0F5804F10D001240FE0386840F464
:107E00000030386009E00198002102F00BF903E02E
:107E10000098002102F096F904468CB12646288885
:107E2000C043800429D4686EB0F5403F23D010DCF5
:107E300008B3B0F5803F14D0B0F5003F0FD115E086
:107E40002A6ED8F8001021F4E0411143C8F8001060
:107E5000E5E7B0F5802F0ED0B0F5A02F0BD00124B0
:107E60000AE00198012102F0DDF803E00098012109
:107E700002F068F9044694B126462888C0434004BD
:107E80002AD4D5F8B000B0F1405F23D010DC08B39D
:107E9000B0F1805F14D0B0F1005F0FD115E06A6ED1
:107EA000D8F8001021F4E0211143C8F80010E4E7ED
:107EB000B0F1804F0ED0B0F1A04F0BD001240AE0FA
:107EC0000198012102F0AEF803E00098012102F0D0
:107ED00039F9044674B126462888C04300041FD4EB
:107EE000286FD8B1B0F1805F0ED0B0F1005F10D034
:107EF000012414E0D5F8B020D9F8001021F0E041B9
:107F00001143C9F80010E7E7386840F400303860E2
:107F100004E00198012102F085F8044674B1264678
:107F20002868C043C0011ED4A86CD0B101280ED06F
:107F3000022811D0032814D0012413E02A6FD8F8A6
:107F4000001021F040511143C8F80010E8E73868EC
:107F500040F40030386004E00198022102F062F839
:107F60000446ACB126462868DFF81CB0C043ABF12C
:107F70001C0B400252D40548016841F48071016035
:107F8000FFF76EFB824611E02C440258004802586D
:107F9000FA48AA6C016821F0030111430160E2E78D
:107FA000FFF75EFBA0EB0A00642835D8F4480068B0
:107FB000C005F5D58CBBDFF8C4A3B5F8B4100AF141
:107FC000240ADAF8000001F4407100F4407088429D
:107FD00011D0DAF80010DAF8002021F4407142F4F0
:107FE0008032CAF80020DAF8002022F48032CAF881
:107FF0000020CAF80010D5F8B400B0F5807F1AD17F
:10800000FFF72EFB029012E0FFF72AFB0299411ABC
:1080100041F2883081420AD9032426462878DFF8C5
:108020005CA3C0430AF1080AC00721D03CE0DAF89B
:1080300000008007E8D5D5F8B410C1F3012003286B
:1080400058460DD0016821F47C510160B5F8B42088
:10805000DAF80010C2F30B021143CAF80010DDE792
:10806000C84A036802EA111223F47C511143ECE779
:10807000E86F182816D005DCA0B1082808D0102811
:1080800004D10AE020280DD028280BD001240AE0D2
:108090000198012101F0C6FF03E00098012102F0E0
:1080A00051F8044664B126462878C04380071ED4A0
:1080B000A86F062819D2DFE800F0160C1116161664
:1080C000EA6FDAF8001021F038011143CAF8001005
:1080D000EAE70198012101F0A5FF03E000980121E2
:1080E00002F030F804467CB100E0012426462878EE
:1080F000C04340071FD4D5F89400062819D2DFE802
:1081000000F0160C11161616AA6FDAF8001021F0FE
:1081100007011143CAF80010E9E70198012101F0B5
:1081200081FF03E00098012102F00CF80446A4B19D
:1081300000E0012426462878C04380062BD4D5F8D9
:108140009000B0F1405F24D011DC10B3B0F1805F3B
:1081500015D0B0F1005F10D116E0D5F89420D9F811
:10816000001021F007011143C9F80010E3E7B0F156
:10817000804F0ED0B0F1A04F0BD001240AE001983F
:10818000002101F04FFF03E00098022101F0DAFF27
:10819000044694B126462878C04340062BD4D5F82F
:1081A0009C00B0F5406F24D011DC10B3B0F5806FA7
:1081B00015D0B0F5006F10D116E0D5F89020DAF8A0
:1081C000001021F0E0411143CAF80010E3E7B0F5D8
:1081D000805F0ED0B0F5A05F0BD001240AE00198BB
:1081E000002101F01FFF03E00098022101F0AAFF27
:1081F000044694B126462878C04300062BD4D5F80F
:10820000A000B0F5C04F24D011DC10B3B0F5005F72
:1082100015D0B0F5804F10D116E0D5F89C20D9F8D4
:10822000001021F4E0511143C9F80010E3E7B0F564
:10823000004F0ED0B0F5204F0BD001240AE001987A
:10824000002101F0EFFE03E00098022101F07AFF27
:10825000044654B126462878C04300071ED4D5F8FA
:108260008400B0F5805F0AD00FE0D5F8A020D9F8DF
:10827000001021F460411143C9F80010EBE70098A9
:10828000022101F05FFF00B10126D5F88420DAF861
:10829000001021F440511143CAF800102878C0435F
:1082A000C00613D4D5F89800B0F5807F05D10098AA
:1082B000022101F047FF00B10126D5F89820D9F836
:1082C000001021F440711143C9F800102868C04320
:1082D000000316D4D5F8A40038B1B0F5803F09D01A
:1082E000B0F5003F0BD001240AE00198002101F015
:1082F00099FE03E00098022101F024FF04468CB1AE
:1083000026462868C043400322D4D5F88800B0F53B
:10831000801F11D0B0F5001F13D0B0F5401F15D04D
:10832000012414E0D5F8A420D9F8001021F440313C
:108330001143C9F80010E4E7386840F400303860B1
:1083400004E00098012101F0FDFE04465CB12646E0
:108350002868C043C00323D4286DA8B1B0F5803F7E
:1083600017D001241BE0D5F88820DAF8001021F49A
:1083700040111143CAF80010EAE700004C440258CB
:1083800000480258CFFFFF00386840F400303860E2
:1083900004E00198022101F045FE0446E4B12646BE
:1083A0002868C043800005D40098022101F0CAFE6D
:1083B00000B101262868C04380031BD4D5F8800093
:1083C000B0B1B0F5807F0FD0B0F5007F10D0B0F520
:1083D000407F0DD001240CE05A482A6D016821F439
:1083E000803111430160DBE7386840F400303860C9
:1083F000ECB326462868C043C00207D46A6FD8F899
:10840000001021F000411143C8F800102868C04353
:10841000C00008D4D5F8B820DBF8001021F4804162
:108420001143CBF800102868C043800207D4EA6EDD
:10843000D8F8001021F080711143C8F800102868A6
:10844000C04340000CD4DBF8001021F40041CBF80D
:108450000010DBF80010D5F8BC201143CBF8001059
:108460002868C04308D437486A6D016800E018E006
:1084700021F04051114301602868C043000208D434
:10848000D5F88C20DAF8001021F440011143CAF825
:10849000001028790024C04300F0010020430AD0D6
:1084A0000FE0D5F88020DAF8001021F44071114374
:1084B000CAF800109EE70198002101F0B3FD00B159
:1084C00006462879C04300F00200204305D10198F8
:1084D000012101F0A7FD00B106462879C04300F054
:1084E0000400204305D10198022101F09BFD00B159
:1084F00006462879C04300F00800204305D10098C3
:10850000002101F01FFE00B106462879C04300F0AB
:108510001000204305D10098012101F013FE00B1A5
:1085200006462879C04300F02000044304D1009897
:10853000022101F007FE00B916B10120BDE8FE8F4F
:108540000020FBE74C4402582DE9F05F04000F4681
:108550007ED0DFF83882D8F8000000F00F00B84273
:108560000CD2D8F8001021F00F013943C8F80010E0
:10857000D8F8000000F00F00B84269D12078844D8F
:1085800040070AD52069296801F07001884204D9A2
:10859000296821F070010143296020787C4E361D46
:1085A00000070AD56069316801F07001884204D97A
:1085B000316821F07001014331602078C0060AD58E
:1085C000A069316801F4E061884204D9316821F47E
:1085D000E061014331602078DFF8B4B180060BF12F
:1085E000080B0CD5E1695846DBF8002002F0700258
:1085F000914204D9026822F070020A430260207896
:1086000080070AD5E068296801F00F01884204D983
:10861000296821F00F01014329602078C0073ED06E
:108620005B49A2682868183920F4706010432860FC
:108630006068022818D0032819D00968012819D0C9
:10864000490700294ADADFF848A1AAF1080A00E040
:1086500044E0DAF8002022F007020243CAF80020C2
:10866000FEF7FEFF814612E009688903E9E7096821
:108670008901E6E7C905E4E7FEF7F2FFA0EB09018F
:1086800041F28830814202D90320BDE8F09F616841
:10869000DAF8000000F03800B0EBC10FECD1207820
:1086A00080070AD5E068296801F00F01884204D2EA
:1086B000296821F00F0101432960D8F800104046D5
:1086C00001F00F01B9420BD9016821F00F013943C4
:1086D0000160006800F00F00B84201D00120D4E72B
:1086E000207840070AD52069296801F07001884286
:1086F00004D2296821F07001014329602078000725
:108700000AD56069316801F07001884204D231688D
:1087100021F07001014331602078C0060AD5A069BC
:10872000316801F4E061884204D2316821F4E061EB
:1087300001433160207880060CD5E1695846DBF8AA
:10874000002002F07002914204D2026822F070020E
:108750000A43026000F09AF80E492A682B68C2F3B7
:10876000032203F00F038A5CC95C02F01F0201F0D0
:108770001F01D040084A20FA01F111600749086042
:1087800007480068BDE8F05FFEF7A6BF0020005272
:108790001844025840E200902400002420000024E5
:1087A0001800002470B5144C3F220260124A24685D
:1087B0000832131D114D04F00704446016681C1D97
:1087C00006F470668660166806F00F06C6601268CA
:1087D00002F0700202611A6802F0700242611A68C7
:1087E00002F4E0628261226802F07002C2612868CD
:1087F00000F00F00086070BD1044025800200052C5
:1088000030B500F043F80B4A0B490C4B156814685F
:10881000C5F3032204F00F048A5C095D02F01F0215
:1088200001F01F01D040064A20FA01F119601060E2
:10883000084630BD1844025840E20090240000244D
:108840002000002400B5FFF7DBFF05490968054A51
:10885000C1F30211515C01F01F01C84000BD0000CE
:108860001C44025840E2009000B5FFF7C9FF0549DB
:108870000968054AC1F30221515C01F01F01C8409B
:1088800000BD00001C44025840E20090454970B50C
:1088900045480968434B103B11F0380208D00111DC
:1088A000082A03D0102A0BD0182A0BD0084670BD16
:1088B00019688906FBD51968C1F3C101C84070BDAC
:1088C0003A4870BD3749374D18310C1D24350A68B8
:1088D000096826682D6802F0030406F00102C1F35E
:1088E0000511C5F3CC0515FB02F200EE102AB8EE17
:1088F000400AE9B32F4ADFED2E0AB7EE001A6CB139
:10890000DFED2D1A012C01D0022C43D002EE101AFB
:108910001068F8EE422A81EEA22A1EE01C68A40626
:1089200011D51B6801EE901A1168C3F3C103F8EE6C
:10893000612AD84001EE900AC1F30800F8EE611AEE
:1089400081EEA22A0BE001EE901ADFED1C2A00BF97
:10895000F8EE611A106882EEA12AC0F3080001EE59
:10896000900AF8EE611A40EE201A31EE810A00E01A
:1089700015E022EE000A1068C0F34620401C00EE0D
:10898000900AF8EE600A80EE201ABCEEC10A10EEE2
:10899000100A70BD01EE901ADFED092AD8E7002019
:1089A00070BD0000104402580090D00340787D0153
:1089B00000000039304402580024744A0024744CEA
:1089C00020BCBE4B2DE9F05F04007DD0FF4F207826
:1089D000FE4D1837DFF8F493103DC00748D0D9F8A2
:1089E0000000396800F03800102815D0182803D18D
:1089F00001F0030002280FD06068B0F5803F12D06C
:108A000010B1B0F5A02F18D0286820F4803028606D
:108A1000286820F4802009E02868800328D5606851
:108A20000028D2D024E0286840F4803028606068B4
:108A300088B1FEF715FE064609E0286840F480205C
:108A40002860F0E7FEF70CFE801B64286FD82868CA
:108A50008003F7D50CE0FEF703FE064605E000BFF5
:108A6000FEF7FEFD801B6428F0D828688003F7D449
:108A7000207841F20308D54E0C3E800769D5D9F81D
:108A80000000396810F038000ED0182801D188078E
:108A90000AD0E06890B3296821F0190101432960E8
:108AA000FEF7DEFD824631E02868400702D5E06827
:108AB00000288AD0E168286820F01900084328605F
:108AC000FEF7CEFD824607E0DFE000BFFEF7C8FDFF
:108AD000A0EB0A000228B9D828684007F6D500BFE5
:108AE000FEF7B8FD40451BD82069402812D03168F8
:108AF00021F47C3141EA003030602AE018E000BF08
:108B0000FEF7AEFDA0EB0A0002289FD828684007B8
:108B1000F6D5E5E7306820F47C3040F40030EBE730
:108B2000207C316821F0FE4141EA0060E4E70DE17C
:108B3000286820F001002860FEF792FD824605E0DB
:108B4000FEF78EFDA0EB0A0002288DD828684007AA
:108B5000F6D42078C0065DD5D9F80000DFF86CB2F5
:108B6000396800F03800ABF1040B082810D0182841
:108B700003D101F0030001280AD0E0690028286829
:108B800038D040F080002860FEF76AFD824623E07E
:108B90002868C00523D5E069802876D11FE0206AC7
:108BA000202821D0316821F0F84141EA806030600E
:108BB00030E000BF94F82010DBF8002022F07C5257
:108BC00042EA0161CBF8001024E000BFFEF748FD47
:108BD000A0EB0A00022898D82868C005F6D5FEF751
:108BE00039FD4045E6D8DAE7306820F0F84040F03B
:108BF0008040DCE720F080002860FEF731FD06466B
:108C000005E000BFFEF72CFD801B02289DD82868D8
:108C1000C005F7D42078000729D56C486169643015
:108C200000298046016811D041F001010160FEF782
:108C300017FD064605E000BFFEF712FD801B022867
:108C4000C9D8D8F800008007F6D510E021F001015E
:108C50000160FEF705FD064605E000BFFEF700FDDA
:108C6000801B022872D8D8F800008007F6D420783C
:108C7000800623D5A0690028286810D040F48050D1
:108C80002860FEF7EDFC064605E036E1FEF7E8FC5D
:108C9000801B02285AD828688004F7D50EE020F4FB
:108CA00080502860FEF7DCFC064604E0FEF7D8FCA6
:108CB000801B02284AD828688004F7D4207840070F
:108CC0004FD5DFF80C81D8F8001041F48071C8F856
:108CD0000010FEF7C5FC064605E000BFFEF7C0FC2D
:108CE000801B642832D8D8F80000C005F6D5374E6E
:108CF000A068603601280AD008B1052813D0306872
:108D000020F001003060306820F0040002E030689C
:108D100040F001003060A06841F2883A90B1FEF75F
:108D20009FFC80460AE0306840F004003060EEE7C7
:108D3000FEF796FCA0EB0801514507D83068800784
:108D4000F6D50EE0FEF78CFC804607E084E000BF1D
:108D5000FEF786FCA0EB080151457DD830688007FE
:108D6000F6D4606AB0B3DFF86480D9F8001008F177
:108D700020084FF6F87B08F10409C1F3C20103296A
:108D8000A8F1040A69D00228286820F080702860C1
:108D900003D0FEF765FC044684E0FEF761FC06465E
:108DA00005E000BFFEF75CFC801B022877D828682E
:108DB0008001F7D4E26A40F2F331386854F8283F72
:108DC000884340EA02101843386004E01044025817
:108DD00000480258B5E0217B434622894FF4FE0C3F
:108DE000208A4FF0FE474902267D521E401EA1F503
:108DF0000071C2F308088AB2761E0CEA004042EA0B
:108E000008020243504607EA06610A431A60DAF88C
:108E1000002022F00102CAF80020D9F80020266ABA
:108E200022EA0B0242EAC602C9F80020DAF8001072
:108E3000A26921F00C011143CAF800100168E2692F
:108E400021F0020111430160016841F480310160A9
:108E5000016841F4003101E021E027E00160016890
:108E600041F480210160016841F00101016028683E
:108E700040F080702860FEF7F3FB044605E000BF79
:108E8000FEF7EEFB001B022809D828688001F7D501
:108E900057E000BFFEF7E4FB001B022802D90320C5
:108EA000BDE8F09F28688001F4D44AE039680128C1
:108EB000D8F8000021D0A26A01F0030393421CD12C
:108EC000E26AC1F305118A4217D1216BC0F308028F
:108ED000491E8A4211D1616BC0F34622491E91425C
:108EE0000BD1A16BC0F30642491E914205D1E16B43
:108EF000C0F30660491E814201D00120D0E7A16C79
:108F00004E46D9F80000C0F3CC00814219D0DAF8FF
:108F10000000554620F00100CAF80000FEF7A0FB53
:108F20004FEA0007FEF79CFBB842FBD0A26C30680A
:108F300020EA0B0040EAC2003060286840F00100DF
:108F400028600020ACE7000070B504000D4603D097
:108F500094F82C0010B107E0012070BD002084F8C7
:108F60002D00204600F018F8022084F82C0020681C
:108F7000211DFCF793FAD4E900022946FCF7E0FA38
:108F800004480121026842F00042026084F82C107B
:108F9000002070BD00400052FEF7AAB910B504468B
:108FA00090F82C00022804D094F82C00012801D05D
:108FB000012010BD022084F82C002068FCF7A3FAE1
:108FC000012084F82C00002010BD000070B504467C
:108FD00090F82C000D46022804D0012803D0052863
:108FE00001D0012070BD022084F82C002068FCF71D
:108FF00093FA2868022805D05FF0010084F82C005D
:10900000002070BD0520F9E77047704770470000E9
:10901000F0B590F83C20012A3BD01F4E012480F887
:109020003C40022280F83D2002681C4D5368B24249
:10903000D2F808C001D0AA4203D14F6823F47003CC
:109040003B430F6823F070031F4357600268B2422E
:1090500013D0B2F1804F10D0114B9A420DD0114B6A
:109060009A420AD0104B9A4207D0AA4205D00F4B21
:109070009A4202D00E4B9A4204D189682CF08003A8
:1090800019439160002180F83D4080F83C1008466B
:10909000F0BD0220F0BD00000000014000040140CE
:1090A0000004004000080040000C00400018004090
:1090B0000040014010B5040003D094F83D0010B109
:1090C00007E0012010BD002084F83C00204600F09D
:1090D00023F8022084F83D002068211D02F096FD4F
:1090E000012084F8480084F83E0084F83F0084F8AA
:1090F000400084F8410084F8420084F8430084F87A
:10910000440084F8450084F8460084F8470084F859
:109110003D00002010BD000008B50068B0F1804F90
:1091200008D10548016841F001010160006800F0C4
:109130000100009008BD0000E844025890F83D107E
:10914000012901D001207047144B0222016880F8E8
:109150003D20994214D0B1F1804F11D01048814286
:109160000ED0104881420BD00F48814208D00F48E2
:10917000814205D00E48814202D00E48814207D17B
:1091800088680D4A1040062806D0B0F5803F03D00D
:10919000086840F0010008600020704700000140AE
:1091A0000004004000080040000C004000040140A2
:1091B00000180040004001400700010090F83D10F9
:1091C000012901D001207047174A022180F83D1083
:1091D0000168CB6843F00103CB600068904214D073
:1091E000B0F1804F11D0114988420ED01049884209
:1091F0000BD01049884208D00F49884205D00F494A
:10920000884202D00E49884207D181680D4A114038
:10921000062906D0B1F5803F03D0016841F0010175
:109220000160002070470000000001400004004081
:1092300000080040000C00400004014000180040FD
:109240000040014007000100016841F211130A6A61
:109250001A4207D10A6A9B101A4203D10A6822F007
:1092600001020A60012180F83D10002070470000D3
:1092700070B5044690F83C000025012814D03A4B04
:10928000012684F83C60022084F83D002268906842
:10929000184020F47F409060086870282FD010DCC0
:1092A00010F00F0F03D022E04FF0020070BD4FEA24
:1092B0002012072A1BD2DFE802F0535353534B39D5
:1092C0004100B0F1101F4BD009DCB0F5805F0FD02A
:1092D000B0F5005F1ED0B0F5801F08D140E0A0F5CA
:1092E000801120393CD010293AD0202938D00125CE
:1092F00084F83D60002084F83C00284670BD4A6830
:109300002068D1E9021302F0E7FC2068816841F08F
:10931000770109E04A682068D1E9021302F0DCFC19
:109320002068816841F480418160E1E7CA6849684A
:10933000206802F0E5FC2068502106E0CA68496810
:10934000206802F0EEFC2068602102F0CFFCCFE73D
:10935000CA684968206802F0D3FC20684021F4E71D
:10936000226801461046F0E788FFCEFF70472DE9DE
:10937000F041044600680027C6680569A90713D5AF
:10938000B10711D5FA1E0261012121772068806999
:109390008007204602D0FFF7E9FF04E000F08BF8D9
:1093A000204600F089F82777680716D5700714D58E
:1093B000226802206FF00401116120772068806923
:1093C00010F4407F204602D0FFF7D0FF04E000F009
:1093D00072F8204600F070F82777280715D5300777
:1093E00013D5226804206FF00801116120772068EE
:1093F000C0698007204602D0FFF7B8FF04E000F004
:109400005AF8204600F058F82777E80616D5F006F7
:1094100014D5226808206FF01001116120772068B0
:10942000C06910F4407F204602D0FFF79FFF04E0A0
:1094300000F041F8204600F03FF82777E80708D011
:10944000F00706D021686FF001000861204600F0A7
:1094500035F8280601D4A80408D5300606D52168B9
:109460006FF4025008612046FFF7CFFDE80508D5EC
:10947000300606D521686FF4807008612046FFF73A
:10948000C3FD680608D5700606D521686FF0400058
:109490000861204600F01CF8A8060AD5B00608D5D9
:1094A00021686FF0200008612046BDE8F041FFF719
:1094B000ADBDBDE8F081704770470000006803490A
:1094C000884201D1FEF7D2B870470000001000407A
:1094D000704730B590F88410012918D0012280F827
:1094E00084202421C0F888100022202401680B6801
:1094F0000D6823F0005325F001050D6042660168F8
:109500000B60C0F8884080F88420104630BD0220EF
:1095100030BD10B50446D0F88C00202801D00220C0
:1095200010BD61B15AB10123E366002020672046D7
:1095300002F07EFF0028F3D1E16E012901D0012065
:1095400010BD226810211162226852E8001F41F00C
:10955000100142E80013002BF6D110BD10B50068D1
:10956000154A904227D11548941500F01F0303F5C2
:109570008073BFF34F8F124A10602030203B002BC6
:10958000FADCBFF34F8FBFF36F8F0C4AFF294FF008
:10959000000001D8505401E082F8FF000A46074954
:1095A000084801F0E7F905492246BDE8104001F5F9
:1095B0008070FFF7AEBF10BD001001408001002495
:1095C0005CEF00E0FC040024704770B5044690F89E
:1095D000840001281DD0012284F884202420C4F8AE
:1095E000880020680568026822F001020260206895
:1095F000826822F060620A438260204602F0A4FB87
:109600002268202100201560C4F8881084F88400A6
:1096100070BD022070BD70B5044690F8840001282A
:109620001DD0012284F884202420C4F888002068FA
:109630000568026822F0010202602068826822F058
:1096400060420A438260204602F07EFB22682021AD
:1096500000201560C4F8881084F8840070BD0220D2
:1096600070BD7047704770472DE9F04107680025CD
:10967000044640F60F030226F8693968BA681842B2
:109680000AD183067ED501F0200302F0805C53EA04
:109690000C0377D0616F7EE1D44BDFF854C31340E5
:1096A00001EA0C0C53EA0C0C6CD05FEAC07C0CD0C5
:1096B0005FEAC15C09D54FF0010CC7F820C0D4F8AF
:1096C000907047F00107C4F89070870709D5D70755
:1096D00007D027683E62D4F8906046F00406C4F8CC
:1096E000906046070AD5D60708D0276804263E6250
:1096F000D4F8906046F00206C4F8906006070CD5D6
:1097000001F020061E4308D0266808233362D4F8EF
:10971000903043F00803C4F8903003050BD54B019B
:1097200009D526684FF400633362D4F8903043F0D3
:109730002003C4F89030D4F89030002B3DD0800640
:1097400009D501F0200002F08051084303D0616F79
:1097500009B1204688472168D4F8900089684906F5
:1097600002D410F0280F2AD0204602F049FC2068CD
:10977000806840061ED52068083050E8001F21F0A0
:10978000400100E021E040E80012002AF3D1D4F8C3
:10979000800078B197490165D4F88000FCF7F0F8B3
:1097A00000280AD0D4F88000016D00E02046BDE812
:1097B000F04108472046FFF756FFBDE8F0812046FC
:1097C000FFF751FFC4F89050F7E7D4F86CC020239E
:1097D000BCF1010F7ED15FEAC06C7BD55FEAC16C42
:1097E00078D51020386220688068400673D5D4F898
:1097F000802081491068884234D07F4918318842DE
:1098000030D07D49303188422CD07B494831884264
:1098100028D079496031884224D07749783188420C
:1098200020D07549903188421CD07349A8318842B4
:1098300018D07249884215D070491831884211D029
:109840006E49303188420DD06C494831884209D088
:109850006A496031884205D068497831884201D030
:109860006649903140684FF480770004000C40D086
:10987000B4F85C1081423CD9A4F85E00D069B842CB
:109880002FD0216851E8000F20F4807041E80002D9
:10989000002AF6D12068083050E8001F21F00101AD
:1098A00040E80012002AF5D12068083050E8001F77
:1098B00021F0400140E80012002AF5D1C4F88C30B4
:1098C000E566206850E8001F21F0100140E8001212
:1098D000002A01E04AE019E0F3D1D4F88000FBF758
:1098E0009FFE2667B4F85C00B4F85E10401A81B29F
:1098F00008E0B4F85C1081427FF466AFD069B842EA
:10990000FAD126672046FFF729FE56E7B4F85C0037
:10991000B4F85E10B4F85E20401A81B2002AF4D088
:109920000029F2D0226852E8000F20F4907042E83B
:109930000007002FF6D1324F206800F1080050E8F0
:10994000002F02EA070240E8002CBCF1000FF3D11F
:10995000C4F88C30E5666567226852E8000F20F095
:10996000100042E80003002BF6D1CAE7C60209D571
:10997000560207D54FF4801038622046BDE8F0410A
:10998000FFF770BE06060AD501F0800602F4000259
:10999000164304D0A16F00297FF408AF0DE74206FB
:1099A00011D54A060FD52046016851E8002F22F054
:1099B000400241E80024002CF6D1C0F888308567C9
:1099C00000F024F9F9E6020206D54A0004D5204643
:1099D000BDE8F041FFF745BEC00196D5002994DAF5
:1099E0002046BDE8F041FFF7EFBD00000100001088
:1099F00020010004FFBE009010000240100402404D
:109A0000FEFFFFEF10B5040003D0D4F8880010B1BA
:109A100007E0012010BD002084F88400204600F0FB
:109A200027F82420C4F888002068016821F001018B
:109A30000160A06A10B1204602F0A8F9204602F0A9
:109A400021FB0128E6D02068416821F49041416063
:109A50002068816821F02A0181602068016841F056
:109A6000010101602046BDE8104002F0F3B900009A
:109A70002DE9F043B7B00646142130A8F9F748F8AD
:109A8000C0216846F9F744F82E493068884256D11B
:109A900000201F9001210546CDE900106846FEF721
:109AA0007DF808B1FBF7B6FB2748016841F01001CB
:109AB0000160006800F010003590234810380168FC
:109AC00041F001010160006807244FF00208DFF84F
:109AD0007C9000F001000121CDE93215CDE9344040
:109AE0004FF480674846CDE9307830A9FDF792FC05
:109AF00079103091CDE93185CDE9335430A948460C
:109B0000FDF788FC124C2921124884E82300C4E99F
:109B1000035765612046A561E56125626562FCF732
:109B2000E5FB08B1FBF776FBC6F880400022052173
:109B3000A6632520FDF780FE2520FDF76FFE37B0D8
:109B4000BDE8F08300100140F044025800000258C4
:109B50001403002410000240704770472DE9F843B9
:109B60000446D0F88800984616460D46202802D0B4
:109B70000220BDE8F883A5B19EB10021C4F8901081
:109B80002120C4F888001834FDF76AFD814654F896
:109B9000100CA687E6872027183CB0F5805F02D01E
:109BA00003E00120E5E7206910B12E46002510E012
:109BB00000260EE08021204602F08EFCC0B9DEB106
:109BC00016F8010B21688862B4F85600401EA4F80C
:109BD0005600B4F856004B464FF00002CDF8008016
:109BE0000028E7D14FF04001204602F075FC48B153
:109BF000C4F888700320BCE735F8020B2168C0F375
:109C00000800E0E7C4F888700020B2E77047FEE77C
:109C1000094808B5016841F00101016000680022AF
:109C2000052100F0010000900B20FDF705FEBDE8C6
:109C300008400B20FDF7F2BDD84402582DE9F04151
:109C40001E4800211C4F012300F118084FF0120C90
:109C50001F268160102507600327C160042203745A
:109C6000202441748174436188E8481043623E2394
:109C700000F12808C0E90D1388E8E0000823C56357
:109C8000C0E910428464C0E91323C0E91521C0E98A
:109C90001714C0E91912FDF77DF908B1FBF7BAFAFC
:109CA0000648FDF702FB002803D0BDE8F041FBF7B2
:109CB000B1BABDE8F081000000A0004060000024BF
:109CC000F0B587B01C216846F8F722FF1548012639
:109CD000134D082340244FF0200C00220560022180
:109CE000C360C0E90126C0E904C48F02CD018561CB
:109CF000CE02C0E9072709240625C0E909628DE8DC
:109D00003200CDE90331059106916946FFF71CF950
:109D100008B1FBF77FFA03F079FF07B0F0BD000050
:109D2000404100520001002470B586B014216846FD
:109D3000F8F7EEFE3948016841F48071016001686E
:109D400001F480710591016841F00401016001682E
:109D500001F004010591016841F010010160016802
:109D600001F010010591016841F0020101600168F4
:109D700001F002010591016841F0010101600168F3
:109D800001F001010591016841F080010160016865
:109D900001F080010591016841F040010160016816
:109DA00001F040010591016841F00801016001687E
:109DB00001F008010591016841F02001016000688F
:109DC0000122174E032100F0200005903046FDF7D8
:109DD0003CFC00256946012402946003CDE900059E
:109DE0001048FDF717FB0C206946CDE900050E4829
:109DF0000294FDF70FFB022000946946CDE9015063
:109E00000A48FDF707FB03206946CDE90004CDE9C8
:109E100002453046FDF7FEFA06B070BDE044025838
:109E20000004025800080258001C025800000258A2
:109E300010B588B016480024164BEF2200944FF05E
:109E4000804101940294039404940594069480E85C
:109E50001600C0E903348461FFF72CF908B1FBF761
:109E6000D9F94FF48050009009486946FFF700FA8D
:109E700008B1FBF7CFF9064804A904940694FFF74C
:109E8000C7F8002801D0FBF7C5F908B010BD0000E5
:109E900034010024FFC99A3B1A48002110B5184C20
:109EA0000C224FF4E1330460C0E90131C160C0E924
:109EB00004128161C161016241628162FFF7A2FD0A
:109EC00008B1FBF7A7F90F480021FFF7A4FB08B181
:109ED000FBF7A0F90B480021FFF777FB08B1FBF770
:109EE00099F90848FFF7F5FA08B1FBF793F9BDE8CF
:109EF000104005494FF480720248FFF70ABB00008A
:109F0000001001408002002480010024FEE70021AF
:109F100010B501F03FFA012010BDFEE710B51400A6
:109F200008D00878801F062807D2DFE800F0080B69
:109F3000110614140E4900F03EFB002010BD4868C5
:109F4000102201E048680822214603F0A7FF0AE03A
:109F500048680222F8E74868002B4FF00A02F3D065
:109F6000214603F086FF0028E8D0012010BD000044
:109F7000CAFEFFFF10B5140008D00878801F06281D
:109F800007D2DFE800F0080B110614140E4900F0A8
:109F900012FB002010BD4868102201E0486808222A
:109FA000214603F085FF0AE048680222F8E7486886
:109FB000002B4FF00A02F3D0214603F064FF002883
:109FC000E8D0012010BD0000CAFEFFFFFEB50C0066
:109FD0001E46054610D0694600F04CFF00280AD006
:109FE0000021684600F055FE40B1334622466946DE
:109FF0002846FFF793FFFEBD08490AE001216846A5
:10A0000000F047FE10B16FF0890101E06FF06701C9
:10A01000284600F0D0FA0020FEBD0000CAFEFFFF77
:10A02000704700002DE9F047454D044689464FF042
:10A03000000A2868C04380070AD0414E283E306895
:10A0400020F080603060FDF70BFB0746B04608E06B
:10A050000120BDE8F08700BFFDF702FBC01B02280E
:10A0600067D8D8F800000001F6D4206829684FF4BA
:10A07000FE0721F47C313E0241EA00302860207A5C
:10A08000A389B4F804C040022D4D2D495B1E227CEB
:10A09000ACF1010C1035091DA0F5007080B2521E04
:10A0A000CCF3080C07EA034340EA0C00184306EA25
:10A0B0000262104328600868626920F0C000104303
:10A0C00008600A68A06922F0200202430A60281D85
:10A0D0000A6822F010020A6002684FF6F873E46919
:10A0E0009A4342EAC40202600868B9F1000F40F0E6
:10A0F00010020A6011D00868B9F1010F11D040F4C4
:10A1000000100860D8F80000444640F08060C8F8AD
:10A110000000FDF7A5FA05460DE0086840F40020B0
:10A12000EFE740F48010ECE7FDF79AFA401B0228B5
:10A1300001D903208DE720680001F5D5504688E756
:10A14000284402582DE9F047454D044689464FF012
:10A15000000A2868C04380070AD0414E283E306874
:10A1600020F080503060FDF77BFA0746B04608E0EB
:10A170000120BDE8F08700BFFDF772FAC01B02287E
:10A1800067D8D8F800008000F6D4208829684FF4FA
:10A19000FE0721F07C713E0241EA00502860207ADF
:10A1A000A389B4F804C040022D4D2D495B1E227CCA
:10A1B000ACF1010C1835091DA0F5007080B2521EDB
:10A1C000CCF3080C07EA034340EA0C00184306EA04
:10A1D0000262104328600868626920F440601043FE
:10A1E00008600A68A06922F4007202430A60281D10
:10A1F0000A6822F480720A6002684FF6F873E46914
:10A200009A4342EAC40202600868B9F1000F40F4C0
:10A2100080720A6011D00868B9F1010F11D040F0C6
:10A2200080700860D8F80000444640F08050C8F8BC
:10A230000000FDF715FA05460DE0086840F48000BF
:10A24000EFE740F40000ECE7FDF70AFA401B0228B4
:10A2500001D903208DE720688000F5D5504688E7B6
:10A2600028440258002310B50BE000BF00EBC304E4
:10A2700064688C4204D150F833001060012010BD96
:10A280005B1C50F83340002CF0D1002010BD0000C2
:10A2900000B52DED028B87B00E4901236A4600F010
:10A2A00007FD98B19DED020BB7EEC08BB0EE480AEA
:10A2B000FAF770FFB7EEC80A07A053EC102BF8F7B7
:10A2C00003F9012007B0BDEC028B00BD4FF0FF3059
:10A2D000F8E7000090E4009053435049204578652A
:10A2E00063757465643A20536574204375727265B2
:10A2F0006E7420746F20252E336620410D0A0000F5
:10A300001CB5CDE900230369846A026A18680B460C
:10A31000214602F05BFE1CBDF0B50B4C89B0112745
:10A3200004F580764FF4807508A30AA20CA10EA054
:10A330008DE8FF000F4B04F592700F4A0F4900F0B3
:10A34000F1FA09B0F0BD0000D803002456312E30D8
:10A350002E300000534E31323334353600000000C9
:10A360005544503639303000554E492D5452454EE3
:10A3700044000000E0E200904C000024E0E4009083
:10A3800070B5064600F0BEF8064D002415F83410EE
:10A3900019B10022304600F065FE641C042CF5DB88
:10A3A000012070BD9AE2009038B50122044669464A
:10A3B00000F06CFC38B10098032182B2204600F016
:10A3C00051FE012038BD4FF0FF3038BD0321024659
:10A3D00010B500F03CFE0146104600F0DBFF012006
:10A3E00010BD10B50221044600F031FE01462046A2
:10A3F00000F0D0FF00222046022100F033FE0120B1
:10A4000010BD000070B55FF00004064606EB840541
:10A41000D5F8840028B1F8F7A3FAD5F884100246DD
:10A4200001E0012204A1304600F00FFF641C042C5F
:10A43000ECDB012070BD0000300000000122022191
:10A4400010B500F0ABFE012010BD012110B500F0E9
:10A45000A1FF012010BD20B1C16A11B1096901B18C
:10A4600008470120704738B501220446694600F0CC
:10A470000DFC38B10098012182B2204600F0F2FDB7
:10A48000012038BD4FF0FF3038BD0121024610B524
:10A4900000F0DDFD0146104600F07CFF012010BDFC
:10A4A0000021024610B500F0D2FD0146104600F032
:10A4B00071FF012010BD0120704700001CB58DED1B
:10A4C000000B04A20446F8F715F82046BDE81C402E
:10A4D000F8F746BA252E31356C67000010B50848EC
:10A4E0000A4602A1F7F7FCFF002010BD2A2A5343B9
:10A4F0005049204552524F523A2025640D0A00001F
:10A500001000002410B504463C3002F0BFFA20468B
:10A51000BDE8104000F01EB808B500213C30ADF891
:10A520000010694602F0B7FABDF9000008BD70B529
:10A5300004220D460021044600F030FEE06A0028A7
:10A5400007D00268002A04D029462046BDE87040A2
:10A55000104770BD10B50446FFF7DEFF002815D187
:10A560000021204600F073FD40070FD5042220464D
:10A57000002100F05FFDE06A002807D00268002A91
:10A5800004D02046BDE810400021104710BD3C30EB
:10A5900002F085BA10B5044659B154B100200880C4
:10A5A00004F13C0002F092FA2046FFF7D3FF0120AD
:10A5B00010BD002010BD00231A4600F001B80000B5
:10A5C0002DE9F84F0C46054622B11BB9FF21104674
:10A5D000FAF73CFA05F13C0069460646ADF8004042
:10A5E00002F035FADFF874A04FF0010948B348468D
:10A5F000DFF86C805FF0000680F0010706EB460193
:10A6000038F91120A2420ADB08EB4100B0F9021030
:10A61000A14204DC82880221284600F0BFFD761C9E
:10A62000092EEBDB21462846FFF781FF1FB151467B
:10A630002846FFF77CFF002D01D085F83990BDE852
:10A64000F88F6946304602F05FFA69463046ADF849
:10A6500000A002F0FCF90020CAE70000A2FEFFFF04
:10A6600050E2009010F1830F3ED018DC10F1C80FBB
:10A6700042D00ADC00F580706B3045D00D2841D007
:10A6800035283DD08B281FD138E010F1AA0F31D0EA
:10A6900010F1970F2CD010F18A0F15D126E010F190
:10A6A000680F19D009DC10F1710F1BD010F16D0F7C
:10A6B00016D010F16C0F07D110E010F1670F09D020
:10A6C00010F1650F04D008B110A0704713A07047B7
:10A6D00015A0704719A070471DA0704720A07047B3
:10A6E00025A0704729A070472DA0704730A0704763
:10A6F00034A0704738A070473CA070473FA0704717
:10A7000044A0704747A070474AA07047556E6B6ED3
:10A710006F776E206572726F720000004E6F206559
:10A7200072726F7200000000496E76616C6964207D
:10A73000636861726163746572000000496E7661DE
:10A740006C696420736570617261746F72000000DF
:10A75000446174612074797065206572726F720053
:10A76000506172616D65746572206E6F7420616CEA
:10A770006C6F7765640000004D697373696E6720C4
:10A78000706172616D65746572000000556E64657C
:10A7900066696E656420686561646572000000002A
:10A7A000496E76616C69642073756666697800002D
:10A7B000537566666978206E6F7420616C6C6F7774
:10A7C00065640000496E76616C6964207374726917
:10A7D0006E67206461746100457870726573736997
:10A7E0006F6E206572726F720000000045786563BD
:10A7F0007574696F6E206572726F7200496C6C655A
:10A8000067616C20706172616D657465722076613C
:10A810006C75650053797374656D206572726F7223
:10A82000000000005175657565206F766572666C75
:10A830006F770000496E7075742062756666657288
:10A84000206F76657272756E000000002DE9FF4F73
:10A8500089B0814616464FF00004DDE918A7DDF8FF
:10A860005C800C9878B171B16FB15FEA0A0004D0D6
:10A87000169840B15FEA080005D00878102804D087
:10A880006FF0670113E0264911E048684022401C40
:10A8900003900490886806A9801E059003A803F021
:10A8A00040F86FF0A90B08B1002524E0594648464E
:10A8B000FFF781FE01200DB0BDE8F08F01D15146B8
:10A8C00000E00021CDF80080CDE90117169B03A917
:10A8D0000C9A484601F0F8FF040004D0012C17D070
:10A8E000022C10D018E0B54204D006A903A802F04B
:10A8F0006DFE18B16D1CB542E0DD0DE003A802F05D
:10A90000B8FE58B1022403A802F0B3FE30B103E050
:10A9100059464846FFF74FFE2046CCE70124F7E7AB
:10A92000CAFEFFFF2DE9F05F1D4616460F4604469E
:10A93000DDF844B09821DDF828A0DDE90D98F8F79E
:10A94000E7F8C4F884A0002127605A46E662E5656E
:10A950000B98C4F888000C98C4F80C80C4E923094B
:10A960000F98C4E9010110992046BDE8F05FFFF798
:10A970000EBE00002DE9F04704464FF00006170018
:10A980004FF001093546D4E902200ED063689B1AC6
:10A990005B1E9F4212DDA6606FF4B5710670204603
:10A9A000FFF709FE0020BDE8F0878654D4E90221B4
:10A9B000204600F0ADFA8146A66031E010443A46E8
:10A9C000F7F7EDFFD4E9020104F164083844A06010
:10A9D00001F80060D4E902104A1B4119404603F017
:10A9E00045F894F880100544012904D094F86400D7
:10A9F0001A2811D011E0E1682A46204600F088FAB2
:10AA00008146D4E902104A1B4119F8F70DF8A068F5
:10AA1000401BA0600025DDE711B1A068A842D9D88D
:10AA20004846C0E72DE9F84316001F460B4680460E
:10AA3000089D16D0AFB1A5B130780024A8B19168B7
:10AA40006A461846FFF70EFC68B100992A46384658
:10AA5000F8F785F8691E3846F9F7F8FF3C54BDE869
:10AA6000F8830020FBE73C70FBE796ED020B2946DC
:10AA70003846FFF723FD0446401CA84229D2337C08
:10AA8000D8F85C1029B30020B7EE000B24E016794B
:10AA90009E4220D192ED021BB4EE401BF1EE10FA63
:10AAA00019D101EB001000685FEA000811D02A1BE1
:10AAB00038460CA11646F7F728FFA41CAC4204D276
:10AAC000721E41463846F7F720FF3846F7F748FF31
:10AAD00004462046C3E7401C01EB00121668002E16
:10AAE000D5D1F6E720000000FEB50D00144606465D
:10AAF00012D08CB11A46694600F0BCF900280AD081
:10AB00009DF800100D2909D06FF067014FEA06008B
:10AB1000FFF751FD0020FEBD0349F9E701992960C7
:10AB200002992160FEBD0000CAFEFFFF7FB50D0047
:10AB3000064617D0694600F09DF904000FD09DF835
:10AB400000000A2813D00D4A03AB6946304600F0D6
:10AB500025F9040003D0039800B101202870204695
:10AB600004B070BD0649FFF726FD0020F8E703AAF0
:10AB70006946304600F078F9EDE70000BCE200904D
:10AB8000CAFEFFFFFEB50D00144606460DD064B1A7
:10AB90001A46694600F06EF9002805D023462A4679
:10ABA0006946304600F0FAF8FEBD0249FFF703FDA2
:10ABB0000020FEBDCAFEFFFFFEB516461D460C0076
:10ABC0000746089A13D095B1694600F053F9020080
:10ABD0000BD09DF800000E280ED00F280ED06FF07D
:10ABE00067013846FFF7E7FC00221046FEBD10491A
:10ABF000FFF7E1FC0020FEBD272300E02223012017
:10AC000000210BE0B0420DD2019F3F5C6754019FD1
:10AC1000491C3F5C9F4200D1401C401C029F7F1E8C
:10AC20008742EFD8B1422960DFD200206054DCE7D0
:10AC3000CAFEFFFFFEB50D0006460FD0694600F0C4
:10AC400019F904001DD00021684600F022F850B127
:10AC50002A466946304600F0DFF812E00A49FFF75D
:10AC6000AAFC0020FEBD0121684600F012F810B1D8
:10AC70006FF0890101E06FF067013046FFF79BFC40
:10AC800000242046FEBD0000CAFEFFFF0123FFF79F
:10AC90009DB90078801F062808D2DFE800F0030382
:10ACA00003070305012070470846704700207047DE
:10ACB0002DE9F041140088468AB007461DD01A4697
:10ACC000694600F0D7F805001BD001980390049066
:10ACD000029805909DF80000801F052803D80020E9
:10ACE0002074012520709DF80000801F06280FD2D7
:10ACF000DFE800F017190C0A0A0A2749FFF75BFC86
:10AD000000200AB0BDE8F0810A2100E00221617450
:10AD1000062804F108063BD2DFE800F00707072603
:10AD2000070D1021F3E70821F1E73246694638465E
:10AD300000F072F82DE006A903A802F05BFC06A95A
:10AD400003A802F080FE06A903A802F03FFE3246E7
:10AD50006946384600F060F8DDE9071223463846B8
:10AD600003F0D2F8054614E006A903A802F06BFE32
:10AD700006A903A802F0E5FB09AB424606A938463E
:10AD800000F00CF80546012020700998A06000E052
:10AD900000252846B5E70000CAFEFFFF2DE9F84F61
:10ADA000150098460E4682464FF0000708D0B8F1CD
:10ADB000000F05D03078092809D06FF0670123E033
:10ADC00014495046FFF7F7FB0020BDE8F88F002438
:10ADD000A14613E0F7F7C4FDCDF80090014655F801
:10ADE0003400D6E9012302F0E9F930B105EBC400E3
:10ADF00001274168C8F8001009E0641C55F83400C8
:10AE00000028E7D16FF0DF015046FFF7D4FB38464A
:10AE1000DBE70000CAFEFFFF7CB5140008D00A780B
:10AE2000921F062A1BD2DFE802F00808081A131343
:10AE30000C49FFF7C0FB00207CBD6A4600F017F804
:10AE40000546DDE9000103F0E7F8C4E9000107E089
:10AE50004868214603F037F808B1012500E00025D5
:10AE600028467CBDCAFEFFFF0123FFF757B8002329
:10AE7000FFF780B82DE9F0410D001646044610D0CA
:10AE80000021284601F0C6FE04F11400E2690746DD
:10AE9000D0E90013114499420AD826B16FF06C0131
:10AEA0002FE01A492EE0092028700020BDE8F0812B
:10AEB000616B59B1294602F089FB287830B1002135
:10AEC000284601F0A7FE6FF066011AE0606B294684
:10AED000401C6063384602F053FE2878801F0B2820
:10AEE00009D2DFE800F00606060606060806060692
:10AEF00006000120DAE70021284601F08BFE6FF002
:10AF000096012046FFF757FBCFE70000CAFEFFFF80
:10AF10002DE9F04F04004548904689468DB04FF02A
:10AF2000010AD0E90621006A0292CDE903101CD083
:10AF300001210020206304F1640584F838104246A2
:10AF40004946284602F092FD06462878192810D076
:10AF5000A868002852DD02A8294601F052FD686861
:10AF600000270790A86806902DE000200DB0BDE8EE
:10AF7000F08F6FF064012046FFF71DFB3CE00021DD
:10AF8000009103EB820B0B460191DDE9062102F0F3
:10AF90001DF8B8B1C4F810B0002128696061A06143
:10AFA0006869E0616868C4E90910A8682062204601
:10AFB00002F0E6F900EA0A0A95E88C0002A880E8A7
:10AFC0008C001BE07F1C236807EB470253F822002C
:10AFD0000028D4D1334600E05B1E3BB109EB0300EF
:10AFE00010F8010C0D28F7D00A28F5D06FF0700189
:10AFF0004A462046FFF7E4FA4FF0000A464503DAD6
:10B00000B144A8EB06089AE794F8380058B9022230
:10B01000204607A102F0B8FF200004D0C16A11B198
:10B02000C96801B188475046A0E70000BCE2009023
:10B030000D0A000010B50B46044600F008F820EA9F
:10B0400002022046BDE81040194600F00BB80A295C
:10B0500005D220B100EB4100B0F848007047002055
:10B06000704700002DE9F05F0A2914460E46054698
:10B0700077D2002D75D0DFF8208108F1140900BFC8
:10B0800008EB460105EB46034F78B3F8482018F863
:10B09000161009EBC707A24238687F6879D00729E4
:10B0A000A3F8484070D2DFE801F0040423743F7431
:10B0B0007400B5F84A00B5F8481020F0400321F0BC
:10B0C0004000184211D024EA0200204241F0400220
:10B0D000A5F8482058D028004FF0010154D0C36A89
:10B0E000F3B39B68E3B398474EE0A5F848004BE004
:10B0F000C0F307210B2903D02846FFF7A8FF01E082
:10B100004FF6FF70044201D0012200E000222846E1
:10B11000C7F307210E46FFF79AFF12B140EA174422
:10B1200032E020EA17402EE0010E0B29C6B202D110
:10B13000F8B20B2821D04FF0000A0B29D34603D0D8
:10B140002846FFF784FF8246F9B20B2903D0284630
:10B15000FFF77DFF8346624002EA04039A4301E061
:10B1600012E016E031462846FFF771FF03EA0A03B2
:10B1700002EA0B021343184305E031462846FFF765
:10B1800066FF944320430446C7F307200B287FF44F
:10B1900077AFBDE8F09F000086E2009010B50B4647
:10B1A0000446FFF754FF02432046BDE8104019460D
:10B1B000FFF758BF2DE9F0410D46144606461146EB
:10B1C00000F022F8074622462946304600F004F8EF
:10B1D0003844BDE8F081000010B5D0F894309342B7
:10B1E00004D20849FFF7E7F9002010BD9B1AC0F808
:10B1F000943002D1036B5B1C0363BDE8104002F086
:10B20000C3BE0000CAFEFFFFFEB50A230D46064678
:10B210006C4623201A46A11C8DF80000284600F039
:10B2200015F9A01CF7F79CFB044630308DF801009F
:10B230003046C6F8945002F0AFFEA21C054669469F
:10B24000304602F0A1FE2844FEBD2DE9F04115462E
:10B250000E46044602F0A0FE07462A463146204626
:10B2600002F092FE216B3844491C2163BDE8F08155
:10B2700070B588B0044620216846FFF71FF90546DF
:10B28000204602F089FE06462A466946204602F01C
:10B290007BFE216B3044491C216308B070BD000067
:10B2A0002DE9FC5FFF260C468346B1F90000FFF74D
:10B2B000D9F90090F7F754FB01905846B4F9001003
:10B2C00000F068F80446584602F066FE044458460A
:10B2D00001222FA102F058FE00EB04096F46002462
:10B2E00001AD48E055F82410B1422CD945F824604E
:10B2F00029E000BF57F82410AAEB010808F1010863
:10B30000B04506D355F82400401E761E45F82400AB
:10B3100023E04246584602F037FE81445846012257
:10B320001BA102F031FE814455F82400A6EB08066B
:10B33000A0EB0800761E0AF1010145F82400B04296
:10B3400047F82410D2D855F8241011A257F8240039
:10B3500002F0C4FD5FEA000ACCD155F8242058461B
:10B3600057F8241002F010FE55F82420641C814484
:10B37000A6EB020603D1009909B1002EB2D1012239
:10B38000584603A102F000FE4844BDE8FC9F0000BF
:10B390002200000001230A2202F046B80022072101
:10B3A00010B5FFF75FFE012010BD38B5012204463D
:10B3B0006946FFF76BFC28B10098082182B220464D
:10B3C000FFF750FE012038BD10B508210446FFF7F5
:10B3D0003EFE01462046FFF7DDFF012010BD10B5FF
:10B3E00007210446FFF733FE01462046FFF7D2FF50
:10B3F000002220460721FFF735FE012010BD002165
:10B4000010B5FFF7C7FF012010BD10B50446FFF7C8
:10B4100083F801462046FFF7BDFF012010BD38B577
:10B4200004466946FFF7B6F869462046FFF738FF3D
:10B43000012038BD062203A110B5FFF706FF012049
:10B4400010BD0000313939392E30000038B50024E4
:10B45000009401F08BF838BD10B5044864231446FD
:10B4600092B2FEF77BFB204610BD00008002002454
:10B4700070B5002418A0F7F727F800204FF080657A
:10B48000A0F180410C60641C00F58040A842F7D315
:10B490004FF04040002403680DE000BFA4F180405D
:10B4A000036844B1B34206D832460146BDE8704055
:10B4B00014A0F7F709B820031E4603D1210D21A0DF
:10B4C000F7F702F804F58044AC42E7D3BDE87040DA
:10B4D00021A0F6F7F9BF00002D2D2D205344524135
:10B4E0004D2036344D4220496E7465677269747917
:10B4F0002054657374205374617274202D2D2D0DAA
:10B500000A000000E29D8C204572726F7220617407
:10B5100020416464726573733A203078253038585E
:10B520002120457870656374656420686967686583
:10B5300072207468616E2025752C20676F74202539
:10B54000750D0A00436865636B65643A20256420C5
:10B550004D422E2E2E0D00000D0AE29C85205344F4
:10B5600052414D2036344D4220436170616369740D
:10B5700079205665726966696564205375636365F1
:10B58000737366756C6C79210D0A00001CB54FF061
:10B5900040441CA0F6F798FF0120FAF729F8002193
:10B5A0004FF0807254F8210004EB810043688368F7
:10B5B0000831C3689142036943698369C069009097
:10B5C000F0D30220FAF714F800281AD000EE100A7F
:10B5D000DFED1A0AB8EE401A80EE810A00EE900AFA
:10B5E0009FED171A17A0F8EE600AC0EE811AB7EEA9
:10B5F000C00A53EC102BB7EEE11A8DED001BF6F7E5
:10B6000063FF1CBD2D2D2D20534452414D20363457
:10B610004D42205265616420537065656420546515
:10B620007374202833322D626974204F7074696DF1
:10B63000697A656429202D2D2D0D0A000024744C93
:10B6400000247449526573756C74202D3E20526538
:10B6500061642053706565643A20252E3266204D62
:10B66000422F73207C2054696D653A20252E336665
:10B6700020730D0A000000002DE9FC5F4FF04049E7
:10B6800023A0F6F721FF0120F9F7B2FF4FF0BB35F9
:10B690002E4C00214FF0CC366F104FF01138AA100D
:10B6A0004FF0223A4B1E4FF0807B00BF09EB810028
:10B6B00049F8214045608660C76002614361C0F877
:10B6C0001880C0F81CA008315945EFD30220F9F7C3
:10B6D0008FFF00281AD000EE100ADFED1D0AB8EE29
:10B6E000401A80EE810A00EE900A9FED1A1A1AA005
:10B6F000F8EE600AC0EE811AB7EEC00A53EC102BC8
:10B70000B7EEE11A8DED001BF6F7DEFEBDE8FC9FFB
:10B710002D2D2D20534452414D2036344D4220577B
:10B720007269746520537065656420546573742074
:10B730002833322D626974204F7074696D697A659F
:10B740006429202D2D2D0D0A0000000012EFCDAB35
:10B750000024744C00247449526573756C74202D58
:10B760003E2057726974652053706565643A2025E0
:10B770002E3266204D422F73207C2054696D653A2D
:10B7800020252E336620730D0A0000007047704795
:10B7900070B59CB04C216846F7F7BAF9202113A880
:10B7A000F7F7B6F90220FCF779F82148002421497F
:10B7B000026842F44042026002680A6842F00102F4
:10B7C0000A60096801F001011B9101688904FCD538
:10B7D0000DF1280C0825022009900523C0268CE8CD
:10B7E0004900CDE90D05C2030F9001216846CDE95E
:10B7F0001054CDE900121294FDF7E4F808B172B6C6
:10B80000FEE740201A903F210301CDE916500322A4
:10B81000CDE9180313AB13A883E816000421FCF745
:10B8200093FE002801D072B6FEE71CB070BD000088
:10B83000184802582C0400583348F0B5334A0168C0
:10B8400041F470010160106800F00F00072804D275
:10B85000106820F00F00C01D10602D4900202C4CF6
:10B8600010340B682B4D43F001030B6020600B6814
:10B870002B400B60136803F00F03072B04D91368E8
:10B8800023F00F03DB1D1360214C234A1834234B94
:10B89000261D371D20601E4C214D28343060261D8A
:10B8A0003860371D23603B1D35601C1D3A60251D27
:10B8B0002E1D1860331D22602860326018600A68EF
:10B8C000134B184C22F4802260330A601860206801
:10B8D0006FF30F00B0F1005F03D213490120C1F8EC
:10B8E00008010B48D4300168C9040BD4026843F244
:10B8F000D2010E4B42F4805202601960016821F4BB
:10B9000080510160F0BD000088ED00E00020005291
:10B91000004402587FEDF6EA8002010100020202B3
:10B920000000FF010010005C008000510040005248
:10B930001CB50023044601AA6946FFF7D5F820B1DB
:10B94000DDE900122046FFF735FC01201CBD000098
:10B9500038B50BA104460D48F6F7C2FD0122694631
:10B960002046FFF7E3F838B19DF8002008A107480A
:10B97000F6F7B6FD012038BD4FF0FF3038BD0000AE
:10B98000544553543A424F4F4C0D0A0010000024C6
:10B990000950313D25640D0A000000002DE9F14FEA
:10B9A000A6B000240122269822A9FFF763FA0028F6
:10B9B00071D021AD4FF0010A00200090019020AB22
:10B9C000CDE9020522A902462698FEF73FFF00288E
:10B9D00061D1042683460DF170091EAF5A46CDE9A8
:10B9E0000265269820ABCDE9009722A9FEF72EFF2D
:10B9F0009DF8800038B11E991C988E4688421DDD46
:10BA00004FF0FF311BE02198012802D0022809D015
:10BA10004CE004A81C9A00EBC403002140F8342039
:10BA2000596007E004A81C9940F8341000EBC401E9
:10BA30001D984860641C0C2C38D243E00121219AE7
:10BA4000009100210191022A02D0012A24D032E083
:10BA50001F9B1D99994202DD4FF0FF3102E002DA8F
:10BA60004FF001018A46DDF8741004AB4FF0000C72
:10BA700003EBC40843F8340004F10104C8F80410CF
:10BA80000C2C13D2DDF87C80884514D0BCF1000F5B
:10BA90005144EDD00FE025E004A9002341F8340023
:10BAA00001EBC401641C0C2C4B6004D34FF0FF303D
:10BAB00027B0BDE8F08F864504D00099084401996D
:10BAC0000029C0D00BF10100CDE90265CDE9009756
:10BAD00020AB834622A902462698FEF7B7FE00282F
:10BAE0003FF47CAF10480CA1F6F7FAFC002504AE39
:10BAF0000AE000BF06EBC50056F835200BA14368ED
:10BB00000948F6F7EDFC6D1CA542F3D3064809A1E0
:10BB1000F6F7E6FC0120CBE7544553545F436861D8
:10BB20006E6C73743A2000001000002425642125F7
:10BB3000642C20000D0A00001CB50D4901230446A9
:10BB40006A46FFF71FF880B1094801AA0099FEF77D
:10BB500089FB0C4807A1DDE90032F6F7C1FC00992A
:10BB60002046FFF717FC01201CBD4FF0FF301CBD25
:10BB70002C0000240950313D25732028256C6429B0
:10BB80000D0A0000100000241CB5012369460222A2
:10BB9000FEF7B6FB094803A1DDE90023F6F7A0FC98
:10BBA00001201CBD54455354206E756D626572733F
:10BBB0002025642025640D0A0000000010000024E8
:10BBC00010B59CB0002464221AAB009401A9FEF7C2
:10BBD000F3FF08B98DF8044001AA084802A1F6F75E
:10BBE0007FFC1CB0012010BD544558543A202A2A2D
:10BBF0002A25732A2A2A0D0A0000000010000024BA
:10BC00000148FDF7B4BB00008C0300242DE9F04788
:10BC1000294B4FF0804A294D02689842284E294FFF
:10BC2000294C09D0504507D0A84205D0B04203D0D6
:10BC3000B84201D0A04205D1D1F804C022F0700270
:10BC40004CEA0202DFF884C0DFF884809842DFF813
:10BC500084900FD050450DD0A8420BD0B04209D0EF
:10BC6000B84207D0A04205D0604503D0404501D07E
:10BC7000484503D1CD6822F440722A438E684D694D
:10BC800022F08002C6620E682A439842866207D07C
:10BC9000A04205D0604503D0404501D0484501D1C0
:10BCA000096901630368012143F0040303604161F2
:10BCB0000260BDE8F0870000000001400004004081
:10BCC00000080040000C004000040140004001401A
:10BCD000004401400048014042EA032283680A43CD
:10BCE00023F47F410A43826070470000034B82685F
:10BCF0001A400A4342F00701816070478FFFCFFF6F
:10BD000010B5036A046A23F00A0324F001040462F4
:10BD100084690B4324F0F00141EA0211816103625E
:10BD200010BD10B5036A046A23F0A00324F01004C8
:10BD30000462846943EA011124F4704343EA023245
:10BD40008261016210BD000030B5416EB9B1016879
:10BD50000D4B03F108048A688968C2F34262490FF7
:10BD60005D5C615C2D01B5FBF1F1A0F86A10995C96
:10BD7000A25C0901B1FBF2F1A0F8681030BD01210D
:10BD8000A0F86A10F8E7000030E2009090F8281060
:10BD9000090706D50168836B4A6822F400421A43FA
:10BDA0004A6090F82810C90706D00168C36A4A683B
:10BDB00022F400321A434A6090F82810890706D509
:10BDC0000168036B4A6822F480321A434A6090F893
:10BDD0002810490706D50168436B4A6822F480227F
:10BDE0001A434A6090F82810C90606D50168C36B4B
:10BDF0008A6822F480521A438A6090F828108906D3
:10BE000006D50168036C8A6822F400521A438A60DE
:10BE100090F82810490611D50168436C4A6822F44D
:10BE200080121A434A60416CB1F5801F06D1016847
:10BE3000836C4A6822F4C0021A434A6090F82810C2
:10BE4000090606D50168C26C486820F4002010433A
:10BE5000486070472DE9F84300250446C0F890502B
:10BE6000FBF7FEFB8046206820266FF07E470068C7
:10BE7000000713D50022434631042046009700F006
:10BE80002BFB58B1216851E8000F20F0800041E8F9
:10BE90000002002AF6D1C4F8886021E0206800681A
:10BEA000400722D5002243464FF4800120460097E8
:10BEB00000F012FBC8B1206850E8001F21F4907117
:10BEC00040E80012002AF6D12068083050E8001F30
:10BED00021F0010140E80012002AF5D1C4F88C607D
:10BEE000032084F88450BDE8F883C4F88860C4F85F
:10BEF0008C60E5662567002084F88450F3E710B570
:10BF0000806B0021A0F85E10FDF7ADFB10BD70B591
:10BF1000846B00252168D4F88800D4F88C60896887
:10BF2000090606D5212804D1A4F85650204600F071
:10BF300091F820688068400606D5222E04D1A4F826
:10BF40005E50204600F05CF8D4F8900040F01000FD
:10BF5000C4F890002046FDF786FB70BD10B5C1699E
:10BF60000022806BB1F5807F2DD0A0F85E200368A1
:10BF700053E8001F21F4807143E80014002CF6D12F
:10BF80000168083151E8003F23F0010341E8003423
:10BF9000002CF5D10168083151E8003F23F040033F
:10BFA00041E80034002CF5D12021C0F88C10C16E7E
:10BFB000012908D1016851E8003F23F0100341E84E
:10BFC0000034002CF6D10267C16E012902D0FDF7C2
:10BFD000C3FD10BDB0F85C10FDF7C0FA10BD10B580
:10BFE000806B01210167C16E012902D0FDF7B5FD0B
:10BFF00010BDB0F85C104908FDF7B0FA10BD0000A4
:10C0000010B5026852E8001F21F4907142E8001355
:10C01000002BF6D10E4B0268083252E8001F19407F
:10C0200042E80014002CF6D1C16E012908D1026843
:10C0300052E8001F21F0100142E80013002BF6D156
:10C0400000212022C0F88C20C166416710BD00008D
:10C05000FEFFFFEF026852E8001F21F0C00142E836
:10C060000013002BF6D10168083151E8002F22F4AB
:10C07000000241E80023002BF5D12021C0F88810F0
:10C08000704700002DE9F04304468068D84E87B021
:10C09000D84B2168D4E90427D4F81CC010430A689F
:10C0A000002547EA0C073843324002430A60206803
:10C0B000E268416821F44051114341602268A1695E
:10C0C0009A4201D0206A01439768DFF82CC3CB4E17
:10C0D000CB4807EA0C070F4397602168676ACA6A72
:10C0E00022F00F023A43CA622268B2420ED10068BF
:10C0F00000F03800182873D047DCB8B3082879D08E
:10C1000010286FD178E028287ED17BE0BD498A4293
:10C1100009D1006800F00700062875D2DFE800F0BA
:10C12000546A6C6E7072B8498A4209D1006800F096
:10C130000700062868D2DFE800F0475D5F616365AD
:10C14000B2498A4209D1006800F0070006285BD294
:10C15000DFE800F03A5052545658AD498A420BD1AC
:10C16000006800F0070006284ED200E010E0DFE88B
:10C1700000F02B4143454749A6498A420AD100684D
:10C1800000F03800182839D0B7DD2028BBD13CE0BA
:10C1900001203AE0A0498A4209D1006800F0070076
:10C1A000062831D2DFE800F01026282A2C2E9B49E1
:10C1B0008A420BD1006800F00700062824D2DFE88D
:10C1C00000F003191B1D1F2100201EE09A421BD105
:10C1D0008B48001D006800F00700062814D202E01A
:10C1E0000CE007E010E0DFE800F0030507090B0DA5
:10C1F00002200AE0042008E0082006E0102004E005
:10C20000202002E0402000E080208549DFF81482F1
:10C210009A42854A4FF400434FEA21174FF0000637
:10C220004ED110281AD006DC022809D004280BD0E1
:10C2300008287CD10DE020283ED0402877D13DE071
:10C24000FBF756FB014610E06846FBF763FB0199DC
:10C250000BE003A8FBF700FC049906E010688006D9
:10C2600005D51068C0F3C100C140002970D0606AD4
:10C27000676838F8102007EB4703B1FBF2F0834200
:10C2800055D8B0EB073F52D8002308461946F6F7B9
:10C29000A3F802467808130E120243EA012110188F
:10C2A0003A4671410023F6F797F8604AA0F54071CD
:10C2B00091423CD821688FE03946D8E71946D6E745
:10C2C000D4F81CC04FF6EF799C4546D1082819D008
:10C2D00005DC58B101280CD0042875D10DE01028D8
:10C2E00015D0202835D040286ED134E0FCF7AAFACA
:10C2F00001E0FCF7B9FA014610E06846FBF70AFBDB
:10C3000001990BE003A8FBF7A7FB049906E010686E
:10C31000800604D51068C0F3C100C140C1B1636A92
:10C32000606838F81330B1FBF3F1490000E04BE0EE
:10C3300001EB5001B1FBF0F0A0F11001494543D8E9
:10C340004FF6F0732168C0F342021840104343E0F7
:10C3500043E03946E3E71946E1E7082819D005DC50
:10C3600058B101280CD004282ED10DE0102815D08A
:10C3700020282BD0402827D12AE0FCF763FA01E0DF
:10C38000FCF772FA014610E06846FBF7C3FA019920
:10C390000BE003A8FBF760FB049906E01068800639
:10C3A00004D51068C0F3C100C140B1B1636A6068D0
:10C3B00038F81330B1FBF3F101EB5001B1FBF0F0B1
:10C3C000A0F11001494505D9012506E03946EDE700
:10C3D0001946EBE7216880B2C8600120A4F86A0022
:10C3E000A4F8680028466667A66707B0BDE8F08332
:10C3F000F369FFCF000C0058FFF4FF11001001405B
:10C40000544402580044004000480040004C0040A2
:10C41000005000400014014000780040007C0040C3
:10C420000090D00318E2009000440258FFFC0F0077
:10C4300070B50446D0F8800000232225A165A4F839
:10C440005C20C4F89030C4F88C50F0B11F49C1632F
:10C45000D4F880101E480864D4F880101D48C864C1
:10C46000D4F8800003651346A56D2168D4F88000D8
:10C470002A462431FAF71CF938B11021C4F890107B
:10C480002020C4F88C00012070BD206940B12168D3
:10C4900051E8000F40F4807041E80002002AF6D114
:10C4A0002068083050E8001F41F0010140E8001208
:10C4B000002AF5D12068083050E8001F41F0400103
:10C4C00040E80012002AF5D1002070BD5DBF009049
:10C4D000DFBF00900FBF00902DE9F0479946174647
:10C4E0000D460446089E4FF0000833E0701C31D022
:10C4F000FBF7B6F8A0EB0900B04218D8BEB120682F
:10C500000168490726D5802D24D0402D22D0C1694D
:10C51000C94309070DD4082505622046FFF770FDC1
:10C52000C4F89050012084F88480BDE8F08703208F
:10C53000FBE7C069C04300050CD421684FF40060DC
:10C5400008622046FFF75CFD2021C4F8901084F8B3
:10C550008480ECE72068C06935EA000004D0002040
:10C56000B842C3D00020E0E70120F9E72DE9F0410F
:10C5700086B01D4616460F4614220446DDF830806C
:10C5800026A16846F6F792FA002144B1022D0CD09C
:10C59000082D0DD0102D0ED025480A250DE0002EB7
:10C5A00033D93020387001212FE04FF0004004E0F3
:10C5B0004FF0804001E04FF08050B8F1000F0DD0F7
:10C5C000221E0BDA0A2D09D15442002E06D92D2243
:10C5D0003A70012102E000BFB0FBF5F0B4FBF0F2CD
:10C5E000002AF9D04FEA0D03B4FBF0F2B142D2B207
:10C5F00004D213F802C007F801C0491C02FB104422
:10C60000B0FBF5F008B1B142EED3B14201D2002047
:10C61000785406B00846BDE8F0810000303132336E
:10C62000343536373839414243444546000000002E
:10C6300000CA9A3B0148FDF717B8000080020024A9
:10C64000FEE710EE101A10B50A0E02700B0C4370C4
:10C650000C0A8470C17010BD03B4019841000098A9
:10C6600050EAC12018BF04204A0D18BF40F0010055
:10C6700040F2FF72B2EB515F08BF40F002000128A8
:10C6800008BF052002B07047090700284FEA116172
:10C6900004DB00F1E02080F80014704700F00F0088
:10C6A00000F1E02080F8141D704700000000000039
:10C6B00030B52DED068B81B0B0EE409B6A4651EC53
:10C6C000190B00F04DFAB7EEC98B00989FED2AAB1D
:10C6D0007E30009000281BDCB4EE4A9BF1EE10FA8D
:10C6E00016D0002140F608004FF0000040F6080187
:10C6F000014040F608004FF000009FED210AB4EE23
:10C70000408AF1EE10FA04BF0220F7F7A1F82AE000
:10C71000FF2828DB002108464FF00000B4EEC9AB2B
:10C7200000F44005F1EE10FA94BF01240024022029
:10C73000F7F78EF89FED138A4DB1002C0CBF4FF424
:10C7400000004FF48000A84218BF9FED0F8A04211B
:10C7500008464FF00000002C01BFB1EE480A01B0BE
:10C76000BDEC068B30BDB0EE480A01B0BDEC068BC7
:10C7700030BD0000000000000000000000000000CC
:10C78000000000000000807FFFFF7F7F00000000AE
:10C7900000B583B09FED060B0A4601468DED000BF8
:10C7A0006846F6F745FD9DED000B03B000BD0000A7
:10C7B00000000000000000009FED030B20EE000BC6
:10C7C0007047000000000000000000000000007042
:10C7D0009FED030B20EE000B7047000000000000EF
:10C7E000000000000000001010B5044691ED000BA1
:10C7F000FFF75EFF84ED000A10BD0000000000009E
:10C8000030B504462DED048B85B040F2FF7590EDF8
:10C81000008B0A4618EE900A8DED008B35EA105019
:10C820001EBF9FED239BB4EE498BF1EE10FA23D08F
:10C8300051EC180B01F071FC41EC180B18EE900A4A
:10C840008DED008B35EA10501CD0B4EE498BF1EE23
:10C8500010FA11D10220F6F7FBFFFFF7B9FF10EE37
:10C86000901A18EE900A8DED000B8DED028B61F39E
:10C870001E0001909DED008B84ED008B05B0BDEC9A
:10C88000048B30BD0220F6F7E3FFFFF795FF10EEB3
:10C89000901A18EE900A8DED000B8DED028B61F36E
:10C8A0001E0001909DED008BE6E7000000000000F7
:10C8B000000000000000000030380A2801D20120EA
:10C8C00070470020704770472DE9F04387B09C46C1
:10C8D0008146144601A80E46DDE90F75DDF8388063
:10C8E00062463B460090484600F024F828B10228F2
:10C8F00000D1012007B0BDE8F08302A9304600F066
:10C9000054FE88B10120207005A93B4642464846A6
:10C910000091314600F00EF80028EAD1059A0199FD
:10C920009142E6D12960E5E7002020700198286057
:10C930000020DFE72DE9FE4300241D461646884609
:10C940000A9F81466946404600F054FE98B1AC42C9
:10C9500005D206EB840269464846FEF785FA212295
:10C960006946404600F0DDFF002804F10104E9D1EA
:10C970003C60BDE8FE830CB10120FAE70220F8E735
:10C9800010B59942144604D11A462146F5F7CFFF57
:10C9900008B1002010BD012010BD2DE9F8430C4660
:10C9A0001D46A3421746DDF820804FF0000602D254
:10C9B0000020BDE8F8830A463946F5F7B8FFF0B91C
:10C9C000B8F1000F4FF0010617D0AC4217D038195C
:10C9D00069460A2201F04DFA2044A84201D00026FF
:10C9E0000DE00099C8F8001009E0F5F7EDFC395D9D
:10C9F0000068405C2028F2D1641CAC42F5D330467C
:10CA0000D7E770B5B1B14C68A4B18D6895B14368F2
:10CA1000DBB18268CAB126782A2E16D03A2E14D0FD
:10CA20001E782A2E11D0561E9E5D3A2E04D0521E1C
:10CA3000F9D10AE0002070BD3AB11544A31AC1E94A
:10CA4000013541681846F5F7EFFF012070BD0B4630
:10CA5000024610B500F030F8B0B9ABB1B2F9001031
:10CA600090681B8800EB41000380B2F90010B2F916
:10CA70000630491C908891FBF3F4401C9080012003
:10CA800003FB1411118010BD002010BD0021018096
:10CA900041808180704780880880012070478160D4
:10CAA0000023C2800380438083807047808808B160
:10CAB0000020704701207047B0F90410B0F906005B
:10CAC000814201D10120704700207047024610B515
:10CAD000FFF7ECFF08B1002010BD31B1B2F9023010
:10CAE000906800EB430000880880B2F90210B2F9A8
:10CAF0000630491C908891FBF3F4401E9080012081
:10CB000003FB1411518010BD024610B5FFF7CEFF94
:10CB100008B1002010BDB2F90030B2F9060003449C
:10CB2000A3F1010393FBF0F400FB143000B210807A
:10CB300021B1936803EB4000008808809088401E74
:10CB40009080012010BD00000349CA695206FCD53F
:10CB5000C2B28A627047000000100140000000006D
:10CB600082B04FF0000CCDE90001009BC2F800C07C
:10CB7000DFF864C021F00040604529DA034327D084
:10CB8000B0F5801FA8BF13680EDA9DED000B9FED76
:10CB9000141B6FF0350320EE010B10EE901A8DED93
:10CBA000000B136021F00040DFF83CC06FF31E5112
:10CBB0000CEB20501844106041F0FF5040F0005042
:10CBC00001909DED000B00BF51EC100B02B07047BF
:10CBD0009DED000BF8E700000000F07F0000000072
:10CBE000000000000000504302FCFFFF022805D0B7
:10CBF000082805D0102805D00020704702A07047F3
:10CC000002A0704702A07047234200002351000099
:10CC10002348000000231A22C0E901130270704764
:10CC200040680078884201D1012070470020704799
:10CC30000168D0E901021144814201D80120704706
:10CC4000002070472DE9F0472E4D4FF40059DFF8D2
:10CC5000B8804FF00107DFF8B4A04FF000042C4E6D
:10CC600008B12F7002E02878012813D10121404635
:10CC7000FAF7E6FCA0B908213046FAF7E1FC78B1F2
:10CC800004213046FAF7DCFC50B149465046FAF729
:10CC9000D7FC28B101214046FAF7D2FCF0B12DE0D3
:10CCA0000A20F9F753FE0020494628705046FAF74B
:10CCB000C7FC00B9042430460421FAF7C1FC00B9CE
:10CCC000032430460821FAF7BBFC00B90224404691
:10CCD0000121FAF7B5FC88B101240FE008213046A4
:10CCE000FAF7AEFC50B104213046FAF7A9FC28B19E
:10CCF00049465046FAF7A4FC00B12F702046BDE823
:10CD0000F0870000280000240000025800080258A4
:10CD1000001C0258F0B587B014216846F5F7F8FEFC
:10CD20001848016841F002010160016801F0020148
:10CD30000591016841F002010160006801250026AB
:10CD4000114F0224694600F002000590CDE900452C
:10CD5000CDE902463846FAF75DFB03966946009531
:10CD60003846CDE90154FAF755FB01223846022135
:10CD7000FAF76BFC012238461146FAF766FC07B059
:10CD8000F0BD0000E04402580004025888B072B6BA
:10CD90007D487E4908600024DFF8F08108F17C08B6
:10CDA000C8F80040BFF34F8F784A0C32106820F467
:10CDB00080301060BFF34F8FA8F1040BDBF8000048
:10CDC00043F6FF75DFF8C8C1C0F34E31C0F3C906A2
:10CDD00005EA4117304600BF47EA8073CCF80030BF
:10CDE000401EF9D2491EF3D2BFF34F8FBFF36F8FAE
:10CDF000BFF34F8FBFF36F8FDFF894A191461046BA
:10CE00001268AAF1240A22F4003251460260CAF8DC
:10CE10000040BFF34F8FBFF36F8FBFF34F8FBFF350
:10CE20006F8F0C60BFF34F8FBFF36F8FC8F8004058
:10CE3000BFF34F8FDBF80000554E143EC0F34E3168
:10CE4000C0F3C90305EA4117184600BF47EA8072DC
:10CE50003260401EFAD2491EF4D2BFF34F8FBFF3A7
:10CE60006F8F62B64B494C48016000F0E1F9FAF768
:10CE700005FCD9F800004946800311D4BFF34F8F59
:10CE8000BFF36F8FCAF80040BFF34F8FBFF36F8FB0
:10CE9000086840F400300860BFF34F8FBFF36F8F16
:10CEA0000868C0031ED4C8F80040BFF34F8FDBF8FA
:10CEB0000000C0F34E32C0F3C90305EA421718461A
:10CEC00047EA807CC6F800C0401EF9D2521EF4D258
:10CED000BFF34F8F086840F480300860BFF34F8F76
:10CEE000BFF36F8FFEF754FCFCF71EFFFCF790FEBC
:10CEF000FCF7D2FFFCF7A2FEFCF7E2FEFCF798FF7E
:10CF0000FFF708FF254D002202212846FAF79DFB76
:10CF100023A0F5F7D9FA26A0F5F7D6FAFDF7FCF924
:10CF2000022000940121CDE90140CDE903142648F7
:10CF300069460594F9F794FD234800220121F9F789
:10CF400017FD0020FFF77EFE022804D0032805D03D
:10CF5000042806D007E0FEF78BFA04E0FEF78CFB0E
:10CF600001E0FEF713FB012228460221FAF76DFBD0
:10CF70006420F9F7EBFC002228460221FAF765FB52
:10CF80006420F9F7E3FCDCE70020009008ED00E006
:10CF900074EF00E0000040900000002400040258FC
:10CFA00074657374207374617274200D0A0000003C
:10CFB0007465737420737461727420202D2D3E4348
:10CFC000414E0D0A00000000600000242DE9FF4FD3
:10CFD0004FF00009164681B00F460446CB46F5F7E0
:10CFE000BFFC054631463846F7F730FD0646601966
:10CFF00010F8010C3F2806D1B81910F8010C3F2891
:10D0000015D16D1E761E20785B2803D1641C4FF06D
:10D0100001096D1E20783A2801D1641C6D1E3878F4
:10D020003A2808D1022E06D378782A2871D1002018
:10D0300005B0BDE8F08F2946204600F07BF95EA2DE
:10D0400080463146384600F049FF98B3C01BB8F11E
:10D05000000F824605DD04EB080010F8010C2328C0
:10D060002BD0002053463A4641460090204600F01F
:10D07000A5F800287DD0A5EB0805A6EB0A064444D8
:10D080004FF0010855EA060057444CD025B32EB3A3
:10D09000002D05DD20783978884201D13A2844D026
:10D0A000012D55DD60783978884243D122785B2A9A
:10D0B0003ED03FE0FFE73046C9E7049840B10E9804
:10D0C000834505D204980F9900EB8B00016000E0C6
:10D0D00000200BF1010BC5E70EBB24E029462046DA
:10D0E00000F028F9215C5B2902D05D2906D102E01D
:10D0F00009F1010101E0A9F1010189462D1A044459
:10D10000641CB9F1000FA5F1010503D0002DE5D194
:10D1100009E018E0002D03DD20785B28DED000E078
:10D120000DB14FF00008404682E7641C6D1E0AE016
:10D130003A2805D088420BD121785D2906D007E036
:10D1400009F1010018E0761E7F1C74E73A2811D01F
:10D15000022DE6DDA07839788842E2D121785D2978
:10D16000DFD161785B29DCD13A28DAD1E41CED1EED
:10D17000E9E705E0A9F10100A41C8146AD1EE2E744
:10D180004444A5EB080520785D2802D161783A294E
:10D190000CD0022DC5DD5D28C3D160785B28C0D1DD
:10D1A000A0783A28BDD1E41CED1E44E7A41CAD1EB6
:10D1B000A9F101093FE700003A3F00002DE9F843DB
:10D1C0000C001F4690460646089D04D0301910F802
:10D1D000010C23280BD0304600F0BCF805463B4636
:10D1E000424621463046FFF7CBFBF0B915E04C1E16
:10D1F0003046214600F0AEF881463B464246214685
:10D2000030460095FFF7C9FB78B93B464246494690
:10D2100030460095FFF7C1FB05E03B4642462946F4
:10D220003046FFF7ADFB002800D00120BDE8F883B1
:10D230007FB50124002522460326009610212B46A7
:10D24000CDE901544806039400F049F812210096F4
:10D25000CDE90154002303940222480600F03FF870
:10D2600003220096CDE901540023039412211007F4
:10D2700000F035F800960023CDE901540422039410
:10D280000F214FF0605000F02AF80023029505228C
:10D29000039519217007CDE9006500F020F80622FA
:10D2A0000096CDE90154002303941921500700F0A2
:10D2B00016F81B210295012303950722C807CDE923
:10D2C000006500F00CF800960023CDE90154082217
:10D2D000039416214FF0104000F001F87FBD2DE9B6
:10D2E000FF410AAC4FF0010E94E8E01000240294D4
:10D2F00003948DF808108DF80C3000948DF80940D7
:10D300008DF80D608DF800E08DF80A408DF80E70F4
:10D310008DF8012001908DF80B508DF80FC0FAF7B1
:10D320004FFA6846FAF71EFA0420FAF757FABDE8F2
:10D33000FF81000030B505A20D46044600F0CEFD89
:10D3400008B1001B30BD284630BD00003F3A5B5D90
:10D35000000000002DE9F04100240D46074606E0DC
:10D36000F5F732F80068805D000705D4641CAC4214
:10D3700002D23E5D002EF3D12046BDE8F0810000D0
:10D380002DE9F047026A00F11405816A0446D0F8DD
:10D3900010800126881810F8010C3F2804D00027BF
:10D3A00094F8380010B107E00127F9E727B101220E
:10D3B00020461CA100F0E8FD4FF0000984F83990E8
:10D3C000C4F83090C4F83490C4F89490D8F804109D
:10D3D000A9B120468847012894F8390006D030B911
:10D3E0006FF0C7012046FDF7E6F800E008B100261F
:10D3F00005E094F8380010B10FB184F83890A968AE
:10D40000D5E900020844904208D994F8390028B9B7
:10D410006FF06B012046FDF7CEF800263046BDE8E0
:10D42000F08700003B000000F0B58BB00D4601A96D
:10D43000144606462846009313462122FFF796F825
:10D4400007462046FFF7D2FB0546304600F0A4FD14
:10D4500004462DB102222946304600F095FD0444D1
:10D460003A4601A9304600F08FFD316B2044491C3B
:10D4700031630BB0F0BD00002DE9F84F0446406861
:10D48000486000270D4680462321204600F013FC0B
:10D490004FF01A0ABB46C0B32046FFF7C9FB30BBAA
:10D4A000606881460678F4F78FFF00900068805D21
:10D4B00020281CD1302E1AD0303E09F101006060C6
:10D4C00012E02046FFF7B4FB80B900996068096854
:10D4D0000278895C202909D107EB8701401C606034
:10D4E000490030395718761E002EEADC76B1204606
:10D4F000FFF79EFB48B100BF85F800A0C5F808B053
:10D50000A16820680844606014E00DE0D4E90010D0
:10D51000A2683844606011448142EDD3C11BC5E963
:10D5200001170D20287005E085F800A0696861608A
:10D53000C5F808B0D5E90112A1EB08001044BDE818
:10D54000F88F70B5044640680D4648602046FFF7E6
:10D550006FFBF8B9F4F738FF064660683168027867
:10D56000895C11F0980F15D0401C60602046FFF7D1
:10D570005FFB10B10EE06068F6E76168306809781B
:10D58000405C10F0380FF6D15F212046FFF748FBD2
:10D590000028F0D160686968401AA860002801DDA1
:10D5A000092100E01A21297070BD10B50C464168B0
:10D5B00061603A2100F07FFB10B10121022001E0FF
:10D5C00000211A20A1602070084610BD10B50C463D
:10D5D000416861602C2100F06EFB00284FF00000D4
:10D5E00003D00121A160207002E0A0601A21217007
:10D5F000A06810BD70B5044640680D4648602046DE
:10D6000000F0A6FB204600F08DFB2E2106462046AA
:10D6100000F051FB18B1204600F084FB0644DEB157
:10D620006668204600F012FC2046FFF701FB88B92F
:10D6300061680878652801D045280BD1491C20462F
:10D64000616000F003FC204600F082FB204600F001
:10D6500069FB18B9666001E06868606060686968C5
:10D66000401AA860002801DD0A2100E01A21297073
:10D6700070BDFFF7DDBA70B50546406848600C46DE
:10D680000D21284600F017FB0A21284600F013FB65
:10D6900069686068091AA160002902DD0520207010
:10D6A00004E01A22227068600021A160084670BD63
:10D6B0002DE9F0410446406848600E46232120468B
:10D6C00000F0F9FA00284FF0000769D02046FFF774
:10D6D000AFFA002864D16068017868290AD0482927
:10D6E00008D071291ED051291CD0622939D0422975
:10D6F00037D055E0401C6060002502E0401C6060AF
:10D700006D1C2046FFF794FA50B9F4F75DFE014610
:10D71000606809680278895C81EA81010906EDD4B4
:10D7200006202CE0401C606000252046FFF780FAB0
:10D7300088B96168087830280FD031280DD0322898
:10D740000BD0332809D0342807D0352805D0362807
:10D7500003D0372801D0072011E0491C61606D1CFF
:10D76000E3E7401C606000252046FFF761FA28B916
:10D770006168087830280FD031280DD0082030702B
:10D7800075B17068801C70606168081AB06000280C
:10D790000BDD801CBDE8F081491C61606D1CE3E776
:10D7A0001A20307070686060B7600020F2E770B5D2
:10D7B000054640680C4648602846FFF739FA4FF0A6
:10D7C000000670BB28212846FFF72AFA48B368688C
:10D7D00011E068680178A1F120025E2A12D822299E
:10D7E00010D023290ED027290CD028290AD0292986
:10D7F00008D03B2906D0401C68602846FFF718FA7D
:10D800000028E6D02846FFF713FA80B929212846D8
:10D81000FFF706FA58B16868401C68606168401AF2
:10D82000A060A068002803DD1020207005E0A6603D
:10D830001A20207060686860A660A06870BD2DE93D
:10D84000F0410C46416805461A2061602070284668
:10D85000FFF7EEF94FF00006E0B92A212846FFF75E
:10D86000DFF9B8B16868401C6860284600F081FAAA
:10D8700000280AD001DB01280ADB3F21284600F0FE
:10D880001AFA012810DB16200FE02846FFF7D0F91E
:10D8900014200AE0284600F020FA0746284600F047
:10D8A00068FA012809DA0EE01320207013E02846F8
:10D8B00000F05FFA002814DB08D0284600F00DFACB
:10D8C0000028F4D10DE000280BDB0FB11220ECE7AB
:10D8D00020781A280FD068686168401AA060BDE8F7
:10D8E000F0813F21284600F0E6F9012801DB1520F0
:10D8F000DBE71120D9E7A66060686860A068EEE702
:10D9000010B50C46416861603B2100F0D4F910B1BC
:10D910000120A06002E00021A1601A202070A06810
:10D9200010BD10B50C4641686160114600F0C3F9A6
:10D9300010B10121032001E000211A20A160207014
:10D94000084610BD70B5044640680D464860204644
:10D95000FFF76EF958BB60680178222902D02729A9
:10D960000ED027E0401C60600F2120462970222144
:10D9700000F02FFA2046FFF75BF9C8B922210CE02E
:10D98000401C60600E2120462970272100F021FAFA
:10D990002046FFF74DF958B927212046FFF740F9F7
:10D9A00030B16068401C60606968401AA86001E09E
:10D9B0006868606060686968401AA860002804DCD4
:10D9C0001A222A7061600020A86070BD2DE9F04124
:10D9D0000546406848600C462F21284600F06BF948
:10D9E000284600F051F94FF00007E0B12D212846FC
:10D9F00000F061F9284600F081F92846FFF718F990
:10DA000088B92F212846FFF70BF92E210646284614
:10DA1000FFF706F9064306D06868401C6860284690
:10DA200000F032F9E2E769686068091AA16000292C
:10DA300002DD0C20207003E01A2121706860A760CD
:10DA4000A068BDE8F08170B5054640680C464860A6
:10DA5000284600F0FBF968686168401AA060002859
:10DA600001DD172100E01A21217070BD2DE9F04180
:10DA700086B00446002604910391694605928661AA
:10DA800003A8FFF7E0FF03A82146FFF7D8FE010037
:10DA900004F10C0817D403A86946FFF7D4FF002847
:10DAA00006DD04F11802414603A800F03AF803E04D
:10DAB00004994046FFF7AEF803A86946FFF7DBFD7F
:10DAC000050006D00AE003992046FFF7A3F8039962
:10DAD000EFE703A86946FFF713FF054603A8FFF722
:10DAE000C8FD4FF0010750B94DB904981921401CE9
:10DAF0000490A760404621700399FFF78BF89DF8CA
:10DB00000000012808D0052809D02677DDE9031098
:10DB100006B0401ABDE8F08102202077F6E72777AB
:10DB2000F4E72DE9FE4380460C464FF0FF378F6047
:10DB300018200870D8F804100025012016466160EE
:10DB4000A16808446946A060404600F019F89DF8B5
:10DB500000101A290AD0A1686D1C08446946A0600B
:10DB60004046FFF733FD0028EAD104E01A21217076
:10DB700000203D46A06006B13560A068BDE8FE8388
:10DB80002DE9FE430D4680466946FFF75CFF0646D9
:10DB900029464046FFF78CFD04002ED12946404619
:10DBA000FFF7CFFC040028D129464046FFF722FDAD
:10DBB000040011D069464046FFF745FF0746694615
:10DBC0004046FFF703FF002817DDA9683A180B202D
:10DBD00028708C18AC6010D129464046FFF7B2FE81
:10DBE00004000AD129464046FFF746FC040004D150
:10DBF00029464046FFF7DBFD044669464046FFF7ED
:10DC000022FF30442044BDE8FE8300002DE9FF419F
:10DC100000264FF6FF7710251A4801243A46CDE931
:10DC20000246CDE900456946FBF7D0F90120F8F737
:10DC30008DFE02203A46CDE9000512486946CDE93D
:10DC40000246FBF7C3F908210396032000900D4814
:10DC50003A46CDE901516946FBF7B8F94FF408712E
:10DC60003A460420CDE90005CDE902410548694660
:10DC7000FBF7ACF9034840F29631FBF78FF9BDE8AA
:10DC8000FF8100000001002470B50024054602E079
:10DC9000401C6860641C2846FEF7CAFF48B9F4F7C8
:10DCA00093FB0146686809680278895C11F0980F57
:10DCB000EED1204670BD70B50D460446FEF7B8FFA4
:10DCC00048B929462046FEF7ABFF20B16068401CEA
:10DCD0006060012070BD002070BD10B50446FEF7E5
:10DCE000A7FF48B93A212046FEF79AFF20B16068A5
:10DCF000401C6060012010BD002010BD10B504461E
:10DD0000FEF796FF40B9F4F75FFB014660680968CB
:10DD10000278895C202901D0002010BD401C606081
:10DD2000012010BD70B50024054602E0401C68606B
:10DD3000641C2846FEF77CFF40B9F4F745FB01461A
:10DD4000686809680278895C2029EFD0204670BD98
:10DD500010B50446FEF76CFF28B9606801782B29DE
:10DD600003D02D2901D0002010BD401C606001208F
:10DD700010BD70B545680446FEF75AFFF8B9F4F7D0
:10DD800023FB0646606831680278895C11F0980FC1
:10DD900015D0401C60602046FEF74AFF10B10EE02F
:10DDA0006068F6E7616830680978405C10F0380F09
:10DDB000F6D15F212046FEF733FF0028F0D1204640
:10DDC000FEF736FF0028606801D0281A70BD401B9E
:10DDD00070BD70B50D4604461AE0606800787F2873
:10DDE00004D829462046FEF71BFF70B16068017811
:10DDF000A94212D1401C60602046FEF719FF68B9A5
:10DE000029462046FEF70CFF40B16068401C606068
:10DE10002046FEF70DFF0028DFD070BD6068401E71
:10DE2000606070BD70B500240D46064608E000BF76
:10DE3000F4F7CAFA315D0068405CC00704D0641C86
:10DE4000AC42F5D3284670BD204670BD70B50024A5
:10DE500005462846FEF7ECFE28B9686801782029B7
:10DE600003D0092901D0204670BD401C6860641CA5
:10DE7000EFE738B50C4605466946F4F7D1FC20605B
:10DE80000098401B38BD38B50C4605466946F4F786
:10DE900038FDC4E900010098401B38BD38B50C4678
:10DEA00005466946F4F7F4FC20600098401B38BD35
:10DEB00038B50C4605466946F4F725FDC4E900016E
:10DEC0000098401B38BD38B50D4604466946FEF73C
:10DED0005FFC85ED000B0098001B38BD30B5451880
:10DEE00009E0114603E0A34201D1401E30BD11F804
:10DEF000013B002BF7D1854203D010F8014B002CD9
:10DF0000EFD1002030BD00002DE9F0470F461D463F
:10DF10008246144611463846FFF784FFA0424FF070
:10DF2000000101D129741FE0DAF85C6007EB0009F9
:10DF3000A4EB00080EB300241AE000BFF4F710FDB4
:10DF40003A68034641464846FEF71AFD78B116EB9B
:10DF5000041012D095ED020B90ED021B20EE010B88
:10DF600085ED020B007928740120BDE8F087641C60
:10DF700006EB041738680028E0D16FF082015046A4
:10DF8000FCF719FB0020F0E71AB111B1C36A5B6816
:10DF90001847002070470000016B002903DD0122B3
:10DFA00002A1FFF7F1BF0020704700002C00000025
:10DFB00010B500290AD00878002807D00548784411
:10DFC000F5F7E8FB002801D0002010BD0248784496
:10DFD00010BD00008E0B0000860B000010B500295C
:10DFE0000AD00878002807D005487844F5F7D2FB16
:10DFF000002801D0002010BD0248784410BD000068
:10E00000720C00006A0C000002494FF0000000F0A2
:10E0100052B800BF0000F87FB1FA81F30B3B20D368
:10E02000994010D1B0FA80F310FA03F108BF70479D
:10E03000C3F11D0303F580634FEAD1224FEA41503B
:10E0400002EB03517047C3F1200C20FA0CFC9840FE
:10E05000C3F1320303F5806341EA0C0101EB035184
:10E06000704710B5C3F10004C3F1320CC4F1200EA7
:10E070000CF5806201FA0EFC21FA04F100FA0EF3AD
:10E08000E040BDE8104040EA0C0001EB025138BF0F
:10E090007047401C41F100015B0008BF20F0010007
:10E0A00070474FF04070E1EE100A70474FF00000EB
:10E0B0007047F4F7CABE0CF00F03092B08BF082005
:10E0C00000F05F800A2B0BD0082B18BF704708BFE9
:10E0D0001CF0400F0AD04FF000004FF000017047D5
:10E0E0001CF0400F18BF4FF0004070471CF0100F9D
:10E0F00008D020F0704300F07F4242EAD3014FEA9B
:10E100004370704700F0604021F07F4242EA000215
:10E1100001F07F4040EA727070474FF0FF0C4CF402
:10E12000E06C1CEA11531CBF9CEA030C9445C2BF6F
:10E13000DA4201EB02517047002B0DD0BCF1000F09
:10E140000FD0002A01F00041A4BF41F0E04141F0AE
:10E150007F614FF00000704701F000414FF0000078
:10E16000704750EA01334FF09B0C18BF4CF0806CA5
:10E170007FF44AAF7047F5F797BCF5F7F5BDF5F7B3
:10E1800083BF1CF4801F11D01CF4E02F03D06FEA72
:10E19000CC31490070474FF04050EFF3008222F03D
:10E1A000704242EA000282F3008870474FF000009C
:10E1B000704700061016000610160000000102034A
:10E1C00004050607080C1014182030400000000059
:10E1D000000000000000000000000000000000003F
:10E1E0000100000002000000030000000400000025
:10E1F000000000000500000000000000000000001A
:10E200000000000006000000000000000000000008
:10E2100000000000070000000100020004000600EA
:10E2200008000A000C0010002000400080000001DF
:10E2300001010103070100000804020408010101B3
:10E24000000000000102030401020304060708099C
:10E250009CFF39FF200038FFD5FE1000D4FE71FE70
:10E2600008000100FF7F080070FE0DFE04000CFE98
:10E27000A9FD8000A8FD45FD400044FDE1FC020031
:10E28000E0FC7DFC0100000001000201030102022C
:10E290000302040202030303040300010B0B0B0B34
:10E2A000000002030B0B0B0020000405060B0B0003
:10E2B00080000708090B0B000800000090E70090A1
:10E2C0000000000094E70090010000000000000042
:10E2D000FFFFFFFF1A000000000000000000000028
:10E2E000B0E700901100000011EA2D819997713D6F
:10E2F000ACE700901100000095D626E80B2E113EE9
:10E30000B4E70090110000008DEDB5A0F7C6B03E57
:10E31000A8E7009011000000FCA9F1D24D62503F27
:10E32000B8E7009011000000000000000000F03F7E
:10E33000A0E70090020000008DEDB5A0F7C6B03E4A
:10E340009CE7009002000000FCA9F1D24D62503F12
:10E35000A4E7009002000000000000000000F03F71
:10E3600098E70090020000000000000000408F408D
:10E37000E8E70090010000008DEDB5A0F7C6B03EC3
:10E38000E4E7009001000000FCA9F1D24D62503F8B
:10E39000ECE7009001000000000000000000F03FEA
:10E3A000E0E70090010000000000000000408F4006
:10E3B000DCE7009003000000000000000000F03FD8
:10E3C000CCE70090030000000000000000408F40F8
:10E3D000D4E70090030000000000000080842E417C
:10E3E000C0E70090180000008DEDB5A0F7C6B03E64
:10E3F000BCE7009018000000FCA9F1D24D62503F2C
:10E40000C4E7009018000000000000000000F03F8A
:10E4100008E8009004000000000000000000F03F49
:10E4200000E80090040000000000000000408F4061
:10E4300004E80090040000000000000080842E41E9
:10E44000FCE70090040000000000000065CDCD4115
:10E45000F8E7009025000000000000000000F03FF9
:10E46000C8E7009026000000000000000000F03F18
:10E47000F0E7009026000000000000000000F03FE0
:10E48000000000000000000000000000000000008C
:10E490002CE800900100000034E800900200000029
:10E4A0003CE800900300000028E800900400000011
:10E4B00018E800900500000014E800900600000035
:10E4C00044E80090070000000CE8009008000000FD
:10E4D00020E800900900000000000000FFFFFFFF9F
:10E4E00030EA009081A300900000000014EA009040
:10E4F000A9A3009000000000C8E80090CDA3009000
:10E5000000000000D8E80090E3A3009000000000A5
:10E51000D0E8009005A400900000000004EA0090FC
:10E520003DA4009000000000B8E800904BA40090CB
:10E53000000000003CEA009057A40090000000009A
:10E540000CEA009067A4009000000000C0E8009072
:10E550008BA400900000000060E80090A1A400904F
:10E5600000000000E0E800900F9F00900000000015
:10E570001CEA0090B7A4009000000000E8E80090BA
:10E580001FB4009000000000B4E900900BB40090AC
:10E590000000000088E9009035B400900000000001
:10E5A00060EA0090B94A0090000000009CEA0090E8
:10E5B00091A200900000000050EA0090654A00908F
:10E5C0000000000000E90090DFB3009000000000B0
:10E5D000C4EA0090ABB30090000000006CE900902A
:10E5E000C9B3009000000000F8EA00909DB30090CD
:10E5F0000000000090E80090BD5000900000000076
:10E60000ECE90090A14F00900000000098E9009014
:10E61000FFB300900000000068E800901D500090DB
:10E6200000000000A4E80090FFB30090000000008C
:10E630007CE80090FFB300900000000040E90090EB
:10E64000FFB300900000000054E90090FFB3009079
:10E6500000000000C8E90090FFB300900000000037
:10E6600020E90090FFB300900000000024EA009031
:10E6700051B900900000000030E9009039BB0090D3
:10E680000000000050E8009089BB009000000000EE
:10E6900044EA0090C1BB009000000000DCE900905B
:10E6A00031B900900000000008EB00909DB9009087
:10E6B000000000000000000000000000000000005A
:10E6C00030313233343536373839414243444546A8
:10E6D00040305800303132333435363738396162A2
:10E6E00063646566403078000400000800000000A4
:10E6F00000000002000100001000000002400000C5
:10E70000000000A00000000005400000000000C85C
:10E71000000000000C4000000000409C00000000D1
:10E72000194000000020BCBE000000003440000082
:10E73000BFC91B8E00000004B5400000504BCFD075
:10E740006607E2CF010000006C4100003E8251AA42
:10E75000DFEEA73401000000D9420000DCB5A0E2E2
:10E760003A301F97FFFFFFFFB4450000FD25A0C80A
:10E77000E9A3C14FFFFFFFFFFF3F00000000008043
:10E7800000000000FF3F00000000008000000000CB
:10E790004F4646004F4E00004B4100004D410000E7
:10E7A00055410000410000004D4600004E4600006B
:10E7B0005046000055460000460000004D4800004D
:10E7C000554800004800000044424D004B4F484D62
:10E7D000000000004D4F484D000000004F484D0024
:10E7E0004B5600004D5600005556000056000000E4
:10E7F00044424D57000000005700000047485A00AF
:10E800004B485A004D485A00485A00004E494E465F
:10E81000000000004E414E00444F574E00000000E3
:10E820004155544F00000000555000004D494E69BD
:10E830006D756D004D4158696D756D0044454661BB
:10E84000756C7400494E46696E6974790000000069
:10E8500054455354233A4E554D626572732300005C
:10E860002A5354423F0000004D4541537572653AAA
:10E87000564F4C546167653A41433F004D45415303
:10E880007572653A43555252656E743A41433F0082
:10E890004D4541537572653A564F4C546167653A20
:10E8A00044433F004D4541537572653A43555252BA
:10E8B000656E743A44433F002A4F50433F000000C6
:10E8C0002A5352453F0000002A4553453F000000AF
:10E8D0002A49444E3F0000002A4553523F000000A1
:10E8E0002A5453543F00000053595354656D3A4520
:10E8F00052526F725B3A4E4558545D3F0000000023
:10E900005354415475733A5155455374696F6E6150
:10E91000626C655B3A4556454E745D3F00000000F1
:10E920004D4541537572653A504552696F643F00D9
:10E93000544553543A43484F6963653F0000000013
:10E940004D4541537572653A524553697374616E12
:10E9500063653F004D4541537572653A46524553D4
:10E96000697374616E63653F000000005354415445
:10E9700075733A5155455374696F6E61626C653AAF
:10E98000454E41426C653F0053595354656D3A56AC
:10E99000455253696F6E3F004D4541537572653A5C
:10E9A000564F4C546167653A44433A524154696F3B
:10E9B0003F00000053595354656D3A4552526F72EF
:10E9C0003A434F554E743F004D4541537572653A79
:10E9D0004652455175656E63793F00005445535466
:10E9E0003A4152426974726172793F00434F4E4618
:10E9F00069677572653A564F4C546167653A44438E
:10EA0000000000002A4F5043000000002A535245E6
:10EA1000000000002A455345000000002A574149E4
:10EA200000000000544553543A424F4F4C00000040
:10EA30002A434C5300000000425553002A525354BD
:10EA400000000000544553543A5445585400000007
:10EA50004F55545075745B3A53544154655D0000F2
:10EA60005B3A41444452235D5B3A534F55526365D0
:10EA70005D3A564F4C546167655B3A4C4556656C40
:10EA80005D5B3A494D4D6564696174655D5B3A4112
:10EA90004D504C69747564655D00000043555252D9
:10EAA000656E745B3A4C4556656C5D5B3A494D4DFD
:10EAB0006564696174655D5B3A414D504C6974757C
:10EAC00064655D005354415475733A515545537410
:10EAD000696F6E61626C653A454E41426C6500003B
:10EAE000494D4D6564696174650000004558546581
:10EAF000726E616C000000005354415475733A50BB
:10EB00005245536574000000544553543A434841FC
:10EB10004E6E656C6C6973740000000078EC0090B8
:10EB20000000002460000000D4220090D8EC009087
:10EB300060000024980B0000F0220090000000000C
:10EB40000000F07FFFFFFFFFFFFFEF7F10010000DD
:10EB500043000000F8FFFFFF0040404040404040BD
:10EB600040404141414141404040404040404040A0
:10EB70004040404040404040400502020202020244
:10EB80000202020202020202022020202020202093
:10EB900020202002020202020202909090909090A7
:10EBA0001010101010101010101010101010101065
:10EBB00010101010020202020202888888888888D9
:10EBC00008080808080808080808080808080808C5
:10EBD00008080808020202024000000000000000CD
:10EBE0000000000000000000000000000000000025
:10EBF0000000000000000000000000000000000015
:10EC00000000000000000000000000000000000004
:10EC100000000000000000000000000000000000F4
:10EC200000000000000000000000000000000000E4
:10EC300000000000000000000000000000000000D4
:10EC400000000000000000000000000000000000C4
:10EC50000000000000000000000000001C00000098
:10EC600043000000F8FFFFFF0C0000000E00000052
:10EC70000F0000002E000000000000000000000057
:10EC80000000000000000000000000000100000083
:10EC900010000000000000000090D0030090D0039E
:10ECA0000100000038EA009005000000E0EA009052
:10ECB00006000000ECEA00900700000000000000E1
:10ECC000FFFFFFFFDDA4009059B40090000000009A
:08ECD00000000000000000003C
:0400000590002299AC
:00000001FF
