:0200000490006A
:1020000030BD02240D2400902B860090AB7F009001
:10201000298600906B2C0090919B0090000000009E
:102020000000000000000000000000004D230090B0
:102030000531009000000000A9230090118D009050
:102040002B2400902B2400902B2400902B24009014
:102050002B2400902B2400902B2400902B24009004
:102060002B2400902B2400902B2400906D2C0090AA
:102070002B2400902B2400902B2400902B240090E4
:102080002B2400902B2400902B24009029310090C9
:102090002B240090353100902B2400902B240090AD
:1020A0002B2400902B2400902B2400902B240090B4
:1020B0002B2400902B2400902B2400902B240090A4
:1020C0002B2400902B2400902B2400902B24009094
:1020D0002B240090859B00902B2400902B240090B3
:1020E0002B2400902B240090000000002B24009053
:1020F0002B2400902B2400902B2400902B24009064
:102100002B2400902B2400902B2400902B24009053
:102110002B2400902B240090CD8E00902B24009037
:102120002B2400902B2400902B2400902B24009033
:102130002B2400902B2400902B2400904131009000
:10214000000000000000000000000000000000008F
:102150002B2400902B2400902B2400902B24009003
:102160002B2400902B2400902B2400902B240090F3
:102170002B2400902B2400902B2400902B240090E3
:102180002B2400902B2400902B2400902B240090D3
:102190002B2400902B2400902B2400902B240090C3
:1021A0002B2400902B240090792C00902B2400905D
:1021B0002B2400902B2400902B2400902B240090A3
:1021C0002B2400902B2400902B2400902B24009093
:1021D0002B2400902B2400902B2400902B24009083
:1021E0002B2400902B2400902B2400902B24009073
:1021F0002B2400902B2400902B2400902B24009063
:102200002B2400902B2400902B2400902B24009052
:102210002B2400902B2400902B2400902B24009042
:102220002B2400902B2400902B2400900000000011
:102230002B2400902B240090000000002B24009001
:102240002B2400902B2400902B2400902B24009012
:102250002B2400902B2400902B2400902B24009002
:102260002B2400902B2400902B2400902B240090F2
:102270002B2400902B2400902B24009000000000C1
:102280002B2400902B2400902B24009000000000B1
:10229000000000002B24009000F002F800F047F846
:1022A0000AA090E8000C82448344AAF10107DA45B1
:1022B00001D100F03CF8AFF2090EBAE80F0013F0BC
:1022C000010F18BFFB1A43F00103184730B000009C
:1022D00050B00000103A24BF78C878C1FAD852072D
:1022E00024BF30C830C144BF04680C607047000090
:1022F0000023002400250026103A28BF78C1FBD80F
:10230000520728BF30C148BF0B607047002070479C
:102310001FB50AF0E9FE00F037FB040000200021A1
:102320000AF0CCFE401C60601FBD10B510BD00F06F
:1023300063FC1146FFF7ECFF07F07CFE00F081FC28
:1023400003B4FFF7F2FF03BC07F03BFC2C4B19680A
:102350000868B0E8F04F80F30988BFF36F8F4FF043
:10236000000080F3118870470000000008480068F2
:10237000006880F308884FF0000080F3148862B68C
:1023800061B6BFF34F8FBFF36F8F00DF00BF00BF99
:1023900008ED00E0DFF80C00016841F47001016015
:1023A000704700BF88ED00E0EFF30980BFF36F8F47
:1023B000134B1A681EF0100F08BF20ED108A20E999
:1023C000F04F106009B44FF0500080F31188BFF354
:1023D0004F8FBFF36F8F09F065FE4FF0000080F361
:1023E000118809BC19680868B0E8F04F1EF0100F9A
:1023F00008BFB0EC108A80F30988BFF36F8F704775
:1024000034000024EFF30580704700000A4880473D
:102410000A4880470A480047FEE7FEE7FEE7FEE776
:10242000FEE7FEE7FEE7FEE7FEE7FEE705480649B2
:10243000064A074B704700000D310090D58D009083
:102440009922009030B7022430BD022430B9022412
:1024500030B902247047000010B500F095FA001D55
:1024600010BD00BF59AC000053EA020C00F06980B7
:102470002DE9F04B4FF00006002B1FBFB3FA83F598
:1024800003FA05F424FA05F65E4012BF1643B2FAC9
:1024900082F502FA05F4C5F120051EBF22FA05FCFB
:1024A00044EA0C04203556EA044C4FEA144418BFA1
:1024B000641C4FF000084FF00009904271EB030CD0
:1024C00039D3002919BFB1FA81F701FA07F6B0FA3A
:1024D00080F700FA07F6C7F120071EBF20FA07FCB5
:1024E00046EA0C062037B6FBF4FCA7EB0507103FC5
:1024F00007F01F0BCBF120060CFA0BFB2CFA06F6AB
:1025000044BFB3460026202FA4BF5E464FF0000B09
:102510005BEA060C08BF4FF0010B19EB0B09ABFB94
:10252000027C48EB0608C01B06FB02CC0BFB03CC6D
:1025300071EB0C01C1E70B46024641464846BDE837
:10254000F08B13B54FF000004FF00001AFF30080A7
:10255000BDE81C40704700000FB4044910B503AA41
:10256000029800F03FFA10BC5DF814FB180000243C
:102570002DE9F0474FF0000A89460446C0F820A034
:102580002046E1688847002876D0252806D0D4E97F
:1025900001219047206A401C2062F1E7E168204653
:1025A00000268847C4F81CA005460027C4F818A0D8
:1025B0002A2D09D0284607F0FDFA38B304EB870826
:1025C000303DC8F8185019E059F8041B204604EBB8
:1025D00087029161E1688847012F054618D1E069BB
:1025E000002820DA26F020061DE0D8F8180000EBBD
:1025F000800005EB40003038C8F818002046E1683C
:102600008847054607F0D6FA0028EED1012F0AD0F8
:102610002E2D08D12046E16888477F1C0546022FF1
:1026200046F02006C4DBA069002803DA404246F0E9
:102630000106A061F00701D026F010066C2D0AD02B
:10264000682D08D04C2D39D06A2D35D0742D35D059
:102650007A2D33D016E0E1682F4620468847B842ED
:1026600005460AD16C2F27D04FF48060E1680643FD
:1026700020468847054605E027E06C2F1AD04FF426
:10268000807006430DB3A5F14100192802D820350A
:1026900046F400664A462946204626604E46FFF725
:1026A00035FE80B101280BD0F61D26F0070000F1A1
:1026B000080965E74020E4E78020D7E70020D5E758
:1026C00006F104095CE7284661E7206ABDE8F08767
:1026D0002DE9F04791460F4680460446002614F83F
:1026E000015B2DB1FFF7B8FE0068405DC007F6D171
:1026F0002B2D02D02D2D18D0641E4A463946204677
:1027000000F082F927B13968A14201D1C7F80080F1
:102710004FF0020471050BD54042002803DD00F0A4
:1027200037F90460A007BDE8F08746F48066E4E767
:102730000028F8DA00F02CF904606FF00040F2E7AE
:102740002DE9F041054690460E460020044600E083
:10275000641C44450BD2285D00F01EF90746305D2D
:1027600000F01AF9381A02D1295D0029F0D1BDE82C
:10277000F08110B5431C02E010F8011B71B1810714
:10278000FAD14FF0013202C88C1A8C4314EAC211FC
:10279000F9D0C01A0A0603D0C01E10BDC01A10BD61
:1027A0000A0401D0801E10BD0902FCD0401E10BDDD
:1027B000032A40F2308010F0030C00F0158011F86D
:1027C000013BBCF1020F624498BF11F801CB00F845
:1027D000013B38BF11F8013BA2F1040298BF00F899
:1027E00001CB38BF00F8013B11F0030300F0678014
:1027F000083AC0F0088051F8043B083A51F804CB7D
:10280000A0E80810F5E7121D5CBF51F8043B40F842
:10281000043BAFF30080D20724BF11F8013B11F84D
:1028200001CB48BF11F8012B24BF00F8013B00F891
:1028300001CB48BF00F8012B7047431A28BF9A42CA
:102840007FF6B6AF032A1044114440F2268010F000
:10285000030F1EBF11F8013D521E00F8013D10F09C
:10286000030F7FF4F6AF11F0030300F02F81083A55
:10287000C0F00B8051F8043D083A51F804CD40F8FF
:10288000043D40F804CDFFF7F3BF121D5CBF51F8C3
:10289000043D40F8043DAFF30080D20724BF11F897
:1028A000013D11F801CD48BF11F8012C24BF00F8FB
:1028B000013D00F801CD48BF00F8012C704710B56C
:1028C000203AC0F00B80B1E81850203AA0E8185028
:1028D000B1E81850A0E81850BFF4F5AF5FEA027CE9
:1028E00024BFB1E81850A0E8185044BF18C918C058
:1028F000BDE810405FEA827C24BF51F8043B40F8F9
:10290000043B08BF7047D20728BF31F8023B48BFDD
:1029100011F8012B28BF20F8023B48BF00F8012B1B
:10292000704702F0FF0343EA032242EA024200F04A
:10293000F9B84FF0000200B5134694469646203988
:1029400022BFA0E80C50A0E80C50B1F12001BFF468
:10295000F7AF090728BFA0E80C5048BF0CC05DF8CE
:1029600004EB890028BF40F8042B08BF704748BF1C
:1029700020F8022B11F0804F18BF00F8012B704790
:10298000704770477047704700487047F0B60224A0
:1029900000487047D0B6022410B50446FFF75CFD2E
:1029A0000068005DC00602D504F1200010BD20467D
:1029B00010BD000001694A1C02610878704700B52B
:1029C0008FB0CDE901310021059105497944CDE968
:1029D000031011466846FFF7CBFD0FB000BD0000A5
:1029E000E5FFFFFF074B70B50D467B44FFF7E7FFA0
:1029F0000446284600F0C8F810B14FF0FF3070BD13
:102A0000204670BD437300002DE9F05F82461546F5
:102A10008B4600270AF10104B9460078302801D01E
:102A20009DB113E014F8010B0127782803D0582832
:102A300001D045B10AE00DB1102D07D1002714F8DF
:102A4000010B102502E0082500E00A250026B0460B
:102A50000EE005FB080005FB06F101271FFA80F8D0
:102A600001EB1046B6F5803F00D3B94614F8010BD0
:102A7000294600F07BF80028EBDABBF1000F05D007
:102A80000FB1641E00E05446CBF80040B9F1000FCE
:102A900006D0FFF77DFF02210160C81EBDE8F09F50
:102AA00048EA0640FAE7431A28BF9A427FF607AF82
:102AB000104410F0030F11441EBF11F8013D521EC7
:102AC00000F8013D10F0030F7FF4F6AF103AC0F0AC
:102AD0000A8010B531E91850103A20E91850BFF4B7
:102AE000F9AFBDE81040530724BF31E9081020E9D1
:102AF000081044BF51F8043D40F8043D12F0030FA4
:102B000008BF7047D20728BF31F8023D48BF11F80F
:102B1000012C28BF20F8023D48BF00F8012C704767
:102B20004FF000020429C0F0128010F0030C3FF4B3
:102B300002AFCCF1040CBCF1020F18BF00F8012B5E
:102B4000A8BF20F8022BA1EB0C01FFF7F4BE5FEA4F
:102B5000C17C24BF00F8012B00F8012B48BF00F80E
:102B6000012B704700487047D0B602243A2800D2A3
:102B7000303820F02002412A01D3A2F137008842E8
:102B800001D34FF0FF307047007B00F080007047AA
:102B90004FF0013C50F8042B51F8043B9A4215D1F8
:102BA000A2EB0C03934313EACC130BD150F8042B84
:102BB00051F8043B9A4209D1A2EB0C03934313EA68
:102BC000CC13E7D04FF00000704700BFD01A01BA15
:102BD000B1FA81F101F0180122FA01F0CB40C1F104
:102BE0002001DBB2C0B2C01A2CFA01F3D11A914312
:102BF00011EAC311E6D170477546FFF7B3FFAE4641
:102C000005006946534620F00700854618B020B5F8
:102C1000FFF70CFCBDE820404FF000064FF0000726
:102C20004FF000084FF0000B21F00701AC46ACE874
:102C3000C009ACE8C009ACE8C009ACE8C0098D46E1
:102C4000704710B50446AFF300802046BDE8104041
:102C5000FFF776BB0246002004E01378002B03D078
:102C6000401C521C8842F8D37047FEE7014801F02F
:102C70006BB80000D8040024094810B541688907E2
:102C800009D50849826842F002028260086810B1E2
:102C9000012107F031FDBDE81040034800F070BC91
:102CA0000010005208000024C80000241FB5054B86
:102CB0000FCB8DE80F00684607F0C9FC0249486059
:102CC0001FBD000018D1009008000024294A0168A7
:102CD00091423AD0274A1832914236D0254A3032B2
:102CE000914232D0234A483291422ED0214A60325A
:102CF00091422AD01F4A7832914226D01D4A903202
:102D0000914222D01B4AA83291421ED01A4A9142C7
:102D10001BD0194A1832914217D0174A30329142CB
:102D200013D0154A483291420FD0134A6032914273
:102D30000BD0114A7832914207D00F4A903291421B
:102D400003D00D4AA832914211D1CAB21823103AC9
:102D5000B2FBF3F26FF30901032A02F00703074AFB
:102D6000D25CC26500D9091D81650846704721F013
:102D7000FF01F9E7100002401004024028D1009042
:102D800030B5224A012301689142CAB21BD01F4CC0
:102D90001434A14217D01D4C2834A14213D01B4C2F
:102DA0003C34A1420FD0194C5034A1420BD0174CE7
:102DB0006434A14207D0154C7834A14203D0134C9F
:102DC0008C34A1420CD11421114C083AB2FBF1F120
:102DD0000F4A803201F01F0504EB8101AB4010E087
:102DE0000C4D1824103A0D44B2FBF4F1A82D00D874
:102DF0000831094A01F01F0402EB8101064AA34091
:102E00008032603080E80E0030BD00000854025867
:102E100000580258F0FBFDBF0008024010B50279CF
:102E2000531E072B2DD8174C0168A1421BD0154CFF
:102E30001434A14217D0134C2834A14213D0114CA2
:102E40003C34A1420FD00F4C5034A1420BD00D4C5A
:102E50006434A14207D00B4C7834A14203D0094C12
:102E60008C34A14203D10849074C443102E00749A0
:102E7000064C443104EB8202C0E91B210121994038
:102E8000416710BD08540258FC580258FC08024023
:102E900010B583694FF0C074826A0146002053B1B7
:102EA000B3F5005F15D072B1012A0CD0022A0AD006
:102EB000032A09D104E01AB1012A06D0022A03D15B
:102EC000C96AC90100D5012010BDC96AA142FAD062
:102ED00010BD002AF7D0012AF2D0022AF3D0032A2B
:102EE000F3D010BD2DE9F04F804E804FDFF8FC91FC
:102EF0001836DFF8F8A148370468856D0AF1300A02
:102F0000DFF8ECB14C45DFF8ECC1DFF8ECE16DD057
:102F1000B4426BD0544569D0BC4267D0DFF8D08151
:102F2000A8F11808444561D05C455FD064455DD088
:102F300074455BD0DFF8C481444557D0DFF8BC81CD
:102F400008F11808444551D0DFF8B08108F1300885
:102F500044454BD0DFF8A48108F14808444545D0EA
:102F6000DFF8988108F1600844453FD0DFF88C8194
:102F700008F17808444539D0DFF8808108F19008DD
:102F8000444533D0DFF8748108F1A80844452DD0BA
:102F9000DFF86C81444529D0DFF8648108F114081A
:102FA000444523D0DFF8588108F1280844451DD056
:102FB000DFF84C8108F13C08444517D0DFF8408128
:102FC00008F15008444511D0DFF8348108F1640855
:102FD00044450BD0DFF8288108F17808444505D036
:102FE000DFF81C8108F18C08444509D1D0E9194863
:102FF000C4F80480C46E1CB1D0E91C48C4F8048035
:1030000004684C452ED0B4422CD054452AD0BC4242
:1030100028D0374E183EB44224D05C4522D06445B7
:1030200020D074451ED0354EB4421BD0334E1836D6
:10303000B44217D0314E3036B44213D02F4E4836FA
:10304000B4420FD02D4E6036B4420BD02B4E7836A2
:10305000B44207D0294E9036B44203D0274EA8364A
:10306000B44215D190F85C603F2406F01F06B440CE
:10307000AC600468256825F4802525602EE09A6000
:103080000068C160BDE8F08F99600068C260F9E730
:103090001B4EB4421BD01A4E1436B44217D0184EF1
:1030A0002836B44213D0164E3C36B4420FD0144EDC
:1030B0005036B4420BD0124E6436B44207D0104E94
:1030C0007836B44203D00E4E8C36B442DAD190F842
:1030D0005C60012406F01F06B4406C600468636005
:1030E0008368402B0368CFD1C9E70000100002407D
:1030F00088000240A0000240B800024010040240D4
:1031000008540258704772B6FEE7000005480549AA
:103110000839026842F00202026008688004FCD5A7
:10312000704700000C480258014801F08FBD0000B4
:1031300030010024014801F089BD00003001002465
:10314000014801F083BD000030010024F0B50368A0
:103150004FF6FC716D4C426BD3F884508D4345EAB9
:103160008205C3F88450036853F8845F068F25F402
:103170007F0545EA06451D60836B654D9F18026813
:10318000D2F888308B4343EA8703C2F8883002685C
:1031900052F8883F868F23F4FE0343EA0643136008
:1031A000066856F8A03FC26B8B4307EB420243EA26
:1031B00082033360076857F8A03FB0F8406023F4FB
:1031C000FE0343EA06433B60D0E9103603FB0622C8
:1031D0000368D3F8B0608E4346EA8206C3F8B06055
:1031E0000368B0F84860D3F8B07027F4FE0747EAE8
:1031F0000646C3F8B060D0E91267036806FB0722F1
:10320000D3F8AC608E4346EA8206C3F8AC60D0E9DE
:103210001467036806FB0722D3F8F0608E4346EA82
:103220008206C3F8F0600368B0F85860D3F8F07015
:1032300027F47C1747EA0646C3F8F0600368876DF9
:1032400053F8C06F02EB47028E4346EA82011960D1
:103250000168B0F85C20D1F8C03023F47C1343EA55
:103260000242C1F8C020016890F86020D1F8C03057
:1032700023F07C5343EA0262C1F8C020416B04EBA7
:103280008101C166826B01EB82020267C36B02EBB4
:10329000C3024267D0E91034634302EB83028267C2
:1032A000D0E91234634302EB8302C267D0E91434DD
:1032B000634302EB8302C0F88020836D02EBC303FB
:1032C000C0F88430C46D826E544303EB8403C0F8AD
:1032D0008830046E544303EB8402C0F89020AA4265
:1032E0000AD9D0F89C20032142F02002C0F89C208B
:1032F00080F898100120F0BD002200E004C1D0F851
:1033000090308B42FAD80020F0BD000000AC0040A5
:10331000FCD30040F0B5D1E90843CD690A68C2B1D9
:103320000268254322F4F84213431D430560D1E9A6
:103330000125D1E903364C692A434568334389693D
:103340001A43EB0B2243DB030A431A43426000207B
:10335000F0BDD1E9012ED1E9036CD1E9057142EA52
:103360000E0246EA0C0632433A430A4301682A43F6
:1033700022431A436FF30E010A430260E7E74269F2
:1033800043F6FE739A4342EA4101416100207047CF
:1033900070B591E81C00C9686FF01F0506691A43F3
:1033A00005EB441444EA41210A4306EA45431A4323
:1033B0000261002070BD00002DE9F04F8B8A6FF094
:1033C0000F05264C4FF07F4BD1F80C9004EB0353C4
:1033D0006FF0FF044FEA042A1AB386684FEA0932F5
:1033E0001F4FA2F580521A433E4032438260D1E91A
:1033F00000278E68521E05EB07150F8A2A43C56801
:1034000004EB06240E7E0AEB074322431A430BEB20
:1034100006610A4305F070431A43C2600020BDE80C
:10342000F08F91E804110F4E521E0F8A05EB08151C
:103430002A4304EB0C2C06EB09350E7E42EA0C0203
:103440002A4385680AEB074422431A430BEB0661C3
:103450000A4305F070431A438260DFE70000F0FF83
:10346000FF0F0FFF00F0FFFFFFF720FC0C4A0021C9
:103470000C4807F0C9F90C4C0021094A243220609D
:103480000A4807F0C1F9064A00216060084848323E
:1034900007F0BAF9A060642007F073F8FBE70000BA
:1034A00054D20090798C0090BC000024958C009040
:1034B000ED8C009070470000F0B590F86020012A74
:1034C00022D0C1EBC102012780F86070022380F88E
:1034D000613000EB8202284D138F168EB2F83CC08B
:1034E000D46A1B05283244EA064643EA4C530A2CA8
:1034F00046EA03060AD0092C08D0137B46EA036388
:1035000049B10B2C1AD01DE00220F0BDD36803F0A6
:103510007F433343F4E701684C6AAC431C434C627D
:10352000016813688B6151680A2901D009291BD1F0
:10353000D168026821F07F41916215E0118B0F4D37
:1035400043EA81430168CC69AC431C43CC61016808
:1035500013680B6151680A2901D0092904D1D16887
:10356000026821F07F411162002180F8617080F8CB
:1035700060100846F0BD00000F0033FF0F003FFF52
:103580002DE9F0470446006800274FF004084FF08B
:10359000010946680568F10714D0E90512D50368EA
:1035A00023F480730360606E40F001006066206861
:1035B000C0F8089084F8618084F86070616A09B18D
:1035C00020468847B00615D5A80413D520682022C8
:1035D000036823F40053036020688260606E40F04B
:1035E0000200606684F8618084F86070616A09B1E5
:1035F00020468847300715D5280513D520680822AE
:10360000036823F40063036020688260606E40F00A
:103610000400606684F8618084F86070616A09B1B2
:103620002046884770070CD568050AD520680268CF
:1036300022F4806202602068C0F80880204600F012
:1036400071F8B00713D5A80511D5206802220368C8
:1036500023F40073036020688260606E606684F803
:10366000619084F86070216A09B120468847F006AD
:1036700012D5E80410D52068016821F4805101605A
:10368000226810219160616E616684F86190204625
:1036900084F86070FFF70EFFBDE8F0872DE9F04178
:1036A000040004D094F86100002518B107E001205F
:1036B000BDE8F081204684F8605000F035F8184EDF
:1036C000022084F861000123D4E90010D4F81CC062
:1036D00040F207120F6840EA0C0037403843086098
:1036E0002068A769A168466B39439643314341631B
:1036F0002068E268016C6FF30F01114301642068D8
:10370000218AA28A466B090541EA425126F44012F9
:1037100011434163656684F861300020C8E700000A
:10372000BFFFF8FF7047000008B500680B498842EA
:1037300012D10B48016841F01001016000680022BD
:10374000052100F0100000905A2002F067F9BDE852
:1037500008405A2002F054B908BD00000010005281
:10376000D44402582DE9F84F044601F06DFF009053
:103770003CB194F83500022806D080216165002014
:10378000E4E00120BDE8F88FC74DC74EC6491835A3
:1037900020683036DFF81483DFF814938842DFF8AE
:1037A00014A3DFF814B32ED0A8422CD0B0422AD0F4
:1037B000404528D0484526D0504524D0584522D0F1
:1037C000BD4A183290421ED0BC4A90421BD0BB4A20
:1037D0001832904217D0B94A3032904213D0B74ACB
:1037E000483290420FD0B54A603290420BD0B34A73
:1037F0007832904207D0B14A9032904203D0AF4A1B
:10380000A832904209D1026822F01E0202602068AC
:10381000426922F08002426103E0026822F00E0257
:10382000026027688F4238464DD0A8424BD0B04244
:1038300049D0404547D0484545D0504543D05845EC
:1038400041D09D4A183290423DD09C4A90423AD095
:103850009A4A1832904236D0984A3032904232D04A
:10386000964A483290422ED0944A603290422AD0F2
:10387000924A7832904226D0904A9032904222D09A
:103880008E4AA83290421ED08D4A90421BD08C4A5C
:103890001432904217D08A4A2832904213D0884A74
:1038A0003C3290420FD0864A503290420BD0844A2C
:1038B0006432904207D0824A7832904203D0804AE4
:1038C0008C32974204D1206E026822F4807202602A
:1038D00075492068884228D0A84226D0B04224D01A
:1038E000404522D0484520D050451ED058451CD0D8
:1038F00071491831884218D07049884215D06F49F3
:103900001831884211D06D49303188420DD06B4951
:103910004831884209D069496031884205D06749F9
:103920007831884201D065499031016821F0010168
:1039300001600EE001F088FE0099401A052808D9C0
:10394000202262650321002084F8351084F83400B9
:1039500017E73868C007EDD1534A0121206890422B
:103960002ED0A8422CD0B0422AD0404528D048457D
:1039700026D0504524D0584522D04F4B183398427A
:103980001ED04E4B98421BD04C4B1833984217D048
:103990004A4B3033984213D0484B483398420FD0AB
:1039A000464B603398420BD0444B7833984207D053
:1039B000424B9033984203D0404BA833984208D1F1
:1039C00094F85C703F23A06D07F01F07BB40836035
:1039D00007E094F85C30A06D03F01F0301FA03F3D5
:1039E0004360206890424DD0A8424BD0B04249D0AD
:1039F000404547D0484545D0504543D0584541D033
:103A00002D4A183290423DD02C4A90423AD02B4A4F
:103A10001832904236D0294A3032904232D0274A6A
:103A2000483290422ED0254A603290422AD0234A12
:103A30007832904226D0214A9032904222D01F4ABA
:103A4000A83290421ED01E4A90421BD01C4A14320B
:103A5000904217D01A4A2832904213D0184A3C326A
:103A600090420FD0164A503290420BD0144A643222
:103A7000904207D0124A7832904203D0104A8C32DA
:103A800090420BD1D4E919024260E06E30B1026875
:103A900022F480720260D4E91C024260002084F8A3
:103AA000351084F834006DE61000024058000240E2
:103AB0007000024088000240A00002401004024052
:103AC000085402582DE9F05F28B190F8351002290A
:103AD00004D0802141650120BDE8F09F904C904BBF
:103AE0000168183C18338E4ADFF83C92A1428D4C95
:103AF000DFF838E28E4FDFF83CB2DFF83CA28F4DA2
:103B00008F4E31D091422FD099422DD0A1422BD04F
:103B1000494529D0714527D0B94225D0DFF810C2D8
:103B20000CF1180C61451FD0DFF808C2ACF1600C35
:103B3000614519D0DFF8FCC1ACF1480C614513D0E8
:103B4000DFF8F0C1ACF1300C61450DD0DFF8E4C115
:103B5000ACF1180C614507D0594505D0514503D04B
:103B6000A94201D0B1422CD1DFF8B4C14FF0040812
:103B700080F83580ACF1180C61451DD091421BD006
:103B8000994219D0A14217D0494515D0714513D09B
:103B9000B94211D06648183081420DD0654860386E
:103BA000814209D063484838814205D061483038A5
:103BB000814201D05F481838086820F00100086091
:103BC000ABE0D1F800C02CF00E08DFF854C1C1F80A
:103BD0000080ACF1180C0168614527D0914225D0D6
:103BE000994223D0A14221D049451FD071451DD013
:103BF000B9421BD0DFF838C10CF1180C614515D063
:103C0000DFF830C1ACF1600C61450FD0DFF824C1A2
:103C1000ACF1480C614509D0DFF818C1ACF1300CAB
:103C2000614503D0DFF80CC1ACF1180CD1F800C02D
:103C30002CF0010CC1F800C0DFF8E4804FF0010C5B
:103C40000168A8F11808414546D0914244D09942F4
:103C500042D0A14240D049453ED071453CD0B94206
:103C60003AD0334A1832914236D0324A603A9142C1
:103C700032D0304A483A91422ED02E4A303A9142C0
:103C80002AD02C4A183A914226D0594524D0514581
:103C900022D0A94220D0B1421ED02A4A91421BD044
:103CA000284A1432914217D0264A2832914213D022
:103CB000244A3C3291420FD0224A503291420BD0DA
:103CC000204A6432914207D01E4A7832914203D092
:103CD0001C4A8C32914218D1016E0A6822F480721B
:103CE0000A6090F85C20816D02F01F020CFA02F26B
:103CF0004A60D0E919124A60C16E31B10A6822F4F3
:103D000080720A60D0E91C124A600022016D80F8BE
:103D100035C080F8342001B188470020DCE600007F
:103D20002800024058000240700002408800024013
:103D3000A00002407004024088040240A004024037
:103D4000B8040240085402582DE9FC5F0446F74EBF
:103D50000020DFF8D88300904FF41652F44808F1A1
:103D60001808A56DDFF8C493DFF8C0A3016809F156
:103D7000300920680AF1480AB1FBF2F1B042019122
:103D80002F68D5F800C0DFF8ACB335D04146884283
:103D900032D0484530D050452ED058452CD0E5493A
:103DA0001831884228D0E3493031884224D0E14993
:103DB0004831884220D0E04988421DD0DE49183180
:103DC000884219D0DC493031884215D0DA4948316F
:103DD000884211D0DFF860E30EF1600E70450BD021
:103DE000D54A7832904207D0D34B9033984203D0D3
:103DF000D149A83188427DD194F85C20082102F095
:103E00001F0201FA02F23A424AD0B04232D0404593
:103E100030D048452ED050452CD058452AD0C54AE0
:103E20001832904226D0C34A3032904222D0C14A42
:103E3000483290421ED0C04A90421BD0BE4A18322F
:103E4000904217D0BC4A3032904213D0BA4A48321E
:103E500090420FD0B84A603290420BD0B64A7832C6
:103E6000904207D0B44A9032904203D0B24AA8326E
:103E7000904203D1026802F0040202E0026802F0FC
:103E800008026AB1026822F00402026094F85C0041
:103E900000F01F008140A960606D40F00100606586
:103EA00094F85C00012100F01F008140394240D0AD
:103EB0002068B04234D0404532D0484530D05045DB
:103EC0002ED058452CD09B4A1832904228D0994A7F
:103ED0003032904224D0974A4832904220D0964ABD
:103EE00090421DD0944A1832904219D0924A3032F2
:103EF000904200E0AFE113D08F4A483290420FD099
:103F00008D4A603290420BD08B4A7832904207D073
:103F1000894A9032904203D0874AA83290427DD19C
:103F2000406910F0800F04D0A960606D40F002007D
:103F3000606594F85C00042100F01F008140394264
:103F40003ED02068B04232D0404530D048452ED0D7
:103F500050452CD058452AD0764A1832904226D067
:103F6000744A3032904222D0724A483290421ED077
:103F7000714A90421BD0704A1832904217D06E4A54
:103F80003032904213D06C4A483290420FD06A4A85
:103F9000603290420BD0684A7832904207D0664A2D
:103FA0009032904203D0644AA83290424ED10068C9
:103FB00010F0020F04D0A960606D40F0040060654D
:103FC00094F85C00102100F01F008140394258D065
:103FD0002068B04234D0404532D0484530D05045BA
:103FE0002ED058452CD0534A1832904228D0514AEE
:103FF0003032904224D04F4A4832904220D04E4A2C
:1040000090421DD04C4A1832904219D04A4A303260
:10401000904215D0484A4832904200E014E00FD058
:10402000454A603290420BD0434A7832904207D0E2
:10403000414A9032904203D03F4AA832904207D181
:10404000006800F0080006E0006872E70068B7E763
:10405000006800F00400A0B1A9602068016849036D
:1040600004D50068000308D5A16C07E00168C90504
:1040700003D4016821F008010160216C09B12046D8
:10408000884794F85C00202100F01F0081403942ED
:1040900079D02068B04232D0404530D048452ED04B
:1040A00050452CD058452AD0224A1832904226D06A
:1040B000204A3032904222D01E4A483290421ED0CE
:1040C0001D4A90421BD01C4A1832904217D01A4AFF
:1040D0003032904213D0184A483290420FD0164ADC
:1040E000603290420BD0144A7832904207D0124A84
:1040F0009032904203D0104AA832904203D1006817
:1041000000F0100002E0006800F00200B0B3A96007
:1041100094F835000428206801680FD049037ED543
:10412000006800032BD4616C2AE0000010000240FC
:1041300028000024700002401004024021F0160103
:1041400001602068416921F080014161206C08B95B
:10415000A06C20B12068016821F00801016094F88A
:104160005C303F21012003F01F0300229940A96029
:1041700084F8350084F83420216D65E003E0E16BBC
:1041800009B120468847606D00287DD0606DC0076A
:1041900059D02068042184F83510B0422BD0404516
:1041A00029D0484527D0504525D0584523D09D4992
:1041B000884220D09B49183188421CD0994930311F
:1041C000884218D09849884215D0974918318842BA
:1041D00011D09549303188420DD0934948318842F9
:1041E00009D091496031884205D08F4978318842A1
:1041F00001D08D499031016821F0010101602068F2
:104200000099019A491C0091914202D80168C9079E
:10421000F6D10068C00710D003200FE0FFE7016867
:10422000C905ACD403680121002223F01003036008
:1042300084F8351084F83420A1E7012084F8350093
:10424000002084F83400E16C00291DD002B0204623
:10425000BDE8F05F0847754988421DD073491431A5
:10426000884219D071492831884215D06F493C31B4
:10427000884211D06D49503188420DD06B4964316C
:10428000884209D0694900E084E07831884203D04F
:1042900066498C3188427DD194F85C80042701689E
:1042A00008F01F0807FA08F717EA0C0F009746D026
:1042B0004F0744D500980F04686003D5C8033CD469
:1042C000A16CC1E7880638D42068B0422DD055498A
:1042D0006039884229D0484527D0504525D05845D7
:1042E00023D05049884220D04E49183188421CD0F2
:1042F0004C493031884218D04B49884215D04A4940
:104300001831884211D04849303188420DD0464991
:104310004831884209D0704507D0904205D0984274
:1043200003D04149A831884203D1016821F0080136
:1043300002E0016821F004010160216C84E702279A
:1043400007FA08F717EA0C0F00974ED08F074CD5E5
:1043500000980F04686003D5C80344D4616C73E708
:10436000880640D42068B0422FD02E496039884258
:104370002BD0484529D0504527D0584525D029492C
:10438000884222D02749183188421ED02549303131
:10439000884200E044E018D02349884215D02249E1
:1043A0001831884211D02049303188420DD01E4941
:1043B0004831884209D0704507D0904205D09842D4
:1043C00003D01949A831884203D1016821F01401B2
:1043D00002E0016821F00A010160012184F8351032
:1043E000002084F83400E16B2EE7082202FA08F27C
:1043F00012EA0C0F14D0090712D5016821F00E0142
:10440000016094F85C100120002201F01F0100FA05
:1044100001F16960606584F8350084F8342012E7A2
:10442000BDE8FC9F88000240100402400854025876
:104430002DE9F05F044601F007F9002C07467DD016
:10444000E34E022120684FF00308DFF888934FF015
:104450000005DFF884A3B042DFF880B334D0DC4A33
:104460001832904230D048452ED050452CD0584577
:104470002AD0DA4A1832904226D0D84A30329042B6
:1044800022D0D64A483290421ED0D54A90421BD004
:10449000D34A1832904217D0D14A3032904213D0CA
:1044A000CF4A483290420FD0CD4A603290420BD072
:1044B000CB4A7832904207D0C94A9032904203D01A
:1044C000C74AA83290427DD184F83510B04284F8B2
:1044D00034502ED0BE49183188422AD0484528D0C1
:1044E000504526D0584524D0BC491831884220D0A8
:1044F000BA49303188421CD0B8494831884218D076
:10450000B749884215D0B6491831884211D0B4490C
:10451000303188420DD0B2494831884209D0B04983
:104520006031884205D0AE497831884201D0AC492B
:104530009031016821F00101016008E027E100BF2E
:1045400001F082F8C01B052801D920211CE1206858
:104550000068C007F4D104F108002168D4E9053CE3
:104560008E4685C809681043D4E907281F43636A4B
:1045700038439C4F40EA0C001043394040EA0800A1
:10458000042B40EA010003D1D4E90B121143084384
:10459000954909686FF30F01B1F1005F0FD36168AE
:1045A000A1F12902052A08D9163A032A05D9083AA1
:1045B000012A02D94F39032901D840F48010CEF8DE
:1045C000000000E023E02068676A4069042F20F0C3
:1045D000070047EA00070DD1D4E90A01074349B1B2
:1045E0002046FEF755FC28B140206065012184F883
:1045F0003510CCE0206847612046FEF767FB94F851
:104600005C203F2102F01F029140816054E0774A14
:1046100090421BD0754B1433984217D0734B2833FC
:10462000984213D0714B3C3398420FD06F4B5033AC
:1046300098420BD06D4B6433984207D06B4B783364
:10464000984203D0694B8C3398427DD184F8351061
:1046500084F83450664B0168A26801EA030E402AD0
:1046600073D0802A72D00022D4E90378D4E90531CE
:1046700042EAD70242EAD8085C4AD4E9077C48EA11
:10468000D30848EAD10141EAD701524241EA1C115C
:10469000142341EA0E01016020681044B0FBF3F0DE
:1046A0008000E0652046FEF711FB94F85C200121B4
:1046B00002F01F02914041602068B04257D0444947
:1046C0001831884253D0484551D050454FD05845B5
:1046D0004DD042491831884249D040493031884252
:1046E00045D03E494831884241D03D4988423ED07C
:1046F0003B49183188423AD039493031884236D066
:1047000037494831884232D03549603188422ED00D
:104710003349783188422AD031499031884226D0B5
:104720002F49A831884222D0304988421FD02F49D2
:10473000143188421BD02D492831884217D02B498B
:104740003C31884213D002E01DE017E018E0274911
:10475000503188420BD025496431884207D0234923
:104760007831884203D021498C31884229D12046B2
:10477000FEF706FBA06880280CD00CE0102273E73F
:104780004FF4804270E74021616584F83580012054
:10479000BDE8F09F6560216E20790860D4E91901B9
:1047A00041606068401E072808D82046FEF736FBA7
:1047B000E06E0560D4E91C01416002E0E566256712
:1047C00065670120656584F835000020E0E700009A
:1047D00010000240400002405800024070000240B9
:1047E000100402403F8010FE0010005C0854025884
:1047F0000F00FEFF2DE9F84F04008C464FF000003B
:10480000009014D094F83400012812D094F8355058
:104810000120002184F83400012D0CD0C002606515
:104820000120009084F834100098BDE8F88F012032
:10483000FBE70220F9E78C4D0226206884F83560FA
:10484000A8428A4D61658A4E8A4FDFF82C82DFF8D4
:104850002C92DFF82CA2DFF82CB226D0A84224D06C
:10486000B04222D0B84220D040451ED048451CD08E
:1048700050451AD0584518D08349884215D08249EE
:104880001831884211D08049303188420DD07E499C
:104890004831884209D07C496031884205D07A4944
:1048A0007831884201D078499031016821F00101C6
:1048B000016061462046FEF715FB6B49206888427F
:1048C0002CD0A8422AD0B04228D0B84226D04045A9
:1048D00024D0484522D0504520D058451ED06A4AA1
:1048E00090421BD0684A1832904217D0664A303244
:1048F000904213D0644A483290420FD0624A6032EC
:1049000090420BD0604A7832904207D05E4A903293
:10491000904203D05C4AA83290420CD1026822F047
:104920001E0242F016020260206C88B12068026804
:1049300042F008020BE0026822F00E0242F00A0286
:104940000260206C20B12068026842F0040202601C
:10495000206888424BD0A84249D0B04247D0B842E4
:1049600045D0404543D0484541D050453FD05845BB
:104970003DD0454A90423AD0434A1832904236D010
:10498000414A3032904232D03F4A483290422ED093
:104990003D4A603290422AD03B4A7832904226D03B
:1049A000394A9032904222D0374AA83290421ED0E3
:1049B000364A90421BD0354A1432904217D0334ABF
:1049C0002832904213D0314A3C3290420FD02F4AC5
:1049D000503290420BD02D4A6432904207D02B4A7D
:1049E0007832904203D0294A8C3290420DD1206E09
:1049F0000268D20303D5026842F480720260E06E5E
:104A000018B1026842F4807202602068884226D0A1
:104A1000A84224D0B04222D0B84220D040451ED077
:104A200048451CD050451AD0584518D016498842E0
:104A300015D015491831884211D0134930318842B8
:104A40000DD011494831884209D00F496031884260
:104A500005D00D497831884201D00B499031016869
:104A600041F001010160DFE6100002402800024031
:104A7000400002405800024070000240880002409E
:104A8000A0000240B800024010040240085402583E
:104A900070B5044600F0D8FD0546601C02D00448FD
:104AA0000078044400F0D0FD401BA042FAD370BD52
:104AB0001C0000247047704770470000F0B590F864
:104AC00098500024022D04D0D0F89C1041F0080129
:104AD00029E0402905D0412929D0056D8D4219D9F9
:104AE00042E00568D5F8A06016F4FE0F12D0D5F8A4
:104AF000A460760613D0D5F8A460F60105D5D5F8E4
:104B0000A06016F0004F00D50124D5F8A470466FC0
:104B1000456C24E0D0F89C1041F0200103E0D0F86F
:104B20009C1041F48071C0F89C100120F0BD056814
:104B3000D5F8B06016F4FE0FECD0D5F8B460760668
:104B4000EDD0D5F8B460F60105D5D5F8B06016F013
:104B5000004F00D50124D5F8B470866FC56CC7F33B
:104B600005273C44654302E0456DC66F4D4306EBA7
:104B700085052E6816F0804656602E6836D026F0E1
:104B800060461660D5F800C000262E4F0CF0005C81
:104B9000C2F808C0D5F800C00CF0004CC2F810C034
:104BA000B5F804C01FFA8CFCC2F81CC0D5F804C0CC
:104BB000CCF3034CC2F80CC0D5F804C00CF4801C34
:104BC000C2F814C0D5F804C00CF4001CC2F818C018
:104BD000D5F804C0CCF3066CC2F820C0D5F804C0E8
:104BE00008354FEADC7CC2F824C008E0C6F38A46E8
:104BF000C7E700BF15F806C003F806C0761CD2F858
:104C00000CC017F80CC0B445F4D840290AD041298B
:104C10000CD020294FF001020CD200688A40C0F865
:104C200098200DE00068C0F8A84009E00068C0F8CE
:104C3000B84005E0006801F01F018A40C0F89C20E0
:104C40000020F0BD30D10090704700002DE9FF5FDB
:104C5000DFF80CB304460BF10401DBF80000256813
:104C60000F68AA468007D5F85090696DD5F8508036
:104C70006E6D2A6DD5F854C02B6D00EA87700090D8
:104C800009F470496F6D286D01EA09010191DAF8A4
:104C90005410DAF85490DAF8505008F00F0806EA89
:104CA0000806029602F0F00203F071536FEA09065B
:104CB0001F4000F060700CEA020CCDF80CC0F20549
:104CC00001EA00090CD4E843C00509D400214FF4DF
:104CD0008073CAF85030CBF800102046FFF7B4FFBD
:104CE000700512D4E84340050FD4206800234FF428
:104CF0008068D0F8DC20D0F8E410C0F85080CBF801
:104D000000301140204600F0DBFADFF858A200988E
:104D100050B12268830F00EA0A001065CBF800301A
:104D200020460099FFF7C6FE019850B12268830F14
:104D300000EA0A001065CBF800302046019900F027
:104D4000C1FA029850B12268830F00EA0A00106588
:104D5000CBF800302046029900F087FA039850B152
:104D60002268830F00EA0A001065CBF80030204665
:104D7000039900F085FA30050CD4E843000509D406
:104D8000236800204FF400621A65CBF8000020462B
:104D900000F099FAB00512D4E84380050FD42068DA
:104DA00000234FF40078D0F8D820D0F8E010C0F8F5
:104DB0005080CBF800301140204600F082FA3003DA
:104DC0000CD4E843000309D4236800204FF40022E8
:104DD0001A65CBF80000204600F046FAF0030CD428
:104DE000E843C00309D4236800204FF480321A65D9
:104DF000CBF80000204600F062FA70030CD4E843C0
:104E0000400309D4226800204FF480231365CBF8B7
:104E10000000204600F052FAB0030FD4E8438003AC
:104E20000CD4236800204FF400321A65CBF8000040
:104E3000D4F89C0040F08000C4F89C00B9F1000F49
:104E40000BD022684FEA997309EA0A001065CBF883
:104E5000003049462046FFF72FFE5FB12268BB0FA6
:104E600007EA0A001065CBF80030D4F89C003843FC
:104E7000C4F89C003C492068884268D1606881463B
:104E80008068800763D0D9F82060D9F82410D9F859
:104E90002080D9F82400D9F820C0D9F82470D9F896
:104EA0002030D9F82450D9F8202003F4FC4306F030
:104EB0000F0AD9F824601D40D9F824B008F0300852
:104EC0000CF4C07C02F4F02211EA0A0100EA08089E
:104ED00007EA0C0706EA0206D9F820A004D0C9F8B0
:104EE0002010204600F0E7F9B8F1000005D0616815
:104EF00008624146204600F0E0F96FEA0B004006E8
:104F00000ED46FEA0A0040060AD460684021C36BE1
:104F1000C26B01622046190C02F03F0200F0CCF98E
:104F20002FB1606807623946204600F0C3F935B1F9
:104F300060680562D4F89C002843C4F89C0036B130
:104F400060680662D4F89C003043C4F89C00D4F832
:104F50009C00002802D02046FFF7ADFDBDE8FF9F72
:104F600010A80040FFFFCF3F00A000402DE9F04116
:104F700094B08D494C2204466846FDF7A0FC64B10C
:104F80008A4D2068A84202D100F58070606094F8D4
:104F900098004FF0000820B108E0012014B0BDE8EF
:104FA000F081204684F8998000F002F92068816938
:104FB00021F01001816100F047FB0327064604E061
:104FC00000F042FB801B0A2811D820688069000786
:104FD000F6D42068816941F00101816100F034FB61
:104FE00006460DE000F030FB801B0A2808D9D4F8F3
:104FF0009C0040F00100C4F89C0084F89870CCE755
:1050000020688069C007EDD02068816941F0020105
:105010008161207C01282068816937D041F04001FE
:105020008161607C01282068816932D021F480414F
:105030008161A07C0128206881692DD041F48051D4
:1050400081612068A268816921F440711143816106
:105050002068816921F0A40181612068016921F043
:1050600010010161E068012819D010B302281BD09B
:105070002068816941F0800181612068016941F007
:1050800010010161E06803280ED012E021F0400118
:10509000C6E741F48041CBE721F48051D0E7206896
:1050A000816941F0040103E02068816941F0200139
:1050B0008161207E6FF0FF02D4E90773A68A110296
:1050C000400602EB0727A0F10070384327685B1EFB
:1050D000184301EB06463043F861A068B0F5407F05
:1050E00011D104F12800A68C6FF00F0C89C801EBD8
:1050F0000641401E02EB0322104322680CEB07130B
:1051000018430843D060206E30B12068626ED0F83A
:10511000C0101143C0F8C010D4E917126846D1423C
:1051200009D02168A36E51F8C82F50F8233022F01F
:1051300007021A430A60216C49B12168626C51F878
:10514000BC3F50F8226023F0070232430A60A16C92
:1051500051B12168E36C51F8BC2F50F8233022F094
:10516000700242EA03120A60216D51B12168626D3A
:1051700051F8BC3F50F8220023F4E06242EA0020DC
:1051800008602068A84204D16068816821F00301AA
:105190008160C4F894800121C4F89C8084F8981040
:1051A0002046FDF7D3FFF9E640D1009000A0004073
:1051B00010B5B6B00446142130A8FDF7BAFBC021E3
:1051C0006846FDF7B6FB25492068884244D1002097
:1051D0001C904FF40041CDE90010684600F0D0FD6E
:1051E00008B1FDF790FF1E48016841F4807101602D
:1051F000006800F48070359019480C38016841F05F
:105200000101016000680DF1C00C022100F00100F5
:1052100035900122032309244FF4C0508CE81F006D
:10522000104830A900F0E2F800220521132000F018
:10523000F5FB132000F0E4FB00220521152000F00F
:10524000EDFB152000F0DCFB002205213F2000F0E3
:10525000E5FB3F2000F0D4FB36B010BD00A00040BD
:10526000EC44025800000258704700B5C9078DB0E1
:1052700004D040216A460AABFFF720FC0DB000BD08
:10528000704790F89810012907D0D0F89C1041F091
:105290000401C0F89C1001207047022180F898108A
:1052A000002201688B6923F001038B61C0F89C2008
:1052B0001046704770477047704770477047704797
:1052C00070477047704770472DE9F043B7B014211D
:1052D0006846FDF72EFB3C480168002970D14FF06D
:1052E0000108C0F80080C02106A8FDF722FB0020BD
:1052F00018904FF080710746CDE9061006A800F01F
:105300003FFD08B1FDF7FFFE3048016841F48051D0
:105310000160006802250C26694600F48050059063
:1053200040F2FF608DE8A10003242948CDE903463F
:1053300000F05CF8DFF89C9069468DE8B000CDE99C
:105340000346484600F052F84FF47F4069468DE826
:10535000A1002148CDE9034600F048F8474648F24D
:1053600037108DE8A1001D486946CDE9034600F0DD
:105370003DF84CF2037069468DE8A1001848CDE96C
:10538000034600F033F84FF63F0069468DE8A10070
:105390001448CDE9034600F029F80D2069468DE850
:1053A000A1001148CDE9034600F020F84FF68070C7
:1053B00069468DE8A100CDE90346484600F016F89D
:1053C00037B0BDE8F083000010000024D444025838
:1053D0000020025800100258001C02580018025801
:1053E000000C025800140258000802582DE9F84F2A
:1053F00003247D4D00234FF001094FF0B04B4FF0D7
:105400000F0AE9E009FA03F73A4076D00E7906F080
:105410000306012E01D0022E18D1D0F808C04FEAA1
:10542000430ECE6804FA0EF82CEA080C06FA0EF6C3
:1054300046EA0C068660D0F804C00E792CEA070C08
:10544000C6F300169E4046EA0C0646600E79F64307
:10545000B6070BD0C6684FEA43088F6804FA08FC09
:1054600026EA0C0607FA08F73743C7600E7906F0FC
:105470000306022E12D1DE080F694FEA437C00EBCF
:105480008606B646366A4FEADC6C0AFA0CF807FA6A
:105490000CF726EA08063743CEF820700F79066825
:1054A0004FEA430807F0030704FA08FC07FA08F775
:1054B00026EA0C06374307604E6816F4403F1CD0BE
:1054C0004A4E376847F00207376036689F0706F094
:1054D0000206009623F0030606F1B046B6463F0FDB
:1054E000D6F80864DFF808810AFA07FC404526EA86
:1054F0000C0603D14FF0000C41E06CE0DFF8F4C083
:10550000604502D14FF0010C39E0DFF8ECC0604596
:1055100002D14FF0020C32E0DFF8E0C0604502D16A
:105520004FF0030C2BE0DFF8D8C0604502D14FF0FC
:10553000040C24E0DFF8CCC0604502D14FF0050C2C
:105540001DE0DFF8C4C0604502D14FF0060C16E044
:10555000DFF8B8C0604502D14FF0070C0FE0DFF86C
:10556000B0C0604502D14FF0080C08E0DFF8A4C0DD
:10557000604502D14FF0090C01E04FF00A0C0CFA23
:1055800007FC4CEA060CCEF808C44F68DBF8006054
:10559000FF0226EA020600D516435F46CBF80060FC
:1055A000D1F804C0DBF804605FEA8C2C26EA02061E
:1055B00000D516437E606E684F6826EA0206BF0378
:1055C00000D516436E602E684F6826EA0206FF0378
:1055D00000D516432E605B1C0A6832FA03F67FF48E
:1055E00011AFBDE8F88F000080000058F444025865
:1055F000000002580004025800080258000C02582B
:10560000001002580014025800180258001C0258DA
:1056100000200258002402580069084000D00120F0
:105620007047426921EA02030A4043EA024181616C
:1056300070470AB1816170470904FBE701480068BF
:10564000000C70470010005C014880687047000043
:105650001C00002402488168027811448160704770
:105660001C000024032010B500F0F8F901F000FA46
:105670000F4A104914681368C4F3032203F00F03A0
:105680008A5CC95C02F01F0201F01F01D0400A4A87
:1056900020FA01F11160094908600F2000F010F8AC
:1056A00008B1012010BD00F099F9002010BD0000E4
:1056B00018440258B4D100902C0000242800002483
:1056C00010B5102804468AB02CD20022014636209C
:1056D00000F0A4F9362000F093F917480460174849
:1056E000016841F010010160006809A900F0100094
:1056F0000890684601F048F90598B0B101F094F9B6
:1057000040000F4900220F4CB0FBF1F10E4840F26F
:10571000E7330460C0E90332491EC0E9011201F019
:10572000BBFD28B101200AB010BD01F07DF9E8E70A
:10573000054801F0F5FDF6E720000024E844025892
:1057400040420F0000100040500500242DE9F041B8
:10575000044690F8A00016460F4601281DD00125EA
:1057600084F8A050022084F8A10006EB860000EB2C
:10577000C600342204EB80003830FDF7A0F8324632
:105780003946204602F012FC216800204D6284F860
:10579000A15084F8A000BDE8F0810220FBE72DE9CC
:1057A000F041040004D094F8A100002518B107E0EE
:1057B0000120BDE8F081204684F8A05000F050F8A8
:1057C000022084F8A10020680123816921F0704142
:1057D0008161D4E90010D4E902722669384332436A
:1057E0008E691043304388612268A08AA16941EA2A
:1057F000004191602268A08B216A41EA0041D1609A
:105800002268A08CA16A41EA004111612268A08D42
:10581000216B41EA00415161226894F8351094F8F7
:105820003600D66A000406F07F46D662226840EA57
:10583000012094F83460D16A31430143D162206879
:10584000416B41F0060141632068816941F001012B
:105850008161C4F8A45084F8A1300020A9E70000B9
:10586000F0B5B7B00446142130A8FDF762F8C021A6
:105870006846FDF75EF82D492068884254D10DF145
:10588000280C4004002102240D46052278238CE8D0
:105890001C008714CDE90F7114261191CDE9000188
:1058A0006846CDE90D4600F06BFA08B1FDF72BFC18
:1058B0001F48016841F008010160006800F008001D
:1058C00035901B48001F016841F480610160016848
:1058D00001F480613591016841F400710160016853
:1058E00001F400713591016841F480710160006834
:1058F00030A9032600F4807035900E27FF2081E840
:10590000F1000C48FFF772FD30A94FF6FF7081E8F7
:10591000F1000948FFF76AFD30A94FF4704081E8B3
:10592000F1000648FFF762FD37B0F0BD00100050EF
:10593000E44402580028025800240258002002586B
:10594000154BF0B5083B427813491A600B680A1FE3
:1059500023F001030B6043681360057BC67A827AEB
:10596000437B2D07847B45EA0665C77B90F809C019
:10597000067A90F800E045EAC24040EA834040EAF7
:10598000444040EA074040EA0C2040EA460040EA32
:105990000E000860F0BD0000A0ED00E0BFF35F8FD7
:1059A000044800210368034A23F480330360703203
:1059B0001160704724ED00E0074A40F001000649FD
:1059C00070321060086840F480300860BFF34F8F79
:1059D000BFF36F8F7047000024ED00E0074882B0EE
:1059E000016841F002010160006800220F2100F00F
:1059F00002000090901E02B000F010B8F44402586B
:105A0000002809DB410900F01F028900012001F193
:105A1000E0219040C1F80001704700000E4BF0B447
:105A20001B680D46C3F30223C3F10706042E00D9F9
:105A30000426191D072901D2002300E0DB1E0124E2
:105A400004FA06F19C40491E2940641E9940144006
:105A50002143F0BC04F09DB80CED00E0064900F0D5
:105A6000070210B54FF6FF040868044B204040EAD7
:105A700002201843086010BD0CED00E00000FA059C
:105A8000134970B50A68D243520705D5096801F079
:105A90000701814213D118E00A6822F0070202438D
:105AA0000A60FFF7D1FD0A4D4FF47A760446083DAF
:105AB00007E000BFFFF7C8FD001BB04201D901207D
:105AC00070BD2868C0438004F4D4002070BD00007D
:105AD0000C48025810B500F085FF05490968054AD1
:105AE000C1F30211515C01F01F01C84010BD00005C
:105AF00020440258B4D10090494930B5484C0B1DA0
:105B00000A68143409681D68246802F00303C5F3A9
:105B10000012C1F30531C4F3CC04002914FB02F2D6
:105B200000EE102AF8EE400A75D03F4A9FED3D1A6C
:105B3000B7EE000A6BB1DFED3D1A012B01D0022B4D
:105B400064D002EE101A1168F8EE422A81EEA22A01
:105B500021E0334C283C23689B0612D5344B246843
:105B600001EE901A1168C4F3C104F8EE612AE34013
:105B700001EE903AC1F30801F8EE611A81EEA22A13
:105B80000BE001EE901ADFED2B2A00BFF8EE611A50
:105B9000116882EEA12AC1F3080101EE901A116882
:105BA000F8EE611A40EE811A71EE800A62EE200A68
:105BB000C1F3462101EE101AB8EE411A31EE001A77
:105BC000C0EE811ABCEEE11A80ED001A1168C1F333
:105BD000064101EE101AB8EE411A31EE001AC0EE7D
:105BE000811ABCEEE11A80ED011A1168C1F3066159
:105BF00001EE101AB8EE411A31EE000A80EE801A5A
:105C0000BCEEC10A80ED020A30BD04E001EE901A3C
:105C1000DFED092ABAE70021016041608160F3E706
:105C20002844025800000039384402580024744ABD
:105C30000090D0030024744C20BCBE4B494930B5C1
:105C4000484C0B1D0A681C3409681D68246802F062
:105C50000303C5F30022C1F30551C4F3CC040029AA
:105C600014FB02F200EE102AF8EE400A75D03F4A0B
:105C70009FED3D1AB7EE000A6BB1DFED3D1A012B27
:105C800001D0022B64D002EE101A1168F8EE422AFD
:105C900081EEA22A21E0334C283C23689B0612D5D2
:105CA000344B246801EE901A1168C4F3C104F8EE75
:105CB000612AE34001EE903AC1F30801F8EE611A5F
:105CC00081EEA22A0BE001EE901ADFED2B2A00BF35
:105CD000F8EE611A116882EEA12AC1F3080101EE03
:105CE000901A1168F8EE611A40EE811A71EE800A7E
:105CF00062EE200AC1F3462101EE101AB8EE411AF5
:105D000031EE001AC0EE811ABCEEE11A80ED001AE5
:105D10001168C1F3064101EE101AB8EE411A31EED6
:105D2000001AC0EE811ABCEEE11A80ED011A11686A
:105D3000C1F3066101EE101AB8EE411A31EE000A05
:105D400080EE801ABCEEC10A80ED020A30BD04E08C
:105D500001EE901ADFED092ABAE7002101604160E7
:105D60008160F3E72844025800000039404402589B
:105D70000024744A0090D0030024744C20BCBE4B15
:105D80002DE9FE4F0546DFF8E48350F8081B002498
:105D9000F64FC943019005F12800264608F1240872
:105DA000009008011DD4A86E50B1B0F5801F0CD032
:105DB000B0F5001F0ED0B0F5401F1ED001240FE03B
:105DC000386840F40030386017E00198022102F092
:105DD0002DFC03E00098022102F0B8FC04000CD076
:105DE00026462888C043C00523D4A86D05281ED2A6
:105DF000DFE800F00C11161B1B00AA6ED8F800108B
:105E000021F440111143C8F80010EAE7386840F463
:105E10000030386009E00198002102F007FC03E03F
:105E20000098002102F092FC044674B100E00124C5
:105E300026462888C043800528D4E86D80281ED0D7
:105E40000CDC90B140280ED114E0AA6DD8F80010F7
:105E500021F007011143C8F80010EAE7C02813D069
:105E6000B0F5807F10D001240FE0386840F4003096
:105E7000386009E00198002102F0D8FB03E00098A7
:105E8000002102F063FC04469CB126462888DFF816
:105E9000DC92C04309F12C0940052CD4D5F8A800A8
:105EA000B0F5800F20D00DDCA0B1B0F5001F0FD1F0
:105EB00015E0EA6DD8F8001021F4E0711143C8F83C
:105EC0000010E3E7B0F5C00F13D0B0F5000F10D00D
:105ED00001240FE0386840F40030386009E0019890
:105EE000002102F0A3FB03E00098002102F02EFC49
:105EF00004467CB126462888C04300052DD4D5F839
:105F0000AC00B0F1007F21D00EDCA8B1B0F1807FF1
:105F100010D116E0D5F8A820D9F8001021F46001BE
:105F20001143C9F80010E6E7B0F1407F13D0B0F19B
:105F3000806F10D001240FE0386840F400303860E2
:105F400009E00198002102F071FB03E000980021B4
:105F500002F0FCFB044674B126462868C043800169
:105F60001FD4E86CD8B110280FD0202812D03028C8
:105F700015D0012414E0D5F8AC20D9F8001021F098
:105F8000E0611143C9F80010E7E7386840F40030D9
:105F9000386004E00198022102F048FB044674B125
:105FA00026462888C043C0042BD4286EB0F5005F75
:105FB00020D00DDCA0B1B0F5805F0FD115E06B48AB
:105FC000EA6C2030016821F0300111430160E8E7FC
:105FD000B0F5405F13D0B0F5804F10D001240FE032
:105FE000386840F40030386009E00198002102F080
:105FF0001DFB03E00098002102F0A8FB04468CB1D1
:1060000026462888C043800429D4686EB0F5403FF6
:1060100023D010DC08B3B0F5803F14D0B0F5003FBA
:106020000FD115E02A6ED8F8001021F4E041114399
:10603000C8F80010E5E7B0F5802F0ED0B0F5A02F1E
:106040000BD001240AE00198012102F0EFFA03E0ED
:106050000098012102F07AFB044694B12646288874
:10606000C04340042AD4D5F8B000B0F1405F23D03B
:1060700010DC08B3B0F1805F14D0B0F1005F0FD135
:1060800015E06A6ED8F8001021F4E0211143C8F839
:106090000010E4E7B0F1804F0ED0B0F1A04F0BD06C
:1060A00001240AE00198012102F0C0FA03E00098FF
:1060B000012102F04BFB044674B126462888C043F8
:1060C00000041FD4286FD8B1B0F1805F0ED0B0F1BA
:1060D000005F10D0012414E0D5F8B020D9F80010EA
:1060E00021F0E0411143C9F80010E7E7386840F4B7
:1060F0000030386004E00198012102F097FA04466C
:1061000074B126462868C043C0011ED4A86CD0B123
:1061100001280ED0022811D0032814D0012413E046
:106120002A6FD8F8001021F040511143C8F8001030
:10613000E8E7386840F40030386004E00198022154
:1061400002F074FA0446ACB126462868DFF81CB0A9
:10615000C043ABF11C0B400252D40548016841F426
:1061600080710160FFF770FA824611E02C440258FA
:1061700000480258FA48AA6C016821F00301114353
:106180000160E2E7FFF760FAA0EB0A00642835D867
:10619000F4480068C005F5D58CBBDFF8C4A3B5F89A
:1061A000B4100AF1240ADAF8000001F4407100F496
:1061B0004070884211D0DAF80010DAF8002021F49B
:1061C000407142F48032CAF80020DAF8002022F44C
:1061D0008032CAF80020CAF80010D5F8B400B0F533
:1061E000807F1AD1FFF730FA029012E0FFF72CFA05
:1061F0000299411A41F2883081420AD90324264685
:106200002878DFF85CA3C0430AF1080AC00721D050
:106210003CE0DAF800008007E8D5D5F8B410C1F307
:106220000120032858460DD0016821F47C510160FB
:10623000B5F8B420DAF80010C2F30B021143CAF823
:106240000010DDE7C84A036802EA111223F47C510A
:106250001143ECE7E86F182816D005DCA0B1082838
:1062600008D0102804D10AE020280DD028280BD00F
:1062700001240AE00198012102F0D8F903E0009816
:10628000012102F063FA044664B126462878C0432F
:1062900080071ED4A86F062819D2DFE800F0160C7C
:1062A00011161616EA6FDAF8001021F038011143C2
:1062B000CAF80010EAE70198012102F0B7F903E0FB
:1062C0000098012102F042FA04467CB100E001246A
:1062D00026462878C04340071FD4D5F894000628E6
:1062E00019D2DFE800F0160C11161616AA6FDAF8AC
:1062F000001021F007011143CAF80010E9E70198E6
:10630000012102F093F903E00098012102F01EFA46
:106310000446A4B100E0012426462878C043800644
:106320002BD4D5F89000B0F1405F24D011DC10B32D
:10633000B0F1805F15D0B0F1005F10D116E0D5F854
:106340009420D9F8001021F007011143C9F800107A
:10635000E3E7B0F1804F0ED0B0F1A04F0BD0012495
:106360000AE00198002102F061F903E0009802219F
:1063700002F0ECF9044694B126462878C043400662
:106380002BD4D5F89C00B0F5406F24D011DC10B3AD
:10639000B0F5806F15D0B0F5006F10D116E0D5F8CC
:1063A0009020DAF8001021F0E0411143CAF8001003
:1063B000E3E7B0F5805F0ED0B0F5A05F0BD001240D
:1063C0000AE00198002102F031F903E0009802216F
:1063D00002F0BCF9044694B126462878C043000672
:1063E0002BD4D5F8A000B0F5C04F24D011DC10B3E9
:1063F000B0F5005F15D0B0F5804F10D116E0D5F89C
:106400009C20D9F8001021F4E0511143C9F8001084
:10641000E3E7B0F5004F0ED0B0F5204F0BD00124CC
:106420000AE00198002102F001F903E0009802213E
:1064300002F08CF9044654B126462878C043000780
:106440001ED4D5F88400B0F5805F0AD00FE0D5F8EF
:10645000A020D9F8001021F460411143C9F80010C0
:10646000EBE70098022102F071F900B10126D5F89E
:106470008420DAF8001021F440511143CAF80010CA
:106480002878C043C00613D4D5F89800B0F5807FB3
:1064900005D10098022102F059F900B10126D5F882
:1064A0009820D9F8001021F440711143C9F8001068
:1064B0002868C043000316D4D5F8A40038B1B0F55D
:1064C000803F09D0B0F5003F0BD001240AE00198CD
:1064D000002102F0ABF803E00098022102F036F947
:1064E00004468CB126462868C043400322D4D5F820
:1064F0008800B0F5801F11D0B0F5001F13D0B0F5A3
:10650000401F15D0012414E0D5F8A420D9F80010BC
:1065100021F440311143C9F80010E4E7386840F431
:106520000030386004E00098012102F00FF90446C1
:106530005CB126462868C043C00323D4286DA8B1A7
:10654000B0F5803F17D001241BE0D5F88820DAF899
:10655000001021F440111143CAF80010EAE70000CE
:106560004C44025800480258CFFFFF00386840F4FE
:106570000030386004E00198022102F057F8044628
:10658000E4B126462868C043800005D40098022163
:1065900002F0DCF800B101262868C04380031BD458
:1065A000D5F88000B0B1B0F5807F0FD0B0F5007F96
:1065B00010D0B0F5407F0DD001240CE05A482A6D70
:1065C000016821F4803111430160DBE7386840F451
:1065D00000303860ECB326462868C043C00207D4B8
:1065E0006A6FD8F8001021F000411143C8F800107C
:1065F0002868C043C00008D4D5F8B820DBF80010E4
:1066000021F480411143CBF800102868C043800278
:1066100007D4EA6ED8F8001021F080711143C8F851
:1066200000102868C04340000CD4DBF8001021F4AF
:106630000041CBF80010DBF80010D5F8BC20114366
:10664000CBF800102868C04308D437486A6D016849
:1066500000E018E021F04051114301602868C04378
:10666000000208D4D5F88C20DAF8001021F440019B
:106670001143CAF8001028790024C04300F001003B
:1066800020430AD00FE0D5F88020DAF8001021F47A
:1066900040711143CAF800109EE70198002101F0F3
:1066A000C5FF00B106462879C04300F00200204330
:1066B00005D10198012101F0B9FF00B10646287902
:1066C000C04300F00400204305D10198022101F0ED
:1066D000ADFF00B106462879C04300F00800204312
:1066E00005D10098002102F031F800B10646287962
:1066F000C04300F01000204305D10098012102F0B2
:1067000025F800B106462879C04300F02000044374
:1067100004D10098022102F019F800B916B1012045
:10672000BDE8FE8F0020FBE74C4402582DE9F05FE6
:1067300004000F467ED0DFF83882D8F8000000F061
:106740000F00B8420CD2D8F8001021F00F013943E5
:10675000C8F80010D8F8000000F00F00B84269D166
:106760002078844D40070AD52069296801F070011E
:10677000884204D9296821F07001014329602078FA
:106780007C4E361D00070AD56069316801F0700142
:10679000884204D9316821F07001014331602078CA
:1067A000C0060AD5A069316801F4E061884204D9C5
:1067B000316821F4E061014331602078DFF8B4B141
:1067C00080060BF1080B0CD5E1695846DBF8002078
:1067D00002F07002914204D9026822F070020A436A
:1067E0000260207880070AD5E068296801F00F016F
:1067F000884204D9296821F00F01014329602078DB
:10680000C0073ED05B49A2682868183920F4706040
:10681000104328606068022818D0032819D009683E
:10682000012819D0490700294ADADFF848A1AAF15E
:10683000080A00E044E0DAF8002022F007020243F0
:10684000CAF80020FEF700FF814612E009688903BC
:10685000E9E709688901E6E7C905E4E7FEF7F4FE20
:10686000A0EB090141F28830814202D90320BDE842
:10687000F09F6168DAF8000000F03800B0EBC10F5B
:10688000ECD1207880070AD5E068296801F00F0173
:10689000884204D2296821F00F0101432960D8F809
:1068A0000010404601F00F01B9420BD9016821F0F8
:1068B0000F0139430160006800F00F00B84201D0B9
:1068C0000120D4E7207840070AD52069296801F023
:1068D0007001884204D2296821F0700101432960C7
:1068E000207800070AD56069316801F0700188429C
:1068F00004D2316821F07001014331602078C00674
:106900000AD5A069316801F4E061884204D2316897
:1069100021F4E06101433160207880060CD5E16903
:106920005846DBF8002002F07002914204D202685F
:1069300022F070020A43026000F09AF80E492A68B9
:106940002B68C2F3032203F00F038A5CC95C02F0D8
:106950001F0201F01F01D040084A20FA01F1116026
:106960000749086007480068BDE8F05FFEF7A8BE69
:106970000020005218440258B4D100902C0000248A
:10698000280000242000002470B5144C3F2202602F
:10699000124A24680832131D114D04F007044460A4
:1069A00016681C1D06F470668660166806F00F06F1
:1069B000C660126802F0700202611A6802F070028A
:1069C00042611A6802F4E0628261226802F0700299
:1069D000C261286800F00F00086070BD10440258C2
:1069E0000020005230B500F043F80B4A0B490C4B25
:1069F00015681468C5F3032204F00F048A5C095D6E
:106A000002F01F0201F01F01D040064A20FA01F1F6
:106A100019601060084630BD18440258B4D1009087
:106A20002C0000242800002400B5FFF7DBFF0549F7
:106A30000968054AC1F30211515C01F01F01C84009
:106A400000BD00001C440258B4D1009000B5FFF70F
:106A5000C9FF05490968054AC1F30221515C01F0EB
:106A60001F01C84000BD00001C440258B4D1009072
:106A7000454970B545480968434B103B11F0380251
:106A800008D00111082A03D0102A0BD0182A0BD0E5
:106A9000084670BD19688906FBD51968C1F3C101A4
:106AA000C84070BD3A4870BD3749374D18310C1D8C
:106AB00024350A68096826682D6802F0030406F088
:106AC0000102C1F30511C5F3CC0515FB02F200EE7E
:106AD000102AB8EE400AE9B32F4ADFED2E0AB7EECE
:106AE000001A6CB1DFED2D1A012C01D0022C43D01D
:106AF00002EE101A1068F8EE422A81EEA22A1EE079
:106B00001C68A40611D51B6801EE901A1168C3F326
:106B1000C103F8EE612AD84001EE900AC1F30800E3
:106B2000F8EE611A81EEA22A0BE001EE901ADFED79
:106B30001C2A00BFF8EE611A106882EEA12AC0F389
:106B4000080001EE900AF8EE611A40EE201A31EECC
:106B5000810A00E015E022EE000A1068C0F346202A
:106B6000401C00EE900AF8EE600A80EE201ABCEE9F
:106B7000C10A10EE100A70BD01EE901ADFED092A6D
:106B8000D8E7002070BD0000104402580090D003E8
:106B900040787D0100000039304402580024744AD6
:106BA0000024744C20BCBE4B2DE9F05F04007DD066
:106BB000FF4F2078FE4D1837DFF8F493103DC007E3
:106BC00048D0D9F80000396800F03800102815D0F6
:106BD000182803D101F0030002280FD06068B0F537
:106BE000803F12D010B1B0F5A02F18D0286820F443
:106BF00080302860286820F4802009E0286880031D
:106C000028D560680028D2D024E0286840F480307D
:106C10002860606888B1FEF717FD064609E028681D
:106C200040F480202860F0E7FEF70EFD801B64280A
:106C30006FD828688003F7D50CE0FEF705FD0646FF
:106C400005E000BFFEF700FD801B6428F0D828682F
:106C50008003F7D4207841F20308D54E0C3E80071C
:106C600069D5D9F80000396810F038000ED018281E
:106C700001D188070AD0E06890B3296821F0190192
:106C800001432960FEF7E0FC824631E028684007B6
:106C900002D5E06800288AD0E168286820F0190051
:106CA00008432860FEF7D0FC824607E0DFE000BF23
:106CB000FEF7CAFCA0EB0A000228B9D828684007F2
:106CC000F6D500BFFEF7BAFC40451BD82069402826
:106CD00012D0316821F47C3141EA003030602AE082
:106CE00018E000BFFEF7B0FCA0EB0A0002289FD816
:106CF00028684007F6D5E5E7306820F47C3040F49A
:106D00000030EBE7207C316821F0FE4141EA006071
:106D1000E4E70DE1286820F001002860FEF794FC0C
:106D2000824605E0FEF790FCA0EB0A0002288DD811
:106D300028684007F6D42078C0065DD5D9F8000051
:106D4000DFF86CB2396800F03800ABF1040B0828AA
:106D500010D0182803D101F0030001280AD0E069FF
:106D60000028286838D040F080002860FEF76CFCCE
:106D7000824623E02868C00523D5E069802876D1C3
:106D80001FE0206A202821D0316821F0F84141EA33
:106D90008060306030E000BF94F82010DBF8002005
:106DA00022F07C5242EA0161CBF8001024E000BFDF
:106DB000FEF74AFCA0EB0A00022898D82868C00514
:106DC000F6D5FEF73BFC4045E6D8DAE7306820F020
:106DD000F84040F08040DCE720F080002860FEF7BB
:106DE00033FC064605E000BFFEF72EFC801B0228A0
:106DF0009DD82868C005F7D42078000729D56C48AD
:106E00006169643000298046016811D041F00101B8
:106E10000160FEF719FC064605E000BFFEF714FC12
:106E2000801B0228C9D8D8F800008007F6D510E0EA
:106E300021F001010160FEF707FC064605E000BFF6
:106E4000FEF702FC801B022872D8D8F800008007E9
:106E5000F6D42078800623D5A0690028286810D0B1
:106E600040F480502860FEF7EFFB064605E036E16F
:106E7000FEF7EAFB801B02285AD828688004F7D561
:106E80000EE020F480502860FEF7DEFB064604E0AA
:106E9000FEF7DAFB801B02284AD828688004F7D462
:106EA000207840074FD5DFF80C81D8F8001041F466
:106EB0008071C8F80010FEF7C7FB064605E000BF6A
:106EC000FEF7C2FB801B642832D8D8F80000C0054A
:106ED000F6D5374EA068603601280AD008B10528DB
:106EE00013D0306820F001003060306820F00400DA
:106EF00002E0306840F001003060A06841F2883A5A
:106F000090B1FEF7A1FB80460AE0306840F0040033
:106F10003060EEE7FEF798FBA0EB0801514507D87B
:106F200030688007F6D50EE0FEF78EFB804607E05E
:106F300084E000BFFEF788FBA0EB080151457DD837
:106F400030688007F6D4606AB0B3DFF86480D9F89F
:106F5000001008F120084FF6F87B08F10409C1F38E
:106F6000C2010329A8F1040A69D00228286820F088
:106F70008070286003D0FEF767FB044684E0FEF7CC
:106F800063FB064605E000BFFEF75EFB801B0228A0
:106F900077D828688001F7D4E26A40F2F331386884
:106FA00054F8283F884340EA02101843386004E050
:106FB0001044025800480258B5E0217B434622891C
:106FC0004FF4FE0C208A4FF0FE474902267D521EE8
:106FD000401EA1F50071C2F308088AB2761E0CEAC1
:106FE000004042EA08020243504607EA06610A43AB
:106FF0001A60DAF8002022F00102CAF80020D9F85D
:107000000020266A22EA0B0242EAC602C9F80020E2
:10701000DAF80010A26921F00C011143CAF800103F
:107020000168E26921F0020111430160016841F445
:1070300080310160016841F4003101E021E027E086
:107040000160016841F480210160016841F00101A3
:107050000160286840F080702860FEF7F5FA044669
:1070600005E000BFFEF7F0FA001B022809D82868E7
:107070008001F7D557E000BFFEF7E6FA001B0228B3
:1070800002D90320BDE8F09F28688001F4D44AE0CB
:1070900039680128D8F8000021D0A26A01F0030362
:1070A00093421CD1E26AC1F305118A4217D1216BC8
:1070B000C0F30802491E8A4211D1616BC0F3462217
:1070C000491E91420BD1A16BC0F30642491E914269
:1070D00005D1E16BC0F30660491E814201D0012059
:1070E000D0E7A16C4E46D9F80000C0F3CC00814235
:1070F00019D0DAF80000554620F00100CAF8000067
:10710000FEF7A2FA4FEA0007FEF79EFAB842FBD05C
:10711000A26C306820EA0B0040EAC20030602868A8
:1071200040F0010028600020ACE7000070B50400CA
:107130000D4603D094F82C0010B107E0012070BD7B
:10714000002084F82D00204600F018F8022084F872
:107150002C002068211DFCF7DDF8D4E90002294647
:10716000FCF72AF904480121026842F0004202605B
:1071700084F82C10002070BD00400052FEF7A4B827
:1071800010B5044690F82C00022804D094F82C0086
:10719000012801D0012010BD022084F82C002068B5
:1071A000FCF7EDF8012084F82C00002010BD000051
:1071B00070B5044690F82C000D46022804D0012832
:1071C00003D0052801D0012070BD022084F82C00D6
:1071D0002068FCF7DDF82868022805D05FF0010080
:1071E00084F82C00002070BD0520F9E77047704737
:1071F00070470000F0B590F83C20012A3BD01F4EAC
:10720000012480F83C40022280F83D2002681C4D99
:107210005368B242D2F808C001D0AA4203D14F68E5
:1072200023F470033B430F6823F070031F43576040
:107230000268B24213D0B2F1804F10D0114B9A4283
:107240000DD0114B9A420AD0104B9A4207D0AA4255
:1072500005D00F4B9A4202D00E4B9A4204D1896856
:107260002CF0800319439160002180F83D4080F8A4
:107270003C100846F0BD0220F0BD000000000140B7
:10728000000401400004004000080040000C0040E1
:10729000001800400040014010B5040003D094F8ED
:1072A0003D0010B107E0012010BD002084F83C0033
:1072B000204600F023F8022084F83D002068211DBC
:1072C00001F00AFE012084F8480084F83E0084F8AA
:1072D0003F0084F8400084F8410084F8420084F8BC
:1072E000430084F8440084F8450084F8460084F89C
:1072F000470084F83D00002010BD000008B500687C
:10730000B0F1804F08D10548016841F001010160EA
:10731000006800F00100009008BD0000E844025839
:1073200090F83D10012901D001207047174A022131
:1073300080F83D100168CB6843F00103CB60006822
:10734000904214D0B0F1804F11D0114988420ED034
:10735000104988420BD01049884208D00F49884212
:1073600005D00F49884202D00E49884207D1816872
:107370000D4A1140062906D0B1F5803F03D00168BF
:1073800041F0010101600020704700000000014051
:107390000004004000080040000C004000040140D0
:1073A00000180040004001400700010070B504468D
:1073B00090F83C000025012814D03A4B012684F8AF
:1073C0003C60022084F83D0022689068184020F458
:1073D0007F409060086870282FD010DC10F00F0FED
:1073E00003D022E04FF0020070BD4FEA2012072ABE
:1073F0001BD2DFE802F0535353534B394100B0F135
:10740000101F4BD009DCB0F5805F0FD0B0F5005FE6
:107410001ED0B0F5801F08D140E0A0F580112039C2
:107420003CD010293AD0202938D0012584F83D607D
:10743000002084F83C00284670BD4A682068D1E9E5
:10744000021301F0BCFD2068816841F0770109E07A
:107450004A682068D1E9021301F0B1FD2068816813
:1074600041F480418160E1E7CA684968206801F021
:1074700053FF2068502106E0CA684968206801F07F
:107480005CFF2068602101F0A3FDCFE7CA6849686E
:10749000206801F041FF20684021F4E7226801469E
:1074A0001046F0E788FFCEFF70472DE9F041044613
:1074B00000680027C6680569A90713D5B10711D56B
:1074C000FA1E026101212177206880698007204629
:1074D00002D0FFF7E9FF04E000F0B4F8204600F026
:1074E00089F92777680716D5700714D52268022016
:1074F0006FF00401116120772068806910F4407FEB
:10750000204602D0FFF7D0FF04E000F09BF82046B1
:1075100000F070F92777280715D5300713D52268B2
:1075200004206FF00801116120772068C06980078E
:10753000204602D0FFF7B8FF04E000F083F82046B1
:1075400000F058F92777E80616D5F00614D522681A
:1075500008206FF01001116120772068C06910F4D5
:10756000407F204602D0FFF79FFF04E000F06AF85A
:10757000204600F03FF92777E80708D0F00706D04B
:1075800021686FF001000861204600F0BDF928066F
:1075900001D4A80408D5300606D521686FF402503E
:1075A00008612046FFF723FEE80508D5300606D51A
:1075B00021686FF4807008612046FFF717FE6806A7
:1075C00008D5700606D521686FF040000861204696
:1075D00000F0A4F9A8060AD5B00608D521686FF016
:1075E000200008612046BDE8F041FFF701BEBDE87C
:1075F000F081000010B586B0044614216846FBF700
:1076000098F90D492068884214D10C48016841F06E
:107610000201016000680021202200F002000590B4
:1076200002200092CDE90101CDE90310044869462A
:10763000FDF7DCFE06B010BD00040040E044025837
:1076400000040258704770B5044690F83C000026CC
:107650000D4601280BD0012084F83C000C2A4AD0AA
:1076600007DC82B1042A20D0082A06D131E00220AA
:1076700070BD102A53D0142A63D00126002084F84C
:107680003C00304670BD206801F0ACFC2068816988
:1076900041F0080181612068816921F00401816164
:1076A00020682A698169114311E0206801F0ECFC2F
:1076B0002068816941F4006181612068816921F459
:1076C0008061816120682969826942EA01218161C2
:1076D000D4E7206801F024FD2068C16941F0080169
:1076E000C1612068C16921F00401C16120682A6973
:1076F000C169114311E0206801F05EFD2068C16995
:1077000041F40061C1612068C16921F48061C161F7
:1077100020682969C26942EA0121C161AEE7206897
:1077200001F086FD2068416D41F008014165206847
:10773000416D21F00401416520682A69416D1143C2
:1077400011E0206801F0AEFD2068416D41F4006158
:1077500041652068416D21F4806141652068296997
:10776000426D42EA0121416588E710B5040003D06B
:1077700094F83D0010B107E0012010BD002084F80E
:107780003C00204600F022F8022084F83D002068EA
:10779000211D01F0A1FB012084F8480084F83E007F
:1077A00084F83F0084F8400084F8410084F84200E7
:1077B00084F8430084F8440084F8450084F84600C7
:1077C00084F8470084F83D00002010BD08B500682B
:1077D0000649884208D10648016841F0020101606B
:1077E000006800F00200009008BD000000040040A6
:1077F000E84402587047000030B504464FF00202DA
:1078000069B1042912D0082917D00C291CD01029DD
:1078100021D094F84300012824D0012030BD94F8F1
:107820003E000128F9D184F83E201DE094F83F0085
:107830000128F2D184F83F2016E094F84000012896
:10784000EBD184F840200FE094F841000128E4D106
:1078500084F8412008E094F842000128DDD184F842
:10786000422001E084F843200122206801F09AFBC5
:107870001B4B20681B491C4A984209D0884207D0FC
:10788000904205D0194DA84202D0194DA84203D10B
:10789000456C45F4004545642068984212D0B0F12B
:1078A000804F0FD0134B98420CD0134B984209D005
:1078B000124B984206D0884204D01149884201D028
:1078C000904207D181680F4A1140062906D0B1F5D0
:1078D000803F03D0016841F001010160002030BD0C
:1078E000000001400004014000400140004401400C
:1078F000004801400004004000080040000C004027
:10790000001800400700010000680349884201D1C7
:10791000FDF7A0BE7047000000100040704730B572
:1079200090F88410012918D0012280F884202421A5
:10793000C0F888100022202401680B680D6823F02D
:10794000005325F001050D60426601680B60C0F828
:10795000884080F88420104630BD022030BD10B52C
:107960000446D0F88C00202801D0022010BD61B15F
:107970005AB10123E36600202067204602F064F834
:107980000028F3D1E16E012901D0012010BD226849
:1079900010211162226852E8001F41F0100142E8F4
:1079A0000013002BF6D110BD10B50068154A9042A7
:1079B00027D11548941500F01F0303F58073BFF31A
:1079C0004F8F124A10602030203B002BFADCBFF3AF
:1079D0004F8FBFF36F8F0C4AFF294FF0000001D883
:1079E000505401E082F8FF000A460749084800F0B9
:1079F000A7FF05492246BDE8104001F58070FFF75A
:107A0000AEBF10BD00100140440300245CEF00E055
:107A1000C0060024704770B5044690F88400012821
:107A20001DD0012284F884202420C4F88800206816
:107A30000568026822F0010202602068826822F074
:107A400060620A438260204601F08AFC226820219D
:107A500000201560C4F8881084F8840070BD0220EE
:107A600070BD70B5044690F8840001281DD0012235
:107A700084F884202420C4F88800206805680268FF
:107A800022F0010202602068826822F060420A430C
:107A90008260204601F064FC2268202100201560ED
:107AA000C4F8881084F8840070BD022070BD70474F
:107AB000704770472DE9F04107680025044640F6FD
:107AC0000F030226F8693968BA6818420AD183069A
:107AD0007ED501F0200302F0805C53EA0C0377D0DE
:107AE000616F7EE1D44BDFF854C3134001EA0C0C04
:107AF00053EA0C0C6CD05FEAC07C0CD05FEAC15C2E
:107B000009D54FF0010CC7F820C0D4F8907047F0A9
:107B10000107C4F89070870709D5D70707D02768F1
:107B20003E62D4F8906046F00406C4F890604607C0
:107B30000AD5D60708D0276804263E62D4F890609C
:107B400046F00206C4F8906006070CD501F0200646
:107B50001E4308D0266808233362D4F8903043F0DF
:107B60000803C4F8903003050BD54B0109D52668EE
:107B70004FF400633362D4F8903043F02003C4F82C
:107B80009030D4F89030002B3DD0800609D501F01C
:107B9000200002F08051084303D0616F09B12046F4
:107BA00088472168D4F890008968490602D410F00B
:107BB000280F2AD0204601F02FFD2068806840065B
:107BC0001ED52068083050E8001F21F0400100E079
:107BD00021E040E80012002AF3D1D4F8800078B107
:107BE00097490165D4F88000FBF76CFF00280AD0A4
:107BF000D4F88000016D00E02046BDE8F041084760
:107C00002046FFF756FFBDE8F0812046FFF751FF01
:107C1000C4F89050F7E7D4F86CC02023BCF1010FF2
:107C20007ED15FEAC06C7BD55FEAC16C78D510204D
:107C3000386220688068400673D5D4F88020814976
:107C40001068884234D07F491831884230D07D494D
:107C5000303188422CD07B494831884228D079493C
:107C60006031884224D077497831884220D07549E4
:107C7000903188421CD07349A831884218D072498B
:107C8000884215D070491831884211D06E49303180
:107C900088420DD06C494831884209D06A49603128
:107CA000884205D068497831884201D066499031D0
:107CB00040684FF480770004000C40D0B4F85C10AA
:107CC00081423CD9A4F85E00D069B8422FD0216827
:107CD00051E8000F20F4807041E80002002AF6D13C
:107CE0002068083050E8001F21F0010140E8001230
:107CF000002AF5D12068083050E8001F21F040012B
:107D000040E80012002AF5D1C4F88C30E5662068FE
:107D100050E8001F21F0100140E80012002A01E0A5
:107D20004AE019E0F3D1D4F88000FBF71BFD266789
:107D3000B4F85C00B4F85E10401A81B208E0B4F800
:107D40005C1081427FF466AFD069B842FAD12667F1
:107D50002046FFF729FE56E7B4F85C00B4F85E1041
:107D6000B4F85E20401A81B2002AF4D00029F2D083
:107D7000226852E8000F20F4907042E80007002FBC
:107D8000F6D1324F206800F1080050E8002F02EAD7
:107D9000070240E8002CBCF1000FF3D1C4F88C308E
:107DA000E5666567226852E8000F20F0100042E89F
:107DB0000003002BF6D1CAE7C60209D5560207D543
:107DC0004FF4801038622046BDE8F041FFF770BEE6
:107DD00006060AD501F0800602F40002164304D01C
:107DE000A16F00297FF408AF0DE7420611D54A06BE
:107DF0000FD52046016851E8002F22F0400241E8EB
:107E00000024002CF6D1C0F88830856700F0CCF84B
:107E1000F9E6020206D54A0004D52046BDE8F04145
:107E2000FFF745BEC00196D5002994DA2046BDE88B
:107E3000F041FFF7EFBD0000010000102001000439
:107E4000179500901000024010040240FEFFFFEF63
:107E500010B5040003D0D4F8880010B107E0012069
:107E600010BD002084F88400204600F027F824206C
:107E7000C4F888002068016821F001010160A06A4F
:107E800010B1204601F08EFA204601F007FC0128CF
:107E9000E6D02068416821F4904141602068816803
:107EA00021F02A0181602068016841F00101016030
:107EB0002046BDE8104001F0D9BA00002DE9F0439A
:107EC000B7B00646142130A8FAF733FDC021684642
:107ED000FAF72FFD2E493068884256D100201F90B6
:107EE00001210546CDE900106846FDF749FF08B1BC
:107EF000FBF709F92748016841F0100101600068AB
:107F000000F01000359023481038016841F001015D
:107F10000160006807244FF00208DFF87C9000F051
:107F200001000121CDE93215CDE934404FF48067DD
:107F30004846CDE9307830A9FDF758FA79103091EC
:107F4000CDE93185CDE9335430A94846FDF74EFAE5
:107F5000124C2921124884E82300C4E903576561C3
:107F60002046A561E56125626562FCF761FA08B10A
:107F7000FBF7C9F8C6F8804000220521A66325203A
:107F8000FDF74CFD2520FDF73BFD37B0BDE8F08344
:107F900000100140F044025800000258D8040024A8
:107FA00010000240704770477047FEE72DE9FC4F14
:107FB00082468D88894693468820DAF800108C2303
:107FC00000EBCB149422A646C868C0F30B402844AB
:107FD0000D59040403EBCB1005F47045CDE9000402
:107FE00041F80E509C23D9F8004003EBCB164FF01C
:107FF000AC0C982340F2077702EBCB11A02503EBE2
:10800000CB1205EBCB13DAF800500CEBCB1CD5F8F8
:108010000C80C8F30B4808F10108A044019C48EA11
:10802000040845F80E80DAF80040B9F80C50D4F88E
:108030000C802058C8F30A08454400F470480098A2
:1080400044F80080DAF80040D9F80800D4F80C8031
:10805000C8F30A0808F101088044009848EA054876
:1080600044F80080DAF80000445824F00704445033
:10807000DAF80040D9F81000605099F8310099F80A
:108080001810040299F83200000440EA016099F8DF
:10809000301021430143DAF800008151DAF8000082
:1080A000815821F0FF018150DAF80000D9F814104E
:1080B0008150DAF80000C158B943C150DAF8001015
:1080C000D9E907021043C850DAF80010D9F82400A3
:1080D00041F80C00D9F81000C8B301283AD00428A0
:1080E0003AD0022838D0032836D0072834D00120CF
:1080F000DAF80030B02505EBCB11B42284245D58AA
:1081000002EBCB1205F0E0255D50D9E9003504EB18
:10811000CB14EB1AB9F8285043434543DAF8000072
:10812000DB1D43EA05434350DAF8000081586FF342
:108130000A018150DAF80000D9F82C108150DAF8E1
:108140000000015941F001010151BDE8FC8FFFE73A
:108150000420CDE70320CBE70220C9E71048022224
:108160000E4B002110B50360C0E90112C160C0E9E7
:108170001112C164016541658165C165FBF78EFA25
:1081800008B1FAF7C0FF06480121FBF795F900286E
:1081900003D0BDE81040FAF7B6BF10BD0010005282
:1081A000C8000024094808B5016841F001010160D8
:1081B00000680022052100F0010000900B20FDF76F
:1081C0002DFCBDE808400B20FDF71ABCD84402582E
:1081D0002DE9F0411E4800211C4F012300F1180831
:1081E0004FF0120C1F268160102507600327C16025
:1081F00004220374202441748174436188E8481088
:1082000043623E2300F12808C0E90D1388E8E0002E
:108210000823C563C0E910428464C0E91323C0E9A0
:108220001521C0E91714C0E91912FCF79FFE08B127
:10823000FAF769FF0648FDF724F8002803D0BDE8E7
:10824000F041FAF760BFBDE8F081000000A00040F7
:1082500030010024F0B587B01C216846FAF769FBAD
:10826000154800220823134D02214FF0400C01262F
:10827000C0E90052C0E9026320270761CD01C0F8C0
:1082800014C0C0E906528E020662CF020724C0E97C
:1082900009728DE81A0005250394CDE90451069171
:1082A0006946FEF743FF08B1FAF72DFF03F086FB9E
:1082B00007B0F0BD40410052D0010024044A002123
:1082C000044810B502F0A0FA0349086010BD000090
:1082D000F4D00090693400900400002470B586B09A
:1082E00014216846FAF725FB4148016841F4807182
:1082F0000160016801F480710591016841F002019B
:108300000160016801F002010591016841F480619A
:108310000160016801F480610591016841F0040188
:108320000160016801F004010591016841F010014C
:108330000160016801F010010591016841F40071CC
:108340000160016801F400710591016841F00101CB
:108350000160016801F001010591016841F08001AF
:108360000160016801F080010591016841F0400160
:108370000160016801F040010591016841F00801C8
:108380000160016801F008010591016841F02001D8
:10839000016000680122174E032100F020000590C3
:1083A0003046FDF746F90025694601240294600332
:1083B000CDE900051048FDF719F80C206946CDE914
:1083C00000050E480294FDF711F80220009469465A
:1083D000CDE901500A48FDF709F803206946CDE9C7
:1083E0000004CDE902453046FDF700F806B070BD47
:1083F000E04402580004025800080258001C0258C9
:10840000000002582DE9F0432D4A4FF0404900206A
:1084100049468DB04CF6FF4321F81030401C904285
:10842000FAD334216846FAF784FA27480024254B0A
:108430002F214FF4017840F2A736022540F202279F
:108440000360872244602223846040F2CF3CC0F85E
:1084500030808561C460C0E9044100F11C0181E8FD
:10846000CC1080F8344080F8354080F83640FDF775
:1084700096F908B1FAF747FE4FF4487004954FF4A7
:10848000F071FF23CDE90040CDE90A0105A80527D9
:10849000CDE902414FF48066694680E8D8028DF844
:1084A000304000228DF8314007488DF83240FDF70A
:1084B0004DF9002801D0FAF726FE0DB0BDE8F08393
:1084C00000DC0500001000500402002410B588B044
:1084D00016480024164BEF2200944FF0804101947F
:1084E0000294039404940594069480E81600C0E96D
:1084F00003348461FEF7D0FE08B1FAF704FE4FF4AE
:108500008050009009486946FEF750FF08B1FAF71D
:10851000FAFD064804A904940694FEF76BFE0028B1
:1085200001D0FAF7F0FD08B010BD0000AC02002445
:10853000FFC99A3B30B58BB0002468461C210794D4
:1085400008940994FAF7F5F9184D45F6BF51184803
:10855000C722802385E81300AB612846C5E90324C0
:10856000FFF703F908B1FAF7CEFD104807A9079401
:108570000994FEF73FFE08B1FAF7C5FD6020694691
:10858000CDE900040948042202940494FFF75BF843
:1085900008B1FAF7B8FD2868846304210348FFF79F
:1085A0002BF90248FFF726F80BB030BDF802002483
:1085B000000400401A48002110B5184C0C224FF45A
:1085C000E1330460C0E90131C160C0E90412816196
:1085D000C161016241628162FFF73AFC08B1FAF7BA
:1085E00092FD0F480021FFF73CFA08B1FAF78BFD26
:1085F0000B480021FFF70FFA08B1FAF784FD08488D
:10860000FFF78DF908B1FAF77EFDBDE81040054986
:108610004FF480720248FFF7A2B900000010014039
:108620004404002444030024FEE7FEE72DE9F0475C
:10863000454D044689464FF0000A2868C04380072C
:108640000AD0414E283E306820F080603060FCF750
:10865000FBFF0746B04608E00120BDE8F08700BFF9
:10866000FCF7F2FFC01B022867D8D8F80000000111
:10867000F6D4206829684FF4FE0721F47C313E02CD
:1086800041EA00302860207AA389B4F804C040028F
:108690002D4D2D495B1E227CACF1010C1035091DBE
:1086A000A0F5007080B2521ECCF3080C07EA034319
:1086B00040EA0C00184306EA02621043286008688A
:1086C000626920F0C000104308600A68A06922F0C7
:1086D000200202430A60281D0A6822F010020A6084
:1086E00002684FF6F873E4699A4342EAC4020260F2
:1086F0000868B9F1000F40F010020A6011D0086854
:10870000B9F1010F11D040F400100860D8F8000052
:10871000444640F08060C8F80000FCF795FF05462D
:108720000DE0086840F40020EFE740F48010ECE72B
:10873000FCF78AFF401B022801D903208DE720683F
:108740000001F5D5504688E7284402582DE9F04746
:10875000454D044689464FF0000A2868C04380070B
:108760000AD0414E283E306820F080503060FCF73F
:108770006BFF0746B04608E00120BDE8F08700BF68
:10878000FCF762FFC01B022867D8D8F80000800001
:10879000F6D4208829684FF4FE0721F07C713E0250
:1087A00041EA00502860207AA389B4F804C040024E
:1087B0002D4D2D495B1E227CACF1010C1835091D95
:1087C000A0F5007080B2521ECCF3080C07EA0343F8
:1087D00040EA0C00184306EA026210432860086869
:1087E000626920F44060104308600A68A06922F4BE
:1087F000007202430A60281D0A6822F480720A602F
:1088000002684FF6F873E4699A4342EAC4020260D0
:108810000868B9F1000F40F480720A6011D008684E
:10882000B9F1010F11D040F080700860D8F8000055
:10883000444640F08050C8F80000FCF705FF0546AC
:108840000DE0086840F48000EFE740F40000ECE73A
:10885000FCF7FAFE401B022801D903208DE72068AF
:108860008000F5D5504688E72844025870B50422A8
:108870000D460021044600F0F3F9E06A002807D015
:108880000268002A04D029462046BDE870401047FF
:1088900070BD00231A4600F001B800002DE9F84F22
:1088A0000C46054622B11BB9FF211046FAF7D2F952
:1088B00005F13C0069460646ADF8004001F0EAF9D2
:1088C000DFF874A04FF0010948B34846DFF86C8028
:1088D0005FF0000680F0010706EB460138F9112031
:1088E000A2420ADB08EB4100B0F90210A14204DC0D
:1088F00082880221284600F0B3F9761C092EEBDBB2
:1089000021462846FFF7B2FF1FB151462846FFF720
:10891000ADFF002D01D085F83990BDE8F88F69468C
:10892000304601F0E6F969463046ADF800A001F0A6
:10893000B1F90020CAE70000A2FEFFFFC4D10090F9
:108940002DE9F04704464FF0000617004FF00109EB
:108950003546D4E902200ED063689B1A5B1E9F4205
:1089600012DDA6606FF4B57106702046FFF791FF27
:108970000020BDE8F0878654D4E90221204600F0AB
:1089800037F88146A66031E010443A46F9F710FF07
:10899000D4E9020104F164083844A06001F80060E1
:1089A000D4E902104A1B4119404602F037FF94F8FF
:1089B00080100544012904D094F864001A2811D0CD
:1089C00011E0E1682A46204600F012F88146D4E919
:1089D00002104A1B4119F9F730FFA068401BA06044
:1089E0000025DDE711B1A068A842D9D84846C0E704
:1089F0002DE9F04F04004548904689468DB04FF070
:108A0000010AD0E90621006A0292CDE903101CD0C8
:108A100001210020206304F1640584F838104246E7
:108A20004946284602F0FAFE06462878192810D052
:108A3000A868002852DD02A8294601F004F96868F8
:108A400000270790A86806902DE000200DB0BDE833
:108A5000F08F6FF064012046FFF71BFF3CE0002120
:108A6000009103EB820B0B460191DDE9062101F039
:108A7000D5FBB8B1C4F810B0002128696061A061CD
:108A80006869E0616868C4E90910A8682062204646
:108A900001F028FF00EA0A0A95E88C0002A880E8A5
:108AA0008C001BE07F1C236807EB470253F8220071
:108AB0000028D4D1334600E05B1E3BB109EB030034
:108AC00010F8010C0D28F7D00A28F5D06FF07001CE
:108AD0004A462046FFF7E2FE4FF0000A464503DA19
:108AE000B144A8EB06089AE794F8380058B9022276
:108AF000204607A103F028FB200004D0C16A11B171
:108B0000C96801B188475046A0E7000030D2009004
:108B10000D0A00000A2905D220B100EB4100B0F88F
:108B200048007047002070472DE9F05F0A2914467D
:108B30000E46054677D2002D75D0DFF8208108F16A
:108B4000140900BF08EB460105EB46034F78B3F864
:108B5000482018F8161009EBC707A24238687F684A
:108B600079D00729A3F8484070D2DFE801F0040467
:108B700023743F747400B5F84A00B5F8481020F02B
:108B8000400321F04000184211D024EA02002042A4
:108B900041F04002A5F8482058D028004FF00101CC
:108BA00054D0C36AF3B39B68E3B398474EE0A5F88B
:108BB00048004BE0C0F307210B2903D02846FFF7FC
:108BC000A9FF01E04FF6FF70044201D0012200E04E
:108BD00000222846C7F307210E46FFF79BFF12B17C
:108BE00040EA174432E020EA17402EE0010E0B293C
:108BF000C6B202D1F8B20B2821D04FF0000A0B29DF
:108C0000D34603D02846FFF785FF8246F9B20B29E9
:108C100003D02846FFF77EFF8346624002EA040342
:108C20009A4301E012E016E031462846FFF772FF52
:108C300003EA0A0302EA0B021343184305E0314634
:108C40002846FFF767FF944320430446C7F30720F5
:108C50000B287FF477AFBDE8F09F0000FAD10090B9
:108C600010B50B460446FFF755FF02432046BDE80A
:108C700010401946FFF758BF054C4FF4FA75022112
:108C80002046FCF7CEFC284601F07BFCF7E700000D
:108C900000040258144C00204FF4AA4144F64D72CF
:108CA00008B500BF24F81010401C9042FADB0026E3
:108CB00040F2DF174FF4FA7540F21F3800213B46AF
:108CC00042460846009601F063F9284601F059FC37
:108CD00000210094C8230846642201F0F1F82846D8
:108CE00001F04FFCEAE70000341802244FF4784604
:108CF0004FF4FA744FF4967508B5D2232246C82172
:108D00002846009601F044F9142001F03AFCF4E7FB
:108D10004FF0E02010B5006903F098FF012803D060
:108D2000BDE8104003F092BA10BD000070B59CB0D1
:108D30004C216846F9F7FDFD202113A8F9F7F9FD4C
:108D40000220FCF79DFE214800242149026842F4DC
:108D50004042026002680A6842F001020A60096843
:108D600001F001011B9101688904FCD50DF1280C6B
:108D70000825022009900523C0268CE84900CDE98A
:108D80000D05C2030F9001216846CDE91054CDE9CD
:108D900000121294FDF708FF08B172B6FEE74020FA
:108DA0001A903F210301CDE916500322CDE91803A3
:108DB00013AB13A883E816000421FDF7B7FC0028C5
:108DC00001D072B6FEE71CB070BD00001848025812
:108DD0002C0400583348F0B5334A016841F470015F
:108DE0000160106800F00F00072804D2106820F01E
:108DF0000F00C01D10602D4900202C4C10340B6852
:108E00002B4D43F001030B6020600B682B400B607F
:108E1000136803F00F03072B04D9136823F00F0323
:108E2000DB1D1360214C234A1834234B261D371DAC
:108E300020601E4C214D28343060261D3860371DBF
:108E400023603B1D35601C1D3A60251D2E1D1860DA
:108E5000331D22602860326018600A68134B184C7A
:108E600022F4802260330A60186020686FF30F00DC
:108E7000B0F1005F03D213490120C1F808010B488B
:108E8000D4300168C9040BD4026843F2D2010E4BFE
:108E900042F4805202601960016821F4805101603F
:108EA000F0BD000088ED00E00020005200440258B0
:108EB0007FEDF6EA80020101000202020000FF01DC
:108EC0000010005C00800051004000520148FEF795
:108ED000ECBA0000500500242DE9F047294B4FF073
:108EE000804A294D02689842284E294F294C09D0C2
:108EF000504507D0A84205D0B04203D0B84201D0B7
:108F0000A04205D1D1F804C022F070024CEA02025E
:108F1000DFF884C0DFF884809842DFF884900FD0B7
:108F200050450DD0A8420BD0B04209D0B84207D06E
:108F3000A04205D0604503D0404501D0484503D14B
:108F4000CD6822F440722A438E684D6922F0800277
:108F5000C6620E682A439842866207D0A04205D0B6
:108F6000604503D0404501D0484501D109690163FE
:108F70000368012143F00403036041610260BDE81E
:108F8000F08700000000014000040040000800409D
:108F9000000C00400004014000400140004401403A
:108FA0000048014010B5046A012301F01F018B4005
:108FB0009C4304628A40016A1143016210BD42EA87
:108FC000032283680A4323F47F410A438260704787
:108FD000034B82681A400A4342F0070181607047E0
:108FE0008FFFCFFF2DE9F04FDFF88480214EDFF8AF
:108FF0008890DFF888B0026A036AB042DFF880A088
:1090000022F0020C1F4F23F00102026242688569C0
:109010008B680C6805EA080525F0030543EA0C0394
:1090200044EA050407D0484505D0584503D05045CB
:1090300001D0B84205D1CD6823F008031D4325F0C7
:109040000403B04207D0484505D0584503D05045E9
:1090500001D0B84205D122F44076D1E9055235431A
:109060002A4342608461496841630362BDE8F08F2E
:109070008FFFFEFF0000014000040140004001405E
:109080000044014000480140F0B5DFF87CE01F4C8F
:109090001F4D026A036AA04222F0200623F010034B
:1090A000036242688369D1F808C00F6803EA0E03BF
:1090B00023F4407E46EA0C134EEA072601D0A8426C
:1090C00006D1CF6823F0800343EA071323F040035F
:1090D000A0420AD0A84208D00E4CA04205D00E4CA7
:1090E000A04202D00D4CA04207D1D1E9054522F49F
:1090F000406242EA840242EA85024260866149682F
:1091000081630362F0BD0000FF8FFFFE000001409D
:10911000000401400040014000440140004801407B
:10912000F0B5DFF87CE01F4D1F4E026A036AA842CB
:1091300022F4007723F4807303624368C269D1F894
:1091400008C002EA0E020C6822F0030E47EA0C2265
:1091500044EA0E0401D0B04206D1CF6822F4006286
:1091600042EA072222F48062A8420AD0B04208D024
:109170000E4DA84205D00E4DA84202D00D4DA8427A
:1091800007D1D1E9055623F4405343EA051343EAD6
:1091900006134360C4614968C1630262F0BD000008
:1091A0008FFFFEFF0000014000040140004001402D
:1091B0000044014000480140F0B5046A026A22F40C
:1091C000805202624268C36924F40054DFF848C048
:1091D0008E680D6803EA0C03104F23F4407344EAD1
:1091E0000634B84243EA05230BD00D4DA84208D0FF
:1091F0000C4DA84205D00C4DA84202D00B4DA84200
:1092000004D14D6922F4804242EA85124260C36172
:10921000496801640462F0BDFF8FFFFE0000014059
:10922000000401400040014000440140004801406A
:10923000F0B5164F164B026A046A984222F40035C4
:1092400024F4803303624268436D0E890C6803EA9C
:10925000070344EA030445EA06430BD00D4DA84238
:1092600008D00D4DA84205D00C4DA84202D00C4D9F
:10927000A84204D14D6922F4803242EA05224260BC
:109280004465496881650362F0BD00008FFFFEFF01
:109290000000014000040140004001400044014042
:1092A00000480140F0B5164F164B026A046A984216
:1092B00024F48013036222F400144268436D0E8983
:1092C0000D6803EA070344EA065443EA05230BD07A
:1092D0000D4DA84208D00D4DA84205D00C4DA84216
:1092E00002D00C4DA84204D14D6922F4802242EAFA
:1092F0008522426043654968C1650462F0BD000093
:10930000FF8FFFFE000001400004014000400140CB
:10931000004401400048014010B5036A046A23F08C
:109320000A0324F00104046284690B4324F0F00171
:1093300041EA02118161036210BD10B5036A046A3B
:1093400023F0A00324F010040462846943EA0111AD
:1093500024F4704343EA02328261016210BD0000CE
:1093600030B5416EB9B101680D4B03F108048A684C
:109370008968C2F34262490F5D5C615C2D01B5FBF7
:10938000F1F1A0F86A10995CA25C0901B1FBF2F15D
:10939000A0F8681030BD0121A0F86A10F8E70000BD
:1093A000A4D1009090F82810090706D50168836BB6
:1093B0004A6822F400421A434A6090F82810C9070C
:1093C00006D00168C36A4A6822F400321A434A6030
:1093D00090F82810890706D50168036B4A6822F4C3
:1093E00080321A434A6090F82810490706D5016870
:1093F000436B4A6822F480221A434A6090F828108E
:10940000C90606D50168C36B8A6822F480521A43E4
:109410008A6090F82810890606D50168036C8A686E
:1094200022F400521A438A6090F82810490611D598
:109430000168436C4A6822F480121A434A60416C06
:10944000B1F5801F06D10168836C4A6822F4C0021E
:109450001A434A6090F82810090606D50168C26CC4
:10946000486820F400201043486070472DE9F84315
:1094700000250446C0F89050FCF7E6F880462068C6
:1094800020266FF07E470068000713D50022434670
:1094900031042046009700F02BFB58B1216851E8B9
:1094A000000F20F0800041E80002002AF6D1C4F845
:1094B000886021E020680068400722D500224346EA
:1094C0004FF480012046009700F012FBC8B12068DD
:1094D00050E8001F21F4907140E80012002AF6D1F4
:1094E0002068083050E8001F21F0010140E8001218
:1094F000002AF5D1C4F88C60032084F88450BDE8BC
:10950000F883C4F88860C4F88C60E566256700209D
:1095100084F88450F3E710B5806B0021A0F85E104A
:10952000FEF7C7FA10BD70B5846B00252168D4F82A
:109530008800D4F88C608968090606D5212804D1F2
:10954000A4F85650204600F091F820688068400644
:1095500006D5222E04D1A4F85E50204600F05CF817
:10956000D4F8900040F01000C4F890002046FEF7B8
:10957000A0FA70BD10B5C1690022806BB1F5807F83
:109580002DD0A0F85E20036853E8001F21F48071FD
:1095900043E80014002CF6D10168083151E8003F7F
:1095A00023F0010341E80034002CF5D101680831B3
:1095B00051E8003F23F0400341E80034002CF5D18E
:1095C0002021C0F88C10C16E012908D1016851E832
:1095D000003F23F0100341E80034002CF6D102676D
:1095E000C16E012902D0FEF7DDFC10BDB0F85C10A1
:1095F000FEF7DAF910BD10B5806B01210167C16E6D
:10960000012902D0FEF7CFFC10BDB0F85C1049086C
:10961000FEF7CAF910BD000010B5026852E8001F3D
:1096200021F4907142E80013002BF6D10E4B026832
:10963000083252E8001F194042E80014002CF6D10D
:10964000C16E012908D1026852E8001F21F0100103
:1096500042E80013002BF6D100212022C0F88C2014
:10966000C166416710BD0000FEFFFFEF026852E8CF
:10967000001F21F0C00142E80013002BF6D1016861
:10968000083151E8002F22F4000241E80023002BAA
:10969000F5D12021C0F88810704700002DE9F04373
:1096A00004468068D84E87B0D84B2168D4E9042797
:1096B000D4F81CC010430A68002547EA0C07384359
:1096C000324002430A602068E268416821F4405158
:1096D000114341602268A1699A4201D0206A014386
:1096E0009768DFF82CC3CB4ECB4807EA0C070F4333
:1096F00097602168676ACA6A22F00F023A43CA6219
:109700002268B2420ED1006800F03800182873D0E9
:1097100047DCB8B3082879D010286FD178E0282822
:109720007ED17BE0BD498A4209D1006800F0070084
:10973000062875D2DFE800F0546A6C6E7072B84982
:109740008A4209D1006800F00700062868D2DFE8E5
:1097500000F0475D5F616365B2498A4209D10068E4
:1097600000F0070006285BD2DFE800F03A505254C0
:109770005658AD498A420BD1006800F00700062810
:109780004ED200E010E0DFE800F02B4143454749AE
:10979000A6498A420AD1006800F03800182839D05A
:1097A000B7DD2028BBD13CE001203AE0A0498A4245
:1097B00009D1006800F00700062831D2DFE800F088
:1097C0001026282A2C2E9B498A420BD1006800F0D3
:1097D0000700062824D2DFE800F003191B1D1F2113
:1097E00000201EE09A421BD18B48001D006800F04B
:1097F0000700062814D202E00CE007E010E0DFE8E2
:1098000000F0030507090B0D02200AE0042008E020
:10981000082006E0102004E0202002E0402000E0C4
:1098200080208549DFF814829A42854A4FF400432C
:109830004FEA21174FF000064ED110281AD006DC4F
:10984000022809D004280BD008287CD10DE020285C
:109850003ED0402877D13DE0FCF73CF9014610E0CE
:109860006846FCF749F901990BE003A8FCF7E6F913
:10987000049906E01068800605D51068C0F3C100A1
:10988000C140002970D0606A676838F8102007EB83
:109890004703B1FBF2F0834255D8B0EB073F52D8F3
:1098A000002308461946F8F7DFFD02467808130E34
:1098B000120243EA012110183A4671410023F8F7D9
:1098C000D3FD604AA0F5407191423CD821688FE0F9
:1098D0003946D8E71946D6E7D4F81CC04FF6EF79D9
:1098E0009C4546D1082819D005DC58B101280CD078
:1098F000042875D10DE0102815D0202835D0402837
:109900006ED134E0FDF790F801E0FDF79FF80146D5
:1099100010E06846FCF7F0F801990BE003A8FCF7AB
:109920008DF9049906E01068800604D51068C0F32C
:10993000C100C140C1B1636A606838F81330B1FB3F
:10994000F3F1490000E04BE001EB5001B1FBF0F016
:10995000A0F11001494543D84FF6F0732168C0F3D8
:1099600042021840104343E043E03946E3E719461A
:10997000E1E7082819D005DC58B101280CD00428EB
:109980002ED10DE0102815D020282BD0402827D12B
:109990002AE0FDF749F801E0FDF758F8014610E02C
:1099A0006846FCF7A9F801990BE003A8FCF746F913
:1099B000049906E01068800604D51068C0F3C10061
:1099C000C140B1B1636A606838F81330B1FBF3F19C
:1099D00001EB5001B1FBF0F0A0F11001494505D9B0
:1099E000012506E03946EDE71946EBE7216880B22C
:1099F000C8600120A4F86A00A4F8680028466667D9
:109A0000A66707B0BDE8F083F369FFCF000C0058EC
:109A1000FFF4FF110010014054440258004400407C
:109A200000480040004C004000500040001401403D
:109A300000780040007C00400090D0038CD1009062
:109A400000440258FFFC0F0070B50446D0F88000B7
:109A500000232225A165A4F85C20C4F89030C4F846
:109A60008C50F0B11F49C163D4F880101E480864BF
:109A7000D4F880101D48C864D4F8800003651346EC
:109A8000A56D2168D4F880002A462431FAF7B2FE89
:109A900038B11021C4F890102020C4F88C000120A7
:109AA00070BD206940B1216851E8000F40F480701A
:109AB00041E80002002AF6D12068083050E8001F73
:109AC00041F0010140E80012002AF5D12068083079
:109AD00050E8001F41F0400140E80012002AF5D193
:109AE000002070BD75950090F79500902795009027
:109AF0002DE9F047994617460D460446089E4FF05B
:109B0000000833E0701C31D0FBF79EFDA0EB09008C
:109B1000B04218D8BEB120680168490726D5802D0B
:109B200024D0402D22D0C169C94309070DD408258E
:109B300005622046FFF770FDC4F89050012084F8BC
:109B40008480BDE8F0870320FBE7C069C0430005BF
:109B50000CD421684FF4006008622046FFF75CFDDA
:109B60002021C4F8901084F88480ECE72068C06954
:109B700035EA000004D00020B842C3D00020E0E75E
:109B80000120F9E70148FDF795BF000044040024D7
:109B9000FEE7090700284FEA116104DB00F1E0202D
:109BA00080F80014704700F00F0000F1E02080F80A
:109BB000141D704730380A2801D201207047002058
:109BC0007047704710B59942144604D11A46214691
:109BD000F8F7B6FD08B1002010BD012010BD2DE939
:109BE000F8430C461D46A3421746DDF820804FF08F
:109BF000000602D20020BDE8F8830A463946F8F78D
:109C00009FFDF0B9B8F1000F4FF0010617D0AC423C
:109C100017D0381969460A2201F0EFFF2044A84204
:109C200001D000260DE00099C8F8001009E0F8F70F
:109C300013FC395D0068405C2028F2D1641CAC4202
:109C4000F5D33046D7E770B5B1B14C68A4B18D6893
:109C500095B14368DBB18268CAB126782A2E16D046
:109C60003A2E14D01E782A2E11D0561E9E5D3A2E02
:109C700004D0521EF9D10AE0002070BD3AB115445B
:109C8000A31AC1E9013541681846F8F7D6FD01204D
:109C900070BD70470B46024610B500F020F8B0B911
:109CA000ABB1B2F9001090681B8800EB4100038053
:109CB000B2F90010B2F90630491C908891FBF3F418
:109CC000401C9080012003FB1411118010BD002066
:109CD00010BD808808B10020704701207047B0F99E
:109CE0000410B0F90600814201D101207047002024
:109CF0007047024610B5FFF7ECFF08B1002010BD19
:109D0000B2F90030B2F906000344A3F1010393FB5A
:109D1000F0F400FB143000B2108021B1936803EB23
:109D20004000008808809088401E9080012010BD6F
:109D30000349CA695206FCD5C2B28A627047000064
:109D4000001001400020704700231A22C0E90113CF
:109D50000270704740680078884201D10120704746
:109D6000002070470168D0E901021144814201D806
:109D700001207047002070472DE9F0472E4D4FF429
:109D80000059DFF8B8804FF00107DFF8B4A04FF0BA
:109D900000042C4E08B12F7002E02878012813D15E
:109DA00001214046FBF738FCA0B908213046FBF7FB
:109DB00033FC78B104213046FBF72EFC50B1494604
:109DC0005046FBF729FC28B101214046FBF724FC53
:109DD000F0B12DE00A20FAF75BFE0020494628701A
:109DE0005046FBF719FC00B9042430460421FBF768
:109DF00013FC00B9032430460821FBF70DFC00B921
:109E0000022440460121FBF707FC88B101240FE042
:109E100008213046FBF700FC50B104213046FBF727
:109E2000FBFB28B149465046FBF7F6FB00B12F700B
:109E30002046BDE8F08700003000002400000258F2
:109E400000080258001C0258F0B587B0142168467B
:109E5000F8F76FFD1848016841F0020101600168E0
:109E600001F002010591016841F002010160006802
:109E700001250026114F0224694600F002000590DA
:109E8000CDE90045CDE902463846FBF7AFFA039627
:109E9000694600953846CDE90154FBF7A7FA01223F
:109EA00038460221FBF7C5FB012238461146FBF775
:109EB000C0FB07B0F0BD0000E044025800040258A7
:109EC0002DE9F047DFF8BC804FF0FF3A1E4691467F
:109ED000089C0D4607465146D8F8040000F08EFB5A
:109EE00000284DD105EBC50000EB0511761BA9EB51
:109EF000070507EB41104FF040416D1C761C01EB4C
:109F0000400700F07FFC05FB06F1C8F80000204682
:109F1000490000290EDD00F01F021144BFF34F8FEE
:109F2000194A1060203020390029FADCBFF34F8F26
:109F3000BFF36F8F1548002102220160C460C76320
:109F40000161C5F54871016446EA0541C261426399
:109F50004164816841F002018160016841F400714F
:109F60000160016841F0010101600121524608468B
:109F700000F0FCFBD8F80400BDE8F04700F09BBB04
:109F8000BDE8F0870800002468EF00E000100052F0
:109F90002DE9F047DFF894804FF0FF3A1D46144654
:109FA000DDF820900E4607465146D8F8040000F030
:109FB00025FB002838D106EBC60000EB0611E41B98
:109FC000AD1B641C07EB4111C4F548704FF04042D3
:109FD00087B26D1C02EB410600F014FC144945EAFF
:109FE0000442C8F800004FF4403344460B6002209E
:109FF000C1F83890CE630F6448634A64886840F0C3
:10A0000002008860086840F400700860086840F04A
:10A010000100086001215246084600F0A7FB606875
:10A02000BDE8F04700F047BBBDE8F087080000241A
:10A030000010005272B66E486E4908600025DFF8C5
:10A04000B48108F17C08C8F80050BFF34F8F694A0B
:10A050000C32106820F480301060BFF34F8FA8F1ED
:10A06000040BDBF8000043F6FF74DFF88CC1C0F38B
:10A070004E31C0F3C90604EA4117304647EA8073FF
:10A08000CCF80030401EF9D2491EF4D2BFF34F8FF6
:10A09000BFF36F8FBFF34F8FBFF36F8FDFF858A100
:10A0A000914610461268AAF1240A22F40032514661
:10A0B0000260CAF80050BFF34F8FBFF36F8FBFF33A
:10A0C0004F8FBFF36F8F0D60BFF34F8FBFF36F8F55
:10A0D000C8F80050BFF34F8FDBF80000464E143E27
:10A0E000C0F34E31C0F3C90304EA4117184600BF5C
:10A0F00047EA80723260401EFAD2491EF4D2BFF3A2
:10A100004F8FBFF36F8F62B63C493D48016000F04E
:10A11000B7F9D9F800004946800311D4BFF34F8F37
:10A12000BFF36F8FCAF80050BFF34F8FBFF36F8F2D
:10A13000086840F400300860BFF34F8FBFF36F8FA3
:10A140000868C0031DD4C8F80050BFF34F8FDBF878
:10A150000000C0F34E32C0F3C90304EA42151846AA
:10A1600045EA80773760401EFAD2521EF5D2BFF31F
:10A170004F8F086840F480300860BFF34F8FBFF303
:10A180006F8FFBF76FFAFEF7D1FDFEF7A7F8FEF72A
:10A1900009F8FEF70FFAFEF71BF8FEF75BF8FEF77B
:10A1A00095F9FEF72FF9FEF7C5F9FDF7D7FFFFF791
:10A1B0004BFE144800220221FBF73BFA12A0F8F7ED
:10A1C000CBF9154D00241E20FAF762FC2968601CAB
:10A1D0006200C4B28A63642CF5D900F0E1F9FEF79D
:10A1E0006DF800F0EFF90020FFF7C6FDFBE7000077
:10A1F0000020009008ED00E074EF00E000004090C7
:10A2000000000024000402587465737420737461A4
:10A210007274200D0A000000F80200242DE9FF4F9F
:10A220004FF00009164681B00F460446CB46F8F7BA
:10A23000A0FA054631463846F8F70CFD0646601987
:10A2400010F8010C3F2806D1B81910F8010C3F286E
:10A2500015D16D1E761E20785B2803D1641C4FF04B
:10A2600001096D1E20783A2801D1641C6D1E3878D2
:10A270003A2808D1022E06D378782A2871D10020F6
:10A2800005B0BDE8F08F2946204600F005FB5EA230
:10A2900080463146384601F0BAFC98B3C01BB8F18D
:10A2A000000F824605DD04EB080010F8010C23289E
:10A2B0002BD0002053463A4641460090204600F0FD
:10A2C000A5F800287DD0A5EB0805A6EB0A064444B6
:10A2D0004FF0010855EA060057444CD025B32EB381
:10A2E000002D05DD20783978884201D13A2844D004
:10A2F000012D55DD60783978884243D122785B2A78
:10A300003ED03FE0FFE73046C9E7049840B10E98E1
:10A31000834505D204980F9900EB8B00016000E0A3
:10A3200000200BF1010BC5E70EBB24E029462046B7
:10A3300000F0B2FA215C5B2902D05D2906D102E06F
:10A3400009F1010101E0A9F1010189462D1A044436
:10A35000641CB9F1000FA5F1010503D0002DE5D172
:10A3600009E018E0002D03DD20785B28DED000E056
:10A370000DB14FF00008404682E7641C6D1E0AE0F4
:10A380003A2805D088420BD121785D2906D007E014
:10A3900009F1010018E0761E7F1C74E73A2811D0FD
:10A3A000022DE6DDA07839788842E2D121785D2956
:10A3B000DFD161785B29DCD13A28DAD1E41CED1ECB
:10A3C000E9E705E0A9F10100A41C8146AD1EE2E722
:10A3D0004444A5EB080520785D2802D161783A292C
:10A3E0000CD0022DC5DD5D28C3D160785B28C0D1BB
:10A3F000A0783A28BDD1E41CED1E44E7A41CAD1E94
:10A40000A9F101093FE700003A3F00002DE9F843B8
:10A410000C001F4690460646089D04D0301910F8DF
:10A42000010C23280BD0304600F046FA05463B4687
:10A43000424621463046FFF7C5FBF0B915E04C1EF9
:10A440003046214600F038FA81463B4642462146D6
:10A4500030460095FFF7C3FB78B93B464246494674
:10A4600030460095FFF7BBFB05E03B4642462946D8
:10A470003046FFF7A7FB002800D00120BDE8F88395
:10A480007FB50124002522460326009610212B4685
:10A49000CDE901544806039400F049F812210096D2
:10A4A000CDE90154002303940222480600F03FF84E
:10A4B00003220096CDE901540023039412211007D2
:10A4C00000F035F800960023CDE9015404220394EE
:10A4D0000F214FF0605000F02AF80023029505226A
:10A4E000039519217007CDE9006500F020F80622D8
:10A4F0000096CDE90154002303941921500700F080
:10A5000016F81B210295012303950722C807CDE900
:10A51000006500F00CF800960023CDE901540822F4
:10A52000039416214FF0104000F001F87FBD2DE993
:10A53000FF410AAC4FF0010E94E8E01000240294B1
:10A5400003948DF808108DF80C3000948DF80940B4
:10A550008DF80D608DF800E08DF80A408DF80E70D2
:10A560008DF8012001908DF80B508DF80FC0FBF78E
:10A5700015FA6846FBF7E4F90420FBF71DFABDE87D
:10A58000FF8110B5EFF3058111B16FF0050404E010
:10A590004FF0000408B101F087FC204610BD000018
:10A5A000EFF3058010B16FF00500704704490868AB
:10A5B00010B14FF0FF30704701220A600020704751
:10A5C0008C00002410B5EFF3058010B16FF005008A
:10A5D00010BD08480168012902D04FF0FF3010BDBE
:10A5E000054A002182F8141D0221016001F00CFDD2
:10A5F000002010BD8C0000240BE000E02DE9F041AC
:10A600000D46014621F001004FF0000401F0010168
:10A61000EFF305820AB1A41F16E048B100292946CC
:10A620006FF001066FF0020708D002F065F907E04D
:10A630006FF0030408E035B1344605E002F09EF8FF
:10A640000128F8D100E03C462046BDE8F08170B515
:10A6500005464FF00004EFF3058050BB0DB168686C
:10A6600000E00020C10701D0012600E0002600071D
:10A670001FD46DB1D5E9021021B1502819D31EB1F4
:10A68000042002E020B114E0012001F000FE05E00A
:10A690000EB1042000E0012001F0EEFD040008D01E
:10A6A0000DB1296800E0002101F0C8FB0EB144F0B3
:10A6B0000104204670BD014670B521F001004FF045
:10A6C000000401F00101EFF305820AB1A41F11E0BB
:10A6D00028B16FF0020529B101F093FF07E06FF098
:10A6E000030407E000231A46194601F07BFE012807
:10A6F00000D02C46204670BD3EB5040001D0002994
:10A7000003DA6FF0030001902BE04FF0FF3001906F
:10A71000EFF30580D0B10025029502A82B46012257
:10A720000090204602F00AFA0022204601AB1146B2
:10A73000009502F003FA029898B10B494FF080504F
:10A740000860BFF34F8FBFF36F8F0AE000232046EE
:10A75000012202F083F90022204601AB114602F0EB
:10A760007DF901983EBD000004ED00E02DE9F84FB1
:10A77000894605464FEA0206EFF3058010B16FF0F7
:10A7800005041EE0002D02DA6FF0030419E05FEA11
:10A79000897002D54FF0000800E0A84692460024D8
:10A7A00002F062FAE71E8346002053466A4641469D
:10A7B00002F0C4FA012807D016B36FF00104002894
:10A7C000F2D12046BDE8F88F00982C405FEAC971AD
:10A7D00044EA00040BD035EA0400F2D056B102F08E
:10A7E00043FAA0EB0B00504506D9002006E02542B5
:10A7F000E7D1F3E73C46E4E7AAEB00008246D3E763
:10A800003C46DCE702F01CBA2DE9FF414FEA0103A8
:10A810004FF00005EFF30581039561BB58B34FF08E
:10A8200080064FF018014FF000044AB3176807B1D3
:10A830003C4697691FB139467F1E382F02D21779DF
:10A84000FF0703D0002004B0BDE8F081576907B1CD
:10A85000BE08D2F808C0BCF1000F0DD0D568602D3D
:10A8600018D312693AB137B18DE806103246214645
:10A8700002F0C9F803900DE0D7685FB912694AB9D0
:10A8800003AACDE90012B2B2214602F08FF80128E6
:10A8900000D003950398D6E730B505A20D460446CF
:10A8A00001F0B5F908B1001B30BD284630BD0000ED
:10A8B0003F3A5B5D000000002DE9F04100240D46A9
:10A8C000074606E0F7F7C8FD0068805D000705D47D
:10A8D000641CAC4202D23E5D002EF3D12046BDE89E
:10A8E000F08100002DE9F047026A00F11405816A49
:10A8F0000446D0F810800126881810F8010C3F2873
:10A9000004D0002794F8380010B107E00127F9E7D8
:10A9100027B1012220461CA101F016FC4FF00009CE
:10A9200084F83990C4F83090C4F83490C4F8949006
:10A93000D8F80410A9B120468847012894F83900B6
:10A9400006D030B96FF0C7012046FDF7A2FF00E046
:10A9500008B1002605E094F8380010B10FB184F872
:10A960003890A968D5E900020844904208D994F8C3
:10A97000390028B96FF06B012046FDF78AFF0026E9
:10A980003046BDE8F08700003B0000002DE9F041B3
:10A99000134C0F460546E6682068001D01F04CF98F
:10A9A000681C07D137B12168BDE8F0410D48091D89
:10A9B00001F096B920683544B5424560216805D25A
:10A9C000206C091DBDE8F04101F072B9E06B091D72
:10A9D00001F06EF9A06A854200D2A562BDE8F0815F
:10A9E00034000024480C00242DE9F041054601F014
:10A9F00083F92D4C2D4FA068401CA060206810B139
:10AA0000606930B32BE02560A068012827D10026BB
:10AA100006EB860007EB800001F03CF9761C382E2F
:10AA2000F6D3234801F036F92148143001F032F909
:10AA30001F48283001F02EF91D483C3001F02AF95A
:10AA40001B48503001F026F91948E06314302064A7
:10AA500005E0E86A2168C96A814200D82560606A19
:10AA6000401C60626864E86A2169884200D92061FC
:10AA700000EB8000291D07EB800001F031F901F0A7
:10AA80005BF9606900280CD02068E96AC06A8842D6
:10AA900007D208494FF080500860BFF34F8FBFF3D3
:10AAA0006F8FBDE8F0810000340000249807002477
:10AAB000F80B002404ED00E038B501F01DF9104C4E
:10AAC0002068C8B90F4801F0E5F80E48143001F0CD
:10AAD000E1F80C490020E16014312161A1F5827395
:10AAE0000090A1F1B40210210A2001F0FEFB2060C9
:10AAF00010B105A101F0A2F9BDE8384001F01CB980
:10AB0000780000244C0D0024546D725100000000A8
:10AB100030B4026C0B46002A0BD0D0E9024111443C
:10AB2000C160A14201D30168C160184630BCF7F78B
:10AB30003FBE30BC70472DE9F041856B1746026C73
:10AB40000446002682B1C7B1E068F7F731FEE1683C
:10AB5000206C2268091AE160914202D2A168081AA9
:10AB6000E060022F16D017E02068A8B9A06802F0B4
:10AB70002BF906460020A0600EE06068F7F718FE8B
:10AB8000D4E90101226C10446060884204D320683B
:10AB9000606001E005B16D1E6D1CA5633046BDE827
:10ABA000F08110B5044690F85D0058B101280CD032
:10ABB00002280FD0502080F31188BFF34F8FBFF3CE
:10ABC0006F8FFEE7206B01F0CBF82046BDE8104008
:10ABD00001F0C6B810BD000011484FF4003110B5A7
:10ABE000420706D00E49C01D20F00700411AC1F5EA
:10ABF00000310C4C002301440839A4F1180221F063
:10AC00000701C4E900030C1A11604B600B60C0E936
:10AC1000001494604FF000415460516110BD000079
:10AC200034180024A8000024144E4FF08058144C0F
:10AC3000DFF85090A6F29C4712E000BF01F05CF8EC
:10AC4000F068C568281D00F0F7FFA068401EA060EE
:10AC50006068401E606001F06FF82846FFF7A1FFB2
:10AC600060680028EAD138680128F9D9C9F800805D
:10AC7000BFF34F8FBFF36F8FF2E70000340C002457
:10AC80003400002404ED00E0002807D0002181609A
:10AC900001600B460A46C16001F0A4BB704700008A
:10ACA00070B51D46049C51B1C4F80020C4E90F01E1
:10ACB0000121204601F04CFB84F84C5070BD24600B
:10ACC000F4E72DE9F05F88469A4691001546DDE9E4
:10ACD0000B940A9EA5228346206BF7F722FE206B79
:10ACE0006FF0030101EB8501084420F007077807A6
:10ACF00007D0502080F31188BFF34F8FBFF36F8FC1
:10AD0000FEE7B8F1000F4FF000050ED0002022182A
:10AD100018F8001082F8341018F8001011B1401C17
:10AD20001028F4D384F8435001E084F83450382ECE
:10AD300000D33726E662201DC4E9136500F0B5FF95
:10AD400004F1180000F0B1FF6565C6F13800A56593
:10AD5000A06184F85C5052462461594638466462CA
:10AD600000F06CFAB9F1000F206001D0C9F8004082
:10AD7000BDE8F09F30B5114900E011460A688242F3
:10AD8000FBD34B685C18844203D1446808462344D3
:10AD90004B6043681D18954209D1084C183C246843
:10ADA000A24209D052681A4442600A6812680260DE
:10ADB000814200D0086030BD0460F9E7A80000249B
:10ADC00070B50D4D914241604FF00004006106D80E
:10ADD0008169D21A8A4206D2011D286907E09A4287
:10ADE00003D2994201D3012403E0011DE86800F079
:10ADF0005FFF204670BD00007800002410B50446B7
:10AE000000F07AFFA06B28B15FF0000400F094FF1F
:10AE1000204610BD0124F9E730B53C4D89B06BE008
:10AE20000498002806DA059ADDE90601904704989F
:10AE3000002861DB069C606910B1201D00F0FCFE5B
:10AE400003A800F0D5F8024604980A2854D2DFE897
:10AE500000F00505052D304705052D3094F8280034
:10AE600040F0010084F82800A06905990B460144D0
:10AE70002046FFF7A5FF50B3216A2046884794F883
:10AE80002800400738D50020009005980023A169CC
:10AE900042181946204602F0DDF8C0B9502080F370
:10AEA0001188BFF34F8FBFF36F8FFEE794F8280030
:10AEB0001EE094F8280040F0010084F8280005986E
:10AEC000A06128B1811813462046FFF779FF13E0EF
:10AED000502080F31188BFF34F8FBFF36F8FFEE7D1
:10AEE00094F82800810703D4204600F039FF03E0DE
:10AEF00020F0010084F828002868002204A901F04D
:10AF00009FFB00288CD109B030BD000078000024E0
:10AF10002DE9FC410F46054601F0BCF801A800F000
:10AF200067F80446019818B102F002F8BDE8FC8108
:10AF3000254EAFB130690068D0B300273068291BB7
:10AF40003A4600F08FFF01F0F3FF0028EED11F49D1
:10AF50004FF080500860BFF34F8FBFF36F8FE5E76E
:10AF6000A542EBD801F0E4FFF0682746C068C4684A
:10AF7000201D00F061FE94F82800410719D5A06952
:10AF80002B463A4641192046FFF71AFFA8B1002088
:10AF90002A46034601460090204602F05BF860B95D
:10AFA000502080F31188BFF34F8FBFF36F8FFEE700
:10AFB00007E020F0010084F82800216A2046884735
:10AFC000B4E70127BAE700007800002404ED00E0B0
:10AFD0000648C16B096829B1C16BC968C96849686D
:10AFE000816270474FF0FF31FAE70000340000241F
:10AFF00070B5054601F038FE064E0446B06884423E
:10B0000003D200F009F8012000E00020286020466B
:10B01000B46070BD78000024F8B5194D20E0C06818
:10B02000C4680668201D00F007FE216A2046884794
:10B0300094F82800400713D5A0693044B04206D9DF
:10B040002461211D6060E86800F032FE08E0002005
:10B050003246034601460090204601F0FBFF38B11E
:10B06000E86801680029DAD12969C5E90310F8BD4B
:10B07000502080F31188BFF34F8FBFF36F8FFEE72F
:10B080007800002408484068401C4FF0500080F3CE
:10B09000118804D0BFF34F8FBFF36F8FFEE7BFF36C
:10B0A0004F8FBFF36F8FFEE7B0000024074CE068BE
:10B0B000016841B1C0680021D0F80000FFF728FF07
:10B0C000FFF7AAFEF3E701210020F7E7780000244C
:10B0D0002DE9F041044600F00FFE94F9455004F1CB
:10B0E000240609E0606A48B1304601F0E9FE08B183
:10B0F00000F008FF6D1E6DB2002DF3DC4FF0FF363F
:10B1000084F8456000F018FE00F0F6FD94F9445014
:10B1100004F1100709E0206948B1384601F0D0FE7B
:10B1200008B100F0EFFE6D1E6DB2002DF3DC84F867
:10B130004460BDE8F04100F0FFBD00002DE9F041A2
:10B140000027044600F0A6FF354E306808B9FFF727
:10B1500043FD7069044216D1ACB1083460070ED0CB
:10B1600004F00700C0F108000444600707D0502035
:10B1700080F31188BFF34F8FBFF36F8FFEE714B1D9
:10B180007068844202D901F0D3FE39E024481830B7
:10B1900001460D6801E028460D466968A14202D2C9
:10B1A00029680029F7D131688D42ECD007682968F9
:10B1B000016008376868011B10290ED92819420759
:10B1C00007D0502080F31188BFF34F8FBFF36F8FEC
:10B1D000FEE741606C60FFF7CDFD69687068401A5A
:10B1E0007060B268904200D2B06000207269114372
:10B1F000C5E90001F068401CF06001F099FE0FB94C
:10B2000000F046FD780707D0502080F31188BFF387
:10B210004F8FBFF36F8FFEE73846BDE8F081000027
:10B22000900000240449086818B10868026D521C97
:10B2300002650868704700003400002470B5041FE0
:10B24000094E231F4FF0807521F0010125601C1F5E
:10B250001960A0F120010B1F266044380A606FF0CE
:10B2600002051D6070BD000085B000902DE9F84F0B
:10B2700004464068486000270D468046232120464A
:10B2800000F0F1FB4FF01A0ABB46C0B32046FEF7B0
:10B2900069FD30BB606881460678F7F7DDF80090FD
:10B2A0000068805D20281CD1302E1AD0303E09F174
:10B2B0000100606012E02046FEF754FD80B900995D
:10B2C000606809680278895C202909D107EB870149
:10B2D000401C6060490030395718761E002EEADCA9
:10B2E00076B12046FEF73EFD48B100BF85F800A0CC
:10B2F000C5F808B0A16820680844606014E00DE05B
:10B30000D4E90010A2683844606011448142EDD352
:10B31000C11BC5E901170D20287005E085F800A0C4
:10B3200069686160C5F808B0D5E90112A1EB0800B1
:10B330001044BDE8F88F70B5044640680D4648607B
:10B340002046FEF70FFDF8B9F7F786F80646606865
:10B3500031680278895C11F0980F15D0401C60604C
:10B360002046FEF7FFFC10B10EE06068F6E761686A
:10B3700030680978405C10F0380FF6D15F21204624
:10B38000FEF7E8FC0028F0D160686968401AA86000
:10B39000002801DD092100E01A21297070BD10B5D7
:10B3A0000C46416861602C2100F05DFB00284FF0E5
:10B3B000000003D00121A160207002E0A0601A21EA
:10B3C0002170A06810BD70B5044640680D46486005
:10B3D000204600F095FB204600F07CFB2E2106461F
:10B3E000204600F040FB18B1204600F073FB0644F5
:10B3F000DEB16668204600F0EDFB2046FEF7B2FCA9
:10B4000088B961680878652801D045280BD1491CA6
:10B410002046616000F0DEFB204600F071FB204614
:10B4200000F058FB18B9666001E068686060606809
:10B430006968401AA860002801DD0A2100E01A218D
:10B44000297070BDFEF78EBC70B505464068486037
:10B450000C460D21284600F006FB0A21284600F084
:10B4600002FB69686068091AA160002902DD0520F5
:10B47000207004E01A22227068600021A160084652
:10B4800070BD2DE9F0410446406848600E46232116
:10B49000204600F0E8FA00284FF0000769D0204667
:10B4A000FEF760FC002864D16068017868290AD042
:10B4B000482908D071291ED051291CD0622939D0C1
:10B4C000422937D055E0401C6060002502E0401C56
:10B4D00060606D1C2046FEF745FC50B9F6F7BCFFD6
:10B4E0000146606809680278895C81EA8101090681
:10B4F000EDD406202CE0401C606000252046FEF7BD
:10B5000031FC88B96168087830280FD031280DD017
:10B5100032280BD0332809D0342807D0352805D05D
:10B52000362803D0372801D0072011E0491C61607C
:10B530006D1CE3E7401C606000252046FEF712FC0E
:10B5400028B96168087830280FD031280DD008203C
:10B55000307075B17068801C70606168081AB060E6
:10B5600000280BDD801CBDE8F081491C61606D1C6A
:10B57000E3E71A20307070686060B7600020F2E77F
:10B5800070B5054640680C4648602846FEF7EAFB61
:10B590004FF0000670BB28212846FEF7DBFB48B3BE
:10B5A000686811E068680178A1F120025E2A12D86B
:10B5B000222910D023290ED027290CD028290AD0DF
:10B5C000292908D03B2906D0401C68602846FEF790
:10B5D000C9FB0028E6D02846FEF7C4FB80B9292124
:10B5E0002846FEF7B7FB58B16868401C6860616880
:10B5F000401AA060A068002803DD1020207005E03C
:10B60000A6601A20207060686860A660A06870BD9F
:10B610002DE9F0410C46416805461A206160207012
:10B620002846FEF79FFB4FF00006E0B92A21284686
:10B63000FEF790FBB8B16868401C6860284600F0CF
:10B6400070FA00280AD001DB01280ADB3F212846D6
:10B6500000F009FA012810DB16200FE02846FEF75B
:10B6600081FB14200AE0284600F00FFA074628461E
:10B6700000F057FA012809DA0EE01320207013E0D9
:10B68000284600F04EFA002814DB08D0284600F0C7
:10B69000FCF90028F4D10DE000280BDB0FB11220DB
:10B6A000ECE720781A280FD068686168401AA0601B
:10B6B000BDE8F0813F21284600F0D5F9012801DBE3
:10B6C0001520DBE71120D9E7A66060686860A068F4
:10B6D000EEE710B50C46416861603B2100F0C3F90C
:10B6E00010B10120A06002E00021A1601A202070AA
:10B6F000A06810BD70B5044640680D4648602046FD
:10B70000FEF730FB58BB60680178222902D0272958
:10B710000ED027E0401C60600F21204629702221B6
:10B7200000F02FFA2046FEF71DFBC8B922210CE0DD
:10B73000401C60600E2120462970272100F021FA6C
:10B740002046FEF70FFB58B927212046FEF702FBE3
:10B7500030B16068401C60606968401AA86001E010
:10B760006868606060686968401AA860002804DC46
:10B770001A222A7061600020A86070BD2DE9F04196
:10B780000546406848600C462F21284600F06BF9BA
:10B79000284600F051F94FF00007E0B12D2128466E
:10B7A00000F061F9284600F081F92846FEF7DAFA40
:10B7B00088B92F212846FEF7CDFA2E2106462846C5
:10B7C000FEF7C8FA064306D06868401C6860284641
:10B7D00000F032F9E2E769686068091AA16000299F
:10B7E00002DD0C20207003E01A2121706860A76040
:10B7F000A068BDE8F08170B5054640680C46486019
:10B80000284600F0E7F968686168401AA0600028DF
:10B8100001DD172100E01A21217070BD2DE9F041F2
:10B8200086B004460026049103916946059286611C
:10B8300003A8FFF7E0FF03A82146FFF7E9FE010098
:10B8400004F10C0817D403A86946FFF7D4FF0028B9
:10B8500006DD04F11802414603A800F03AF803E0BF
:10B8600004994046FEF770FA03A86946FFF7ECFD1D
:10B87000050006D00AE003992046FEF765FA039911
:10B88000EFE703A86946FFF724FF054603A8FFF783
:10B89000D9FD4FF0010750B94DB904981921401C4A
:10B8A0000490A760404621700399FEF74DFA9DF879
:10B8B0000000012808D0052809D02677DDE903100B
:10B8C00006B0401ABDE8F08102202077F6E727771E
:10B8D000F4E72DE9FE4380460C464FF0FF378F60BA
:10B8E00018200870D8F80410002501201646616061
:10B8F000A16808446946A060404600F019F89DF828
:10B9000000101A290AD0A1686D1C08446946A0607D
:10B910004046FFF744FD0028EAD104E01A212170D7
:10B9200000203D46A06006B13560A068BDE8FE83FA
:10B930002DE9FE430D4680466946FFF75CFF06464B
:10B9400029464046FFF79DFD04002ED1294640467A
:10B95000FFF7F1FC040028D129464046FFF733FDEC
:10B96000040011D069464046FFF745FF0746694687
:10B970004046FFF703FF002817DDA9683A180B209F
:10B9800028708C18AC6010D129464046FFF7B2FEF3
:10B9900004000AD129464046FFF768FC040004D1A0
:10B9A00029464046FFF7ECFD044669464046FFF74E
:10B9B00022FF30442044BDE8FE8300002DE9FF4112
:10B9C00000264FF6FF7710251A4801243A46CDE9A4
:10B9D0000246CDE900456946FBF7EAFB0120F9F78D
:10B9E00057F802203A46CDE9000512486946CDE9EC
:10B9F0000246FBF7DDFB08210396032000900D486B
:10BA00003A46CDE901516946FBF7D2FB4FF4087184
:10BA10003A460420CDE90005CDE9024105486946D2
:10BA2000FBF7C6FB034840F29631FBF7A9FBBDE8E4
:10BA3000FF810000D001002470B50024054602E01B
:10BA4000401C6860641C2846FEF78CF948B9F6F77C
:10BA500003FD0146686809680278895C11F0980F57
:10BA6000EED1204670BD70B50D460446FEF77AF95A
:10BA700048B929462046FEF76DF920B16068401CA0
:10BA80006060012070BD002070BD10B50446FEF757
:10BA900069F948B93A212046FEF75CF920B160689F
:10BAA000401C6060012010BD002010BD10B5044690
:10BAB000FEF758F940B9F6F7CFFC0146606809680F
:10BAC0000278895C202901D0002010BD401C6060F4
:10BAD000012010BD70B50024054602E0401C6860DE
:10BAE000641C2846FEF73EF940B9F6F7B5FC01465E
:10BAF000686809680278895C2029EFD0204670BD0B
:10BB000010B50446FEF72EF928B9606801782B2994
:10BB100003D02D2901D0002010BD401C6060012001
:10BB200010BD70B545680446FEF71CF9F8B9F6F784
:10BB300093FC0646606831680278895C11F0980FC2
:10BB400015D0401C60602046FEF70CF910B10EE0E5
:10BB50006068F6E7616830680978405C10F0380F7B
:10BB6000F6D15F212046FEF7F5F80028F0D12046F7
:10BB7000FEF7F8F80028606801D0281A70BD401B55
:10BB800070BD70B50D4604461AE0606800787F28E5
:10BB900004D829462046FEF7DDF870B160680178C8
:10BBA000A94212D1401C60602046FEF7DBF868B95C
:10BBB00029462046FEF7CEF840B16068401C606020
:10BBC0002046FEF7CFF80028DFD070BD6068401E29
:10BBD000606070BD70B5002405462846FEF7C2F8C7
:10BBE00028B968680178202903D0092901D02046A6
:10BBF00070BD401C6860641CEFE738B50C46054614
:10BC00006946F6F765FD20600098401B38BD30B5E9
:10BC1000451809E0114603E0A34201D1401E30BDA2
:10BC200011F8013B002BF7D1854203D010F8014BEE
:10BC3000002CEFD1002030BDD0E9013201699A60BB
:10BC4000D0E901235A604A68824201D182684A6081
:10BC5000002202610868401E086008687047000002
:10BC600010B5044C8023046004F160000860136088
:10BC700010BD0000740D002410B5044C4FF4007387
:10BC8000046004F160000860136010BDD40F00244C
:10BC9000704770474FF0FF3300F108010022C0E900
:10BCA00001130260C16001617047002101617047AA
:10BCB00030B50B685A1C02D000F1080202E002699C
:10BCC00004E02246546825689D42FAD953684B60C7
:10BCD00099608A60516008610168491C016030BD4B
:10BCE00042684A6093688B6093685960916008610C
:10BCF0000168491C01607047502080F31188BFF330
:10BD00004F8FBFF36F8F0A494868401C4860012875
:10BD10000CD10848006810F0FF0F07D0502080F3C6
:10BD20001188BFF34F8FBFF36F8FFEE7704700009E
:10BD3000B000002404ED00E00849486828B1401E26
:10BD4000486001D180F311887047502080F311883A
:10BD5000BFF34F8FBFF36F8FFEE70000B0000024EA
:10BD600070B500282AD0164DA0F1080461686869F2
:10BD7000014207D1502080F31188BFF34F8FBFF3EA
:10BD80006F8FFEE722683AB1502080F31188BFF32D
:10BD90004F8FBFF36F8FFEE78143616000F07AF948
:10BDA00060686968084468602046FEF7E3FF286918
:10BDB000401C2861BDE8704001F0BAB870BD0000B9
:10BDC000900000244FF0E020002101614FF47A72CE
:10BDD0008161072303490968B1FBF2F1491E416102
:10BDE000036170472800002410B5F6F70BFB1149DA
:10BDF00010280ED300F1E0200A7890F8F00390426A
:10BE000007D2502080F31188BFF34F8FBFF36F8F9D
:10BE1000FEE709488968006800F4E060884207D9B5
:10BE2000502080F31188BFF34F8FBFF36F8FFEE771
:10BE300010BD0000B00000240CED00E0084B5FF0E6
:10BE4000000210B553F832401CB1521C082AF9D335
:10BE500010BD03EBC20443F83210606010BD000057
:10BE60005807002470B515460E460446FFF744FFF8
:10BE700094F944100020491C01D184F8440094F93D
:10BE80004510491C01D184F84500FFF755FFA06B10
:10BE900028B904F124002A46314600F051F8204622
:10BEA000BDE87040FFF714B9020010B514D00F4878
:10BEB000006B38B1502080F31188BFF34F8FBFF370
:10BEC0006F8FFEE700F0E6F800211046FEF75EFDFA
:10BED00001F02EF8002807D105494FF08050086086
:10BEE000BFF34F8FBFF36F8F10BD000034000024ED
:10BEF00004ED00E002490A6A0260C96841607047C7
:10BF00003400002401490120C86170473400002436
:10BF100010B50C4650B1094909681831FFF7C8FE41
:10BF20002046BDE810400121FEF730BD502080F3CF
:10BF30001188BFF34F8FBFF36F8FFEE734000024EB
:10BF400070B514460D4668B10A4909681831FFF703
:10BF5000C7FE0CB14FF0FF3521462846BDE87040C2
:10BF6000FEF714BD502080F31188BFF34F8FBFF34D
:10BF70006F8FFEE73400002470B5002804463ED0E1
:10BF8000226DA2B1E06C884200D30146E06A88428B
:10BF900035D0012A33D11A4D2A6894420FD150204E
:10BFA00080F31188BFF34F8FBFF36F8FFEE75020F0
:10BFB00080F31188BFF34F8FBFF36F8FFEE7A26945
:10BFC000E162002A02DBC1F13801A1610D4E00EBF4
:10BFD0008000616906EB8000814210D1201DFFF7CF
:10BFE0002BFEE06A2969884200D9286100EB8000B5
:10BFF000211D06EB8000BDE87040FFF771BE70BDEB
:10C00000340000249807002430B587B0002405AA26
:10C0100004A9039403A80494FFF722FEDDE90301B9
:10C0200000940023CDE90110184816A1059A00F0EC
:10C03000EAFC174D0028E86221D000F0DBFF012860
:10C0400009D0401C1BD1502080F31188BFF34F8FC3
:10C05000BFF36F8FFEE7502080F31188BFF34F8F3F
:10C06000BFF36F8F01214FF0FF30A8626961EC6070
:10C07000FDF70FFE07B0BDE8304000F06DB807B027
:10C0800030BD000049444C450000000029AC009040
:10C09000340000240248016B491C01637047000012
:10C0A0003400002410B5264C206B10B10120E06153
:10C0B00010BD0020E061FDF745FEA063616B884282
:10C0C00004D9421A21684B6D1A444A6560634FF0E7
:10C0D000A5312068006B02688A4208D142688A4212
:10C0E00005D182688A4202D1C068884204D02168A2
:10C0F00020683431FFF7CDFD1249206901E0B8B165
:10C10000401E00EB800251F82220002AF7D000EBFD
:10C11000800201EB820101F108034A6852684A601B
:10C120009A4201D152684A60D1682160206110BDF5
:10C13000502080F31188BFF34F8FBFF36F8FFEE75E
:10C1400034000024980700241AB111B1C36A5B6857
:10C15000184700207047000037481CB5374902686F
:10C160008A4207D1502080F31188BFF34F8FBFF36D
:10C170006F8FFEE731490068491E884207D1502081
:10C1800080F31188BFF34F8FBFF36F8FFEE72C4909
:10C19000FF200A780192087008788DF800009DF859
:10C1A00000209DF8000002F0F002824207D05020EB
:10C1B00080F31188BFF34F8FBFF36F8FFEE79DF8B9
:10C1C000002007201F4C02F050022270A06005E002
:10C1D0009DF8002052008DF80020401E9DF80020A0
:10C1E0001206F5D40328A06007D0502080F31188F0
:10C1F000BFF34F8FBFF36F8FFEE74FF44070A06027
:10C20000019808700C482030016841F47001016009
:10C21000016841F070410160FFF7D4FD00206060CB
:10C22000F6F7B8F80848016841F040410160F6F7B8
:10C230009DF800201CBD000000ED00E071C20F4120
:10C2400000E400E0B000002434EF00E0502010B51E
:10C2500080F31188BFF34F8FBFF36F8F00F00AFD9B
:10C2600018B104494FF080500860002080F3118815
:10C2700010BD000004ED00E000210246012010B5D1
:10C2800000F012F80446FEF7FFFC204610BD38B55A
:10C2900000220B4611460090012000F026F80446CB
:10C2A000FEF7F2FC204638BDF8B5050017460E46ED
:10C2B00013D005FB06F05030FEF740FF04000AD013
:10C2C000002084F8460004F150023B4631462846DF
:10C2D0000094FEF7E5FC2046F8BD502080F311885D
:10C2E000BFF34F8FBFF36F8FFEE7F8B5069D18B110
:10C2F00053B1CAB181B120E0502080F31188BFF35F
:10C300004F8FBFF36F8FFEE7502080F31188BFF38C
:10C310004F8FBFF36F8FFEE7502080F31188BFF37C
:10C320004F8FBFF36F8FFEE739B1502080F3118834
:10C33000BFF34F8FBFF36F8FFEE750241C460126DB
:10C3400083F8466000932B46FEF7AAFC2046F8BD12
:10C350002DE9F04704008A4629D0FFF7CDFC21687B
:10C360000025D4E90F23D4F840C004F1100810468A
:10C370000E46401E4FF0FF3902FB031200FB0C106B
:10C38000BAF1000FA563666084F8449084F8459084
:10C39000C4E9022013D04046FFF77CFC04F12400DE
:10C3A000FFF778FCFFF7C8FC0120BDE8F0875020BC
:10C3B00080F31188BFF34F8FBFF36F8FFEE72069C3
:10C3C0000028EFD0404600F07BFD0028EAD0044969
:10C3D0004FF080500860BFF34F8FBFF36F8FE1E7DE
:10C3E00004ED00E02DE9FF4704001D4682B08A46B7
:10C3F0004FF0000803D0BAF1000F08D011E0502030
:10C4000080F31188BFF34F8FBFF36F8FFEE7206C6F
:10C4100038B1502080F31188BFF34F8FBFF36F8F77
:10C42000FEE7022D0AD1E06B012807D0502080F3EF
:10C430001188BFF34F8FBFF36F8FFEE700F006FC4C
:10C440003F4F4FF080564FF0000948B9049838B17B
:10C45000502080F31188BFF34F8FBFF36F8FFEE73B
:10C46000FFF74AFCA06BE16B884207D3022D05D091
:10C470000498D0B1B8F1000F1AD01EE02A465146F8
:10C480002046FEF758FB616A19B104F1240000F060
:10C4900017FD20B13E60BFF34F8FBFF36F8FFFF7E3
:10C4A0004BFC012006B0BDE8F087FFF745FC22E019
:10C4B0006846FFF71FFD4FF00108FFF73DFCFFF74F
:10C4C000E9FDFFF719FC94F94400401C01D184F800
:10C4D000449094F94500401C01D184F84590FFF741
:10C4E0002BFC04A9684600F025FA30B12046FEF77F
:10C4F000EFFD00F01DFD0020D4E7FFF7FDFBA06B72
:10C50000E16B884213D1FFF717FC049904F1100086
:10C51000FFF7FEFC2046FEF7DBFD00F009FD0028DA
:10C520009ED13E60BFF34F8FBFF36F8F98E7FFF749
:10C5300003FC2046FEF7CCFD00F0FAFC90E700007B
:10C5400004ED00E02DE9F04704001F4690468946BF
:10C5500003D0B9F1000F08D011E0502080F311880A
:10C56000BFF34F8FBFF36F8FFEE7206C38B15020C1
:10C5700080F31188BFF34F8FBFF36F8FFEE7022F59
:10C580000AD1E06B012807D0502080F31188BFF357
:10C590004F8FBFF36F8FFEE7FFF726FC5020EFF3BE
:10C5A000118680F31188BFF34F8FBFF36F8FA06B9D
:10C5B000E16B884206D3022F04D0002086F3118855
:10C5C000BDE8F08794F94550A06B3A4649462046AD
:10C5D000FEF7B1FA681C04D06D1C84F845500120A8
:10C5E000ECE7606A0028FAD004F1240000F068FC4F
:10C5F0000028F4D0B8F1000FF1D00121C8F80010E4
:10C60000EDE710B5040009D000F01AFBA1688842DC
:10C6100014D1E068401EE06008D00DE0502080F3A7
:10C620001188BFF34F8FBFF36F8FFEE700232046C3
:10C630001A461946FFF7D6FE012010BD002010BD96
:10C640002DE9F74704008A4683B04FF0000603D077
:10C65000BAF1000F08D011E0502080F31188BFF329
:10C660004F8FBFF36F8FFEE7206C38B1502080F3FF
:10C670001188BFF34F8FBFF36F8FFEE700F0E6FA2C
:10C68000DFF8F4804FF080574FF0000948B9059863
:10C6900038B1502080F31188BFF34F8FBFF36F8FF5
:10C6A000FEE7FFF729FBA56BC5B151462046FEF713
:10C6B0002FFA6D1EA563206950B104F1100000F03F
:10C6C000FFFB28B1C8F80070BFF34F8FBFF36F8F27
:10C6D000FFF732FB012006B0BDE8F087059808B1EE
:10C6E0001EB106E0FFF728FB27E06846FFF702FCD3
:10C6F0000126FFF721FBFFF7CDFCFFF7FDFA94F9C8
:10C700004400401C01D184F8449094F94500401C39
:10C7100001D184F84590FFF70FFB05A9684600F0AA
:10C7200009F9002820460AD0FEF7D2FC00F000FCF0
:10C730002046FEF763FB0028B3D00020CBE7FEF7CE
:10C740005DFB90B1059904F12400FFF7E1FB204661
:10C75000FEF7BEFC00F0ECFB0028A2D1C8F8007088
:10C76000BFF34F8FBFF36F8F9BE72046FEF7B0FC00
:10C7700000F0DEFB95E7000004ED00E02DE9F34357
:10C780004FF000060400354683B009D0206C78B124
:10C79000502080F31188BFF34F8FBFF36F8FFEE7F8
:10C7A000502080F31188BFF34F8FBFF36F8FFEE7E8
:10C7B00000F04CFADFF83C814FF080574FF0000951
:10C7C00048B9049838B1502080F31188BFF34F8FD7
:10C7D000BFF36F8FFEE7FFF78FFAA06BC8B1216838
:10C7E000401EA06311B9FEF71DFDA060206950B185
:10C7F00004F1100000F064FB28B1C8F80070BFF32A
:10C800004F8FBFF36F8FFFF797FA012005B0BDE898
:10C81000F083049808B166B10FE03DB1502080F379
:10C820001188BFF34F8FBFF36F8FFEE7FFF784FAD6
:10C830005EE06846FFF75EFB0126FFF77DFAFFF733
:10C8400029FCFFF759FA94F94400401C01D184F8FF
:10C85000449094F94500401C01D184F84590FFF7BD
:10C860006BFA04A9684600F065F80028204612D04B
:10C87000FEF72EFC00F05CFB2046FEF7BFFA002816
:10C88000A9D075B3FFF738FA606A58B3206B006817
:10C89000C0F1380128E0FEF7B1FAE0B1206838B9FC
:10C8A000FFF72AFAA06800F0CDFA0546FFF744FA30
:10C8B000049904F12400FFF72BFB2046FEF708FC47
:10C8C00000F036FB002886D1C8F80070BFF34F8F08
:10C8D000BFF36F8F7FE72046FEF7FAFB00F028FBDF
:10C8E00079E705E0FFE70021A068FFF745FB9DE73A
:10C8F00000208BE704ED00E070B504000D4607D082
:10C9000000F09EF9A16888420AD1E16801200EE09A
:10C91000502080F31188BFF34F8FBFF36F8FFEE776
:10C9200029462046FFF72AFF002802D0E168491C6B
:10C93000E16070BD2DE9F04105000C4612D0CCB18C
:10C94000FFF7DAF9184E2068F268471C6B68A2EB13
:10C95000030117D02F68366AB74215D0934213D817
:10C9600001251CE0502080F31188BFF34F8FBFF3E7
:10C970006F8FFEE7502080F31188BFF34F8FBFF316
:10C980006F8FFEE700250AE0884205D9401A206033
:10C990002846FFF7AFFAF5E7002020600125FFF7F2
:10C9A000CBF92846BDE8F081340000242DE9FF5F73
:10C9B000994616468A4683469000DDE90E87FEF7C3
:10C9C000BDFB05001CD06020FEF7B8FB040014D0AE
:10C9D0000020256384F85D004B46CDE90087CDE952
:10C9E0000240324651465846FEF76BF92046FDF7A5
:10C9F000FBFF012004B0BDE8F09F2846FFF7B0F927
:10CA00004FF0FF30F6E7F0B585B0DDE90B740A9D15
:10CA1000A7B1DCB160262763022684F85D60002799
:10CA200003970DF1100C0095CDE901C4FEF749F90B
:10CA30002046FDF7D9FF049805B0F0BD502080F3E3
:10CA40001188BFF34F8FBFF36F8FFEE7502080F345
:10CA50001188BFF34F8FBFF36F8FFEE72DE9F041D1
:10CA60001F4690460D464FF0010690B10446FFF771
:10CA700043F90FB1A06D3860022294F85C0084F88D
:10CA80005C20B8F1050F19D2DFE808F0230B0E1473
:10CA90001200502080F31188BFF34F8FBFF36F8FC8
:10CAA000FEE7A16D294301E0A16D491CA16510E0DD
:10CAB000022801D0A5650CE0002634E0A16D491CD8
:10CAC00007D0502080F31188BFF34F8FBFF36F8FD3
:10CAD000FEE7012827D1201DFFF7AEF8144DE06ACC
:10CAE0002969884200D9286100EB8000114901EBD7
:10CAF0008000211DFFF7F4F8A06A38B1502080F3C0
:10CB00001188BFF34F8FBFF36F8FFEE72868E16A8C
:10CB1000C06A814207D908494FF080500860BFF3CE
:10CB20004F8FBFF36F8FFFF707F93046BDE8F081F5
:10CB3000340000249807002404ED00E02DE9F047BC
:10CB400004001F4692460D46DDF820904FF0010884
:10CB50001AD0FFF749F95020EFF3118680F31188BE
:10CB6000BFF34F8FBFF36F8F0FB1A06D38600222FC
:10CB700094F85C0084F85C20BAF1050F1AD2DFE863
:10CB80000AF0240B0E141200502080F31188BFF31A
:10CB90004F8FBFF36F8FFEE7A16D294301E0A16DB9
:10CBA000491CA16511E0022801D0A5650DE04FF0F8
:10CBB00000083AE0A16D491C07D0502080F311888D
:10CBC000BFF34F8FBFF36F8FFEE701282DD1A06A0F
:10CBD00038B1502080F31188BFF34F8FBFF36F8FB0
:10CBE000FEE7144D286B18B1134804F118010DE04D
:10CBF000201DFFF721F8E06A2969884200D92861E1
:10CC000000EB80000D4901EB8000211DFFF768F863
:10CC1000E06A2968C96A884207D9B9F1000F4FF064
:10CC2000010001D0C9F80000E86186F31188404690
:10CC3000BDE8F08734000024200C0024980700246D
:10CC4000014800687047000034000024054841692D
:10CC500019B1006B18B10020704701207047022005
:10CC600070470000340000240148C068704700008D
:10CC7000340000242DE9F0412E4C206B002728B110
:10CC8000A069401CA0613846BDE8F081E668761CCA
:10CC9000E66013D1E06B006838B1502080F3118852
:10CCA000BFF34F8FBFF36F8FFEE7E06B216CE16343
:10CCB0002064206A401C2062FEF78AF9DFF8788041
:10CCC000A06A864209D3E06B0068A0B1E06BC0683F
:10CCD000C5686868864211D2A0622068C06A00EB0D
:10CCE000800158F82100012800D90127E0690028B7
:10CCF000C9D00127C7E74FF0FF30EDE7281DFEF749
:10CD00009BFFA86A18B105F11800FEF795FFE86AC5
:10CD10002169884200D9206100EB800108EB810085
:10CD2000291DFEF7DDFF2068E96AC06A8142CAD387
:10CD30000127C8E734000024980700242DE9F041BA
:10CD40001E46154688460746FEF7D6FF1C4C20684F
:10CD500090F85C00022814D02068816DB943816589
:10CD60002168012081F85C005EB101213046FDF7A9
:10CD70000DFE14494FF080500860BFF34F8FBFF392
:10CD80006F8FFEF7D9FFFEF7B7FF15B12068806DF2
:10CD90002860206890F85C00022801D0002505E09A
:10CDA0002068816D21EA0801816501252168002044
:10CDB00081F85C00FEF7C0FF2846BDE8F081000066
:10CDC0003400002404ED00E070B504464FF000018B
:10CDD00090B31A4D2868844207D0502080F3118800
:10CDE000BFF34F8FBFF36F8FFEE7206D38B1E36C59
:10CDF000401EE26A20659A421ED040B11CE05020DD
:10CE000080F31188BFF34F8FBFF36F8FFEE7201DB4
:10CE1000FEF712FFE06CC0F13801A161E062296900
:10CE2000884200D9286100EB8000054901EB8000B1
:10CE3000211DFEF755FF0121084670BD3400002476
:10CE40009807002470B5002804464FF000002BD04E
:10CE5000194DE16A2A68D26A914226D2A069002857
:10CE600004DB2868C06AC0F13800A061134E01EBF2
:10CE70008101606906EB8101884211D1201DFEF716
:10CE8000DBFE2868C06AE0622969884200D928610F
:10CE900000EB8000211D06EB8000FEF721FF02E081
:10CEA0002868C06AE062012070BD2968E26CC96A26
:10CEB0008A42F8D370BD0000340000249807002493
:10CEC00070B5C068C46854B104F118000646FEF796
:10CED000B3FE144D286B50B11348314615E0502075
:10CEE00080F31188BFF34F8FBFF36F8FFEE7201DD4
:10CEF000FEF7A2FEE06A2969884200D9286100EBAA
:10CF000080000A4901EB8000211DFEF7E9FEE06A7E
:10CF10002968C96A884203D90121E961084670BDC0
:10CF2000002070BD34000024200C00249807002449
:10CF30002DE9F0472C4D286B0024274638B1FEF729
:10CF4000DBFE286B401E2863286B40B147E0502071
:10CF500080F31188BFF34F8FBFF36F8FFEE7234E2F
:10CF60000120A968D9B3A6F5916980463068E0B17F
:10CF7000F068C46804F11800FEF75EFE201DFEF79D
:10CF80005BFEE06A2969884200D9286100EB8001D4
:10CF900009EB8100211DFEF7A3FEE06A2968C96A3A
:10CFA0008842E3D3C5F81C80E0E70CB1FEF710F827
:10CFB000AC694CB14FEA0806FFF75CFE00B1EE61C8
:10CFC000641EF9D10020A861E86940B10849012731
:10CFD0004FF080500860BFF34F8FBFF36F8FFEF7A5
:10CFE000ABFE3846BDE8F08734000024200C002456
:10CFF00004ED00E010B586B0FDF75EFD114C206831
:10D00000B8B10020039005AA049004A903A8FEF774
:10D0100033FEDDE90321022000238DE807000C48E0
:10D0200009A1059AFFF7EFFC606010B106B001207E
:10D0300010BD502080F31188BFF34F8FBFF36F8F67
:10D04000FEE7000078000024546D722053766300E0
:10D05000ADB000902DE9FF411E46134602004FF08F
:10D0600000000A9D16D0144C2768002F0FD0062907
:10D070000292CDE9001317DAFFF7E8FD02284FF01E
:10D0800000030FD0002220686946FFF7ABF904B017
:10D09000BDE8F081502080F31188BFF34F8FBFF3BC
:10D0A0006F8FFEE72A46EEE7002332466946384690
:10D0B000FFF748FAEBE700007800002410B50029DC
:10D0C0000AD00878002807D005487844F5F760FDB5
:10D0D000002801D0002010BD0248784410BD000097
:10D0E000520200004A0200004FF04070E1EE100AC8
:10D0F00070470000C0D20090000000000000000057
:10D1000000000000000000000010000018000000F7
:10D110000000000000000000C8D2009003000000E2
:10D1200000000000000000000006101600061016A7
:10D130000001020304050607080C101418203040F3
:10D1400000000000000000000000000000000000DF
:10D1500000000000010000000200000003000000C9
:10D1600004000000000000000500000000000000B6
:10D1700000000000000000000600000000000000A9
:10D180000000000000000000070000000100020095
:10D190000400060008000A000C00100020004000F7
:10D1A00080000001010101030701000008040204DE
:10D1B0000801010100000000010203040102030450
:10D1C000060708099CFF39FF200038FFD5FE100034
:10D1D000D4FE71FE08000100FF7F080070FE0DFE06
:10D1E00004000CFEA9FD8000A8FD45FD400044FDA3
:10D1F000E1FC0200E0FC7DFC0100000001000201F6
:10D2000003010202030204020203030304030001F8
:10D210000B0B0B0B000002030B0B0B002000040593
:10D22000060B0B0080000708090B0B00080000002C
:10D23000D4D2009000000000D8D20090010000007D
:10D2400000000000FFFFFFFF1A00000000000000C8
:10D2500000000000DCD20090000000000000000090
:10D2600000000000000000000004000018000000A2
:10D270000000000000000000F0D20090000000005C
:10D280000000000000000000000000000008000096
:10D29000180000000000000000000000E4D2009030
:10D2A000000000000000000000000000000000007E
:10D2B0000008000020000000000000000000000046
:10D2C0004755495461736B00646D6132644D7574E8
:10D2D000657800004F4646004F4E00004C65645490
:10D2E00061736B00576176655461736B00000000D9
:10D2F00053637265656E5461736B00002CD40090AB
:10D3000000000024C8000000D4220090F4D4009053
:10D31000C800002468BC0200F02200901001000048
:10D3200043000000F8FFFFFF004040404040404005
:10D3300040404141414141404040404040404040E8
:10D34000404040404040404040050202020202028C
:10D3500002020202020202020220202020202020DB
:10D3600020202002020202020202909090909090EF
:10D3700010101010101010101010101010101010AD
:10D380001010101002020202020288888888888821
:10D39000080808080808080808080808080808080D
:10D3A0000808080802020202400000000000000015
:10D3B000000000000000000000000000000000006D
:10D3C000000000000000000000000000000000005D
:10D3D000000000000000000000000000000000004D
:10D3E000000000000000000000000000000000003D
:10D3F000000000000000000000000000000000002D
:10D40000000000000000000000000000000000001C
:10D41000000000000000000000000000000000000C
:10D4200000000000000000000000000000000000FC
:10D4300000000000000000000000000000000000EC
:10D4400000000000000000000100000010000000CB
:10D45000000000000090D0030090D0030100000005
:10D4600000000000000000000000000000000000BC
:10D4700000000000000000000000000000000000AC
:10D48000000000000000000000000000000000009C
:10D49000000000000000000000000000000000008C
:10D4A000000000000000000000000000000000007C
:10D4B000000000000000000000000000000000006C
:10D4C000000000000000000000000000000000005C
:10D4D000000000000000000000000000000000004C
:10D4E000AAAAAAAA00000000000000000000000094
:04D4F0000000000038
:0400000590002299AC
:00000001FF
