:0200000490006A
:10200000582402244D240090E386009063800090C1
:10201000E1860090F32C0090CD9B00900000000022
:102020000000000000000000000000008D23009070
:102030008D31009000000000E92300904D8D00904C
:102040006B2400906B2400906B2400906B24009014
:102050006B2400906B2400906B2400906B24009004
:102060006B2400906B2400906B240090F52C009062
:102070006B2400906B2400906B2400906B240090E4
:102080006B2400906B2400906B240090B131009081
:102090006B240090BD3100906B2400906B24009065
:1020A0006B2400906B2400906B2400906B240090B4
:1020B0006B2400906B2400906B2400906B240090A4
:1020C0006B2400906B2400906B2400906B24009094
:1020D0006B240090C19B00906B2400906B240090B7
:1020E0006B2400906B240090000000006B24009093
:1020F0006B2400906B2400906B2400906B24009064
:102100006B2400906B2400906B2400906B24009053
:102110006B2400906B240090098F00906B2400903A
:102120006B2400906B2400906B2400906B24009033
:102130006B2400906B2400906B240090C9310090B8
:10214000000000000000000000000000000000008F
:102150006B2400906B2400906B2400906B24009003
:102160006B2400906B2400906B2400906B240090F3
:102170006B2400906B2400906B2400906B240090E3
:102180006B2400906B2400906B2400906B240090D3
:102190006B2400906B2400906B2400906B240090C3
:1021A0006B2400906B240090012D00906B24009014
:1021B0006B2400906B2400906B2400906B240090A3
:1021C0006B2400906B2400906B2400906B24009093
:1021D0006B2400906B2400906B2400906B24009083
:1021E0006B2400906B2400906B2400906B24009073
:1021F0006B2400906B2400906B2400906B24009063
:102200006B2400906B2400906B2400906B24009052
:102210006B2400906B2400906B2400906B24009042
:102220006B2400906B2400906B2400900000000051
:102230006B2400906B240090000000006B24009041
:102240006B2400906B2400906B2400906B24009012
:102250006B2400906B2400906B2400906B24009002
:102260006B2400906B2400906B2400906B240090F2
:102270006B2400906B2400906B2400900000000001
:102280006B2400906B2400906B24009000000000F1
:10229000000000006B24009000F002F800F067F8E6
:1022A0000AA090E8000C82448344AAF10107DA45B1
:1022B00001D100F05CF8AFF2090EBAE80F0013F09C
:1022C000010F18BFFB1A43F0010318475022030007
:1022D000702203000A444FF0000C10F8013B13F089
:1022E000070408BF10F8014B1D1108BF10F8015B6F
:1022F000641E05D010F8016B641E01F8016BF9D162
:1023000013F0080F1EBF10F8014BAD1C0C1B09D1B8
:102310006D1E58BF01F801CBFAD505E014F8016B2A
:1023200001F8016B6D1EF9D59142D6D370470000BC
:102330000023002400250026103A28BF78C1FBD8CE
:10234000520728BF30C148BF0B607047002070475C
:102350001FB52DF0B9FC00F0B1FB040000200021F6
:102360002DF09CFC401C60601FBD10B510BD00F03E
:1023700087FC1146FFF7ECFF25F0E2FF00F0A5FC1B
:1023800003B4FFF7F2FF03BC09F036F92C4B1968D0
:102390000868B0E8F04F80F30988BFF36F8F4FF003
:1023A000000080F3118870470000000008480068B2
:1023B000006880F308884FF0000080F3148862B64C
:1023C00061B6BFF34F8FBFF36F8F00DF00BF00BF59
:1023D00008ED00E0DFF80C00016841F470010160D5
:1023E000704700BF88ED00E0EFF30980BFF36F8F07
:1023F000134B1A681EF0100F08BF20ED108A20E959
:10240000F04F106009B44FF0500080F31188BFF313
:102410004F8FBFF36F8F2CF0C7FC4FF0000080F39D
:10242000118809BC19680868B0E8F04F1EF0100F59
:1024300008BFB0EC108A80F30988BFF36F8F704734
:1024400034000024EFF30580704700000A488047FD
:102450000A4880470A480047FEE7FEE7FEE7FEE736
:10246000FEE7FEE7FEE7FEE7FEE7FEE70548064972
:10247000064A074B7047000095310090118E00907E
:1024800099220090581E0224582402245820022425
:10249000582002247047000010B500F00FFB001D0B
:1024A00010BD00BFF9D7020053EA020C00F06980AA
:1024B0002DE9F04B4FF00006002B1FBFB3FA83F558
:1024C00003FA05F424FA05F65E4012BF1643B2FA89
:1024D00082F502FA05F4C5F120051EBF22FA05FCBB
:1024E00044EA0C04203556EA044C4FEA144418BF61
:1024F000641C4FF000084FF00009904271EB030C90
:1025000039D3002919BFB1FA81F701FA07F6B0FAF9
:1025100080F700FA07F6C7F120071EBF20FA07FC74
:1025200046EA0C062037B6FBF4FCA7EB0507103F84
:1025300007F01F0BCBF120060CFA0BFB2CFA06F66A
:1025400044BFB3460026202FA4BF5E464FF0000BC9
:102550005BEA060C08BF4FF0010B19EB0B09ABFB54
:10256000027C48EB0608C01B06FB02CC0BFB03CC2D
:1025700071EB0C01C1E70B46024641464846BDE8F7
:10258000F08B13B54FF000004FF00001AFF3008067
:10259000BDE81C40704700000FB4044910B503AA01
:1025A000029800F0B9FA10BC5DF814FB1800002482
:1025B0002DE9F0474FF0000A89460446C0F820A0F4
:1025C0002046E1688847002876D0252806D0D4E93F
:1025D00001219047206A401C2062F1E7E168204613
:1025E00000268847C4F81CA005460027C4F818A098
:1025F0002A2D09D0284607F019FB38B304EB8708C9
:10260000303DC8F8185019E059F8041B204604EB77
:1026100087029161E1688847012F054618D1E0697A
:10262000002820DA26F020061DE0D8F8180000EB7C
:10263000800005EB40003038C8F818002046E168FB
:102640008847054607F0F2FA0028EED1012F0AD09C
:102650002E2D08D12046E16888477F1C0546022FB1
:1026600046F02006C4DBA069002803DA404246F0A9
:102670000106A061F00701D026F010066C2D0AD0EB
:10268000682D08D04C2D39D06A2D35D0742D35D019
:102690007A2D33D016E0E1682F4620468847B842AD
:1026A00005460AD16C2F27D04FF48060E1680643BD
:1026B00020468847054605E027E06C2F1AD04FF4E6
:1026C000807006430DB3A5F14100192802D82035CA
:1026D00046F400664A462946204626604E46FFF7E5
:1026E00035FE80B101280BD0F61D26F0070000F161
:1026F000080965E74020E4E78020D7E70020D5E718
:1027000006F104095CE7284661E7206ABDE8F08726
:102710002DE9F04791460F4680460446002614F8FE
:10272000015B2DB1FFF7B8FE0068405DC007F6D130
:102730002B2D02D02D2D18D0641E4A463946204636
:1027400000F0FCF927B13968A14201D1C7F8008037
:102750004FF0020471050BD54042002803DD00F064
:10276000B1F90460A007BDE8F08746F48066E4E7AD
:102770000028F8DA00F0A6F904606FF00040F2E7F4
:1027800040EA0103024630B59B0710D14FF00134F7
:1027900000E008C208C91D1B9D4315EAC41FF8D0FC
:1027A00013F0FF0102F8011B0DD01B0AF8E711F826
:1027B000013B002B02F8013B05D011F8013B002B37
:1027C00002F8013BF3D130BD2DE9F04105469046BA
:1027D0000E460020044600E0641C44450BD2285DF0
:1027E00000F074F90746305D00F070F9381A02D134
:1027F000295D0029F0D1BDE8F08110B5431C02E04D
:1028000010F8011B71B18107FAD14FF0013202C8F3
:102810008C1A8C4314EAC211F9D0C01A0A0603D0EC
:10282000C01E10BDC01A10BD0A0401D0801E10BD0C
:102830000902FCD0401E10BD032A40F2308010F087
:10284000030C00F0158011F8013BBCF1020F62444B
:1028500098BF11F801CB00F8013B38BF11F8013BDC
:10286000A2F1040298BF00F801CB38BF00F8013B89
:1028700011F0030300F06780083AC0F0088051F8B7
:10288000043B083A51F804CBA0E80810F5E7121D04
:102890005CBF51F8043B40F8043BAFF30080D20723
:1028A00024BF11F8013B11F801CB48BF11F8012BEF
:1028B00024BF00F8013B00F801CB48BF00F8012B12
:1028C0007047431A28BF9A427FF6B6AF032A1044D6
:1028D000114440F2268010F0030F1EBF11F8013D95
:1028E000521E00F8013D10F0030F7FF4F6AF11F017
:1028F000030300F08581083AC0F00B8051F8043DD5
:10290000083A51F804CD40F8043D40F804CDFFF7F3
:10291000F3BF121D5CBF51F8043D40F8043DAFF316
:102920000080D20724BF11F8013D11F801CD48BF46
:1029300011F8012C24BF00F8013D00F801CD48BF7B
:1029400000F8012C704710B5203AC0F00B80B1E8B8
:102950001850203AA0E81850B1E81850A0E81850D4
:10296000BFF4F5AF5FEA027C24BFB1E81850A0E8DD
:10297000185044BF18C918C0BDE810405FEA827CF7
:1029800024BF51F8043B40F8043B08BF7047D2070E
:1029900028BF31F8023B48BF11F8012B28BF20F8AF
:1029A000023B48BF00F8012B704702F0FF0343EAE7
:1029B000032242EA024200F002B84FF0000204296A
:1029C000C0F0128010F0030C00F01B80CCF1040C5E
:1029D000BCF1020F18BF00F8012BA8BF20F8022B92
:1029E000A1EB0C0100F00DB85FEAC17C24BF00F838
:1029F000012B00F8012B48BF00F8012B70474FF066
:102A0000000200B5134694469646203922BFA0E83E
:102A10000C50A0E80C50B1F12001BFF4F7AF09074A
:102A200028BFA0E80C5048BF0CC05DF804EB89003B
:102A300028BF40F8042B08BF704748BF20F8022B7E
:102A400011F0804F18BF00F8012B70474FF0013C88
:102A500050F8042B51F8043B9A4215D1A2EB0C0319
:102A6000934313EACC130BD150F8042B51F8043BD9
:102A70009A4209D1A2EB0C03934313EACC13E7D09B
:102A80004FF00000704700BFD01A01BAB1FA81F1CF
:102A900001F0180122FA01F0CB40C1F12001DBB2B4
:102AA000C0B2C01A2CFA01F3D11A914311EAC31132
:102AB000E6D17047704770477047704700487047CD
:102AC000181E022400487047F81D022410B5044661
:102AD000FFF7E2FC0068005DC00602D504F12000AB
:102AE00010BD204610BD000001694A1C0261087833
:102AF000704700B58FB0CDE901310021059105493E
:102B00007944CDE9031011466846FFF751FD0FB037
:102B100000BD0000E5FFFFFF074B70B50D467B448D
:102B2000FFF7E7FF0446284600F0A6F810B14FF083
:102B3000FF3070BD204670BD8F2801002DE9F05F89
:102B4000824615468B4600270AF10104B9460078F3
:102B5000302801D09DB113E014F8010B012778282B
:102B600003D0582801D045B10AE00DB1102D07D18E
:102B7000002714F8010B102502E0082500E00A25C3
:102B80000026B0460EE005FB080005FB06F1012714
:102B90001FFA80F801EB1046B6F5803F00D3B94626
:102BA00014F8010B294600F059F80028EBDABBF1C4
:102BB000000F05D00FB1641E00E05446CBF8004072
:102BC000B9F1000F06D0FFF77DFF02210160C81E9A
:102BD000BDE8F09F48EA0640FAE7431A28BF9A4248
:102BE0007FF6B1AE104410F0030F11441EBF11F870
:102BF000013D521E00F8013D10F0030F7FF4F6AFC7
:102C0000103AC0F00A8010B531E91850103A20E9A6
:102C10001850BFF4F9AFBDE81040530724BF31E9A5
:102C2000081020E9081044BF51F8043D40F8043D65
:102C300012F0030F08BF7047D20728BF31F8023DDA
:102C400048BF11F8012C28BF20F8023D48BF00F80A
:102C5000012C704700487047F81D02243A2800D222
:102C6000303820F02002412A01D3A2F137008842F7
:102C700001D34FF0FF307047007B00F080007047B9
:102C80007546FFF7E7FFAE4605006946534620F05C
:102C90000700854618B020B5FFF7E8FBBDE82040E7
:102CA0004FF000064FF000074FF000084FF0000B08
:102CB00021F00701AC46ACE8C009ACE8C009ACE8BB
:102CC000C009ACE8C0098D46704710B50446AFF3A3
:102CD00000802046BDE81040FFF752BB02460020AE
:102CE00004E01378002B03D0401C521C8842F8D318
:102CF0007047FEE7014801F061B80000D0060024EB
:102D0000094810B54168890709D50849826842F029
:102D100002028260086810B1012126F0FDFABDE8C8
:102D20001040034800F066BC001000520800002468
:102D3000C00200241FB5054B0FCB8DE80F0068467D
:102D400026F0B6FA024948601FBD0000F8FC029068
:102D500008000024294A016891423AD0274A1832D3
:102D6000914236D0254A3032914232D0234A4832FD
:102D700091422ED0214A603291422AD01F4A7832A5
:102D8000914226D01D4A9032914222D01B4AA8324D
:102D900091421ED01A4A91421BD0194A18329142D0
:102DA00017D0174A3032914213D0154A4832914217
:102DB0000FD0134A603291420BD0114A78329142BF
:102DC00007D00F4A9032914203D00D4AA832914267
:102DD00011D1CAB21823103AB2FBF3F26FF3090112
:102DE000032A02F00703074AD25CC26500D9091D15
:102DF00081650846704721F0FF01F9E710000240A5
:102E00001004024008FD029030B5224A01230168F7
:102E10009142CAB21BD01F4C1434A14217D01D4C92
:102E20002834A14213D01B4C3C34A1420FD0194C82
:102E30005034A1420BD0174C6434A14207D0154C3A
:102E40007834A14203D0134C8C34A1420CD114210C
:102E5000114C083AB2FBF1F10F4A803201F01F0524
:102E600004EB8101AB4010E00C4D1824103A0D44E6
:102E7000B2FBF4F1A82D00D80831094A01F01F0473
:102E800002EB8101064AA3408032603080E80E00E8
:102E900030BD00000854025800580258F0FBFDBF36
:102EA0000008024010B50279531E072B2DD8174C8D
:102EB0000168A1421BD0154C1434A14217D0134C09
:102EC0002834A14213D0114C3C34A1420FD00F4CF6
:102ED0005034A1420BD00D4C6434A14207D00B4CAE
:102EE0007834A14203D0094C8C34A14203D1084963
:102EF000074C443102E00749064C443104EB82029E
:102F0000C0E91B2101219940416710BD08540258B6
:102F1000FC580258FC08024010B583694FF0C07499
:102F2000826A0146002053B1B3F5005F15D072B13B
:102F3000012A0CD0022A0AD0032A09D104E01AB1CE
:102F4000012A06D0022A03D1C96AC90100D501208D
:102F500010BDC96AA142FAD010BD002AF7D0012ADB
:102F6000F2D0022AF3D0032AF3D010BD2DE9F04F9E
:102F7000804E804FDFF8FC911836DFF8F8A1483713
:102F80000468856D0AF1300ADFF8ECB14C45DFF8D2
:102F9000ECC1DFF8ECE16DD0B4426BD0544569D0A0
:102FA000BC4267D0DFF8D081A8F11808444561D051
:102FB0005C455FD064455DD074455BD0DFF8C4816B
:102FC000444557D0DFF8BC8108F11808444551D07A
:102FD000DFF8B08108F1300844454BD0DFF8A48118
:102FE00008F14808444545D0DFF8988108F16008A9
:102FF00044453FD0DFF88C8108F17808444539D04A
:10300000DFF8808108F19008444533D0DFF87481FF
:1030100008F1A80844452DD0DFF86C81444529D03B
:10302000DFF8648108F11408444523D0DFF85881A3
:1030300008F1280844451DD0DFF84C8108F13C0810
:10304000444517D0DFF8408108F15008444511D0BD
:10305000DFF8348108F1640844450BD0DFF828819B
:1030600008F17808444505D0DFF81C8108F18C0888
:10307000444509D1D0E91948C4F80480C46E1CB194
:10308000D0E91C48C4F8048004684C452ED0B442F2
:103090002CD054452AD0BC4228D0374E183EB442DA
:1030A00024D05C4522D0644520D074451ED0354ED6
:1030B000B4421BD0334E1836B44217D0314E30369E
:1030C000B44213D02F4E4836B4420FD02D4E603646
:1030D000B4420BD02B4E7836B44207D0294E9036EE
:1030E000B44203D0274EA836B44215D190F85C60A4
:1030F0003F2406F01F06B440AC600468256825F440
:10310000802525602EE09A600068C160BDE8F08FE0
:1031100099600068C260F9E71B4EB4421BD01A4E9A
:103120001436B44217D0184E2836B44213D0164E77
:103130003C36B4420FD0144E5036B4420BD0124E2F
:103140006436B44207D0104E7836B44203D00E4EE7
:103150008C36B442DAD190F85C60012406F01F0688
:10316000B4406C60046863608368402B0368CFD10F
:10317000C9E700001000024088000240A0000240A1
:10318000B80002401004024008540258704772B65A
:10319000FEE70000054805490839026842F00202CE
:1031A000026008688004FCD5704700000C48025893
:1031B000014801F085BD000028030024014801F00A
:1031C0007FBD000028030024014801F079BD000004
:1031D00028030024F0B503684FF6FC716D4C426B78
:1031E000D3F884508D4345EA8205C3F884500368C0
:1031F00053F8845F068F25F47F0545EA06451D6078
:10320000836B654D9F180268D2F888308B4343EA80
:103210008703C2F88830026852F8883F868F23F40B
:10322000FE0343EA06431360066856F8A03FC26BEC
:103230008B4307EB420243EA82033360076857F887
:10324000A03FB0F8406023F4FE0343EA06433B602E
:10325000D0E9103603FB06220368D3F8B0608E4332
:1032600046EA8206C3F8B0600368B0F84860D3F855
:10327000B07027F4FE0747EA0646C3F8B060D0E90D
:103280001267036806FB0722D3F8AC608E4346EA58
:103290008206C3F8AC60D0E91467036806FB072216
:1032A000D3F8F0608E4346EA8206C3F8F060036804
:1032B000B0F85860D3F8F07027F47C1747EA064658
:1032C000C3F8F0600368876D53F8C06F02EB4702E4
:1032D0008E4346EA820119600168B0F85C20D1F89B
:1032E000C03023F47C1343EA0242C1F8C0200168D5
:1032F00090F86020D1F8C03023F07C5343EA02629A
:10330000C1F8C020416B04EB8101C166826B01EB07
:1033100082020267C36B02EBC3024267D0E910343A
:10332000634302EB83028267D0E91234634302EB0A
:103330008302C267D0E91434634302EB8302C0F80E
:103340008020836D02EBC303C0F88430C46D826EAD
:10335000544303EB8403C0F88830046E544303EBFA
:103360008402C0F89020AA420AD9D0F89C200321F8
:1033700042F02002C0F89C2080F898100120F0BD97
:10338000002200E004C1D0F890308B42FAD800202F
:10339000F0BD000000AC0040FCD30040F0B5D1E926
:1033A0000843CD690A68C2B10268254322F4F84295
:1033B00013431D430560D1E90125D1E903364C696A
:1033C0002A434568334389691A43EB0B2243DB03E5
:1033D0000A431A4342600020F0BDD1E9012ED1E931
:1033E000036CD1E9057142EA0E0246EA0C0632434B
:1033F0003A430A4301682A4322431A436FF30E01FA
:103400000A430260E7E7426943F6FE739A4342EAE1
:10341000410141610020704770B591E81C00C96806
:103420006FF01F0506691A4305EB441444EA412175
:103430000A4306EA45431A430261002070BD0000BA
:103440002DE9F04F8B8A6FF00F05264C4FF07F4B24
:10345000D1F80C9004EB03536FF0FF044FEA042AF9
:103460001AB386684FEA09321F4FA2F580521A43F9
:103470003E4032438260D1E900278E68521E05EB40
:1034800007150F8A2A43C56804EB06240E7E0AEB53
:10349000074322431A430BEB06610A4305F07043CE
:1034A0001A43C2600020BDE8F08F91E804110F4E6E
:1034B000521E0F8A05EB08152A4304EB0C2C06EB71
:1034C00009350E7E42EA0C022A4385680AEB07445E
:1034D00022431A430BEB06610A4305F070431A437B
:1034E0008260DFE70000F0FFFF0F0FFF00F0FFFF3B
:1034F000FFF720FC094A0021094825F047FF094948
:1035000008601BF07DFE21F05BFF16F0FDFE00BFA2
:1035100024F096FA052025F08EFEF9E734FE02909D
:10352000318D0090BC00002470470000F0B590F889
:103530006020012A22D0C1EBC102012780F860700F
:10354000022380F8613000EB8202284D138F168E23
:10355000B2F83CC0D46A1B05283244EA064643EA66
:103560004C530A2C46EA03060AD0092C08D0137BD8
:1035700046EA036349B10B2C1AD01DE00220F0BDCE
:10358000D36803F07F433343F4E701684C6AAC43EC
:103590001C434C62016813688B6151680A2901D091
:1035A00009291BD1D168026821F07F41916215E0A1
:1035B000118B0F4D43EA81430168CC69AC431C4336
:1035C000CC61016813680B6151680A2901D009298F
:1035D00004D1D168026821F07F411162002180F896
:1035E000617080F860100846F0BD00000F0033FFE6
:1035F0000F003FFF2DE9F0470446006800274FF019
:1036000004084FF0010946680568F10714D0E90580
:1036100012D5036823F480730360606E40F00100EC
:1036200060662068C0F8089084F8618084F8607053
:10363000616A09B120468847B00615D5A80413D59C
:1036400020682022036823F400530360206882600E
:10365000606E40F00200606684F8618084F86070FB
:10366000616A09B120468847300715D5280513D56A
:1036700020680822036823F40063036020688260E6
:10368000606E40F00400606684F8618084F86070C9
:10369000616A09B12046884770070CD568050AD5CC
:1036A0002068026822F4806202602068C0F8088006
:1036B000204600F071F8B00713D5A80511D5206891
:1036C0000222036823F40073036020688260606E46
:1036D000606684F8619084F86070216A09B12046C0
:1036E0008847F00612D5E80410D52068016821F457
:1036F00080510160226810219160616E616684F8DA
:103700006190204684F86070FFF70EFFBDE8F087F7
:103710002DE9F041040004D094F86100002518B1AF
:1037200007E00120BDE8F081204684F8605000F0F9
:1037300035F8184E022084F861000123D4E9001006
:10374000D4F81CC040F207120F6840EA0C00374062
:10375000384308602068A769A168466B39439643DF
:10376000314341632068E268016C6FF30F0111433C
:1037700001642068218AA28A466B090541EA425108
:1037800026F4401211434163656684F861300020DD
:10379000C8E70000BFFFF8FF7047000008B50068E9
:1037A0000B49884212D10B48016841F010010160B9
:1037B00000680022052100F0100000905A2002F05D
:1037C00089F9BDE808405A2002F076B908BD00002A
:1037D00000100052D44402582DE9F84F044601F07D
:1037E0006DFF00903CB194F83500022806D080218E
:1037F00061650020E4E00120BDE8F88FC74DC74EA9
:10380000C649183520683036DFF81483DFF8149382
:103810008842DFF814A3DFF814B32ED0A8422CD0CE
:10382000B0422AD0404528D0484526D0504524D023
:10383000584522D0BD4A183290421ED0BC4A904210
:103840001BD0BB4A1832904217D0B94A303290424E
:1038500013D0B74A483290420FD0B54A60329042F6
:103860000BD0B34A7832904207D0B14A903290429E
:1038700003D0AF4AA832904209D1026822F01E025A
:1038800002602068426922F08002426103E002681F
:1038900022F00E02026027688F4238464DD0A842BF
:1038A0004BD0B04249D0404547D0484545D050451F
:1038B00043D0584541D09D4A183290423DD09C4A51
:1038C00090423AD09A4A1832904236D0984A3032D2
:1038D000904232D0964A483290422ED0944A60327A
:1038E00090422AD0924A7832904226D0904A903222
:1038F000904222D08E4AA83290421ED08D4A9042E9
:103900001BD08C4A1432904217D08A4A28329042F7
:1039100013D0884A3C3290420FD0864A50329042AF
:103920000BD0844A6432904207D0824A7832904267
:1039300003D0804A8C32974204D1206E026822F470
:103940008072026075492068884228D0A84226D03B
:10395000B04224D0404522D0484520D050451ED00A
:1039600058451CD071491831884218D07049884296
:1039700015D06F491831884211D06D4930318842D5
:103980000DD06B494831884209D06949603188427D
:1039900005D067497831884201D065499031016886
:1039A00021F0010101600EE001F088FE0099401A4B
:1039B000052808D9202262650321002084F83510EB
:1039C00084F8340017E73868C007EDD1534A012165
:1039D000206890422ED0A8422CD0B0422AD0404538
:1039E00028D0484526D0504524D0584522D04F4BAA
:1039F000183398421ED04E4B98421BD04C4B183374
:103A0000984217D04A4B3033984213D0484B483332
:103A100098420FD0464B603398420BD0444B7833DA
:103A2000984207D0424B9033984203D0404BA83382
:103A3000984208D194F85C703F23A06D07F01F07EF
:103A4000BB40836007E094F85C30A06D03F01F0377
:103A500001FA03F34360206890424DD0A8424BD056
:103A6000B04249D0404547D0484545D0504543D065
:103A7000584541D02D4A183290423DD02C4A9042B0
:103A80003AD02B4A1832904236D0294A30329042EE
:103A900032D0274A483290422ED0254A6032904296
:103AA0002AD0234A7832904226D0214A903290423E
:103AB00022D01F4AA83290421ED01E4A90421BD0EC
:103AC0001C4A1432904217D01A4A2832904213D01E
:103AD000184A3C3290420FD0164A503290420BD0D6
:103AE000144A6432904207D0124A7832904203D08E
:103AF000104A8C3290420BD1D4E919024260E06E38
:103B000030B1026822F480720260D4E91C02426083
:103B1000002084F8351084F834006DE6100002406F
:103B2000580002407000024088000240A00002409D
:103B300010040240085402582DE9F05F28B190F8B3
:103B40003510022904D0802141650120BDE8F09F95
:103B5000904C904B0168183C18338E4ADFF83C9229
:103B6000A1428D4CDFF838E28E4FDFF83CB2DFF82F
:103B70003CA28F4D8F4E31D091422FD099422DD003
:103B8000A1422BD0494529D0714527D0B94225D033
:103B9000DFF810C20CF1180C61451FD0DFF808C225
:103BA000ACF1600C614519D0DFF8FCC1ACF1480CF8
:103BB000614513D0DFF8F0C1ACF1300C61450DD098
:103BC000DFF8E4C1ACF1180C614507D0594505D0C8
:103BD000514503D0A94201D0B1422CD1DFF8B4C184
:103BE0004FF0040880F83580ACF1180C61451DD009
:103BF00091421BD0994219D0A14217D0494515D006
:103C0000714513D0B94211D06648183081420DD0A9
:103C100065486038814209D063484838814205D000
:103C200061483038814201D05F481838086820F078
:103C300001000860ABE0D1F800C02CF00E08DFF8FE
:103C400054C1C1F80080ACF1180C0168614527D05F
:103C5000914225D0994223D0A14221D049451FD07D
:103C600071451DD0B9421BD0DFF838C10CF1180CDA
:103C7000614515D0DFF830C1ACF1600C61450FD063
:103C8000DFF824C1ACF1480C614509D0DFF818C158
:103C9000ACF1300C614503D0DFF80CC1ACF1180C6D
:103CA000D1F800C02CF0010CC1F800C0DFF8E480AE
:103CB0004FF0010C0168A8F11808414546D0914227
:103CC00044D0994242D0A14240D049453ED07145AE
:103CD0003CD0B9423AD0334A1832914236D0324AB7
:103CE000603A914232D0304A483A91422ED02E4A20
:103CF000303A91422AD02C4A183A914226D059455E
:103D000024D0514522D0A94220D0B1421ED02A4A07
:103D100091421BD0284A1432914217D0264A2832A9
:103D2000914213D0244A3C3291420FD0224A503261
:103D300091420BD0204A6432914207D01E4A783219
:103D4000914203D01C4A8C32914218D1016E0A680C
:103D500022F480720A6090F85C20816D02F01F02EC
:103D60000CFA02F24A60D0E919124A60C16E31B110
:103D70000A6822F480720A60D0E91C124A600022AC
:103D8000016D80F835C080F8342001B188470020EB
:103D9000DCE60000280002405800024070000240AB
:103DA00088000240A00002407004024088040240E3
:103DB000A0040240B8040240085402582DE9FC5FF8
:103DC0000446F74E0020DFF8D88300904FF41652D7
:103DD000F44808F11808A56DDFF8C493DFF8C0A314
:103DE000016809F1300920680AF1480AB1FBF2F1D3
:103DF000B04201912F68D5F800C0DFF8ACB335D0E0
:103E00004146884232D0484530D050452ED05845A2
:103E10002CD0E5491831884228D0E3493031884216
:103E200024D0E1494831884220D0E04988421DD061
:103E3000DE491831884219D0DC493031884215D02A
:103E4000DA494831884211D0DFF860E30EF1600EA4
:103E500070450BD0D54A7832904207D0D34B90337F
:103E6000984203D0D149A83188427DD194F85C2092
:103E7000082102F01F0201FA02F23A424AD0B0428F
:103E800032D0404530D048452ED050452CD05845F2
:103E90002AD0C54A1832904226D0C34A30329042C6
:103EA00022D0C14A483290421ED0C04A90421BD014
:103EB000BE4A1832904217D0BC4A3032904213D0DA
:103EC000BA4A483290420FD0B84A603290420BD082
:103ED000B64A7832904207D0B44A9032904203D02A
:103EE000B24AA832904203D1026802F0040202E012
:103EF000026802F008026AB1026822F0040202605D
:103F000094F85C0000F01F008140A960606D40F0F3
:103F10000100606594F85C00012100F01F00814001
:103F2000394240D02068B04234D0404532D0484574
:103F300030D050452ED058452CD09B4A1832904254
:103F400028D0994A3032904224D0974A4832904241
:103F500020D0964A90421DD0944A1832904219D0EF
:103F6000924A3032904200E0AFE113D08F4A48329B
:103F700090420FD08D4A603290420BD08B4A7832FB
:103F8000904207D0894A9032904203D0874AA832A3
:103F900090427DD1406910F0800F04D0A960606D1F
:103FA00040F00200606594F85C00042100F01F00FE
:103FB000814039423ED02068B04232D0404530D0B6
:103FC00048452ED050452CD058452AD0764A183234
:103FD000904226D0744A3032904222D0724A4832FF
:103FE00090421ED0714A90421BD0704A18329042C3
:103FF00017D06E4A3032904213D06C4A4832904209
:104000000FD06A4A603290420BD0684A78329042B0
:1040100007D0664A9032904203D0644AA832904258
:104020004ED1006810F0020F04D0A960606D40F01E
:104030000400606594F85C00102100F01F008140CE
:10404000394258D02068B04234D0404532D048453B
:1040500030D050452ED058452CD0534A183290427B
:1040600028D0514A3032904224D04F4A48329042B0
:1040700020D04E4A90421DD04C4A1832904219D05E
:104080004A4A3032904215D0484A4832904200E0C5
:1040900014E00FD0454A603290420BD0434A783248
:1040A000904207D0414A9032904203D03F4AA83212
:1040B000904207D1006800F0080006E0006872E74F
:1040C0000068B7E7006800F00400A0B1A9602068AC
:1040D0000168490304D50068000308D5A16C07E016
:1040E0000168C90503D4016821F008010160216C51
:1040F00009B12046884794F85C00202100F01F0099
:104100008140394279D02068B04232D0404530D029
:1041100048452ED050452CD058452AD0224A183236
:10412000904226D0204A3032904222D01E4A483255
:1041300090421ED01D4A90421BD01C4A1832904219
:1041400017D01A4A3032904213D0184A483290425F
:104150000FD0164A603290420BD0144A7832904207
:1041600007D0124A9032904203D0104AA8329042AF
:1041700003D1006800F0100002E0006800F00200C7
:10418000B0B3A96094F835000428206801680FD006
:1041900049037ED5006800032BD4616C2AE000003F
:1041A0001000024028000024700002401004024069
:1041B00021F0160101602068416921F08001416110
:1041C000206C08B9A06C20B12068016821F00801BA
:1041D000016094F85C303F21012003F01F030022AE
:1041E0009940A96084F8350084F83420216D65E099
:1041F00003E0E16B09B120468847606D00287DD05F
:10420000606DC00759D02068042184F83510B04291
:104210002BD0404529D0484527D0504525D058457A
:1042200023D09D49884220D09B49183188421CD018
:1042300099493031884218D09849884215D0974919
:104240001831884211D09549303188420DD09349B8
:104250004831884209D091496031884205D08F4960
:104260007831884201D08D499031016821F00101F7
:10427000016020680099019A491C0091914202D87E
:104280000168C907F6D10068C00710D003200FE00D
:10429000FFE70168C905ACD403680121002223F0BF
:1042A0001003036084F8351084F83420A1E701205E
:1042B00084F83500002084F83400E16C00291DD01A
:1042C00002B02046BDE8F05F0847754988421DD01E
:1042D00073491431884219D071492831884215D068
:1042E0006F493C31884211D06D49503188420DD020
:1042F0006B496431884209D0694900E084E0783133
:10430000884203D066498C3188427DD194F85C8024
:104310000427016808F01F0807FA08F717EA0C0FCE
:10432000009746D04F0744D500980F04686003D526
:10433000C8033CD4A16CC1E7880638D42068B042D9
:104340002DD055496039884229D0484527D050455D
:1043500025D0584523D05049884220D04E491831A5
:1043600088421CD04C493031884218D04B49884291
:1043700015D04A491831884211D048493031884215
:104380000DD046494831884209D0704507D0904247
:1043900005D0984203D04149A831884203D1016831
:1043A00021F0080102E0016821F004010160216CA4
:1043B00084E7022707FA08F717EA0C0F00974ED098
:1043C0008F074CD500980F04686003D5C80344D408
:1043D000616C73E7880640D42068B0422FD02E4924
:1043E000603988422BD0484529D0504527D05845C0
:1043F00025D02949884222D02749183188421ED029
:1044000025493031884200E044E018D023498842F1
:1044100015D022491831884211D0204930318842C4
:104420000DD01E494831884209D0704507D09042CE
:1044300005D0984203D01949A831884203D10168B8
:1044400021F0140102E0016821F00A01016001215C
:1044500084F83510002084F83400E16B2EE7082240
:1044600002FA08F212EA0C0F14D0090712D50168FB
:1044700021F00E01016094F85C100120002201F08F
:104480001F0100FA01F16960606584F8350084F865
:10449000342012E7BDE8FC9F88000240100402406F
:1044A000085402582DE9F05F044601F007F9002C8A
:1044B00007467DD0E34E022120684FF00308DFF865
:1044C00088934FF00005DFF884A3B042DFF880B393
:1044D00034D0DC4A1832904230D048452ED0504576
:1044E0002CD058452AD0DA4A1832904226D0D84AE1
:1044F0003032904222D0D64A483290421ED0D54A1D
:1045000090421BD0D34A1832904217D0D14A303251
:10451000904213D0CF4A483290420FD0CD4A6032F9
:1045200090420BD0CB4A7832904207D0C94A9032A1
:10453000904203D0C74AA83290427DD184F835100A
:10454000B04284F834502ED0BE49183188422AD067
:10455000484528D0504526D0584524D0BC4918316C
:10456000884220D0BA49303188421CD0B8494831FD
:10457000884218D0B749884215D0B64918318842C8
:1045800011D0B449303188420DD0B2494831884207
:1045900009D0B0496031884205D0AE4978318842AF
:1045A00001D0AC499031016821F00101016008E0BF
:1045B00027E100BF01F082F8C01B052801D92021A6
:1045C0001CE120680068C007F4D104F108002168EC
:1045D000D4E9053C8E4685C809681043D4E907280C
:1045E0001F43636A38439C4F40EA0C001043394034
:1045F00040EA0800042B40EA010003D1D4E90B1281
:1046000011430843954909686FF30F01B1F1005F49
:104610000FD36168A1F12902052A08D9163A032AA5
:1046200005D9083A012A02D94F39032901D840F4A3
:104630008010CEF8000000E023E02068676A40693F
:10464000042F20F0070047EA00070DD1D4E90A0142
:10465000074349B12046FEF75FFC28B14020606562
:10466000012184F83510CCE0206847612046FEF730
:1046700071FB94F85C203F2102F01F0291408160A1
:1046800054E0774A90421BD0754B1433984217D0B0
:10469000734B2833984213D0714B3C3398420FD060
:1046A0006F4B503398420BD06D4B6433984207D018
:1046B0006B4B7833984203D0694B8C3398427DD151
:1046C00084F8351084F83450664B0168A26801EA1A
:1046D000030E402A73D0802A72D00022D4E90378D6
:1046E000D4E9053142EAD70242EAD8085C4AD4E963
:1046F000077C48EAD30848EAD10141EAD70152428F
:1047000041EA1C11142341EA0E01016020681044A3
:10471000B0FBF3F08000E0652046FEF71BFB94F849
:104720005C20012102F01F02914041602068B042EC
:1047300057D044491831884253D0484551D050454C
:104740004FD058454DD042491831884249D0404950
:104750003031884245D03E494831884241D03D49B8
:1047600088423ED03B49183188423AD039493031ED
:10477000884236D037494831884232D03549603195
:1047800088422ED03349783188422AD0314990313D
:10479000884226D02F49A831884222D03049884209
:1047A0001FD02F49143188421BD02D49283188420F
:1047B00017D02B493C31884213D002E01DE017E0AE
:1047C00018E02749503188420BD02549643188428E
:1047D00007D023497831884203D021498C3188425F
:1047E00029D12046FEF710FBA06880280CD00CE0F1
:1047F000102273E74FF4804270E74021616584F82E
:1048000035800120BDE8F09F6560216E2079086049
:10481000D4E9190141606068401E072808D8204685
:10482000FEF740FBE06E0560D4E91C01416002E048
:10483000E566256765670120656584F83500002019
:10484000E0E7000010000240400002405800024033
:1048500070000240100402403F8010FE0010005C17
:10486000085402580F00FEFF2DE9F84F04008C4653
:104870004FF00000009014D094F83400012812D0BA
:1048800094F835500120002184F83400012D0CD01B
:10489000C00260650120009084F834100098BDE8E3
:1048A000F88F0120FBE70220F9E78C4D02262068F3
:1048B00084F83560A8428A4D61658A4E8A4FDFF8D8
:1048C0002C82DFF82C92DFF82CA2DFF82CB226D055
:1048D000A84224D0B04222D0B84220D040451ED0B9
:1048E00048451CD050451AD0584518D083498842B5
:1048F00015D082491831884211D080493031884220
:104900000DD07E494831884209D07C4960318842C7
:1049100005D07A497831884201D0784990310168D0
:1049200021F00101016061462046FEF71FFB6B4943
:10493000206888422CD0A8422AD0B04228D0B84261
:1049400026D0404524D0484522D0504520D0584557
:104950001ED06A4A90421BD0684A1832904217D043
:10496000664A3032904213D0644A483290420FD0A7
:10497000624A603290420BD0604A7832904207D04F
:104980005E4A9032904203D05C4AA83290420CD1E9
:10499000026822F01E0242F016020260206C88B10A
:1049A0002068026842F008020BE0026822F00E0262
:1049B00042F00A020260206C20B12068026842F0D6
:1049C00004020260206888424BD0A84249D0B0421D
:1049D00047D0B84245D0404543D0484541D05045E6
:1049E0003FD058453DD0454A90423AD0434A1832CC
:1049F000904236D0414A3032904232D03F4A48321B
:104A000090422ED03D4A603290422AD03B4A7832C2
:104A1000904226D0394A9032904222D0374AA8326A
:104A200090421ED0364A90421BD0354A14329042F2
:104A300017D0334A2832904213D0314A3C32904248
:104A40000FD02F4A503290420BD02D4A6432904200
:104A500007D02B4A7832904203D0294A8C329042B8
:104A60000DD1206E0268D20303D5026842F4807231
:104A70000260E06E18B1026842F480720260206841
:104A8000884226D0A84224D0B04222D0B84220D0BA
:104A900040451ED048451CD050451AD0584518D026
:104AA0001649884215D015491831884211D013494A
:104AB000303188420DD011494831884209D00F4920
:104AC0006031884205D00D497831884201D00B49C8
:104AD0009031016841F001010160DFE61000024001
:104AE000280002404000024058000240700002408E
:104AF00088000240A0000240B800024010040240BA
:104B00000854025870B5044600F0D8FD0546601CF4
:104B100002D004480078044400F0D0FD401BA042BD
:104B2000FAD370BD1C000024704770477047000026
:104B3000F0B590F898500024022D04D0D0F89C10C5
:104B400041F0080129E0402905D0412929D0056D0F
:104B50008D4219D942E00568D5F8A06016F4FE0F21
:104B600012D0D5F8A460760613D0D5F8A460F6016B
:104B700005D5D5F8A06016F0004F00D50124D5F872
:104B8000A470466F456C24E0D0F89C1041F02001E1
:104B900003E0D0F89C1041F48071C0F89C10012013
:104BA000F0BD0568D5F8B06016F4FE0FECD0D5F86E
:104BB000B4607606EDD0D5F8B460F60105D5D5F829
:104BC000B06016F0004F00D50124D5F8B470866FA0
:104BD000C56CC7F305273C44654302E0456DC66FCD
:104BE0004D4306EB85052E6816F0804656602E680C
:104BF00036D026F060461660D5F800C000262E4F4D
:104C00000CF0005CC2F808C0D5F800C00CF0004CF5
:104C1000C2F810C0B5F804C01FFA8CFCC2F81CC062
:104C2000D5F804C0CCF3034CC2F80CC0D5F804C0CE
:104C30000CF4801CC2F814C0D5F804C00CF4001C9D
:104C4000C2F818C0D5F804C0CCF3066CC2F820C076
:104C5000D5F804C008354FEADC7CC2F824C008E06F
:104C6000C6F38A46C7E700BF15F806C003F806C0BA
:104C7000761CD2F80CC017F80CC0B445F4D8402903
:104C80000AD041290CD020294FF001020CD2006833
:104C90008A40C0F898200DE00068C0F8A84009E0FC
:104CA0000068C0F8B84005E0006801F01F018A40C4
:104CB000C0F89C200020F0BD10FD0290704700005D
:104CC0002DE9FF5FDFF80CB304460BF10401DBF8BC
:104CD000000025680F68AA468007D5F85090696DD6
:104CE000D5F850806E6D2A6DD5F854C02B6D00EA52
:104CF0008770009009F470496F6D286D01EA090111
:104D00000191DAF85410DAF85490DAF8505008F0BB
:104D10000F0806EA0806029602F0F00203F071534B
:104D20006FEA09061F4000F060700CEA020CCDF833
:104D30000CC0F20501EA00090CD4E843C00509D40F
:104D400000214FF48073CAF85030CBF80010204691
:104D5000FFF7B4FF700512D4E84340050FD4206874
:104D600000234FF48068D0F8DC20D0F8E410C0F8BD
:104D70005080CBF800301140204600F0DBFADFF81D
:104D800058A2009850B12268830F00EA0A0010650B
:104D9000CBF8003020460099FFF7C6FE019850B1CD
:104DA0002268830F00EA0A001065CBF80030204625
:104DB000019900F0C1FA029850B12268830F00EA0D
:104DC0000A001065CBF800302046029900F087FAFF
:104DD000039850B12268830F00EA0A001065CBF8EF
:104DE00000302046039900F085FA30050CD4E843E2
:104DF000000509D4236800204FF400621A65CBF83F
:104E00000000204600F099FAB00512D4E84380056E
:104E10000FD4206800234FF40078D0F8D820D0F8C1
:104E2000E010C0F85080CBF800301140204600F070
:104E300082FA30030CD4E843000309D4236800202D
:104E40004FF400221A65CBF80000204600F046FA25
:104E5000F0030CD4E843C00309D4236800204FF4C6
:104E600080321A65CBF80000204600F062FA700329
:104E70000CD4E843400309D4226800204FF4802377
:104E80001365CBF80000204600F052FAB0030FD4AF
:104E9000E84380030CD4236800204FF400321A65E5
:104EA000CBF80000D4F89C0040F08000C4F89C00CF
:104EB000B9F1000F0BD022684FEA997309EA0A0092
:104EC0001065CBF8003049462046FFF72FFE5FB152
:104ED0002268BB0F07EA0A001065CBF80030D4F84F
:104EE0009C003843C4F89C003C492068884268D143
:104EF000606881468068800763D0D9F82060D9F85F
:104F00002410D9F82080D9F82400D9F820C0D9F885
:104F10002470D9F82030D9F82450D9F8202003F48F
:104F2000FC4306F00F0AD9F824601D40D9F824B0DC
:104F300008F030080CF4C07C02F4F02211EA0A01F7
:104F400000EA080807EA0C0706EA0206D9F820A0DA
:104F500004D0C9F82010204600F0E7F9B8F10000AD
:104F600005D0616808624146204600F0E0F96FEA2A
:104F70000B0040060ED46FEA0A0040060AD46068AF
:104F80004021C36BC26B01622046190C02F03F0244
:104F900000F0CCF92FB1606807623946204600F076
:104FA000C3F935B160680562D4F89C002843C4F8A1
:104FB0009C0036B160680662D4F89C003043C4F8A7
:104FC0009C00D4F89C00002802D02046FFF7ADFDDD
:104FD000BDE8FF9F10A80040FFFFCF3F00A00040AA
:104FE0002DE9F04194B08D494C2204466846FDF706
:104FF000AAFC64B18A4D2068A84202D100F58070F5
:10500000606094F898004FF0000820B108E001209B
:1050100014B0BDE8F081204684F8998000F002F9D0
:105020002068816921F01001816100F047FB0327AE
:10503000064604E000F042FB801B0A2811D82068D5
:1050400080690007F6D42068816941F0010181611F
:1050500000F034FB06460DE000F030FB801B0A2810
:1050600008D9D4F89C0040F00100C4F89C0084F8F2
:105070009870CCE720688069C007EDD0206881690E
:1050800041F002018161207C01282068816937D0CC
:1050900041F040018161607C01282068816932D043
:1050A00021F480418161A07C0128206881692DD094
:1050B00041F4805181612068A268816921F44071C6
:1050C000114381612068816921F0A4018161206818
:1050D000016921F010010161E068012819D010B3C5
:1050E00002281BD02068816941F08001816120681D
:1050F000016941F010010161E06803280ED012E05F
:1051000021F04001C6E741F48041CBE721F4805112
:10511000D0E72068816941F0040103E020688169DB
:1051200041F020018161207E6FF0FF02D4E9077316
:10513000A68A1102400602EB0727A0F1007038434F
:1051400027685B1E184301EB06463043F861A068F0
:10515000B0F5407F11D104F12800A68C6FF00F0C40
:1051600089C801EB0641401E02EB0322104322686E
:105170000CEB071318430843D060206E30B1206851
:10518000626ED0F8C0101143C0F8C010D4E91712F5
:105190006846D14209D02168A36E51F8C82F50F853
:1051A000233022F007021A430A60216C49B12168BA
:1051B000626C51F8BC3F50F8226023F00702324382
:1051C0000A60A16C51B12168E36C51F8BC2F50F812
:1051D000233022F0700242EA03120A60216D51B1BD
:1051E0002168626D51F8BC3F50F8220023F4E06260
:1051F00042EA002008602068A84204D16068816803
:1052000021F003018160C4F894800121C4F89C80DE
:1052100084F898102046FDF7DDFFF9E620FD0290A6
:1052200000A0004010B5B6B00446142130A8FDF728
:10523000E6FBC0216846FDF7E2FB2549206888426D
:1052400044D100201C904FF40041CDE90010684685
:1052500000F0F2FD08B1FDF79AFF1E48016841F425
:1052600080710160006800F48070359019480C3836
:10527000016841F00101016000680DF1C00C0221DC
:1052800000F0010035900122032309244FF4C0509F
:105290008CE81F00104830A900F0E2F80022052138
:1052A000132000F017FC132000F006FC002205215B
:1052B000152000F00FFC152000F0FEFB0022052158
:1052C0003F2000F007FC3F2000F0F6FB36B010BD99
:1052D00000A00040EC44025800000258704700B59E
:1052E000C9078DB004D040216A460AABFFF720FC05
:1052F0000DB000BD704790F89810012907D0D0F884
:105300009C1041F00401C0F89C100120704702215C
:1053100080F89810002201688B6923F001038B61EB
:10532000C0F89C2010467047704770477047704720
:105330007047704770477047704770472DE9F043DA
:10534000B7B014216846FDF75AFB3C4801680029B4
:1053500070D14FF00108C0F80080C02106A8FDF709
:105360004EFB002018904FF080710746CDE90610E3
:1053700006A800F061FD08B1FDF709FF304801689B
:1053800041F480510160006802250C26694600F452
:105390008050059040F2FF608DE8A1000324294869
:1053A000CDE9034600F05CF8DFF89C9069468DE893
:1053B000B000CDE90346484600F052F84FF47F4074
:1053C00069468DE8A1002148CDE9034600F048F880
:1053D000474648F237108DE8A1001D486946CDE9DF
:1053E000034600F03DF84CF2037069468DE8A100D9
:1053F0001848CDE9034600F033F84FF63F00694600
:105400008DE8A1001448CDE9034600F029F80D20ED
:1054100069468DE8A1001148CDE9034600F020F867
:105420004FF6807069468DE8A100CDE903464846F5
:1054300000F016F837B0BDE8F0830000100000243B
:10544000D44402580020025800100258001C025890
:1054500000180258000C02580014025800080258A4
:105460002DE9F84F03247D4D00234FF001094FF043
:10547000B04B4FF00F0AE9E009FA03F73A4076D053
:105480000E7906F00306012E01D0022E18D1D0F8B5
:1054900008C04FEA430ECE6804FA0EF82CEA080C56
:1054A00006FA0EF646EA0C068660D0F804C00E79BD
:1054B0002CEA070CC6F300169E4046EA0C0646602E
:1054C0000E79F643B6070BD0C6684FEA43088F68DB
:1054D00004FA08FC26EA0C0607FA08F73743C76007
:1054E0000E7906F00306022E12D1DE080F694FEA8C
:1054F000437C00EB8606B646366A4FEADC6C0AFA55
:105500000CF807FA0CF726EA08063743CEF82070A5
:105510000F7906684FEA430807F0030704FA08FC0E
:1055200007FA08F726EA0C06374307604E6816F4B8
:10553000403F1CD04A4E376847F002073760366854
:105540009F0706F00206009623F0030606F1B04618
:10555000B6463F0FD6F80864DFF808810AFA07FC60
:10556000404526EA0C0603D14FF0000C41E06CE008
:10557000DFF8F4C0604502D14FF0010C39E0DFF8EC
:10558000ECC0604502D14FF0020C32E0DFF8E0C021
:10559000604502D14FF0030C2BE0DFF8D8C0604526
:1055A00002D14FF0040C24E0DFF8CCC0604502D1FA
:1055B0004FF0050C1DE0DFF8C4C0604502D14FF08C
:1055C000060C16E0DFF8B8C0604502D14FF0070CBA
:1055D0000FE0DFF8B0C0604502D14FF0080C08E0E2
:1055E000DFF8A4C0604502D14FF0090C01E04FF094
:1055F0000A0C0CFA07FC4CEA060CCEF808C44F68FB
:10560000DBF80060FF0226EA020600D516435F467B
:10561000CBF80060D1F804C0DBF804605FEA8C2CA2
:1056200026EA020600D516437E606E684F6826EAB9
:105630000206BF0300D516436E602E684F6826EA47
:105640000206FF0300D516432E605B1C0A6832FA7F
:1056500003F67FF411AFBDE8F88F0000800000581A
:10566000F44402580000025800040258000802588E
:10567000000C02580010025800140258001802587A
:10568000001C0258002002580024025800690840FB
:1056900000D001207047426921EA02030A4043EA30
:1056A0000241816170470AB1816170470904FBE7DB
:1056B00001480068000C70470010005C01488068D9
:1056C000704700001C0000240248816802781144E1
:1056D000816070471C000024032010B500F01AFA06
:1056E00001F022FA0F4A104914681368C4F3032228
:1056F00003F00F038A5CC95C02F01F0201F01F0176
:10570000D0400A4A20FA01F11160094908600F20CF
:1057100000F010F808B1012010BD00F0BBF9002026
:1057200010BD00001844025894FD02902C00002483
:105730002800002410B5102804468AB02CD200227C
:105740000146362000F0C6F9362000F0B5F91748BA
:1057500004601748016841F010010160006809A960
:1057600000F010000890684601F06AF90598B0B1A1
:1057700001F0B6F940000F4900220F4CB0FBF1F1E7
:105780000E4840F2E7330460C0E90332491EC0E925
:10579000011201F0DDFD28B101200AB010BD01F0B9
:1057A0009FF9E8E7054801F017FEF6E7200000241E
:1057B000E844025840420F0000100040480700240F
:1057C0002DE9F041044690F8A00016460F46012846
:1057D0001DD0012584F8A050022084F8A10006EB1A
:1057E000860000EBC600342204EB80003830FDF761
:1057F000AAF832463946204602F034FC21680020DF
:105800004D6284F8A15084F8A000BDE8F081022028
:10581000FBE72DE9F041040004D094F8A100002535
:1058200018B107E00120BDE8F081204684F8A050BF
:1058300000F050F8022084F8A1002068012381695B
:1058400021F070418161D4E90010D4E90272266927
:10585000384332438E691043304388612268A08AFE
:10586000A16941EA004191602268A08B216A41EA66
:105870000041D1602268A08CA16A41EA0041116117
:105880002268A08D216B41EA00415161226894F8A1
:10589000351094F83600D66A000406F07F46D662CA
:1058A000226840EA012094F83460D16A3143014310
:1058B000D1622068416B41F0060141632068816933
:1058C00041F001018161C4F8A45084F8A1300020A6
:1058D000A9E70000F0B5B7B00446142130A8FDF7E1
:1058E0008EF8C0216846FDF78AF82D492068884265
:1058F00054D10DF1280C4004002102240D4605224C
:1059000078238CE81C008714CDE90F7114261191BF
:10591000CDE900016846CDE90D4600F08DFA08B1E9
:10592000FDF735FC1F48016841F00801016000687F
:1059300000F0080035901B48001F016841F48061A9
:105940000160016801F480613591016841F40071E2
:105950000160016801F400713591016841F48071C2
:105960000160006830A9032600F4807035900E278E
:10597000FF2081E8F1000C48FFF772FD30A94FF6D7
:10598000FF7081E8F1000948FFF76AFD30A94FF484
:10599000704081E8F1000648FFF762FD37B0F0BDC6
:1059A00000100050E4440258002802580024025815
:1059B0000020025870B5044690F8A0000B4601285C
:1059C00018D002EB820000EBC201012584F8A05040
:1059D000022084F8A10004EB81012046CB65383118
:1059E00002F040FB216800204D6284F8A15084F849
:1059F000A00070BD022070BD154BF0B5083B427889
:105A000013491A600B680A1F23F001030B604368F7
:105A10001360057BC67A827A437B2D07847B45EA37
:105A20000665C77B90F809C0067A90F800E045EA61
:105A3000C24040EA834040EA444040EA074040EA2E
:105A40000C2040EA460040EA0E000860F0BD00006D
:105A5000A0ED00E0BFF35F8F044800210368034A14
:105A600023F48033036070321160704724ED00E04E
:105A7000074A40F00100064970321060086840F49F
:105A800080300860BFF34F8FBFF36F8F7047000007
:105A900024ED00E0074882B0016841F00201016096
:105AA000006800220F2100F002000090901E02B05A
:105AB00000F010B8F4440258002809DB410900F056
:105AC0001F028900012001F1E0219040C1F800018E
:105AD000704700000E4BF0B41B680D46C3F3022361
:105AE000C3F10706042E00D90426191D072901D287
:105AF000002300E0DB1E012404FA06F19C40491E4D
:105B00002940641E994014402143F0BC04F05FB862
:105B10000CED00E0064900F0070210B54FF6FF0457
:105B20000868044B204040EA02201843086010BD7A
:105B30000CED00E00000FA05134970B50A68D24385
:105B4000520705D5096801F00701814213D118E019
:105B50000A6822F0070202430A60FFF7AFFD0A4D10
:105B60004FF47A760446083D07E000BFFFF7A6FD34
:105B7000001BB04201D9012070BD2868C0438004D9
:105B8000F4D4002070BD00000C48025810B500F09D
:105B900085FF05490968054AC1F30211515C01F00E
:105BA0001F01C84010BD00002044025894FD02901F
:105BB000494930B5484C0B1D0A68143409681D6802
:105BC000246802F00303C5F30012C1F30531C4F3E6
:105BD000CC04002914FB02F200EE102AF8EE400A71
:105BE00075D03F4A9FED3D1AB7EE000A6BB1DFED6D
:105BF0003D1A012B01D0022B64D002EE101A11685D
:105C0000F8EE422A81EEA22A21E0334C283C236898
:105C10009B0612D5344B246801EE901A1168C4F328
:105C2000C104F8EE612AE34001EE903AC1F30801A5
:105C3000F8EE611A81EEA22A0BE001EE901ADFED78
:105C40002B2A00BFF8EE611A116882EEA12AC1F377
:105C5000080101EE901A1168F8EE611A40EE811AFF
:105C600071EE800A62EE200AC1F3462101EE101A9D
:105C7000B8EE411A31EE001AC0EE811ABCEEE11AFC
:105C800080ED001A1168C1F3064101EE101AB8EE5A
:105C9000411A31EE001AC0EE811ABCEEE11A80ED15
:105CA000011A1168C1F3066101EE101AB8EE411A2B
:105CB00031EE000A80EE801ABCEEC10A80ED020AC5
:105CC00030BD04E001EE901ADFED092ABAE70021A9
:105CD000016041608160F3E7284402580000003908
:105CE000384402580024744A0090D0030024744CB5
:105CF00020BCBE4B494930B5484C0B1D0A681C34CA
:105D000009681D68246802F00303C5F30022C1F38B
:105D10000551C4F3CC04002914FB02F200EE102A52
:105D2000F8EE400A75D03F4A9FED3D1AB7EE000AE3
:105D30006BB1DFED3D1A012B01D0022B64D002EED6
:105D4000101A1168F8EE422A81EEA22A21E0334CA3
:105D5000283C23689B0612D5344B246801EE901A28
:105D60001168C4F3C104F8EE612AE34001EE903AF1
:105D7000C1F30801F8EE611A81EEA22A0BE001EEF0
:105D8000901ADFED2B2A00BFF8EE611A116882EE3F
:105D9000A12AC1F3080101EE901A1168F8EE611A08
:105DA00040EE811A71EE800A62EE200AC1F34621AC
:105DB00001EE101AB8EE411A31EE001AC0EE811A47
:105DC000BCEEE11A80ED001A1168C1F3064101EE44
:105DD000101AB8EE411A31EE001AC0EE811ABCEE6C
:105DE000E11A80ED011A1168C1F3066101EE101A83
:105DF000B8EE411A31EE000A80EE801ABCEEC10AFC
:105E000080ED020A30BD04E001EE901ADFED092AB0
:105E1000BAE70021016041608160F3E7284402583D
:105E200000000039404402580024744A0090D00316
:105E30000024744C20BCBE4B2DE9FE4F0546DFF814
:105E4000E48350F8081B0024F64FC943019005F184
:105E50002800264608F12408009008011DD4A86EE9
:105E600050B1B0F5801F0CD0B0F5001F0ED0B0F5CA
:105E7000401F1ED001240FE0386840F40030386025
:105E800017E00198022102F02DFC03E000980221A6
:105E900002F0B8FC04000CD026462888C043C00598
:105EA00023D4A86D05281ED2DFE800F00C11161BC4
:105EB0001B00AA6ED8F8001021F440111143C8F855
:105EC0000010EAE7386840F40030386009E00198D3
:105ED000002102F007FC03E00098002102F092FC90
:105EE000044674B100E0012426462888C04380059A
:105EF00028D4E86D80281ED00CDC90B140280ED14B
:105F000014E0AA6DD8F8001021F007011143C8F879
:105F10000010EAE7C02813D0B0F5807F10D001242C
:105F20000FE0386840F40030386009E00198002143
:105F300002F0D8FB03E00098002102F063FC044665
:105F40009CB126462888DFF8DC92C04309F12C0971
:105F500040052CD4D5F8A800B0F5800F20D00DDC7A
:105F6000A0B1B0F5001F0FD115E0EA6DD8F8001010
:105F700021F4E0711143C8F80010E3E7B0F5C00F59
:105F800013D0B0F5000F10D001240FE0386840F4B2
:105F90000030386009E00198002102F0A3FB03E023
:105FA0000098002102F02EFC04467CB12646288889
:105FB000C04300052DD4D5F8AC00B0F1007F21D04E
:105FC0000EDCA8B1B0F1807F10D116E0D5F8A82082
:105FD000D9F8001021F460011143C9F80010E6E778
:105FE000B0F1407F13D0B0F1806F10D001240FE0EA
:105FF000386840F40030386009E00198002102F070
:1060000071FB03E00098002102F0FCFB044674B130
:1060100026462868C04380011FD4E86CD8B11028F8
:106020000FD0202812D0302815D0012414E0D5F844
:10603000AC20D9F8001021F0E0611143C9F800103C
:10604000E7E7386840F40030386004E00198022146
:1060500002F048FB044674B126462888C043C004B9
:106060002BD4286EB0F5005F20D00DDCA0B1B0F5C8
:10607000805F0FD115E06B48EA6C2030016821F099
:10608000300111430160E8E7B0F5405F13D0B0F58F
:10609000804F10D001240FE0386840F400303860A1
:1060A00009E00198002102F01DFB03E000980021A7
:1060B00002F0A8FB04468CB126462888C043800421
:1060C00029D4686EB0F5403F23D010DC08B3B0F59A
:1060D000803F14D0B0F5003F0FD115E02A6ED8F8FC
:1060E000001021F4E0411143C8F80010E5E7B0F5D5
:1060F000802F0ED0B0F5A02F0BD001240AE001981C
:10610000012102F0EFFA03E00098012102F07AFB8E
:10611000044694B126462888C04340042AD4D5F8C2
:10612000B000B0F1405F23D010DC08B3B0F1805F65
:1061300014D0B0F1005F0FD115E06A6ED8F80010EE
:1061400021F4E0211143C8F80010E4E7B0F1804FDA
:106150000ED0B0F1A04F0BD001240AE0019801212C
:1061600002F0C0FA03E00098012102F04BFB044664
:1061700074B126462888C04300041FD4286FD8B1C4
:10618000B0F1805F0ED0B0F1005F10D0012414E0B8
:10619000D5F8B020D9F8001021F0E0411143C9F83A
:1061A0000010E7E7386840F40030386004E00198F8
:1061B000012102F097FA044674B126462868C043CC
:1061C000C0011ED4A86CD0B101280ED0022811D075
:1061D000032814D0012413E02A6FD8F8001021F00E
:1061E00040511143C8F80010E8E7386840F4003027
:1061F000386004E00198022102F074FA0446ACB160
:1062000026462868DFF81CB0C043ABF11C0B4002E7
:1062100052D40548016841F480710160FFF74EFADD
:10622000824611E02C44025800480258FA48AA6CF1
:10623000016821F0030111430160E2E7FFF73EFA34
:10624000A0EB0A00642835D8F4480068C005F5D5ED
:106250008CBBDFF8C4A3B5F8B4100AF1240ADAF84D
:10626000000001F4407100F44070884211D0DAF867
:106270000010DAF8002021F4407142F48032CAF8AC
:106280000020DAF8002022F48032CAF80020CAF890
:106290000010D5F8B400B0F5807F1AD1FFF70EFAE0
:1062A000029012E0FFF70AFA0299411A41F288308F
:1062B00081420AD9032426462878DFF85CA3C0432C
:1062C0000AF1080AC00721D03CE0DAF80000800794
:1062D000E8D5D5F8B410C1F30120032858460DD0F5
:1062E000016821F47C510160B5F8B420DAF800109F
:1062F000C2F30B021143CAF80010DDE7C84A036875
:1063000002EA111223F47C511143ECE7E86F1828DC
:1063100016D005DCA0B1082808D0102804D10AE066
:1063200020280DD028280BD001240AE00198012153
:1063300002F0D8F903E00098012102F063FA044664
:1063400064B126462878C04380071ED4A86F06286B
:1063500019D2DFE800F0160C11161616EA6FDAF8FB
:10636000001021F038011143CAF80010EAE7019843
:10637000012102F0B7F903E00098012102F042FA8E
:1063800004467CB100E0012426462878C04340073B
:106390001FD4D5F89400062819D2DFE800F0160CB7
:1063A00011161616AA6FDAF8001021F00701114332
:1063B000CAF80010E9E70198012102F093F903E01F
:1063C0000098012102F01EFA0446A4B100E0012465
:1063D00026462878C04380062BD4D5F89000B0F12B
:1063E000405F24D011DC10B3B0F1805F15D0B0F164
:1063F000005F10D116E0D5F89420D9F8001021F0F4
:1064000007011143C9F80010E3E7B0F1804F0ED047
:10641000B0F1A04F0BD001240AE00198002102F056
:1064200061F903E00098022102F0ECF9044694B10E
:1064300026462878C04340062BD4D5F89C00B0F5FA
:10644000406F24D011DC10B3B0F5806F15D0B0F5DB
:10645000006F10D116E0D5F89020DAF8001021F086
:10646000E0411143CAF80010E3E7B0F5805F0ED0B9
:10647000B0F5A05F0BD001240AE00198002102F0E2
:1064800031F903E00098022102F0BCF9044694B10E
:1064900026462878C04300062BD4D5F8A000B0F5D6
:1064A000C04F24D011DC10B3B0F5005F15D0B0F5AB
:1064B000804F10D116E0D5F89C20D9F8001021F4B7
:1064C000E0511143C9F80010E3E7B0F5004F0ED0DA
:1064D000B0F5204F0BD001240AE00198002102F012
:1064E00001F903E00098022102F08CF9044654B14E
:1064F00026462878C04300071ED4D5F88400B0F59E
:10650000805F0AD00FE0D5F8A020D9F8001021F460
:1065100060411143C9F80010EBE70098022102F036
:1065200071F900B10126D5F88420DAF8001021F4C1
:1065300040511143CAF800102878C043C00613D454
:10654000D5F89800B0F5807F05D10098022102F0BF
:1065500059F900B10126D5F89820D9F8001021F496
:1065600040711143C9F800102868C043000316D4D5
:10657000D5F8A40038B1B0F5803F09D0B0F5003FA0
:106580000BD001240AE00198002102F0ABF803E0EF
:106590000098022102F036F904468CB1264628689C
:1065A000C043400322D4D5F88800B0F5801F11D035
:1065B000B0F5001F13D0B0F5401F15D0012414E032
:1065C000D5F8A420D9F8001021F440311143C9F8BE
:1065D0000010E4E7386840F40030386004E00098C8
:1065E000012102F00FF904465CB126462868C04339
:1065F000C00323D4286DA8B1B0F5803F17D0012483
:106600001BE0D5F88820DAF8001021F4401111437E
:10661000CAF80010EAE700004C440258004802584B
:10662000CFFFFF00386840F40030386004E0019884
:10663000022102F057F80446E4B126462868C04318
:10664000800005D40098022102F0DCF800B1012698
:106650002868C04380031BD4D5F88000B0B1B0F5E2
:10666000807F0FD0B0F5007F10D0B0F5407F0DD007
:1066700001240CE05A482A6D016821F4803111434D
:106680000160DBE7386840F400303860ECB3264640
:106690002868C043C00207D46A6FD8F8001021F000
:1066A00000411143C8F800102868C043C00008D456
:1066B000D5F8B820DBF8001021F480411143CBF865
:1066C00000102868C043800207D4EA6ED8F8001092
:1066D00021F080711143C8F800102868C0434000C1
:1066E0000CD4DBF8001021F40041CBF80010DBF8EB
:1066F0000010D5F8BC201143CBF800102868C04327
:1067000008D437486A6D016800E018E021F0405174
:10671000114301602868C043000208D4D5F88C20DA
:10672000DAF8001021F440011143CAF8001028796A
:106730000024C04300F0010020430AD00FE0D5F848
:106740008020DAF8001021F440711143CAF80010DB
:106750009EE70198002101F0C5FF00B106462879A7
:10676000C04300F00200204305D10198012101F04F
:10677000B9FF00B106462879C04300F00400204369
:1067800005D10198022101F0ADFF00B1064628793C
:10679000C04300F00800204305D10098002102F01A
:1067A00031F800B106462879C04300F010002043BC
:1067B00005D10098012102F025F800B1064628799C
:1067C000C04300F02000044304D10098022102F0ED
:1067D00019F800B916B10120BDE8FE8F0020FBE7D3
:1067E0004C4402582DE9F05F04000F467ED0DFF8DC
:1067F0003882D8F8000000F00F00B8420CD2D8F868
:10680000001021F00F013943C8F80010D8F800003B
:1068100000F00F00B84269D12078844D40070AD5B6
:106820002069296801F07001884204D9296821F0A3
:1068300070010143296020787C4E361D00070AD57F
:106840006069316801F07001884204D9316821F033
:106850007001014331602078C0060AD5A069316813
:1068600001F4E061884204D9316821F4E061014318
:1068700031602078DFF8B4B180060BF1080B0CD53D
:10688000E1695846DBF8002002F07002914204D919
:10689000026822F070020A430260207880070AD55D
:1068A000E068296801F00F01884204D9296821F0C5
:1068B0000F01014329602078C0073ED05B49A268E0
:1068C0002868183920F47060104328606068022836
:1068D00018D0032819D00968012819D049070029C0
:1068E0004ADADFF848A1AAF1080A00E044E0DAF841
:1068F000002022F007020243CAF80020FEF7DEFE65
:10690000814612E009688903E9E709688901E6E739
:10691000C905E4E7FEF7D2FEA0EB090141F2883099
:10692000814202D90320BDE8F09F6168DAF80000D7
:1069300000F03800B0EBC10FECD1207880070AD509
:10694000E068296801F00F01884204D2296821F02B
:106950000F0101432960D8F80010404601F00F01F3
:10696000B9420BD9016821F00F0139430160006879
:1069700000F00F00B84201D00120D4E72078400792
:106980000AD52069296801F07001884204D229687B
:1069900021F0700101432960207800070AD5606961
:1069A000316801F07001884204D2316821F0700131
:1069B000014331602078C0060AD5A069316801F42E
:1069C000E061884204D2316821F4E0610143316022
:1069D000207880060CD5E1695846DBF8002002F0EB
:1069E0007002914204D2026822F070020A430260EF
:1069F00000F09AF80E492A682B68C2F3032203F0CC
:106A00000F038A5CC95C02F01F0201F01F01D04035
:106A1000084A20FA01F11160074908600748006838
:106A2000BDE8F05FFEF786BE002000521844025811
:106A300094FD02902C000024280000242000002453
:106A400070B5144C3F220260124A24680832131DAC
:106A5000114D04F00704446016681C1D06F47066AE
:106A60008660166806F00F06C660126802F07002B3
:106A700002611A6802F0700242611A6802F4E06270
:106A80008261226802F07002C261286800F00F0083
:106A9000086070BD104402580020005230B500F06C
:106AA00043F80B4A0B490C4B15681468C5F30322D5
:106AB00004F00F048A5C095D02F01F0201F01F015F
:106AC000D040064A20FA01F119601060084630BD36
:106AD0001844025894FD02902C0000242800002441
:106AE00000B5FFF7DBFF05490968054AC1F302114C
:106AF000515C01F01F01C84000BD00001C44025859
:106B000094FD029000B5FFF7C9FF05490968054AE1
:106B1000C1F30221515C01F01F01C84000BD00001B
:106B20001C44025894FD0290454970B545480968D7
:106B3000434B103B11F0380208D00111082A03D052
:106B4000102A0BD0182A0BD0084670BD1968890688
:106B5000FBD51968C1F3C101C84070BD3A4870BD8A
:106B60003749374D18310C1D24350A6809682668E5
:106B70002D6802F0030406F00102C1F30511C5F30C
:106B8000CC0515FB02F200EE102AB8EE400AE9B37C
:106B90002F4ADFED2E0AB7EE001A6CB1DFED2D1A89
:106BA000012C01D0022C43D002EE101A1068F8EE2E
:106BB000422A81EEA22A1EE01C68A40611D51B6899
:106BC00001EE901A1168C3F3C103F8EE612AD840B0
:106BD00001EE900AC1F30800F8EE611A81EEA22AD4
:106BE0000BE001EE901ADFED1C2A00BFF8EE611AEF
:106BF000106882EEA12AC0F3080001EE900AF8EEB8
:106C0000611A40EE201A31EE810A00E015E022EE12
:106C1000000A1068C0F34620401C00EE900AF8EE0F
:106C2000600A80EE201ABCEEC10A10EE100A70BD98
:106C300001EE901ADFED092AD8E7002070BD0000B0
:106C4000104402580090D00340787D0100000039C4
:106C5000304402580024744A0024744C20BCBE4BBB
:106C60002DE9F05F04007DD0FF4F2078FE4D1837EE
:106C7000DFF8F493103DC00748D0D9F80000396818
:106C800000F03800102815D0182803D101F00300B7
:106C900002280FD06068B0F5803F12D010B1B0F577
:106CA000A02F18D0286820F480302860286820F4AD
:106CB000802009E02868800328D560680028D2D0A9
:106CC00024E0286840F480302860606888B1FEF7CE
:106CD000F5FC064609E0286840F480202860F0E7CB
:106CE000FEF7ECFC801B64286FD828688003F7D57A
:106CF0000CE0FEF7E3FC064605E000BFFEF7DEFC15
:106D0000801B6428F0D828688003F7D4207841F2EB
:106D10000308D54E0C3E800769D5D9F800003968C4
:106D200010F038000ED0182801D188070AD0E0688A
:106D300090B3296821F0190101432960FEF7BEFCD8
:106D4000824631E02868400702D5E06800288AD0F2
:106D5000E168286820F0190008432860FEF7AEFCBF
:106D6000824607E0DFE000BFFEF7A8FCA0EB0A00C8
:106D70000228B9D828684007F6D500BFFEF798FC6E
:106D800040451BD82069402812D0316821F47C315D
:106D900041EA003030602AE018E000BFFEF78EFCC8
:106DA000A0EB0A0002289FD828684007F6D5E5E73F
:106DB000306820F47C3040F40030EBE7207C316810
:106DC00021F0FE4141EA0060E4E70DE1286820F08F
:106DD00001002860FEF772FC824605E0FEF76EFCBB
:106DE000A0EB0A0002288DD828684007F6D4207846
:106DF000C0065DD5D9F80000DFF86CB2396800F044
:106E00003800ABF1040B082810D0182803D101F08A
:106E1000030001280AD0E0690028286838D040F033
:106E200080002860FEF74AFC824623E02868C005FF
:106E300023D5E069802876D11FE0206A202821D060
:106E4000316821F0F84141EA8060306030E000BFF5
:106E500094F82010DBF8002022F07C5242EA016115
:106E6000CBF8001024E000BFFEF728FCA0EB0A00DE
:106E7000022898D82868C005F6D5FEF719FC4045C9
:106E8000E6D8DAE7306820F0F84040F08040DCE7F0
:106E900020F080002860FEF711FC064605E000BFE8
:106EA000FEF70CFC801B02289DD82868C005F7D48B
:106EB0002078000729D56C48616964300029804634
:106EC000016811D041F001010160FEF7F7FB0646B1
:106ED00005E000BFFEF7F2FB801B0228C9D8D8F8F6
:106EE00000008007F6D510E021F001010160FEF7F7
:106EF000E5FB064605E000BFFEF7E0FB801B02282D
:106F000072D8D8F800008007F6D42078800623D500
:106F1000A0690028286810D040F480502860FEF74F
:106F2000CDFB064605E036E1FEF7C8FB801B0228D4
:106F30005AD828688004F7D50EE020F480502860E5
:106F4000FEF7BCFB064604E0FEF7B8FB801B0228F8
:106F50004AD828688004F7D4207840074FD5DFF856
:106F60000C81D8F8001041F48071C8F80010FEF7C9
:106F7000A5FB064605E000BFFEF7A0FB801B6428CA
:106F800032D8D8F80000C005F6D5374EA068603674
:106F900001280AD008B1052813D0306820F001007C
:106FA0003060306820F0040002E0306840F00100FA
:106FB0003060A06841F2883A90B1FEF77FFB8046CE
:106FC0000AE0306840F004003060EEE7FEF776FB40
:106FD000A0EB0801514507D830688007F6D50EE0D0
:106FE000FEF76CFB804607E084E000BFFEF766FB1F
:106FF000A0EB080151457DD830688007F6D4606A5F
:10700000B0B3DFF86480D9F8001008F120084FF61B
:10701000F87B08F10409C1F3C2010329A8F1040AAD
:1070200069D00228286820F08070286003D0FEF71D
:1070300045FB044684E0FEF741FB064605E000BF41
:10704000FEF73CFB801B022877D828688001F7D424
:10705000E26A40F2F331386854F8283F884340EA46
:1070600002101843386004E01044025800480258E7
:10707000B5E0217B434622894FF4FE0C208A4FF075
:10708000FE474902267D521E401EA1F50071C2F343
:1070900008088AB2761E0CEA004042EA080202435F
:1070A000504607EA06610A431A60DAF8002022F027
:1070B0000102CAF80020D9F80020266A22EA0B0251
:1070C00042EAC602C9F80020DAF80010A26921F0ED
:1070D0000C011143CAF800100168E26921F00201B5
:1070E00011430160016841F480310160016841F49D
:1070F000003101E021E027E00160016841F48021D6
:107100000160016841F001010160286840F0807071
:107110002860FEF7D3FA044605E000BFFEF7CEFA7A
:10712000001B022809D828688001F7D557E000BF66
:10713000FEF7C4FA001B022802D90320BDE8F09F25
:1071400028688001F4D44AE039680128D8F80000A2
:1071500021D0A26A01F0030393421CD1E26AC1F379
:1071600005118A4217D1216BC0F30802491E8A42D9
:1071700011D1616BC0F34622491E91420BD1A16B24
:10718000C0F30642491E914205D1E16BC0F306608F
:10719000491E814201D00120D0E7A16C4E46D9F8AA
:1071A0000000C0F3CC00814219D0DAF80000554647
:1071B00020F00100CAF80000FEF780FA4FEA00074D
:1071C000FEF77CFAB842FBD0A26C306820EA0B00D4
:1071D00040EAC2003060286840F0010028600020CA
:1071E000ACE7000070B504000D4603D094F82C0005
:1071F00010B107E0012070BD002084F82D0020466A
:1072000000F018F8022084F82C002068211DFCF7FB
:10721000C5F8D4E900022946FCF712F90448012117
:10722000026842F00042026084F82C10002070BD19
:1072300000400052FEF782B810B5044690F82C00CA
:10724000022804D094F82C00012801D0012010BDA0
:10725000022084F82C002068FCF7D5F8012084F87F
:107260002C00002010BD000070B5044690F82C00E2
:107270000D46022804D0012803D0052801D00120A2
:1072800070BD022084F82C002068FCF7C5F828683F
:10729000022805D05FF0010084F82C00002070BDAA
:1072A0000520F9E77047704770470000F0B590F887
:1072B0003C20012A3BD01F4E012480F83C40022292
:1072C00080F83D2002681C4D5368B242D2F808C0D5
:1072D00001D0AA4203D14F6823F470033B430F68E7
:1072E00023F070031F4357600268B24213D0B2F11B
:1072F000804F10D0114B9A420DD0114B9A420AD0B8
:10730000104B9A4207D0AA4205D00F4B9A4202D0A6
:107310000E4B9A4204D189682CF080031943916086
:10732000002180F83D4080F83C100846F0BD022066
:10733000F0BD0000000001400004014000040040D6
:1073400000080040000C00400018004000400140D0
:1073500010B5040003D094F83D0010B107E00120FF
:1073600010BD002084F83C00204600F023F80220E5
:1073700084F83D002068211D01F0CCFD012084F837
:10738000480084F83E0084F83F0084F8400084F808
:10739000410084F8420084F8430084F8440084F8F3
:1073A000450084F8460084F8470084F83D0000203A
:1073B00010BD000008B50068B0F1804F08D1054845
:1073C000016841F001010160006800F001000090D7
:1073D00008BD0000E844025890F83D10012901D092
:1073E00001207047174A022180F83D100168CB68E0
:1073F00043F00103CB600068904214D0B0F1804F9D
:1074000011D0114988420ED0104988420BD0104942
:10741000884208D00F49884205D00F49884202D0DF
:107420000E49884207D181680D4A1140062906D0CD
:10743000B1F5803F03D0016841F0010101600020F7
:1074400070470000000001400004004000080040B8
:10745000000C0040000401400018004000400140C2
:107460000700010070B5044690F83C000025012893
:1074700014D03A4B012684F83C60022084F83D0089
:1074800022689068184020F47F4090600868702857
:107490002FD010DC10F00F0F03D022E04FF00200CD
:1074A00070BD4FEA2012072A1BD2DFE802F05353C7
:1074B00053534B394100B0F1101F4BD009DCB0F5EC
:1074C000805F0FD0B0F5005F1ED0B0F5801F08D1EF
:1074D00040E0A0F5801120393CD010293AD0202975
:1074E00038D0012584F83D60002084F83C0028460F
:1074F00070BD4A682068D1E9021301F07EFD206862
:10750000816841F0770109E04A682068D1E90213F7
:1075100001F073FD2068816841F480418160E1E7FA
:10752000CA684968206801F015FF2068502106E00C
:10753000CA684968206801F01EFF2068602101F0D8
:1075400065FDCFE7CA684968206801F003FF20683D
:107550004021F4E7226801461046F0E788FFCEFF9D
:1075600070472DE9F041044600680027C6680569A8
:10757000A90713D5B10711D5FA1E026101212177A0
:10758000206880698007204602D0FFF7E9FF04E009
:1075900000F0B4F8204600F089F92777680716D57F
:1075A000700714D5226802206FF004011161207762
:1075B0002068806910F4407F204602D0FFF7D0FF9A
:1075C00004E000F09BF8204600F070F927772807C8
:1075D00015D5300713D5226804206FF0080111611A
:1075E00020772068C0698007204602D0FFF7B8FFE7
:1075F00004E000F083F8204600F058F92777E80609
:1076000016D5F00614D5226808206FF0100111611C
:1076100020772068C06910F4407F204602D0FFF731
:107620009FFF04E000F06AF8204600F03FF927775A
:10763000E80708D0F00706D021686FF00100086164
:10764000204600F0BDF9280601D4A80408D530066C
:1076500006D521686FF4025008612046FFF723FE2B
:10766000E80508D5300606D521686FF480700861FA
:107670002046FFF717FE680608D5700606D5216874
:107680006FF040000861204600F0A4F9A8060AD572
:10769000B00608D521686FF0200008612046BDE8DB
:1076A000F041FFF701BEBDE8F081000010B586B0E3
:1076B000044614216846FBF7A2F90D492068884268
:1076C00014D10C48016841F00201016000680021FA
:1076D000202200F00200059002200092CDE9010175
:1076E000CDE9031004486946FDF7BAFE06B010BDA7
:1076F00000040040E044025800040258704770B58E
:10770000044690F83C0000260D4601280BD00120CD
:1077100084F83C000C2A4AD007DC82B1042A20D02D
:10772000082A06D131E0022070BD102A53D0142A55
:1077300063D00126002084F83C00304670BD2068EC
:1077400001F06EFC2068816941F0080181612068C8
:10775000816921F00401816120682A6981691143EE
:1077600011E0206801F0AEFC2068816941F40061FD
:1077700081612068816921F48061816120682969C3
:10778000826942EA01218161D4E7206801F0E6FCC8
:107790002068C16941F00801C1612068C16921F018
:1077A0000401C16120682A69C169114311E02068A0
:1077B00001F020FD2068C16941F40061C1612068C9
:1077C000C16921F48061C16120682969C26942EA06
:1077D0000121C161AEE7206801F048FD2068416DDC
:1077E00041F0080141652068416D21F004014165C7
:1077F00020682A69416D114311E0206801F070FD95
:107800002068416D41F4006141652068416D21F4BB
:107810008061416520682969426D42EA0121416524
:1078200088E710B5040003D094F83D0010B107E0DC
:10783000012010BD002084F83C00204600F022F812
:10784000022084F83D002068211D01F063FB012027
:1078500084F8480084F83E0084F83F0084F8400033
:1078600084F8410084F8420084F8430084F844001E
:1078700084F8450084F8460084F8470084F83D0009
:10788000002010BD08B500680649884208D10648A6
:10789000016841F002010160006800F00200009000
:1078A00008BD000000040040E84402587047000092
:1078B00030B504464FF0020269B1042912D00829FC
:1078C00017D00C291CD0102921D094F8430001288E
:1078D00024D0012030BD94F83E000128F9D184F86D
:1078E0003E201DE094F83F000128F2D184F83F20AB
:1078F00016E094F840000128EBD184F840200FE016
:1079000094F841000128E4D184F8412008E094F87B
:1079100042000128DDD184F8422001E084F84320B0
:107920000122206801F05CFB1B4B20681B491C4AAC
:10793000984209D0884207D0904205D0194DA842FC
:1079400002D0194DA84203D1456C45F40045456469
:107950002068984212D0B0F1804F0FD0134B98425C
:107960000CD0134B984209D0124B984206D0884253
:1079700004D01149884201D0904207D181680F4A52
:107980001140062906D0B1F5803F03D0016841F0CF
:1079900001010160002030BD0000014000040140F1
:1079A0000040014000440140004801400004004004
:1079B00000080040000C00400018004007000100D3
:1079C00000680349884201D1FDF77EBE7047000080
:1079D00000100040704730B590F88410012918D08D
:1079E000012280F884202421C0F88810002220245D
:1079F00001680B680D6823F0005325F001050D6048
:107A0000426601680B60C0F8884080F88420104608
:107A100030BD022030BD10B50446D0F88C002028BF
:107A200001D0022010BD61B15AB10123E3660020EC
:107A30002067204602F026F80028F3D1E16E0129E4
:107A400001D0012010BD226810211162226852E885
:107A5000001F41F0100142E80013002BF6D110BDC9
:107A600010B50068154A904227D11548941500F0CA
:107A70001F0303F58073BFF34F8F124A106020304D
:107A8000203B002BFADCBFF34F8FBFF36F8F0C4A04
:107A9000FF294FF0000001D8505401E082F8FF00A8
:107AA0000A460749084800F0A7FF05492246BDE8F5
:107AB000104001F58070FFF7AEBF10BD001001400F
:107AC0003C0500245CEF00E0B8080024704770B566
:107AD000044690F8840001281DD0012284F88420F7
:107AE0002420C4F8880020680568026822F001029A
:107AF00002602068826822F060620A438260204649
:107B000001F04CFC2268202100201560C4F8881088
:107B100084F8840070BD022070BD70B5044690F8F2
:107B2000840001281DD0012284F884202420C4F878
:107B3000880020680568026822F00102026020685F
:107B4000826822F060420A438260204601F026FCEF
:107B50002268202100201560C4F8881084F8840071
:107B600070BD022070BD7047704770472DE9F0412D
:107B700007680025044640F60F030226F8693968B5
:107B8000BA6818420AD183067ED501F0200302F0BC
:107B9000805C53EA0C0377D0616F7EE1D44BDFF851
:107BA00054C3134001EA0C0C53EA0C0C6CD05FEA8E
:107BB000C07C0CD05FEAC15C09D54FF0010CC7F85E
:107BC00020C0D4F8907047F00107C4F89070870780
:107BD00009D5D70707D027683E62D4F8906046F0F1
:107BE0000406C4F8906046070AD5D60708D027686F
:107BF00004263E62D4F8906046F00206C4F8906015
:107C000006070CD501F020061E4308D0266808237D
:107C10003362D4F8903043F00803C4F89030030581
:107C20000BD54B0109D526684FF400633362D4F8B5
:107C3000903043F02003C4F89030D4F89030002BFB
:107C40003DD0800609D501F0200002F080510843A4
:107C500003D0616F09B1204688472168D4F89000AD
:107C60008968490602D410F0280F2AD0204601F076
:107C7000F1FC2068806840061ED52068083050E876
:107C8000001F21F0400100E021E040E80012002A3E
:107C9000F3D1D4F8800078B197490165D4F8800019
:107CA000FBF74AFF00280AD0D4F88000016D00E0FD
:107CB0002046BDE8F04108472046FFF756FFBDE8E3
:107CC000F0812046FFF751FFC4F89050F7E7D4F851
:107CD0006CC02023BCF1010F7ED15FEAC06C7BD564
:107CE0005FEAC16C78D51020386220688068400651
:107CF00073D5D4F8802081491068884234D07F49F8
:107D00001831884230D07D49303188422CD07B49AF
:107D10004831884228D079496031884224D0774957
:107D20007831884220D07549903188421CD07349FF
:107D3000A831884218D07249884215D0704918314C
:107D4000884211D06E49303188420DD06C4948319B
:107D5000884209D06A496031884205D06849783143
:107D6000884201D06649903140684FF48077000422
:107D7000000C40D0B4F85C1081423CD9A4F85E00FD
:107D8000D069B8422FD0216851E8000F20F48070EC
:107D900041E80002002AF6D12068083050E8001FB0
:107DA00021F0010140E80012002AF5D120680830D6
:107DB00050E8001F21F0400140E80012002AF5D1F0
:107DC000C4F88C30E566206850E8001F21F01001EF
:107DD00040E80012002A01E04AE019E0F3D1D4F8AB
:107DE0008000FBF7F9FC2667B4F85C00B4F85E107D
:107DF000401A81B208E0B4F85C1081427FF466AFAB
:107E0000D069B842FAD126672046FFF729FE56E727
:107E1000B4F85C00B4F85E10B4F85E20401A81B289
:107E2000002AF4D00029F2D0226852E8000F20F492
:107E3000907042E80007002FF6D1324F206800F121
:107E4000080050E8002F02EA070240E8002CBCF1CD
:107E5000000FF3D1C4F88C30E5666567226852E8FC
:107E6000000F20F0100042E80003002BF6D1CAE713
:107E7000C60209D5560207D54FF480103862204655
:107E8000BDE8F041FFF770BE06060AD501F0800696
:107E900002F40002164304D0A16F00297FF408AF5A
:107EA0000DE7420611D54A060FD52046016851E874
:107EB000002F22F0400241E80024002CF6D1C0F847
:107EC0008830856700F0CCF8F9E6020206D54A0052
:107ED00004D52046BDE8F041FFF745BEC00196D568
:107EE000002994DA2046BDE8F041FFF7EFBD00001D
:107EF0000100001020010004539500901000024082
:107F000010040240FEFFFFEF10B5040003D0D4F8C8
:107F1000880010B107E0012010BD002084F8840023
:107F2000204600F027F82420C4F888002068016863
:107F300021F001010160A06A10B1204601F050FA61
:107F4000204601F0C9FB0128E6D02068416821F4F1
:107F5000904141602068816821F02A018160206899
:107F6000016841F0010101602046BDE8104001F0C8
:107F70009BBA00002DE9F043B7B00646142130A8A3
:107F8000FAF73DFDC0216846FAF739FD2E49306801
:107F9000884256D100201F9001210546CDE90010EE
:107FA0006846FDF749FF08B1FBF7F1F8274801687B
:107FB00041F010010160006800F010003590234886
:107FC0001038016841F001010160006807244FF09A
:107FD0000208DFF87C9000F001000121CDE93215A4
:107FE000CDE934404FF480674846CDE9307830A978
:107FF000FDF736FA79103091CDE93185CDE933546A
:1080000030A94846FDF72CFA124C2921124884E881
:108010002300C4E9035765612046A561E561256237
:108020006562FCF73FFA08B1FBF7B1F8C6F880408B
:1080300000220521A6632520FDF74CFD2520FDF734
:108040003BFD37B0BDE8F08300100140F04402581A
:1080500000000258D006002410000240704770470C
:108060007047FEE72DE9FC4F82468D88894693468E
:108070008820DAF800108C2300EBCB149422A6465B
:10808000C868C0F30B4028440D59040403EBCB101F
:1080900005F47045CDE9000441F80E509C23D9F851
:1080A000004003EBCB164FF0AC0C982340F207775F
:1080B00002EBCB11A02503EBCB1205EBCB13DAF8C7
:1080C00000500CEBCB1CD5F80C80C8F30B4808F122
:1080D0000108A044019C48EA040845F80E80DAF83B
:1080E0000040B9F80C50D4F80C802058C8F30A08A6
:1080F000454400F47048009844F80080DAF80040E5
:10810000D9F80800D4F80C80C8F30A0808F101086F
:108110008044009848EA054844F80080DAF80000F6
:10812000445824F007044450DAF80040D9F810000D
:10813000605099F8310099F81810040299F832004B
:10814000000440EA016099F8301021430143DAF855
:1081500000008151DAF80000815821F0FF018150C0
:10816000DAF80000D9F814108150DAF80000C1588C
:10817000B943C150DAF80010D9E907021043C850DA
:10818000DAF80010D9F8240041F80C00D9F81000F2
:10819000C8B301283AD004283AD0022838D003289E
:1081A00036D0072834D00120DAF80030B02505EBAE
:1081B000CB11B42284245D5802EBCB1205F0E025EC
:1081C0005D50D9E9003504EBCB14EB1AB9F828500F
:1081D00043434543DAF80000DB1D43EA05434350BF
:1081E000DAF8000081586FF30A018150DAF80000D4
:1081F000D9F82C108150DAF80000015941F0010142
:108200000151BDE8FC8FFFE70420CDE70320CBE759
:108210000220C9E7104802220E4B002110B503606E
:10822000C0E90112C160C0E91112C1640165416574
:108230008165C165FBF76CFA08B1FAF7A8FF06483B
:108240000121FBF773F9002803D0BDE81040FAF7CD
:108250009EBF10BD00100052C0020024094808B59E
:10826000016841F00101016000680022052100F071
:10827000010000900B20FDF72DFCBDE808400B200D
:10828000FDF71ABCD84402582DE9F0411E480021E0
:108290001C4F012300F118084FF0120C1F268160BB
:1082A000102507600327C160042203742024417451
:1082B0008174436188E8481043623E2300F1280836
:1082C000C0E90D1388E8E0000823C563C0E9104247
:1082D0008464C0E91323C0E91521C0E91714C0E97B
:1082E0001912FCF77DFE08B1FAF751FF0648FDF7B9
:1082F00002F8002803D0BDE8F041FAF748BFBDE816
:10830000F081000000A0004028030024F0B587B0F1
:108310001C216846FAF773FB154800220823134D09
:1083200002214FF0400C0126C0E90052C0E902636F
:1083300020270761CD01C0F814C0C0E906528E02A3
:108340000662CF020724C0E909728DE81A000525EC
:108350000394CDE9045106916946FEF743FF08B145
:10836000FAF715FF23F038FB07B0F0BD404100528B
:10837000C8030024044A0021044810B521F006F87F
:108380000349086010BD0000D4FC0290F134009055
:108390000400002470B586B014216846FAF72FFB5C
:1083A0004148016841F480710160016801F4807105
:1083B0000591016841F002010160016801F00201CC
:1083C0000591016841F480610160016801F48061F8
:1083D0000591016841F004010160016801F00401A8
:1083E0000591016841F010010160016801F0100180
:1083F0000591016841F400710160016801F40071A8
:108400000591016841F001010160016801F001017D
:108410000591016841F080010160016801F080016F
:108420000591016841F040010160016801F04001DF
:108430000591016841F008010160016801F008013F
:108440000591016841F02001016000680122174E8A
:10845000032100F0200005903046FDF724F90025A7
:108460006946012402946003CDE900051048FCF739
:10847000F7FF0C206946CDE900050E480294FCF791
:10848000EFFF022000946946CDE901500A48FCF74D
:10849000E7FF03206946CDE90004CDE902453046F7
:1084A000FCF7DEFF06B070BDE0440258000402583D
:1084B00000080258001C0258000002582DE9F04341
:1084C0002D4A4FF04049002049468DB04CF6FF43FD
:1084D00021F81030401C9042FAD334216846FAF754
:1084E0008EFA27480024254B2F214FF4017840F2C3
:1084F000A736022540F20227036087224460222328
:10850000846040F2CF3CC0F830808561C460C0E92F
:10851000044100F11C0181E8CC1080F8344080F85F
:10852000354080F83640FDF774F908B1FAF72FFEB0
:108530004FF4487004954FF4F071FF23CDE90040EB
:10854000CDE90A0105A80527CDE902414FF480666F
:10855000694680E8D8028DF8304000228DF831401D
:1085600007488DF83240FDF72BF9002801D0FAF7C3
:108570000EFE0DB0BDE8F08300DC050000100050D9
:10858000FC03002410B588B016480024164BEF22D7
:1085900000944FF080410194029403940494059454
:1085A000069480E81600C0E903348461FEF7D0FE2B
:1085B00008B1FAF7ECFD4FF4805000900948694685
:1085C000FEF750FF08B1FAF7E2FD064804A904944B
:1085D0000694FEF76BFE002801D0FAF7D8FD08B02C
:1085E00010BD0000A4040024FFC99A3B30B58BB035
:1085F000002468461C21079408940994FAF7FFF9AF
:10860000184D45F6BF511848C722802385E813004E
:10861000AB612846C5E90324FFF703F908B1FAF76F
:10862000B6FD104807A907940994FEF73FFE08B16C
:10863000FAF7ADFD60206946CDE90004094804223F
:1086400002940494FFF75BF808B1FAF7A0FD2868DC
:10865000846304210348FFF72BF90248FFF726F84B
:108660000BB030BDF0040024000400401A48002183
:1086700010B5184C0C224FF4E1330460C0E901310D
:10868000C160C0E904128161C1610162416281621D
:10869000FFF73AFC08B1FAF77AFD0F480021FFF71F
:1086A0003CFA08B1FAF773FD0B480021FFF70FFA07
:1086B00008B1FAF76CFD0848FFF78DF908B1FAF731
:1086C00066FDBDE8104005494FF480720248FFF78F
:1086D000A2B90000001001403C0600243C05002423
:1086E000FEE7FEE72DE9F047454D044689464FF089
:1086F000000A2868C04380070AD0414E283E3068EF
:1087000020F080603060FCF7D9FF0746B04608E0F3
:108710000120BDE8F08700BFFCF7D0FFC01B022896
:1087200067D8D8F800000001F6D4206829684FF413
:10873000FE0721F47C313E0241EA00302860207AB5
:10874000A389B4F804C040022D4D2D495B1E227C44
:10875000ACF1010C1035091DA0F5007080B2521E5D
:10876000CCF3080C07EA034340EA0C00184306EA7E
:108770000262104328600868626920F0C00010435C
:1087800008600A68A06922F0200202430A60281DDE
:108790000A6822F010020A6002684FF6F873E46972
:1087A0009A4342EAC40202600868B9F1000F40F03F
:1087B00010020A6011D00868B9F1010F11D040F41D
:1087C00000100860D8F80000444640F08060C8F807
:1087D0000000FCF773FF05460DE0086840F4002038
:1087E000EFE740F48010ECE7FCF768FF401B02283D
:1087F00001D903208DE720680001F5D5504688E7B0
:10880000284402582DE9F047454D044689464FF06B
:10881000000A2868C04380070AD0414E283E3068CD
:1088200020F080503060FCF749FF0746B04608E072
:108830000120BDE8F08700BFFCF740FFC01B022805
:1088400067D8D8F800008000F6D4208829684FF453
:10885000FE0721F07C713E0241EA00502860207A38
:10886000A389B4F804C040022D4D2D495B1E227C23
:10887000ACF1010C1835091DA0F5007080B2521E34
:10888000CCF3080C07EA034340EA0C00184306EA5D
:108890000262104328600868626920F44060104357
:1088A00008600A68A06922F4007202430A60281D69
:1088B0000A6822F480720A6002684FF6F873E4696D
:1088C0009A4342EAC40202600868B9F1000F40F41A
:1088D00080720A6011D00868B9F1010F11D040F020
:1088E00080700860D8F80000444640F08050C8F816
:1088F0000000FCF7E3FE05460DE0086840F4800048
:10890000EFE740F40000ECE7FCF7D8FE401B02283C
:1089100001D903208DE720688000F5D5504688E70F
:108920002844025870B504220D460021044600F088
:10893000F3F9E06A002807D00268002A04D029462B
:108940002046BDE87040104770BD00231A4600F075
:1089500001B800002DE9F84F0C46054622B11BB9BD
:10896000FF211046FAF7BAF905F13C0069460646C0
:10897000ADF800400BF009FFDFF874A04FF00109DB
:1089800048B34846DFF86C805FF0000680F00107CE
:1089900006EB460138F91120A2420ADB08EB410040
:1089A000B0F90210A14204DC82880221284600F0BE
:1089B000B3F9761C092EEBDB21462846FFF7B2FF00
:1089C0001FB151462846FFF7ADFF002D01D085F8B5
:1089D0003990BDE8F88F694630460BF005FF6946CF
:1089E0003046ADF800A00BF0D0FE0020CAE7000032
:1089F000A2FEFFFFA4FD02902DE9F04704464FF0D0
:108A0000000617004FF001093546D4E902200ED0C8
:108A100063689B1A5B1E9F4212DDA6606FF4B571FE
:108A200006702046FFF791FF0020BDE8F0878654CE
:108A3000D4E90221204600F037F88146A66031E0F3
:108A400010443A46F9F7F8FED4E9020104F164084B
:108A50003844A06001F80060D4E902104A1B4119B3
:108A6000404622F0B9FC94F880100544012904D056
:108A700094F864001A2811D011E0E1682A462046D3
:108A800000F012F88146D4E902104A1B4119F9F7A7
:108A900018FFA068401BA0600025DDE711B1A068A9
:108AA000A842D9D84846C0E72DE9F04F0400454810
:108AB000904689468DB04FF0010AD0E90621006A40
:108AC0000292CDE903101CD001210020206304F1A3
:108AD000640584F8381042464946284622F07CFC5A
:108AE00006462878192810D0A868002852DD02A868
:108AF000294604F0EFFC686800270790A8680690F4
:108B00002DE000200DB0BDE8F08F6FF0640120462D
:108B1000FFF71BFF3CE00021009103EB820B0B46AB
:108B20000191DDE9062120F003F8B8B1C4F810B0D6
:108B3000002128696061A0616869E0616868C4E932
:108B40000910A8682062204620F042FD00EA0A0AC7
:108B500095E88C0002A880E88C001BE07F1C23684D
:108B600007EB470253F822000028D4D1334600E037
:108B70005B1E3BB109EB030010F8010C0D28F7D088
:108B80000A28F5D06FF070014A462046FFF7E2FE52
:108B90004FF0000A464503DAB144A8EB06089AE70D
:108BA00094F8380058B90222204607A126F00CFAA2
:108BB000200004D0C16A11B1C96801B1884750468C
:108BC000A0E7000010FE02900D0A00000A2905D25D
:108BD00020B100EB4100B0F848007047002070471A
:108BE0002DE9F05F0A2914460E46054677D2002D7E
:108BF00075D0DFF8208108F1140900BF08EB4601A9
:108C000005EB46034F78B3F8482018F8161009EB27
:108C1000C707A24238687F6879D00729A3F848407F
:108C200070D2DFE801F0040423743F747400B5F8D7
:108C30004A00B5F8481020F0400321F040001842E7
:108C400011D024EA0200204241F04002A5F8482059
:108C500058D028004FF0010154D0C36AF3B39B6889
:108C6000E3B398474EE0A5F848004BE0C0F3072176
:108C70000B2903D02846FFF7A9FF01E04FF6FF704C
:108C8000044201D0012200E000222846C7F3072158
:108C90000E46FFF79BFF12B140EA174432E020EA8C
:108CA00017402EE0010E0B29C6B202D1F8B20B28F4
:108CB00021D04FF0000A0B29D34603D02846FFF7F6
:108CC00085FF8246F9B20B2903D02846FFF77EFFC5
:108CD0008346624002EA04039A4301E012E016E090
:108CE00031462846FFF772FF03EA0A0302EA0B0245
:108CF0001343184305E031462846FFF767FF9443C6
:108D000020430446C7F307200B287FF477AFBDE864
:108D1000F09F0000DAFD029010B50B460446FFF705
:108D200055FF02432046BDE810401946FFF758BFE3
:108D3000054C4FF4FA7502212046FCF7ACFC28469E
:108D400020F079FAF7E70000000402584FF0E02025
:108D500010B5006926F0BAFD012803D0BDE8104027
:108D600026F0B4B910BD000070B59CB04C21684627
:108D7000F9F745FE202113A8F9F741FE0220FCF780
:108D8000DBFE214800242149026842F4404202608F
:108D900002680A6842F001020A60096801F00101F4
:108DA0001B9101688904FCD50DF1280C08250220CF
:108DB00009900523C0268CE84900CDE90D05C203C2
:108DC0000F9001216846CDE91054CDE900121294AC
:108DD000FDF746FF08B172B6FEE740201A903F212A
:108DE0000301CDE916500322CDE9180313AB13A8F4
:108DF00083E816000421FDF7F5FC002801D072B6C7
:108E0000FEE71CB070BD0000184802582C04005842
:108E10003348F0B5334A016841F4700101601068CD
:108E200000F00F00072804D2106820F00F00C01DCA
:108E300010602D4900202C4C10340B682B4D43F052
:108E400001030B6020600B682B400B60136803F07C
:108E50000F03072B04D9136823F00F03DB1D1360E6
:108E6000214C234A1834234B261D371D20601E4CED
:108E7000214D28343060261D3860371D23603B1D8E
:108E800035601C1D3A60251D2E1D1860331D2260A3
:108E90002860326018600A68134B184C22F4802254
:108EA00060330A60186020686FF30F00B0F1005F54
:108EB00003D213490120C1F808010B48D4300168DE
:108EC000C9040BD4026843F2D2010E4B42F4805223
:108ED00002601960016821F480510160F0BD00005A
:108EE00088ED00E000200052004402587FEDF6EAD1
:108EF00080020101000202020000FF010010005C7C
:108F000000800051004000520148FEF72ABB0000DB
:108F1000480700242DE9F047294B4FF0804A294D9E
:108F200002689842284E294F294C09D0504507D055
:108F3000A84205D0B04203D0B84201D0A04205D12A
:108F4000D1F804C022F070024CEA0202DFF884C0BB
:108F5000DFF884809842DFF884900FD050450DD020
:108F6000A8420BD0B04209D0B84207D0A04205D0E9
:108F7000604503D0404501D0484503D1CD6822F477
:108F800040722A438E684D6922F08002C6620E68E4
:108F90002A439842866207D0A04205D0604503D09C
:108FA000404501D0484501D10969016303680121A9
:108FB00043F00403036041610260BDE8F0870000F4
:108FC000000001400004004000080040000C004088
:108FD00000040140004001400044014000480140BD
:108FE00010B5046A012301F01F018B409C43046209
:108FF0008A40016A1143016210BD42EA032283687C
:109000000A4323F47F410A4382607047034B82681E
:109010001A400A4342F00701816070478FFFCFFF7B
:109020002DE9F04FDFF88480214EDFF88890DFF8DB
:1090300088B0026A036AB042DFF880A022F0020C16
:109040001F4F23F001020262426885698B680C6839
:1090500005EA080525F0030543EA0C0344EA050484
:1090600007D0484505D0584503D0504501D0B842F7
:1090700005D1CD6823F008031D4325F00403B04259
:1090800007D0484505D0584503D0504501D0B842D7
:1090900005D122F44076D1E9055235432A43426096
:1090A0008461496841630362BDE8F08F8FFFFEFF72
:1090B0000000014000040140004001400044014024
:1090C00000480140F0B5DFF87CE01F4C1F4D026AFC
:1090D000036AA04222F0200623F0100303624268D4
:1090E0008369D1F808C00F6803EA0E0323F4407EB9
:1090F00046EA0C134EEA072601D0A84206D1CF68F3
:1091000023F0800343EA071323F04003A0420AD070
:10911000A84208D00E4CA04205D00E4CA04202D06E
:109120000D4CA04207D1D1E9054522F4406242EA44
:10913000840242EA85024260866149688163036273
:10914000F0BD0000FF8FFFFE000001400004014061
:10915000004001400044014000480140F0B5DFF804
:109160007CE01F4D1F4E026A036AA84222F400777A
:1091700023F4807303624368C269D1F808C002EA2D
:109180000E020C6822F0030E47EA0C2244EA0E0499
:1091900001D0B04206D1CF6822F4006242EA072231
:1091A00022F48062A8420AD0B04208D00E4DA842F4
:1091B00005D00E4DA84202D00D4DA84207D1D1E9ED
:1091C000055623F4405343EA051343EA061343606C
:1091D000C4614968C1630262F0BD00008FFFFEFFF9
:1091E00000000140000401400040014000440140F3
:1091F00000480140F0B5046A026A22F4805202621B
:109200004268C36924F40054DFF848C08E680D68D2
:1092100003EA0C03104F23F4407344EA0634B842C7
:1092200043EA05230BD00D4DA84208D00C4DA842AF
:1092300005D00C4DA84202D00B4DA84204D14D6977
:1092400022F4804242EA85124260C36149680164A7
:109250000462F0BDFF8FFFFE0000014000040140EA
:10926000004001400044014000480140F0B5164F65
:10927000164B026A046A984222F4003524F48033C3
:1092800003624268436D0E890C6803EA070344EAEF
:10929000030445EA06430BD00D4DA84208D00D4DFE
:1092A000A84205D00C4DA84202D00C4DA84204D1D2
:1092B0004D6922F4803242EA0522426044654968E1
:1092C00081650362F0BD00008FFFFEFF00000140DA
:1092D00000040140004001400044014000480140BA
:1092E000F0B5164F164B026A046A984224F48013B4
:1092F000036222F400144268436D0E890D6803EA8C
:10930000070344EA065443EA05230BD00D4DA84257
:1093100008D00D4DA84205D00C4DA84202D00C4DEE
:10932000A84204D14D6922F4802242EA852242609B
:1093300043654968C1650462F0BD0000FF8FFFFE10
:109340000000014000040140004001400044014091
:109350000048014010B5036A046A23F00A0324F0B0
:109360000104046284690B4324F0F00141EA021114
:109370008161036210BD10B5036A046A23F0A00383
:1093800024F010040462846943EA011124F4704358
:1093900043EA02328261016210BD000030B5416EC5
:1093A000B9B101680D4B03F108048A688968C2F3FA
:1093B0004262490F5D5C615C2D01B5FBF1F1A0F8E3
:1093C0006A10995CA25C0901B1FBF2F1A0F8681087
:1093D00030BD0121A0F86A10F8E7000084FD02907A
:1093E00090F82810090706D50168836B4A6822F4B3
:1093F00000421A434A6090F82810C90706D0016855
:10940000C36A4A6822F400321A434A6090F828106E
:10941000890706D50168036B4A6822F480321A4333
:109420004A6090F82810490706D50168436B4A68DE
:1094300022F480221A434A6090F82810C90606D503
:109440000168C36B8A6822F480521A438A6090F8DC
:109450002810890606D50168036C8A6822F4005238
:109460001A438A6090F82810490611D50168436CA8
:109470004A6822F480121A434A60416CB1F5801F99
:1094800006D10168836C4A6822F4C0021A434A601C
:1094900090F82810090606D50168C26C486820F4C7
:1094A00000201043486070472DE9F843002504462A
:1094B000C0F89050FCF702F98046206820266FF033
:1094C0007E470068000713D500224346310420463A
:1094D000009700F02BFB58B1216851E8000F20F0F5
:1094E000800041E80002002AF6D1C4F8886021E03B
:1094F00020680068400722D5002243464FF48001CF
:109500002046009700F012FBC8B1206850E8001F09
:1095100021F4907140E80012002AF6D1206808304A
:1095200050E8001F21F0010140E80012002AF5D1A7
:10953000C4F88C60032084F88450BDE8F883C4F834
:109540008860C4F88C60E5662567002084F8845044
:10955000F3E710B5806B0021A0F85E10FEF705FB65
:1095600010BD70B5846B00252168D4F88800D4F84C
:109570008C608968090606D5212804D1A4F85650C4
:10958000204600F091F820688068400606D5222E1B
:1095900004D1A4F85E50204600F05CF8D4F89000A6
:1095A00040F01000C4F890002046FEF7DEFA70BDCF
:1095B00010B5C1690022806BB1F5807F2DD0A0F875
:1095C0005E20036853E8001F21F4807143E8001413
:1095D000002CF6D10168083151E8003F23F0010367
:1095E00041E80034002CF5D10168083151E8003F12
:1095F00023F0400341E80034002CF5D12021C0F8CD
:109600008C10C16E012908D1016851E8003F23F098
:10961000100341E80034002CF6D10267C16E012925
:1096200002D0FEF71BFD10BDB0F85C10FEF718FA73
:1096300010BD10B5806B01210167C16E012902D0F8
:10964000FEF70DFD10BDB0F85C104908FEF708FAF2
:1096500010BD000010B5026852E8001F21F490719F
:1096600042E80013002BF6D10E4B0268083252E894
:10967000001F194042E80014002CF6D1C16E0129E8
:1096800008D1026852E8001F21F0100142E80013DF
:10969000002BF6D100212022C0F88C20C166416742
:1096A00010BD0000FEFFFFEF026852E8001F21F02E
:1096B000C00142E80013002BF6D10168083151E8DF
:1096C000002F22F4000241E80023002BF5D12021D5
:1096D000C0F88810704700002DE9F0430446806808
:1096E000D84E87B0D84B2168D4E90427D4F81CC0E1
:1096F00010430A68002547EA0C073843324002430A
:109700000A602068E268416821F4405111434160D9
:109710002268A1699A4201D0206A01439768DFF864
:109720002CC3CB4ECB4807EA0C070F439760216848
:10973000676ACA6A22F00F023A43CA622268B242DA
:109740000ED1006800F03800182873D047DCB8B399
:10975000082879D010286FD178E028287ED17BE0C6
:10976000BD498A4209D1006800F00700062875D279
:10977000DFE800F0546A6C6E7072B8498A4209D111
:10978000006800F00700062868D2DFE800F0475DB7
:109790005F616365B2498A4209D1006800F0070041
:1097A00006285BD2DFE800F03A5052545658AD49D3
:1097B0008A420BD1006800F0070006284ED200E074
:1097C00010E0DFE800F02B4143454749A6498A42B3
:1097D0000AD1006800F03800182839D0B7DD2028F9
:1097E000BBD13CE001203AE0A0498A4209D100689F
:1097F00000F00700062831D2DFE800F01026282A02
:109800002C2E9B498A420BD1006800F007000628E5
:1098100024D2DFE800F003191B1D1F2100201EE0E9
:109820009A421BD18B48001D006800F007000628F3
:1098300014D202E00CE007E010E0DFE800F00305DE
:1098400007090B0D02200AE0042008E0082006E0CA
:10985000102004E0202002E0402000E08020854924
:10986000DFF814829A42854A4FF400434FEA2117E9
:109870004FF000064ED110281AD006DC022809D07D
:1098800004280BD008287CD10DE020283ED04028A9
:1098900077D13DE0FCF77AF9014610E06846FCF725
:1098A00087F901990BE003A8FCF724FA049906E074
:1098B0001068800605D51068C0F3C100C1400029BA
:1098C00070D0606A676838F8102007EB4703B1FB77
:1098D000F2F0834255D8B0EB073F52D80023084638
:1098E0001946F8F7E1FD02467808130E120243EA22
:1098F000012110183A4671410023F8F7D5FD604A5E
:10990000A0F5407191423CD821688FE03946D8E7F4
:109910001946D6E7D4F81CC04FF6EF799C4546D1DE
:10992000082819D005DC58B101280CD0042875D1BD
:109930000DE0102815D0202835D040286ED134E015
:10994000FDF7CEF801E0FDF7DDF8014610E06846CE
:10995000FCF72EF901990BE003A8FCF7CBF9049969
:1099600006E01068800604D51068C0F3C100C1404D
:10997000C1B1636A606838F81330B1FBF3F1490094
:1099800000E04BE001EB5001B1FBF0F0A0F1100161
:10999000494543D84FF6F0732168C0F3420218409E
:1099A000104343E043E03946E3E71946E1E708287E
:1099B00019D005DC58B101280CD004282ED10DE0B7
:1099C000102815D020282BD0402827D12AE0FDF7D9
:1099D00087F801E0FDF796F8014610E06846FCF7CD
:1099E000E7F801990BE003A8FCF784F9049906E075
:1099F0001068800604D51068C0F3C100C140B1B141
:109A0000636A606838F81330B1FBF3F101EB500181
:109A1000B1FBF0F0A0F11001494505D9012506E0A0
:109A20003946EDE71946EBE7216880B2C8600120AE
:109A3000A4F86A00A4F8680028466667A66707B01D
:109A4000BDE8F083F369FFCF000C0058FFF4FF116D
:109A500000100140544402580044004000480040B7
:109A6000004C0040005000400014014000780040CD
:109A7000007C00400090D0036CFD0290004402582E
:109A8000FFFC0F0070B50446D0F8800000232225AB
:109A9000A165A4F85C20C4F89030C4F88C50F0B1F3
:109AA0001F49C163D4F880101E480864D4F88010A0
:109AB0001D48C864D4F8800003651346A56D21686D
:109AC000D4F880002A462431FAF7CEFE38B11021AE
:109AD000C4F890102020C4F88C00012070BD2069CB
:109AE00040B1216851E8000F40F4807041E8000265
:109AF000002AF6D12068083050E8001F41F001012B
:109B000040E80012002AF5D12068083050E8001F14
:109B100041F0400140E80012002AF5D1002070BD5C
:109B2000B195009033960090639500902DE9F04731
:109B3000994617460D460446089E4FF0000833E04C
:109B4000701C31D0FBF7BAFDA0EB0900B04218D869
:109B5000BEB120680168490726D5802D24D0402D4C
:109B600022D0C169C94309070DD4082505622046E2
:109B7000FFF770FDC4F89050012084F88480BDE8A0
:109B8000F0870320FBE7C069C04300050CD42168BF
:109B90004FF4006008622046FFF75CFD2021C4F806
:109BA000901084F88480ECE72068C06935EA0000F2
:109BB00004D00020B842C3D00020E0E70120F9E73C
:109BC0000148FDF7D3BF00003C060024FEE709076B
:109BD00000284FEA116104DB00F1E02080F8001456
:109BE000704700F00F0000F1E02080F8141D70476E
:109BF00070B5002504466FF02F0608E0206805EBDD
:109C00008502411C216006EB42020078851820681D
:109C1000007800F004F80028F0D1284670BD3038F4
:109C2000092801D8012070470020704730380A28E1
:109C300001D20120704700207047000008484421ED
:109C400010B500F08DFF0748002210211DF0C0FE66
:109C5000054CA06002F086F80020207010BD0000C6
:109C60002C1C02241DBE0090280200242DE9F84F70
:109C70000E46814617461146304600F023F940B1A2
:109C800000223946304600F0C9F828B10020BDE86E
:109C9000F88F4FF0FF30FAE7B6F906C00020B6F9AA
:109CA0000210421EB6F904E0B6F900B0ACEB010CAC
:109CB000B7F802800CF1010CAEEB0B038A465B1C7B
:109CC00002FA83F302FA8CFCA8EB0A0109B21AB279
:109CD00000920FFA8CF200290EDD6BF30F040AEBF1
:109CE00001036EF30F056AF31F44C9F8004063F3E4
:109CF0001F45C9F804500120B7F906107388CB1A24
:109D0000D21A12B2002A15DDB6F90630994211DADC
:109D1000B6F8008009EBC003B6F804C00A44401C42
:109D200068F30F046CF30F0561F31F441C6062F3CA
:109D30001F455D60B7F90220B6F902108A4200DDC6
:109D40001146B7F90630B6F90620934200DA1A46F2
:109D5000B7F800C0B6F90030521A0FFA82F8ACEB2F
:109D6000030C0FFA8CF2002A13DDB8F1000F10DD9E
:109D700063F30F04134401EB080C63F30F0509EBC5
:109D8000C00361F31F44421C1C606CF31F45104666
:109D90005D60B7F904203388D61A009B9B1B1BB269
:109DA000002B7FF778AF62F30F0401EB080661F335
:109DB0001F44134409EBC00163F30F05421C0C6000
:109DC00066F31F4510464D6061E770B5B1F900407C
:109DD000B2F900309C4200DD23460380B1F9025005
:109DE000B2F90240A54200DD2C464480B1F904607E
:109DF000B2F90450AE4200DA35468580B1F906105A
:109E0000B2F90620914200DB1146C180AB424FF00F
:109E1000010001DC8C4200DD002070BDF8B50D466C
:109E2000B1F900100446B0F900001646884247DB3D
:109E3000B4F90210B5F90220914241DBB4F90410E3
:109E4000B5F9042091423BDCB4F90610B5F90620BF
:109E5000914235DC96B3ADF8000032466088694621
:109E6000ADF80200284600F099F8002827D0A08815
:109E70003246ADF8000069466088ADF80200284619
:109E800000F08CF800281AD020883246ADF8000087
:109E90006946E088ADF80200284600F07FF8002807
:109EA0000DD0A0883246ADF800006946E088ADF8D4
:109EB0000200284600F072F8002800D00120F8BD0A
:109EC0000020F8BDB0F90020B1F904309A4213DC4B
:109ED000B0F90420B1F900309A420DDBB0F902204C
:109EE000B1F906309A4207DCB0F90600B1F9021068
:109EF000884201DB0120704700207047F8B50D460D
:109F0000B1F900100446B0F904001646884243DB5C
:109F1000B4F90600B5F9021088423DDBB4F900003F
:109F2000B5F90410884237DCB4F90210B5F90620FF
:109F3000914231DC76B3ADF8000032466088694664
:109F4000ADF80200284600F029F818BBA088324678
:109F5000ADF8000069466088ADF80200284600F0C0
:109F60001DF8B8B920883246ADF800006946E0888F
:109F7000ADF80200284600F011F858B9A088324622
:109F8000ADF800006946E088ADF80200284600F010
:109F900005F808B10020F8BD0120F8BD2DE9FC410D
:109FA0000546B1F900000E461446B5F90010884286
:109FB0003ADBB5F90470B84236DCB6F90200B5F9FF
:109FC0000230984230DBB5F9062090422CDC002CA0
:109FD00075DD781AD21A401C521C00B212B200EB86
:109FE000D07002EBD27240105210904200DB10464B
:109FF000844200DD0446ADF8001028880022314676
:10A000002044ADF804006888ADF802006888204458
:10A01000ADF806006846FFF7C1FF40B1BDF8040087
:10A020002044ADF804003FE00020BDE8FC81E88852
:10A0300000223146001BADF80200E888ADF80600AA
:10A040006846FFF7ABFF28B1BDF804002044ADF827
:10A05000040011E0A88800223146001BADF8000082
:10A06000A888ADF804006846FFF798FF50B1BDF826
:10A070000000001BADF80000BDF80200001BADF8A9
:10A08000020016E068880022ADF8020031466888B8
:10A090002044ADF806006846FFF780FF70B1BDF8B8
:10A0A0000000001BADF80000BDF806002044ADF82C
:10A0B0000600314668461BF067F9B6E7FFE7012066
:10A0C000B3E710B5B1F90040B2F900309C4200DAB4
:10A0D00023460380B1F90240B2F902309C4200DA13
:10A0E00023464380B1F90440B2F904309C4200DDBC
:10A0F00023468380B1F90610B2F90620914200DCB4
:10A100001146C18010BD00002DE9FC4107461DF03D
:10A110000DFC7E4C0026054600960FB1F86801E064
:10A1200010F032FA606000691BF030F86068406936
:10A1300008B11BF02BF86068C0691BF027F8606855
:10A14000006A1BF023F86068016991B11BF0B8F94F
:10A1500020F082FC20F0A4F96068B0F85011E1B35F
:10A160000068017CC9071ED0C0684068D8B10027CC
:10A1700014E0A0F85061BDE8FC81C11991F83011DC
:10A1800051B900F5AC7000F042FD616801EBC70108
:10A190000A6B0260496B41607F1CBFB26068B0F817
:10A1A0005011B942E9D860684FF48071303016F030
:10A1B000B7FC6068202100F5987016F0B1FC60686B
:10A1C000A0F8506128461DF0ABFB00906068006865
:10A1D000436A13B122680099984716F02FFB00F0EC
:10A1E000A1FA00F0A1F84A4D6F69EFBB10F0CCF96D
:10A1F00010F0F8F915F0D4F9002207467F211AF083
:10A20000DEFE0022114610460FF0ABFC019000224A
:10A21000BDF8041038461AF0C1FEFF221146104660
:10A220000FF09FFC01900022BDF8041038461AF090
:10A230001BFF0022384603211AF00CFF002238468B
:10A2400003211AF0F8FE0022384603211AF0F8FE26
:10A250000022384603211AF0F8FE00223846032176
:10A260001AF0FDFE2BA100E009E0384616F01EF8BA
:10A270000023384606211A4617F043F86F61286814
:10A280001DF04EFBB0F5967F0DD2206841F288316B
:10A2900088427FF670AF6868009908446860A868D3
:10A2A000401CA86067E71DF041FB286060684068BB
:10A2B00028B100684FF47A71B1FBF0F000E03E2065
:10A2C000696809B901216960A968E1B14FF47A723E
:10A2D00051436A68B1FBF2F46E60AE60844200D90B
:10A2E0000446286920442861E868401CE8601DF0A5
:10A2F000A1FB02B02246C0F16403384606A1BDE8C6
:10A30000F04116F00AB80446E6E70000EC0000242D
:10A31000981A02243F0000002575204650530A2554
:10A32000752525204350550070B50A4D5FF0000497
:10A33000C4EBC40655F8260008B116F0F3FA1C2148
:10A3400005EB860016F0ECFB641CE4B2042CEFD3A2
:10A3500070BD0000081D02242DE9FF4F80463D48D6
:10A3600081B015460E460078DDF8389000B1FEE762
:10A37000A8882988EB88411A6A88491C981A401CC9
:10A380000FFA80FA0FB2002000F0D4F9324CB9F184
:10A39000FD0F4FF0020B16D34FF440312160C4F88B
:10A3A00034B0F11B606B049A606392B26888B5F9AF
:10A3B000003010FB06F508EB450000EB4300E063BE
:10A3C0002164A2633DE04FF4003020600920E06189
:10A3D000E16941EA0960E061E06940F48030E061F0
:10A3E000C4F80C80266104980FF0BCFC20F07F417B
:10A3F000D9462162C4F824B04FF0000B606A606255
:10A40000F11B688810FB06F208EB4200B5F900204A
:10A4100000EB42026261A161C4F828B0CDF800905F
:10A42000A1696069534609B23A4600F0A3F9C4F83D
:10A430003490616B61636169E163A1692164C4F86F
:10A4400038B04AEA0740606405B0BDE8F04F00F05C
:10A45000C3B90000F4000024001000522DE9FF4FA2
:10A4600083B08B4667491546DDE91340129E097893
:10A4700001B1FEE7022E7DD9FF2C7BD0A9880028F0
:10A480002A88EB88A1EB02006F8800F10100A3EBA2
:10A4900007010FFA80F901F1010108B2019004D11E
:10A4A0007CB1032C0DD0042C0BD00020FD2E824655
:10A4B00000D3FF26052C5DD2DFE804F0050709096B
:10A4C00009000120F2E7042702E0032700E0022749
:10A4D000002000F02FF9DFF83081FF2E4FF0000050
:10A4E000C8F81C4002D1BAF1000F11D0BAF1000F28
:10A4F0004FF40031C8F80010D8F81C1041EA06618A
:10A50000C8F81C10D8F81C100CD041F400310BE036
:10A51000022C04D04FF48031C8F8001006E0C8F8CF
:10A52000000003E041F48031C8F81C10D8F81C107A
:10A53000C8F81C1000241199B1F90020B1F90230BB
:10A54000109901FB0322069907FB021310994A4652
:10A55000C8F80C30A1EB0901C8F81010C8F8204069
:10A560000097D8F81010D8F80C0009B2019B00F041
:10A5700001F900E043E00220C8F83400FF2ED8F8CB
:10A580003430ABEB09022146C8F834306C88B5F999
:10A590000050039B14FB0BF403EB440303EB450354
:10A5A000C8F83C30C8F84020C8F8381002D1BAF1D9
:10A5B000000F1AD0C8F82400D8F824200021C8F8C9
:10A5C0002420D8F83C20C8F81420D8F84020C8F837
:10A5D0001820C8F828100090D8F81810D8F81400DF
:10A5E0004A4609B2019B00F0C5F8019840EA0940CB
:10A5F000C8F8440007B0BDE8F04F00F0EDB807B070
:10A60000BDE8F08FF4000024001000522DE9FF4F48
:10A61000384881B015468A46DDE90EB80078119FAA
:10A6200000B1FEE7A8882988EA88411A6B88491C8E
:10A63000D01A401C0FFA80F90EB2002000F07AF810
:10A640002D4C0921FD2F4FF400302060E16107D22D
:10A65000E06940EA0760E061E06940F40030E061F1
:10A66000B8F90220B8F9001004980BFB021101445C
:10A67000E160ABEB0600206110980FF073FB012145
:10A6800020F07F40206200912169E0684B4609B2CA
:10A69000324600F06FF802276762606A4FF00008E8
:10A6A0006062AAEB06016A88019812FB0AF200EBCD
:10A6B0004200B5F9002000EB42026261A161C4F8DA
:10A6C00028800097A16960694B4609B2324600F0C4
:10A6D00051F86763626B49EA064162636269E2634B
:10A6E000A2692264C4F83880616405B0BDE8F04F07
:10A6F00000F072B8F40000240010005208494968C4
:10A700000AE04A68824202D00A68824203D10A7E85
:10A7100042F001020A7649690029F2D1704700002F
:10A72000C0000024704700000148042100F018BA5E
:10A73000201C022438B50D4C050009D0A86A18B9B0
:10A7400006E0A96A284688472068C007F9D102E0D8
:10A750002068C007FCD160683F2100900448A160D8
:10A760000178002901D00021017038BD001000528D
:10A77000F4000024F0B5164C059D2468E40325D5AB
:10A7800011440024694305FB02F68FB22246B6B29B
:10A79000BFF34F8FDFF83CC012E000BF02FB0701A0
:10A7A0008D1921F01F01A14205D2214603E000BF0F
:10A7B000CCF800102031A942FAD3521C0C4612B238
:10A7C0009A42EBDBBFF34F8FBFF36F8FF0BD0000FA
:10A7D00014ED00E068EF00E00F4838B5017801B1F2
:10A7E000FEE70E4C01213F2201700223A26000937C
:10A7F000636C626C216CE06B1BB209B2C2F30D4258
:10A80000FFF7B8FF206840F001002060BDE8384045
:10A810000020FFF78FBF0000F4000024001000525A
:10A820000148202100F09CB9381C02242DE9FF4189
:10A830001D0004464FF00000DDE90A6702D1B6F5BD
:10A84000807F2BD003903B4601900290ADF80C1016
:10A8500000906846ADF804102946ADF80A20ADF81E
:10A860000E2032461AF0F6FC01A83B463246294635
:10A870001AF0F0FC02A83B46324629461AF0EAFCE0
:10A8800003A83B46324629461AF0E4FCBDF90030E5
:10A89000BDF90400834209DA1D4608E0491EA18083
:10A8A000521EE28020806080BDE8FF810546BDF930
:10A8B0000820BDF90C108A4201DA164600E00E4667
:10A8C000B54203DA834206DA184604E08A4201DA26
:10A8D000104600E00846801E2080BDF90030BDF91A
:10A8E0000420934201DD1D4600E01546BDF9080035
:10A8F000BDF90C10884201DD064600E00E46B54267
:10A9000005DD934201DD194604E0114602E088426C
:10A9100000DD0146891CA180BDF90230BDF9062089
:10A92000934201DA1D4600E01546BDF90A00BDF963
:10A930000E10884201DA064600E00E46B54205DAFE
:10A94000934201DA194604E0114602E0884200DA37
:10A950000146891E6180BDF90230BDF9062093428F
:10A9600001DD1D4600E01546BDF90A00BDF90E10D7
:10A97000884201DD064600E00E46B54205DD934201
:10A9800001DD194604E0114602E0884200DD01467F
:10A99000891CE18088E700002DE9F041124C154642
:10A9A0000E4607461CF0C2FF80462B46324639460B
:10A9B000204614F0F5F820B1E1690020A06251B101
:10A9C00010E02C21204616F0ABF84FF00040A062BA
:10A9D0000020BDE8F08140461CF0A2FFE06108B90C
:10A9E0000120E0612046F4E75C1C022408481421A1
:10A9F00010B500F0B5F814F099F840B105490160C0
:10AA000005494160054981600549C16010BDFEE707
:10AA1000441C0224F9E4019079E8019049EA01908C
:10AA2000C5E401907FB504000E4603D10FF0ACFDE4
:10AA300004002ED00FF01CFE00282AD094F8280025
:10AA4000400726D44FF0000526B3ADF8005020464D
:10AA5000ADF802500FF0B0FD401EADF804002046E6
:10AA60000FF0F0FD401E6A463146ADF8060002A820
:10AA7000FFF7ABF900280CD02068017C89070CD5C2
:10AA8000DDE9001260680123A4F85031C4E90C121A
:10AA900080BB7FBDA4F850517FBD82690AB102A975
:10AAA000904700260BE000BF04EBC60100223031C6
:10AAB00002A8FFF7B3F90028EED1761CB6B2B4F8BD
:10AAC0005001B042F0D880B2202804D204EBC0007C
:10AAD000303002A904E004F130006946A4F8505176
:10AAE0000DF08FFAB4F850116068491CA4F85011A9
:10AAF0000028D1D01DF04CF87FBD70B5054600F0A0
:10AB000012F804460CE02146284600F01EF80646DE
:10AB10002146284600F0A2F8204615F003FF3446EF
:10AB2000002CF0D170BD002800D040687047002292
:10AB3000034600B5FFF7F7FF03E0521C184600F08C
:10AB400004F80100F9D1104600BD0068091D405805
:10AB50007047006840587047002800D080687047F0
:10AB600000224260C91C826021F00301016070472D
:10AB700070B504460068083015F048FE050013D093
:10AB80000022014620461EF0BDFA62682946204692
:10AB90001EF0B2FA616819B12A4620461EF0B2FAD8
:10ABA000A068656000B9A560284670BD2DE9F04138
:10ABB00006000C460AD04CB1FFF7B5FFA04208D101
:10ABC0003046FFF7D5FF051E01D01EE00020BDE88E
:10ABD000F0813068083015F019FE051EF7D0306896
:10ABE0002A460759304639461EF086FA3A46294623
:10ABF00030461EF087FA2A46214630461EF082FA79
:10AC00002246294630461EF077FA2846DFE770B51F
:10AC100004460068083015F0F9FD050013D0002245
:10AC2000014620461EF068FAA268294620461EF01A
:10AC300069FAA16819B12A4620461EF05DFA6068DB
:10AC4000A56000B96560284670BD28B1416809B9A2
:10AC5000806808B1002070470120704770B504007B
:10AC60000ED0FFF760FF88424FF00002204608D167
:10AC7000FFF76BFF011E606001D000221EE0A260A2
:10AC800070BDFFF769FF8842206808440AD1016857
:10AC9000A16029B12046BDE8704000221EF02CBA08
:10ACA000626070BD05682046FFF74FFF064602460A
:10ACB000294620461EF020FA2A4631462046BDE8A5
:10ACC00070401EF01FBA10B50446006882680AB1D1
:10ACD0002146904720680068002801D02060F5E7F1
:10ACE00010BD8068002801D0B0F916007047806858
:10ACF000002801D0807E8009704770B516460C464A
:10AD0000054651EA06001AD0284616F077FCA868D6
:10AD100001233246018A21440182A868418A3144D4
:10AD200041822146284619F001F8002228460B21CD
:10AD300012F084FE012803D1284618F051FF0120AB
:10AD400070BD77B505000E4681B017D0622218F0AD
:10AD500072FA040012D0206880B16322284631467E
:10AD600018F069FA10F0FF0208D023682046039912
:10AD700098470090BDF80000ADF80C00039804B0AF
:10AD800070BD00002DE9F04792B00746408C99460F
:10AD900090468A461A9E40F00800788438463A84E5
:10ADA000328918F048FAA7F82090054632895146B2
:10ADB000384618F040FA0446788CA54220F0080086
:10ADC000788403D12904B1EB044F68D0A7F8208020
:10ADD00051463289384618F02EFA054680465146CB
:10ADE0003846A7F820900BF0B5F900682A4631895B
:10ADF0001BF0E8FC30890B2823D147F6FF794D453D
:10AE000001D04C451DD1384618F0DCFB00EBD0706A
:10AE10004510384617F0ABFA00EBD0704010C8452B
:10AE200006D1691C431C994200DA00E019468846A5
:10AE30004C4506D1691C421C914201DA6C1C00E0B1
:10AE400014461948FFF794FE05002BD02F60C5E982
:10AE500003843089A8806846C5F808A00CF03EFB42
:10AE60001248FF21CDE9005011480290114803908B
:10AE700000200890CDE9090130880B9070889DF87A
:10AE8000421040420C90F0680790002060F30001EF
:10AE90008DF842103069069068460CF093FB12B0B2
:10AEA000BDE8F087FEE70000501C0224F1E30290A9
:10AEB000D5E5029031E5029001481421FFF750BE1C
:10AEC000501C02242DE9F84F04279046002589469E
:10AED00006462C46E6E000BFF06807EBC401405888
:10AEE00081017CD480B230EA090112D05FF0000108
:10AEF00030EA08000FD00020814270D0F0681021A5
:10AF00006A4650F8340082461BF0BAF9002871D125
:10AF100003E00121ECE70120EEE711216A465046EB
:10AF20001BF0AEF9002865D112216A4650461BF08D
:10AF3000A7F900285ED113216A4650461BF0A0F9FC
:10AF4000002857D115216A4650461BF099F9002870
:10AF500050D114216A4650461BF092F9F0BB0A21E9
:10AF60006A4650461BF08CF9C0BB6B216A465046BE
:10AF70001BF086F990BB6C216A4650461BF080F9A5
:10AF800060BB01216A4650461BF07AF930BB0421B0
:10AF90006A4650461BF074F900BB02216A465046CF
:10AFA0001BF06EF9D0B903216A4650461BF068F9D0
:10AFB000A0B905216A4650461BF062F970B9062116
:10AFC0006A4650461BF05CF940B932216A46504649
:10AFD0001BF056F910B96E216A4601E00AE060E004
:10AFE00050461BF04DF928B96D216A4650461BF0BA
:10AFF00047F910B10320BDE8F88F69216A46504631
:10B000001BF03EF9F0BB6A216A4650461BF038F946
:10B01000C0BB6E216A4650461BF032F990BB6D21D1
:10B020006A4650461BF02CF960BB37216A465046F1
:10B030001BF026F930BB38216A4650461BF020F938
:10B0400000BB35216A4650461BF01AF9D0B94021A1
:10B050006A4650461BF014F9A0B945216A4650468D
:10B060001BF00EF970B941216A4650461BF008F9F1
:10B0700040B942216A4650461BF002F910B94321FB
:10B080006A4600E009E050461BF0FAF828B9492169
:10B090006A4650461BF0F4F808B1022501E005B9F4
:10B0A0000125641C708CC0F30510A0423FF614AF5C
:10B0B0002846A0E70148406870470000EC000024E3
:10B0C0000448002141600161C1608160016041610B
:10B0D00070470000981A0224C0F30410072800D912
:10B0E00007207047A0F57F41FF3905D0002804D024
:10B0F000712803D208490AE01F20704707497138B8
:10B1000080B2096829B1064A5268904201D2085CAF
:10B110007047002070470000F43D03905402002463
:10B12000680200240448182110B5FFF719FD0349EF
:10B130000120087010BD0000FC1B022470020024D6
:10B140002DE9F041050090460C4615D0F7F755FB68
:10B150000A4F064621462846BA689047BA68044610
:10B160002819414690470146701A03E06218AA5C0C
:10B170002A55641CA042F9D2BDE8F0818402002463
:10B180002DE9F041094D90460E461C4607461946EA
:10B190006A689047306020B1206800216A683844AE
:10B1A0009047C8F80000BDE8F08100008402002448
:10B1B0002DE9F04F87B01F4693468A4604464FF06C
:10B1C0000001DDE9105805B1298064B1207800281C
:10B1D0000AD0BAF1000F06D018F0060F4FF00006A3
:10B1E00015D0002004E0002007B0BDE8F08F401C1F
:10B1F000215C0A2904D00D2902D00029F7D100E0F2
:10B20000401C002DF0D04FF0FF312980ECE75FEAC1
:10B21000887001D541F6FF77894608468DF81410ED
:10B22000049126E00498CDF8189060B300235146AD
:10B230000DF1180C05AACDE90223CDE9008C2044BC
:10B240003B465A461CF0E8FD0699A7EB0102314443
:10B2500017B20EB288B104990144049120780A28EB
:10B260000BD00D2809D0605C0A280ED00D280CD018
:10B270000846205C08B1002FD4DC049840B105B129
:10B280002E800498B0E70123D1E7481C0490F4E72E
:10B29000064A04A9204652689047002D0146F0D086
:10B2A0000022504612F0E2FC06B2E9E784020024D4
:10B2B0002DE9F0410600174688461ED0002F1CD00D
:10B2C000F7F79BFA04463846F7F797FA050014D0CB
:10B2D0000B4A2C444146304692689047411903E09E
:10B2E000621BB25C3255641EA142F9D930442A4631
:10B2F0003946BDE8F04115F0DBBBBDE8F081000048
:10B3000084020024027823294FF0000302D0012A8E
:10B310000ED012E032B1012A4FF0000104D0022A0F
:10B3200004D00AE0012106E0017006E00123FBE7FA
:10B33000202901D1022101700123184670472DE90F
:10B34000F0410E46804600213346024608461CF076
:10B35000AFFF00270446401C15F058FA050008D03E
:10B36000611C334642462F551CF0A2FF2846BDE81B
:10B37000F081FEE72DE9F0471E4614460D46824651
:10B38000DDF8209015E000BF4FEA54084A465046C9
:10B3900008FB065739469047002808DD44F30000B3
:10B3A000C0EB540407EB0605A4F1010401E005DA43
:10B3B0004446002CE8D12046BDE8F0873846FBE73C
:10B3C0002DE9FC5F9B4681460CAB8A46DDE91160A6
:10B3D000DDE90F5793E812105FEA80784FF03003F1
:10B3E0001AD45EB15FEAC07808D000F00C0858EAC1
:10B3F0000C0803D0761E01E00B55641CBC4204D23D
:10B40000202CF9D301E00B55641C5FEAC07803D00F
:10B41000B44201D2202CF6D35FEAC06825D55FEA9A
:10B4200040580AD44CB1BC4201D0B44205D1641E8C
:10B4300003D0102D03D1641E04E0102D02D0022D84
:10B440000AD00EE0850603D4202C1ED2782506E013
:10B45000202C1AD2582502E0202C16D262250D5538
:10B46000641C202C11D20B55641C202C0DD2BCF175
:10B47000000F01D02D2306E0430701D52B2302E066
:10B48000030702D520230B55641CC846CDE900BA3A
:10B4900015468B468146AA46800714D1274607E009
:10B4A0002A46C4466D1C2020DDE90031E0477F1CA0
:10B4B000B742F5D307E02A466D1C641EDDE9003172
:10B4C0001BF80400C047002CF5D15FEA897006D450
:10B4D00009E02A466D1C2020DDE90031C047A5EBBC
:10B4E0000A00B042F5D32846BDE8FC9F2DE9F04F95
:10B4F0008FB099468B46924686464FF00002DDE9B2
:10B500001818DDE91C63DDE91A4709B923F01003B7
:10B5100007AD580500D5C9B1B1FBF4F004FB10101C
:10B52000C0B20A2801D2303009E05FEA836C02D54C
:10B530004FF0410C01E04FF0610C60440A38B1FB60
:10B54000F4F1A854521C09B1202AE5D3CDF80880A3
:10B550005946CDE90563CDE90052CDE903474B4695
:10B5600052467046FFF72CFF0FB0BDE8F08F2DE973
:10B57000FF4F8FB01CACDDE9239594E8030820ACA5
:10B5800094E8C004002450EA010201D125F010051E
:10B590000DF11C086A0502D550EA010217D03246A7
:10B5A0003B46F6F781FFD2B20A2A01D2303206E0DA
:10B5B000AB0601D5412300E061231A440A3A08F89A
:10B5C0000420641C50EA010201D0202CE7D3CDE90D
:10B5D00000840FAFCDF808B0CDE90595CDE9036A39
:10B5E00097E80F00FFF7ECFE13B0BDE8F08F9A422A
:10B5F00000D2885470477047704700002DE9FF4F14
:10B6000089B0054692464FF000040A98002800D100
:10B61000F74D6EE1252804D00A992246641C534652
:10B620002DE2491C4FF0000808460C9101782B29A7
:10B6300019D004DC202919D0232904D119E02D299F
:10B640000ED0302909D00026C8B2FEF7E8FAB0B112
:10B650000CA8FEF7CDFA06461FE048F001010AE00B
:10B6600048F0020107E048F0040104E048F0080156
:10B6700001E048F01001401C88460C90D6E70C9978
:10B6800008782A2809D1169840C81690002E02DAA8
:10B69000764248F00208491C0C910C984FF0000BC0
:10B6A00001782E2919D1401C0C9048F4806800784C
:10B6B000FEF7B5FA20B10CA8FEF79AFA83460CE023
:10B6C0000C9801782A2908D1169904C91691002AE4
:10B6D00000DC0022401C93460C900C9801786C29E9
:10B6E0000AD004DC68290FD06A2919D128E074290E
:10B6F00029D07A2914D126E0401C0C9048F4807897
:10B7000001786C291CD00BE0401C0C9048F080089C
:10B710000178682904D148F04001401C88460C900B
:10B7200002460078692822D015DC62281FD00DDC83
:10B73000252872D050281AD058287FF46DAF16E013
:10B7400048F40071E9E748F48071E6E763287DD0AA
:10B750006428F2D10BE0732879D004DC6F2806D07E
:10B760007028EAD103E0752801D07828E5D178283F
:10B770000DD058280BD070280BD0502809D06F2836
:10B7800016D0622816D00A2128F0100816E01021E1
:10B7900007E05378102148F48878562B04D1521CC6
:10B7A0000C921078582807D01078502804D005E063
:10B7B000082108E0022106E048F0200810786928F6
:10B7C00003D0642801D028F00C085FEA485001D566
:10B7D00028F001081078692820D064281ED0562847
:10B7E0007ED05FEA88507CD5169804ABC01D00223D
:10B7F00083E8060820F007000292CDE9076800F10F
:10B8000008015346026816914068CDE9002022469F
:10B810000A992846FFF7ABFE67E02BE15FEA885004
:10B8200028D516984FF0000CC01D20F0070202F139
:10B8300008001690D2E90002CDE9041CCDF818B03A
:10B84000002ACDE9076803DA012602E09AE0C4E0A5
:10B8500000260296002319461B1A914101DA11466F
:10B8600003E00021404261EB020153462246CDE94C
:10B870000001CDE75FEAC8500FD5169A01CA1692AB
:10B88000CDE9021BC10F0028CDE9046800DC40426D
:10B890005346CDE90001224620E05FEA486005D525
:10B8A000169810F8042B1690D0B20BE05FEA0860EF
:10B8B00005D5169830F8042B169010B202E0169AAF
:10B8C00001CA1692CDE9021BC70F0028CDE9046812
:10B8D00000DC40425346CDE900072246284601E0FD
:10B8E00010E01FE00A99FFF701FE04460C98401C87
:10B8F0000C900C99087800287FF48CAE544576D2D1
:10B900002246C0E01699AAEB040201C916914168CB
:10B910000968009103680A9801192846FFF76EFE2E
:10B920000444E3E75FEAC8500DD5CDE9021B169841
:10B930000022CDE90468011D169153460068CDE947
:10B9400000022246CAE75FEA486005D5169810F85B
:10B95000042B1690D0B20BE05FEA086005D516986C
:10B9600030F8042B169090B202E0169A01CA169293
:10B970000027CDE9021B53462246CDE90007CDE959
:10B980000468ABE75FEA88704FF0010706D509E06D
:10B9900022460A99641C53462020A847B74207F163
:10B9A0000107F5D316982246641C534610F8041B71
:10B9B000169001F0FF0C0A996046A8475FEA88706C
:10B9C00006D493E722460A99641C53462020A847D0
:10B9D000B74207F10107F5D388E7169850F8049BA2
:10B9E0001690BBF100004B4604D0024604E048E04C
:10B9F000F7B500904FF0FF32484600E0401C017858
:10BA000011B1521E511CF9D1C71A5FEA485003D533
:10BA10005F45584600D307465FEA887006D511E0B7
:10BA200022460A99641C53462020A847B74207F1D2
:10BA30000107F5D306E009F101092246641C0A99C1
:10BA40005346A84799F8000028B15FEA4851F2D55B
:10BA5000BBF1010BEFD25FEA887006D446E72246BD
:10BA60000A99641C53462020A847B74207F10107F2
:10BA7000F5D33BE722460A99641C53462520A84784
:10BA800034E7AAF101020A9900205346A8470DB0F5
:10BA90002046BDE8F08F4FF0000210B568B14B1E94
:10BAA000194200D0FEE70844401E9843B0F5801FBD
:10BAB00003D20C2800D80C200246104610BD4A1EA6
:10BAC0000844A0F10100114220EA020000D0FEE784
:10BAD000704700002DE9F0410F46044601214186E0
:10BAE00000252E460BE01B49F6F7B0FF10B16D1C88
:10BAF000ADB202E0608E401C6086761CB6B257F88C
:10BB0000260010B101780029EDD1208EA8421ED068
:10BB1000A06A002610B114F005FFA662E06A10B119
:10BB200014F000FFE662E80014F070FEA06238B185
:10BB3000680014F06BFEE06218B1A16A11B102E076
:10BB4000FEE7FEE70025690014F0EAFF2586BDE860
:10BB5000F08100002C8A01902DE9F84F8146407A4F
:10BB60000F4600F00700022805D010469742804695
:10BB700003DD3E4602E00846F8E716462A4C2B4B0A
:10BB8000032000EB460222F00305D4E901201968E6
:10BB90001035411A05EB010C944503D2416821F0A0
:10BBA000004122E0954219D89A464FF0FF3B4819D0
:10BBB0006168884210D91E4800226946CDF800B05D
:10BBC0000BF03EF81B48002269460BF039F8A168DB
:10BBD000DAF80000091AEAE7A068DFE7284614F05F
:10BBE00015FEC0B1416841F00041416088EA67023A
:10BBF00089EA02014268A0F80E8002F0404201602A
:10BC0000521C32F080414160868105D500F110015F
:10BC10008160BDE8F88FFEE7A16801F11002826043
:10BC20002944A160F5E70000F80000245002002438
:10BC3000A54D0190716D019070B586B0484C002201
:10BC40008DF808208DF80C208DF81020E2888A42AB
:10BC500001D0FF22A270E180142390F83C204FF421
:10BC6000B47502F00302012A24D0022A5BD0A57821
:10BC7000AA4211D010F8265F05EB051505EB450526
:10BC8000B5FBF3F52570407800EB001000EB4000A9
:10BC9000B0FBF3F06070A27004AA03A801EB4101AD
:10BCA000CDE900024FF6FF70627800EA410021788A
:10BCB00002AB1BE0A678B24210D0868C06EB46069B
:10BCC0007602B6FBF5F5A58090F8270000EB001092
:10BCD00000EB4000B0FBF3F06070A27004AA03A870
:10BCE00002ABCDE900026278C9B237E008F00EFD80
:10BCF0009DF81010BDF800309DF80C20C9089DF883
:10BD0000080061F304039108C20898B261F34A1075
:10BD100080B262F3CF20ADF8000080B20090BDF891
:10BD2000000006B070BDA678B24210D0868C06EB3B
:10BD300046067602B6FBF5F5A58090F8260000EBE6
:10BD4000001000EB4000B0FBF3F02070A27004AADA
:10BD500003A802ABCDE90002CAB22178A088C5E7EA
:10BD6000A401002410B5084C012020700748FEF7FC
:10BD7000DAFE0028A06803D0BDE810401BF008BF21
:10BD8000BDE810401BF0F8BE280200242C1C022441
:10BD900070B5044690F84200A26B810709D4B4F84C
:10BDA000401049B1A1F57F43FF3B1BD0491EA4F8C9
:10BDB0004010B4F84010A9B90AB1810712D516484D
:10BDC0002146FEF74BFFFFF7CDFFE16809B12046A2
:10BDD0008847216909B1204688472046BDE8704060
:10BDE00014F0A0BDE16B002AC1F10001216311D064
:10BDF000810702D4616B49422163A56A4110236A1D
:10BE0000491CA362E36A61F341002562E26284F89F
:10BE10004200A36370BD00002C1C022470B5304D9D
:10BE200068681BF07DFD0646687880F00100687048
:10BE300048E00020287094F842006978C0F380023E
:10BE40008A4243D061F38200216B84F842000207EA
:10BE500001EB060219D4002917DC002A15DBC00704
:10BE600009D1616939B120468847216AA26A014433
:10BE700021621044A062A16809B12046884794F865
:10BE8000420040F0080084F84200206B80192063D3
:10BE900016D4E16A884200DD21632046E1698847C3
:10BEA0000146606A884204D0626861620AB1206813
:10BEB0009047D4E90B01814202DB2046FFF768FF7F
:10BEC000287818B10748FEF72EFE03E00548214602
:10BED000FEF73BFE0400ACD11BF028FD686070BD8E
:10BEE000280200242C1C022470B5044640680D462C
:10BEF00008B1FFF7F9FF2268002A04D0294620463E
:10BF0000BDE87040104770BD89B20BF0DFBF89B249
:10BF10000CF018B82DE9FF4F97B016464FF0000906
:10BF2000DDE924B22B9B042B924612D0052B12D0B4
:10BF3000062B13D0142B76D1012702251A9810FB5B
:10BF400006F00D901898401E0B90701E0A90002469
:10BF500050E10027F1E701270325EFE7012702253C
:10BF6000FFF7A8F80068D0F83890E7E726982799F7
:10BF7000604361430BEB20220AEB212110124FEAB0
:10BF800021287CD4189B984279DAB8F1000F76DB2F
:10BF9000B045F9DAD2B2802AC9B205DAC2F17F031C
:10BFA0004FF0FF3C5A0004E052004FF0010CA2F5A4
:10BFB00080720992802907DAC1F17F024FF0FF31C8
:10BFC00007915100089105E04900A1F58071012217
:10BFD000CDE907211A9A179908FB020310EB0C020E
:10BFE0000C9203FB051E70D411460B9A91426CDC37
:10BFF000079A18EB020168D40A9A914265DC1A9BF1
:10C00000002F079A12FB03F31CFB05E20E9203FBC1
:10C0100005E216926BD02B9A052A05D0142A0AD075
:10C02000062A53D060E0E9E016980E999EF80220A7
:10C030008078897813E01A9ADDF85CC0514308FBD8
:10C0400002F30D9A0CEB4202C446DDF868801044FE
:10C050000CFB082C1A5C085C0C991CF8011090422F
:10C0600009D0089B10FB03F30898C0F5807012FB01
:10C070000030C0F3072091420BD0099B00E09EE006
:10C0800011FB03F30999C1F5807112FB0131C1F372
:10C09000072108442A99400808555ED09EF80100FF
:10C0A0009EF8001001EB0020ADF810001698017802
:10C0B000407801EB0020ADF814000E98017840782C
:10C0C00001EB0020ADF808001FE047E0BEF80010CB
:10C0D0001FFA89F0814272D01699098881426ED088
:10C0E0000E99098881426AD0FF200146D1E7BEF847
:10C0F0000000FF21ADF810000E980088ADF8080090
:10C100001088ADF814002A980155BDF81000BDF84C
:10C110001410884208D1BDF80810884204D181B2B9
:10C12000299800EB440017E00898C2B2DDE904103A
:10C130000DF0B0FD059009980499C2B202980DF077
:10C14000A9FD05997F2202900DF0A4FD0090299889
:10C15000BDF8001000EB4400018049E09EF801109A
:10C160009EF800202B9B02EB0121299A89B2052B16
:10C1700022F8141004D0062B05D0142B09D10AE0A4
:10C180009EF802100FE01FFA89F2914201D10021BE
:10C1900009E0FF2107E01A9B179908FB03120D998C
:10C1A00000EB4101515C10B9BCF1000F05DB0B9AAB
:10C1B000904205D1BCF1000F02DD09980DE014E0BA
:10C1C000B8F1000F02D10798002805DB0A9A9045C4
:10C1D0000BD10798002808DD0898C0F1FF0010FB7C
:10C1E00001F0010A2A98015502E02A990020085519
:10C1F000641C24B228988442FFF6B8AE1BB0BDE898
:10C20000F08F000010B5818F92B00446A9B1684646
:10C210000BF064F90B480121CDE90040A08F0B9091
:10C2200000200890CDE909010748079007480390CE
:10C2300068460BF0C7F912B010BD12B0BDE810404F
:10C240001DF066BE899F02909B7501908B9F0290A6
:10C2500010B50446406882080AD0496821F00301FD
:10C26000091D08446060204600F042F8204610BDD9
:10C27000FEE74068103120F00300884201D301201E
:10C280007047002070472DE9FC470546486801AA21
:10C290000C4620F0030069461CF024FCDDE9007028
:10C2A00005EBC711804601EB8009D9F84C0060B15D
:10C2B00064B1C4E9020504F10806C46004213046F3
:10C2C000FFF7FDFB864202D0FEE7FEE7FEE7012016
:10C2D000C9F84C402A6905EB870100FA07F31A43B5
:10C2E0002A614A6900FA08F002434A61BDE8FC8706
:10C2F00010B5044600F087F8046010BD2DE9FC4736
:10C3000006464FF000000D0007460090019042D015
:10C31000802D2C460DF10408E94607D3284622F06B
:10C320005FF8411F01208840401E044442464946B0
:10C3300020461CF0D7FB009C0E2C2CDA06EB840068
:10C34000019A4FF0FF31406901FA02F210400CD11E
:10C35000641C3069A14008401DD022F039F8044621
:10C36000009006EB8000406970B122F031F806EBD6
:10C37000C411019001EB8001CF6C67B1796821F0A5
:10C380000301A94201D2FEE7FEE7009A03463946BF
:10C3900030461EF0AFFC3846BDE8FC8710B50446B9
:10C3A000FFF7A6FF416841F002014160606840F07C
:10C3B0000100606010BD10B5044600F024F841682B
:10C3C00021F002014160606820F00100606010BD52
:10C3D00070B506460D46084600F015F8040010D06A
:10C3E0002079C0070BD0686880080BD02146304602
:10C3F00000F03CF821462846FFF72AFF054628466C
:10C4000070BDFEE7FEE7426800F1080122F003007C
:10C41000001F0844910800D1FEE7704770B50C007A
:10C4200006464FF000001ED0F2B120791546C00735
:10C430001BD011462046FFF71CFF78B12946204645
:10C4400000F025F805462046FFF752FF68682946A8
:10C4500040F0020068603046FFF715FF2046FFF706
:10C46000AAFF04F1080070BDFEE7FEE77CB50546B3
:10C47000486801AA0C4620F0030069461CF032FB14
:10C48000DDE90023214628461EF034FC7CBD2DE961
:10C49000F0410D46044600F10801281F0E1860689F
:10C4A00006F1080720F00300401BA0F104083846FD
:10C4B0000421FFF704FB874200D0FEE7616808EB28
:10C4C0000500001D21F00301814200D0FEE7307914
:10C4D00000F0030040EA0800706020F003000C2820
:10C4E00000D2FEE7207900F0030028436060304668
:10C4F000FFF754FF3046BDE8F08138B5044612F02E
:10C50000ABFD054612F0DDFD0028204605D0218F49
:10C51000E18617F065FB012038BD11F047F80028CF
:10C5200020461ED010F013FF218FE08E81420CD0E8
:10C5300020871C21E08E6A460090204611F07EFA8A
:10C540000128E9D1204617F04BFB284612F0C5FD23
:10C550000428E0D1204615F005FF002111F022FF4C
:10C56000D9E711F07FF8D6E770B511F062FA054609
:10C5700015F03EFF044628460CF022FB01462046FB
:10C58000BDE8704000221AF0FDBC00002DE9F04F1C
:10C5900087B00D460021044615F018FE60B3294609
:10C5A000204600F075FA2946204600F06FF8002179
:10C5B000204616F03EFD00210590204616F0E1FDD4
:10C5C00000210490204616F004FC012800D0002031
:10C5D00000218046204616F024FF00210746204611
:10C5E00016F072FC42F2D17906464F450BD1608CB1
:10C5F000000508D4012707E007B028461C21BDE844
:10C60000F04F14F08DBA0027204615F05DFEDFF8DC
:10C6100078A0002183462046BAF8042016F00BFECD
:10C62000C2B22868D5F810C0A968CDF800C0CDF80E
:10C630000C80CDE90110059B3946584609F0FCFDF8
:10C640004E45288304D1608C400501D4012600E0CA
:10C650000026204615F01EFEBAF8082000210746E5
:10C66000204616F0E8FD6B68C2B2E96800246869EC
:10C670008DE81B00049B3146384609F0DDFD6883D8
:10C6800007B0BDE8F08F0000180100242DE9F34F3A
:10C6900081B00C46019809F057F80646019815F04C
:10C6A00013FE8246304601F06FF82061400014F01E
:10C6B000DBF820602069400014F0D6F8002541F630
:10C6C0009A79A0603AE000BF36F91510DFF82481AE
:10C6D000494532D1DFF820B100271FE001983946E3
:10C6E00015F074FD5946009016F0BCFFA8B90098EB
:10C6F00009F03CF8012810D1009809F02DF8A84263
:10C700000BD1009816F05EFF4045414601DA08461D
:10C7100002E0009816F056FF80467F1C019815F045
:10C7200067FDB842DAD8A168B8F1000F02DB21F842
:10C73000158002E0002021F815006D1C2069A84238
:10C74000C2D8002541F69B782F4628464A4616E077
:10C7500036F91010414504DB0D44A5F5F8559B3D15
:10C760000CE0914205D1A16831F8101039440FB2A4
:10C7700004E0A3680F443FB223F81010401C216965
:10C780008142E5D80198002116F053FC2169C1F1DE
:10C79000010200FB02A0C01B00B2002800DA00204A
:10C7A0004FF0FF3200234746194613E036F911C017
:10C7B000BC450EDBACF5F85CD4F80880ACF19B0C02
:10C7C0000A460FFA8CF310FB03FCBCFBF5FC28F8BF
:10C7D00011C0491CD4F810C08C45E7D8002A07DBEB
:10C7E000E91AA3684143B1FBF5F1401A23F812009E
:10C7F000BDE8FE8F01E0FFFF010006002DE9F14FCB
:10C8000000221146009818F07FF90098002116F0D8
:10C8100019FB00210446009816F0BFFC20440FFAD3
:10C8200080F90098002116F0BCFB20440FFA80F834
:10C83000009816F07BFADFF8A0A000EB090101EBED
:10C84000080005B20098544615F0D2FC00260746B1
:10C850002AE0009821498068006850F82600834645
:10C8600016F000FFF8B9584617F012FA40BB002145
:10C87000584616F07FFA18B3012821D002281FD09D
:10C8800003281DD00021584616F0E3FD58B9BBF827
:10C890001A10BBF81600081A401C00B24844A04207
:10C8A00000DB044624B2761CBE42D2D3544504D0E9
:10C8B00004EB080000B2A84200DC2846BDE8F88F6F
:10C8C0000098BBF91A10B0F91600081A411CA142D1
:10C8D000E8DB0C46E6E7000001E0FFFF0100040092
:10C8E0002DE9F84F00228046114618F0F7F8002194
:10C8F000404616F0A7FA00210446404616F0F9FB20
:10C9000020440FFA80FA4046002116F0AAFB20448A
:10C910000FFA80F9404616F017FA00EB0901DFF82C
:10C9200068B101EB0A0005B25C46404615F060FCB8
:10C9300000210746404616F03AFA01284FF000065B
:10C9400044D092E0D8F808005049006850F826001A
:10C95000009016F087FEC0BB009817F099F950B10F
:10C960000098B8F91810B0F91400091A481CA04230
:10C970002ADB4C1C28E00098002116F0FBF958B186
:10C98000032809D0062807D0082805D000980021E0
:10C9900016F059FD58B118E00098B8F91810B0F920
:10C9A0001400081A411CA1420EDB0C460CE0009852
:10C9B000143000900BF0ACFB5044A04204DB009814
:10C9C0000BF0A6FB00EB0A0424B2761CBE42B9D3DE
:10C9D0005C4555D004EB09004DE000BFD8F80800D5
:10C9E0002A49006850F82600009016F03BFEC0BBB4
:10C9F000009817F04DF950B10098B0F91810B8F937
:10CA00001400091A481CA0422CDA20462BE000989A
:10CA1000002116F0AFF958B1012809D0042807D039
:10CA2000072805D00098002116F013FD58B11BE02F
:10CA30000098B0F91810B8F91400091A481CA0425F
:10CA40000EDB4C1C0CE00098143000900BF060FBE7
:10CA50004844A04204DB00980BF05AFB00EB0904A9
:10CA600024B201E0481C04B2761CBE42B6D35C4539
:10CA700006D004EB0A0000B2584501D0A84200DC01
:10CA80002846BDE8F88F000001E0FFFF0100040028
:10CA90002DE9F84F0C46834609F05AFA064600F095
:10CAA00073FE6061400013F0DFFE6060606940006B
:10CAB00013F0DAFE002541F69A79E0603AE000BF13
:10CAC00036F91510DFF83081494532D1DFF82CA155
:10CAD00000271FE03946584615F078FB5146009074
:10CAE00016F0C0FDA8B9009809F0B8FA012810D1D5
:10CAF000009809F0A9FAA8420BD1009815F037FC6C
:10CB00004045414601DA084602E0009815F02FFC46
:10CB100080467F1C584615F06BFBB842DAD8E168B6
:10CB2000B8F1000F02DB21F8158002E0002021F8A7
:10CB300015006D1C6069A842C2D8002541F69B789B
:10CB40002F4628464A4616E036F91010414504DBC8
:10CB50000D44A5F5F8559B3D0CE0914205D1E168E7
:10CB600031F8101039440FB204E0E3680F443FB2CB
:10CB700023F81010401C61698142E5D80021584615
:10CB800016F0FFFA8146584615F084FB02466069AC
:10CB9000C0F1010109FB0120C01B00B2002800DA2E
:10CBA00000204FF0FF3200234746194614E000BF33
:10CBB00036F911C0BC450EDBACF5F85CD4F80C803E
:10CBC000ACF19B0C0A460FFA8CF310FB03FCBCFB88
:10CBD000F5FC28F811C0491CD4F814C08C45E7D8DE
:10CBE000002A07DBE91AE3684143B1FBF5F1401A7B
:10CBF00023F81200BDE8F88F01E0FFFF01000600F6
:10CC00001CB50B8804892344ADF800304B88448957
:10CC10002344ADF802308B8804892344ADF80430F6
:10CC2000C98843891944ADF8061043696946984795
:10CC30001CBD00002DE9FF4FC87889B00D461A9C35
:10CC4000C007002801D0F44800E0F448069001D065
:10CC5000F34800E0F348049001D1F14800E0F148C6
:10CC60004FF010034FF00C0E059066884FF0000B4C
:10CC7000A1885846D4F810C05A46A6EB010109B263
:10CC800012E000BF02EB8207E66803EB870816F8A4
:10CC900008805FEAC8780BD04FF0080808EB8707D8
:10CCA000F65B891B09B2521C9445EBD800224DE07B
:10CCB0000EEB8707F65B304400B2F4E702EB820923
:10CCC000E66803EB89070797B246F65DF6073CD1A5
:10CCD00010B391FBF0F60EEB89074FF0060808EB56
:10CCE0008908CDE900763AF807C00427019E07EBD2
:10CCF00089070CFB06FC3AF9086001960FFA8CF8DC
:10CD00003AF90770464500DD4646B74206DC019E0B
:10CD1000464502DD474601E0FEE7374601974745B5
:10CD200005D0DDF81CC00127BB464AF80C70E76847
:10CD3000082606EB890C019E27F80C608F1BE6681D
:10CD40000099765A39B2801B00B2521C266996426D
:10CD5000B4D8BBF1000F88D10998002116F033F840
:10CD6000012826D0002703AA0020ADF8080002A958
:10CD7000ADF80C00CDE900122189B4F90220287821
:10CD80000BB218991CF06FFBE878384207D009986D
:10CD900015F09AFABDF808100844ADF808000B9990
:10CDA000099815F013FA4FF4FA6806464FF0640B31
:10CDB00027E10127D7E79C49304616F053FC0028AD
:10CDC00070D10021304616F069F8E8B34FF0000941
:10CDD0002169484610E000BFE36800EB800253F889
:10CDE0002220B24207D100EB8000082101EB800035
:10CDF00033F9009002E0401C8142EDD8E878C0078A
:10CE0000708C04D020F4806040F4006003E020F4D3
:10CE1000006040F480607084049906F1140082463A
:10CE20008847484528D0304616F0DAFEB08A494691
:10CE3000ADF80000F08AADF80200308BADF80400C8
:10CE4000708BADF8060000E012E0069A504690475D
:10CE500029216A46304610F0F1FD304615F0C8FA37
:10CE60002221324610F0EAFD304616F0B9FE03E00A
:10CE7000708C20F440607084687800210091012853
:10CE800011D0022817D1059906F114008847B4F98A
:10CE90000010491C21F00101081A00EBD07040F38A
:10CEA0004F0007E0A5E0059906F1140088472188A6
:10CEB000081A00B20090E878384208D0049906F1C8
:10CEC00014008847BDF80810081AADF808000021C2
:10CED00030466B2216F0AFF90FFA80FA3046002187
:10CEE0006C2216F0A8F90FFA80F9304616F06AFBAA
:10CEF0000190304615F03BFACAF3413101290ED1B9
:10CF00002AF4C04141450ADCB1F57A7F01DDC1F563
:10CF10007A71019A514391FBFBF10FFA81FAC9F33F
:10CF2000413101290DD129F4C041414509DCB1F558
:10CF30007A7F01DDC1F57A71414391FBFBF00FFA75
:10CF400080F9B18A1698F28A411A1798EB78514401
:10CF5000A0EB020C0CEB0900DA0709B200B2002AC0
:10CF600003D000BFBDF9082000E0009A11440FFA79
:10CF700081FA01D0009901E0BDF9081008440FFAC8
:10CF800080F95AEA09011BD0304616F029FEB28A10
:10CF9000338BF08A02EB0A01B6F81AC05344B1820F
:10CFA00000EB090233830CEB0900F28270833046F8
:10CFB00016F016FE00234A465146304616F0B6FEDD
:10CFC000E87838420CD1049906F114008847199981
:10CFD000BDF80C200844BDF808101044084406E0D1
:10CFE000BDF80C101998BDF808200844101AADF8C7
:10CFF0000800E8780BAAC0F38001099808F06EFEDB
:10D000000646002E04D0DDE90B0188427FF4D3AE42
:10D010000DB0BDE8F08F00009D81019093810190DB
:10D0200035810190C3800190010006002DE9F04F89
:10D030000E00054697B040D028682E8308B113F043
:10D0400071FC06EB4601062000EB410013F0DEFB0D
:10D05000286048B30222042102EB460301EB860458
:10D06000C118E96003194FF000040122012EC5E93F
:10D0700001031AD0F000083013F0F6FB8146A346F6
:10D0800000EB86005C4600F10408CDF838B0B00033
:10D0900000B2ADF85000C0F10101ADF852B00FFA86
:10D0A00081FA80100390B1E0FEE7B4210170E868D6
:10D0B0000480E8684280A868048017B0BDE8F08F5B
:10D0C0005FF00007BAF1000F07DCBDF85210032231
:10D0D00002EB41010AEB01000CE0BDF852200523F0
:10D0E000BDF85010521A491EADF8501003EB420221
:10D0F00002EB0A000FFA80FABDF85200401CADF8AE
:10D10000520014A800F0EFF868B1BDF9500003A96F
:10D11000821041F827200EA900F0030041F82700F3
:10D120007F1C042FCEDB042F76D103990698814211
:10D1300011D129F8141028F814B0DDE91012DDE936
:10D140000E030A44696818441044085501016868D0
:10D15000621C015557E00846049988421AD029F804
:10D16000140028F814B06B68621C0E98185503015F
:10D170006868035510B2039B421C5B1E29F81030EF
:10D1800028F810B0DDE910710F9C6B68091D3C4454
:10D19000214434E0059904F1010229F81400884281
:10D1A000594628F814B015D06B68DDE90E073844ED
:10D1B000185503016868035510B2039B421C5B1E9F
:10D1C00029F8103028F81010DDE910146B6821449C
:10D1D000083114E00EAB93E881106B68384460446A
:10D1E000185503016868035510B2039B421C5B1E6F
:10D1F00029F8103028F8101011996B680C31195467
:10D200000B0169680B5414B20BF1010B14A800F068
:10D210006AF800287FF454AF40F2D32109EB4400B0
:10D2200016FB01F130F9022C8812824205D108EB7D
:10D23000440232F9022C82421AD0A1EB8021B1F5CE
:10D24000007F03DC494341F3CF3106E0C1F5806143
:10D25000494341F3CF31C1F10F0129F8140028F8F7
:10D26000140068680B01621C01556868035514B20C
:10D27000A01E0DE038F81020631C29F8142039F89E
:10D28000102028F814206A68115C401E11551CB249
:10D290000028EFDAEB680022114610461A801CE0E5
:10D2A000EA6822F81100AA6839F8103022F8113023
:10D2B0000BE000BFAB6839F9106033F81120B242BF
:10D2C00000DB3246401C23F8112038F910208A4236
:10D2D00001D1A042EEDB491C09B2A042E0DB484686
:10D2E00013F00EFBE9E6B0F90210B0F9000081423C
:10D2F00001DC012070470020704717B5022A81B079
:10D3000003D8BDF8080004B010BDBDF80830BDF862
:10D310000400D90A01EBD0211F2900D31F21C3F338
:10D32000451461F3CF20ADF80400C0F3451121444A
:10D330003F2900D33F2103F01F0361F34A10ADF8EA
:10D34000040000F01F0119441F2900D31F21FF2AE8
:10D3500061F30400ADF8040007D0DDE901010CF031
:10D360007FFC0090BDF80000CDE780B2CBE737B579
:10D37000022A82B003D8BDF80C0005B030BDBDF85C
:10D380000800FF2ABDF80C104FEAD0244FEAD1253F
:10D3900001F01F0314FB05F4C1F345114FEA5414C7
:10D3A00064F3CF2000F01F0414FB03F34FEA531380
:10D3B00063F30400C0F3451313FB01F14FEA91112D
:10D3C00061F34A10ADF8080007D0DDE902010CF066
:10D3D00047FC0090BDF80000CFE780B2CDE717B55D
:10D3E000022A81B003D8BDF8080004B010BDBDF812
:10D3F0000830BDF80400D90AA1EBD021002900DCD7
:10D400000021C3F3451461F3CF20ADF80400C0F34D
:10D410004511611A002900DC002103F01F0361F3AC
:10D420004A10ADF8040000F01F01591A002900DC71
:10D430000021FF2A61F30400ADF8040007D0DDE904
:10D4400001010CF00DFC0090BDF80000CDE780B2AA
:10D45000CBE710B59942144604D11A462146F5F798
:10D46000B3F908B1002010BD012010BD2DE9F8432B
:10D470000C461D46A3421746DDF820804FF00006FB
:10D4800002D20020BDE8F8830A463946F5F79CF938
:10D49000F0B9B8F1000F4FF0010617D0AC4217D029
:10D4A000381969460A221EF081FD2044A84201D0A5
:10D4B00000260DE00099C8F8001009E0F4F7ECFF31
:10D4C000395D0068405C2028F2D1641CAC42F5D381
:10D4D0003046D7E770B5B1B14C68A4B18D6895B14D
:10D4E0004368DBB18268CAB126782A2E16D03A2E5C
:10D4F00014D01E782A2E11D0561E9E5D3A2E04D0CE
:10D50000521EF9D10AE0002070BD3AB11544A31AA9
:10D51000C1E9013541681846F5F7D3F9012070BD1E
:10D520007047F8B5044610F084FA0646204610F01D
:10D5300042FA0546304614F05BFF2B2D044634D0EA
:10D540000A2D31D111F088FD10B1007901282BD0BE
:10D550006946304614F0B2FF94F82C0010F00C0F1E
:10D5600030462BD014F0B0FE00210546204615F0C1
:10D5700036FC0128BDF9000005EBD5711BD000EB8E
:10D58000610090FBF5F001B2002900DA0021608D06
:10D590004FF00102884220461BD019F0F3FC002214
:10D5A00020461C2110F04AFAF8BD618D0022BDE82A
:10D5B000F84019F0E7BCC0EB6100E2E714F06AFE46
:10D5C000BDF9021000EBD07201EB620191FBF0F0AB
:10D5D000D9E719F0D7FCF8BD2DE9FF4F83B0044619
:10D5E000109FDDF84890DDE91356DDF810A04FEAF2
:10D5F00047000FFA80F8B9F1040F22D0B9F1060FF5
:10D600001FD0B9F1050F5FD0B9F1140F59D1A3881C
:10D61000E288CDF804804FF00008B4F90200B4F9B4
:10D620000010121A07FB001C591A491C0FFA81FB43
:10D63000521C0FFA82F90AEB4C0A4FEA4B00009099
:10D6400085E020460AF055FD01460190304613F072
:10D650008FFAA188AB46CDF80880B4F90280B4F9FE
:10D66000000007FB0802081A401C00B200900AEBF9
:10D6700042074FEA400A0DE052463946584613F039
:10D680008DF9029808F101080FFA88F8074400980C
:10D690000BEB400BB4F906004045EDDAB9F1060F8B
:10D6A0000FD100224FF4FC601146ADF8000005E0F8
:10D6B00035F81130834200D17254491C019B9942C4
:10D6C000F6D307B0BDE8F08FB4F902200023A1889B
:10D6D000B4F806C0B4F90000ACEB020C0C1A07FB5E
:10D6E0000201641C22B2B81A0CF1010C00EB4007D5
:10D6F00001EB41010FFA8CF40FFA87F801EB0A00F5
:10D7000015E000210BE08778775490F801C0077886
:10D7100007EB0C2C4F1C25F811C039B2C01C9142EC
:10D72000F1DB5B1C1BB2404405EB42051644A342EF
:10D73000E7DBC6E7009A5146284613F02FF9019A15
:10D7400008F101000FFA80F805EB4B059244C8453B
:10D75000F0DB0598B4F90220069B4500B4F90010EF
:10D760000498002405FB030007FB02110D1808E0D4
:10D770005A462946304613F011F9641C24B25E441F
:10D780003D444C45F4DB9CE7014641F6FF72002026
:10D7900000E0401C31F910309342FAD170471CB5BB
:10D7A000044690F8540000F0010088422DD094F80F
:10D7B000540011B140F0010001E020F0010084F8B4
:10D7C000540004F1480168460AF06CFC606ABDF838
:10D7D0000010828A1144ADF80010C18ABDF8020021
:10D7E0000844ADF80200616ABDF80400898A084463
:10D7F000ADF80400616ABDF80600C98A08446946AC
:10D80000ADF80600204616F00EFA1CBD084611467B
:10D8100008B50CF0FFF80090BDF8000008BD2DE938
:10D82000F04F0746C87A89B0154602280E4603D83D
:10D83000012009B0BDE8F08F32691846B168FDF7E4
:10D84000ABF8041EF5D0207D00F01F0010F0F5FDB0
:10D850004FF4807808B1062011E0207D00F01F0011
:10D860000E2806D014280AD010F0D8FD30B10520BB
:10D8700005E031884FF00E0931B902E004208146FD
:10D8800006E07088404503D000214FF00509A161F2
:10D89000226A22B1294638461EF04DFABEE0A06940
:10D8A000E8B302A829460AF0B5FBB6F900005FEA22
:10D8B000000A02D1708840452DD0EA88331DB5F8A2
:10D8C0000280A988B5F800C0A2EB08027088521C3B
:10D8D000CDE90003A1EB0C015346491C12B209B279
:10D8E00002A8FCF7A3FFBDF8080029880844ADF89A
:10D8F0000800BDF80A0069880844ADF80A00BDF8C0
:10D900000C0029880844ADF80C006988BDF80E00A9
:10D910000844ADF80E00B96802AA04A800E012E0BD
:10D92000FCF753FA002879D0D7F8088004A8B8602B
:10D930002A46CDF800903146A36938460DF0F0F83C
:10D94000C7F808806AE0B96804A82A46FCF73DFADF
:10D95000E8B3BDF81400BDF81010401A401C0FFACF
:10D9600080FB0BEB4B0012F07FFF039004A9D7F86C
:10D97000088001A80AF04EFB012101A80AF009FC69
:10D98000B5F90000B5F90210BDF91020BDF912502B
:10D99000101A0690A5EB010A37E001AA414607A834
:10D9A000FCF713FA80B303980FFA8AF200905B46F3
:10D9B000069801B2204611F051F901280ED02046F8
:10D9C00011F0A2F8039812F09BFF204600E025E03A
:10D9D00011F09AF80020C7F808802AE707A8B86075
:10D9E000039B01AA31463846CDF800900DF098F817
:10D9F000BDF806000AF1010A401CADF80600BDF8AA
:10DA00000A00401CADF80A006D1CBDF91600A842C2
:10DA1000C3DAC7F80880039812F072FF204611F0AD
:10DA200073F805E710B5114604460D4802F01F02D1
:10DA30000B461044BFF34F8F0A4A1360203820333F
:10DA40000028FADCBFF34F8FBFF36F8F0648002228
:10DA5000F7F7B0FF2046BDE810400CF08FBD000086
:10DA600000B80B0068EF00E0FC03002470B5054629
:10DA700011F0F2FA0646286B19F052FF3168898BD3
:10DA8000884223D295F83C006C6A10F0030105D05F
:10DA90006420012906D0022909D106E0002060F3A4
:10DAA0000F0404E060F3174401E060F31F643046A4
:10DAB00011F09EFB214628460CF0F3FB30B100220A
:10DAC00028461C210FF0BAFF012803D119F02EFFC0
:10DAD0002863012070BD00002DE9F04F99B0144675
:10DAE0008A46074614A80CF0E1FD4FF4A021384601
:10DAF00015F049F99DF85D1060F382018DF85D1015
:10DB0000A1882088091A491C09B201EBD1714E1075
:10DB10003044ADF86000608800213044ADF8620008
:10DB2000384615F001FA8146514602A814F08CF9E6
:10DB300000204FF400320F9214A90A912E49CDE92A
:10DB4000031007F130008346FDF706F84EE0207918
:10DB5000032847D1208BADF85000208AADF8520041
:10DB60006079FD2801D9484602E010FB09F0000A5F
:10DB70008DF85C002568E88BB5F9203018440090DA
:10DB8000A068D5E9051212F023FEE98B8046B5F9AD
:10DB9000203058180090E068D5E9051212F018FE00
:10DBA0001FFA88F5ADF854501FFA80F8ADF856808A
:10DBB000608B1A2102AA13943044ADF8440018A8CF
:10DBC0000B9038460FF03AFFBDF8443018AACDE963
:10DBD000005814A950460CF059FD1B21384602AAE2
:10DBE0000FF02CFF21465846FCF7B3FF0400AED1DE
:10DBF00019B0BDE8F08F0000600503902DE9F74FE4
:10DC0000C878A0B00C4602287ED9114668460AF0B2
:10DC10001CFAB4F92000012829DD94F82200FD281F
:10DC200025D3208818B394F82300BDF800104008CD
:10DC3000C0F38003C0F34002C818ADF80000BDF87F
:10DC400002001044ADF8020094F82310BDF804005F
:10DC50004908C1F3C001401AADF8040094F823103C
:10DC6000BDF80600C1F34001401AADF80600209847
:10DC70006946826802A8FCF7A8F8002844D0E07B37
:10DC800010F0070619D0E088ADF810006189BDF8E2
:10DC90001000884200D1002668460DF09FFC1C2130
:10DCA000074611A8F4F7ABFEA0788DF85D00BDF82B
:10DCB0001000ADF84C001FB105E060680490E5E786
:10DCC000208800B9EEB3E078FD2800D3FF20BDF82E
:10DCD0000610BDF802208346BDF80430BDF80050A0
:10DCE000891A491C581B09B2401C894600B2484594
:10DCF000824600DB0846B4F90050B5EB600F00DB4C
:10DD00004510BDF80C1000E042E04FF0FF30BDF8C8
:10DD100008200B9000200490A1EB020000F101000C
:10DD200000B2002D804600DC7FB112F09DFD002383
:10DD30002A466946049018A80DF0BCFE002118A8D8
:10DD400000E01CE00DF062FA0B90FF22BDF8081015
:10DD50000FA8ADF83C10BDF80C10ADF840100499B8
:10DD60001190149151461690A01D8DF85C204A46E2
:10DD700010F0A2F9040018D0022E0CD015E0CDF856
:10DD800044D011A9E0788DF85C0020980EF09AFA42
:10DD900023B0BDE8F08FBDF90820BDF90000A168EF
:10DDA00001EB4201A1EB40001290002F7DD0BDF9A4
:10DDB0000A5027E02FB2049842465946ADF83E700B
:10DDC000ADF8427012F080FEBDF908104346049889
:10DDD0003A460DF0C5FB01288DF8540002D102200F
:10DDE0008DF85400012E08D1BDF90200A168281A4F
:10DDF00001EB40000088ADF84C0011A920980EF00E
:10DE000061FA6D1CBDF90E00A842D3DAB7E000BF7D
:10DE1000BDF80220BDF80600BDF90A103A44C31B44
:10DE20000FFA82F90FFA83FA494503DDBDF90E10A6
:10DE3000514544DB04984246594612F045FEBDF96F
:10DE40003C10434604984A460DF08AFB01288DF8A1
:10DE5000540002D102208DF85400BDF90A10494542
:10DE600013DC012EADF83E90ADF8429009D1BDF91A
:10DE70000220A168A9EB020001EB40000088ADF888
:10DE80004C0011A920980EF01DFABDF90E10514555
:10DE900015DB012EADF83EA0ADF842A00BD1BDF9C7
:10DEA0000220A168AAEB020000E009E001EB4000BB
:10DEB0000088ADF84C0011A920980EF003FA7F1CE1
:10DEC000AF42A5DBBDF80000ADF87800BDF8040056
:10DED000ADF87C00BDF802002844ADF87A00BDF82A
:10DEE0000600401BADF87E001EA80DF077FB07462C
:10DEF00030430CD001218DF85410BDF90600BDF956
:10DF00000210A0EB05098DF85CB00D4435E0BDF8BA
:10DF1000020000218DF85CB02844ADF83E00BDF849
:10DF20000600149111A9401BADF8420020980EF094
:10DF3000C9F924E06FB104984246594612F0C4FD75
:10DF4000BDF908102AB2049843460DF009FB8DF87C
:10DF50005400012EADF83E50ADF8425008D1BDF945
:10DF60000210A068691A00EB41000088ADF84C006F
:10DF700011A920980EF0A6F96D1C4D45DADD049824
:10DF800008B112F0BDFC0B98401C05D00B980DF0A9
:10DF90003FFE18A80DF006FB002C3FF4F9AE20461A
:10DFA00010F083F8F4E62DE9F0410646086992B0D6
:10DFB000154600280C467BD0A07E022878D9B2688E
:10DFC0000DA82946FBF701FF002871D0D6F808807C
:10DFD0000DA8B060206911F02DF8022806D0206944
:10DFE00002A910F0B1FD012847D0C7E041F6FF704B
:10DFF000002702973B46CDE90070D4E904120FA830
:10E0000019F0AAFF28460AF08FF8298800EBD07291
:10E01000BDF93C0001EB620100EBD072A1EB6201A3
:10E02000ADF80C100844401EADF8100028460AF068
:10E0300042F8698800EBD072BDF93E0001EB620145
:10E0400000EBD072A1EB6201ADF80E100844401E47
:10E05000ADF8120005A80DF029F8606903AA059033
:10E0600005A9208BADF82000A07E8DF82E0030464B
:10E07000009723690CF076FD80E004A80CF058FDB1
:10E08000A0784FF0FF378DF81C00208BADF81800FA
:10E09000E07E8DF81A00A07E8DF81B00207F40B135
:10E0A00002996888ADF8020007EB515108445DE021
:10E0B00066E028460AF038F8029900EBD0702A880A
:10E0C000C1F38A2102EB6000A0EB5100ADF8000023
:10E0D000284609F0F0FF698800EBD072029801EB46
:10E0E0006201C0F38A22A1EB9051ADF80210BDF895
:10E0F000003007EB5050521E08449918ADF8041038
:10E10000ADF8060004A923696A4630460CF0DCFC31
:10E1100034E002992888ADF80000C1F38A21491E35
:10E12000084410E0236904A96A4630460CF0CCFC90
:10E130000298BDF80010C0F38A200144ADF8001029
:10E14000BDF804100844ADF80400B5F90410BDF999
:10E1500000008842E6DD0298BDF8021001EB505144
:10E16000ADF80210BDF8061001EB5050ADF80600F6
:10E17000B5F90610BDF902008842CADDC6F808806C
:10E1800012B0BDE8F081F0B5074691F8220087B0E3
:10E19000164602280C466BD9208C002868D094F8CB
:10E1A000230010F03E0F63D0C00761D1B1883388DF
:10E1B000F0887288C91A491CB4F90050801A401CB2
:10E1C00009B200B2814200DA0846B5EB600F00DD0B
:10E1D0004510314604A809F038FF94F82300BDF932
:10E1E0001020C0F344014807B4F9200001D42844AA
:10E1F00040421044ADF81000B4F920000907BDF901
:10E20000141001D428444042081AADF8140094F8C0
:10E210002300BDF9121040088007B4F9200001D492
:10E22000284440420844ADF8120094F82300BDF998
:10E2300016104008C007B4F9200001D1284440421C
:10E24000081AADF81600208C281A00B2002800DA4F
:10E250000020A27894F822102B46CDE90212E18B1F
:10E2600004AAADF8041031460090384600F002F8D8
:10E2700007B0F0BD2DE9FF4FA7B01D4616460C466E
:10E28000DDE93679DDF8D080FF2F00D3FF2708467F
:10E290000DF0A4F98346284350EA080076D0279869
:10E2A0002146826804A8FBF790FD002875D0BDF8D0
:10E2B0001400BDF81010401A401C00B212901C212E
:10E2C00007A812F02DFC129812F0CEFA0A90002D39
:10E2D0004FF0FF3024900ADD00232A461DA8214676
:10E2E0000DF0E8FB00211DA80CF090FF2490012305
:10E2F00017A8424631460DF0DDFB002117A80CF0AF
:10E3000085FF259001A807900C90BDF8D4008DF8EA
:10E310003470ADF824008DF83590B4F900001190F8
:10E32000B6F9003042199A4200DC1A46B4F90400EA
:10E330000F900FFA82F8B6F90410401B8E46704514
:10E3400000DB0846B4F9021010910FFA80F9B6F913
:10E35000022029449246514500DC1146B4F90600DA
:10E3600023900FB2B6F90620401B904200DB104606
:10E3700000B21390A9EB08011098491C0FFA81FC18
:10E3800050450DDC01200CE000E006E0359B3246F4
:10E3900027982146009700F0B7F92BB0BDE8F08F21
:10E3A000002023998246914201DB012000E00020F9
:10E3B000BBF1000F834644D0BDF81000ADF8040057
:10E3C000BDF81400BDF91240ADF8080022E000BF0E
:10E3D000BAF1000F01D1A7421BDCBBF1000F02D143
:10E3E0001398A0421ADB25B212990A98ADF806508C
:10E3F000ADF80A5012F0BCFBBDF910102A46129B72
:10E400000A980DF0ADF88DF82C0007A927980DF0AB
:10E4100059FF641CBDF91600A042D9DA17A80DF007
:10E42000C1F825980DF0F4FB2498401C05D01DA8D8
:10E430000DF0B8F824980DF0EBFB0A9812F060FA92
:10E44000ABE71198984201DC012000E000200F9911
:10E450001190714501DB012100E000210F9108407E
:10E460000121039100EA0A0010EA0B0F04D0BCF16D
:10E47000320F01DA00200390039901228DF82C203D
:10E480001AEA010F0ED0ADF8048007A9ADF8089084
:10E490006088ADF806007088401EADF80A00279825
:10E4A0000DF010FF03991BEA010F0ED0ADF80480A8
:10E4B00007A9ADF80890F088401CADF80600E08888
:10E4C000ADF80A0027980DF0FDFE119878B120886C
:10E4D00007A9ADF804003088ADF80670401EADF80D
:10E4E00008001398ADF80A0027980DF0EBFE0F987E
:10E4F00078B1B08807A9401CADF80400A088ADF839
:10E5000008001398ADF80A002798ADF806700DF0D2
:10E51000D9FE0398C0B1BDF91400A8F10102BDF9FC
:10E5200010109042ADF8041000DB1046ADF8080062
:10E53000411A491C0DB2002D70DD119850EA0A00F5
:10E5400066D0BDF9124061E0BDF81000ADF80400DE
:10E55000BDF81400ADF80800B6F90200B4F90210D5
:10E56000401AA84200DB05460FFA85F8002533E083
:10E570006288E188BDF912002A44491B16B20FB225
:10E58000B04203DDBDF91600B84224DB12990A98A7
:10E5900012F0EEFABDF904103246129B0A980CF004
:10E5A000DFFF8DF82C00BDF91200B04207DC279880
:10E5B00007A9ADF80660ADF80A600DF083FEBDF95D
:10E5C0001600B84207DB279807A9ADF80670ADF82A
:10E5D0000A700DF077FE6D1C4545C9DB8DE026B253
:10E5E0000A982946ADF80660ADF80A6012F0C0FA44
:10E5F000BDF904102B460A9832460CF0B1FF8DF895
:10E600002C0007A927980DF05DFE641CA742E6DCEC
:10E61000119850EA0B001DD0139C16E01AE026B2A8
:10E620000A982946ADF80660ADF80A6012F0A0FA23
:10E63000BDF904102B460A9832460CF091FF8DF874
:10E640002C0007A927980DF03DFEBDF91600641CAB
:10E65000A042E4DABDF9100009F10101884200DCB2
:10E660000846BDF81410ADF80400081AADF80810FB
:10E67000401C05B2002D40DD0F9850EA0A001BD067
:10E68000BDF9124016E026B20A982946ADF8066098
:10E69000ADF80A6012F06CFABDF904102B460A9826
:10E6A00032460CF05DFF8DF82C0007A927980DF07D
:10E6B00009FE641CA742E6DC0F9850EA0B001CD050
:10E6C000139C15E026B20A982946ADF80660ADF80D
:10E6D0000A6012F04DFABDF904102B460A98324632
:10E6E0000CF03EFF8DF82C0007A927980DF0EAFDED
:10E6F000BDF91600641CA042E4DA17A80CF052FF22
:10E7000025980DF085FA92E62DE9FF478EB0154663
:10E710000C4682461C211A9E02A812F001FACDF87E
:10E7200008D0BDF84400ADF810008DF82060B4F9B1
:10E730000200B5F90210884201DC012700E0002741
:10E74000B4F90600B5F90610884201DB012600E0A5
:10E750000026B4F90000B5F90010884201DC01215F
:10E7600000E00021B4F90420B5F9043089469A424A
:10E7700001DB012100E00021ADF80000A0888846FF
:10E78000ADF804006088ADF802006888A0F10100CF
:10E79000ADF806001FB102A950460DF093FDE888C0
:10E7A00000F10100ADF80200E088ADF806001EB1EE
:10E7B00002A950460DF086FD2088ADF8000028889B
:10E7C000A0F10100ADF8040017B1B5F9020001E0B5
:10E7D000B4F90200ADF8020016B1B5F9060001E087
:10E7E000B4F90600B9F1000FADF8060003D002A994
:10E7F00050460DF067FDA888B8F1000F00F1010048
:10E80000ADF80000A088ADF8040003D002A950467E
:10E810000DF058FD12B0BDE8F0872DE9F04F8B46A2
:10E820009146A2F57F410646FF3991B044D0746A03
:10E83000208C9842804604D0608C238440F00800ED
:10E8400060844FF4802A2046514614F081FD07462B
:10E850005146204614F0A3FDB7F90870054630462E
:10E8600007F066F9B0F916107A1905EBD57009FBB7
:10E8700002116D1EA1EB6000ADF83A003844284447
:10E88000ADF83E00706A818AADF83810008BADF8A3
:10E890003C0068460DF0E2F96A465146204615F004
:10E8A0003EF80EAA694658460DF0C4F9A4F8208037
:10E8B000608C20F00800608411B0BDE8F08F2DE975
:10E8C000F04305461746A2F57F400E46FF3893B049
:10E8D00055D06C6A208C9842804604D0608C23848A
:10E8E00040F00800608406A80CF0E0FB4FF480299B
:10E8F000204606AA494614F064FF4946204614F013
:10E900004EFDADF82A00284607F012F9050036D072
:10E910000699BDF92A00B5F91620B1F90810431877
:10E92000491E07FB032200EBD073A2EB6302ADF894
:10E930000A2010440844ADF80E00A08A02AAADF8DF
:10E940000800208BADF80C000EA8B168FBF73DFA6B
:10E9500078B1B7680EA8B060284611F0BEF803463B
:10E960000020009005F11402304606A90CF0FAF8D8
:10E97000B760618CA4F8208021F00800608413B097
:10E98000BDE8F0832DE9F0412E4D074668680BF095
:10E990000FFE04463868C66B716B09B13046884774
:10E9A0006868E16800680288408812FB00F08842CD
:10E9B00001D1012000E00020216859B1616849B10E
:10E9C00028B107E068680068816A01B1884720695A
:10E9D0000028F7D10120206169680968C9688A693F
:10E9E000D20702D08969890700D40020606160697C
:10E9F00008B1012500E000253868416971B101695D
:10EA000011F0300F06D0490704D5D6E9001000F008
:10EA10001BF803E0D6E90021FEF7F2F82068002891
:10EA20000BD06168002908D03A68127CAA43D2074B
:10EA300003D1A268824202D1A160BDE8F081A0604A
:10EA4000FBE70000EC0000242DE9F34F05468C485D
:10EA500093B041680E683069820701D542076ED4D1
:10EA6000C0F3011002281ED0012801D0032866D16E
:10EA700000200F9008460BF09BFD10904FF4A05122
:10EA8000AB88B5F90000EC88B5F902201B1A5B1CB5
:10EA9000A71A1CB2B1FBF4F37F1C3FB2BB420FDAE2
:10EAA000B1FBF4F10DE0149A2946304600F0F4F879
:10EAB000149A15B029463046BDE8F04FFEF7A0B8CD
:10EAC0003946337C0B910792C3F30111012906D01B
:10EAD000611E68800844E8804FF0000BC1E0718837
:10EAE000081A401EE880011B491C6980F4E700BF3A
:10EAF0000B99A7EB0B00884200DD08464FF001019F
:10EB000000B201901098BBF1000F016121D1A74222
:10EB10001FDB0194307CC0F30110032810D00020CB
:10EB2000149A214600F0EBF8307CC0F30110012864
:10EB300008D031880798081A401E011B56E09BE058
:10EB40000120EDE70798079920442980401EA880FE
:10EB50004FE00F9820B94FF4205011F085FE0F9030
:10EB6000307CC0F3011003281BD000200199864699
:10EB70000F980C90601E14FB01F24843DDF8509092
:10EB8000521ECDE90D2000208842824621DA0E9ADD
:10EB9000BEF1000F02EB0A0001D00D9A101A0022FC
:10EBA00011E00120E2E700BF0C9BBEF1000F39F835
:10EBB000028B03EB400CACF8008001D0084400E06D
:10EBC000401A521C12B2A242EEDB0AF1010000B25E
:10EBD000DAE7307CC0F3011001281BD03188079898
:10EBE000091AA1EB0B000199401E411AA880491C8B
:10EBF000298001990BEB0108B84514DB1098806956
:10EC0000C00710D01098806980070CD5109901209A
:10EC100048610BE0079901EB0B0001992880014442
:10EC2000491EA980E5E71098002141610F9828B19D
:10EC3000024629463046FDF7E3FF05E0149AF8E75F
:10EC4000B16A09B130468847109800690028F7D1A9
:10EC500001990FFA88FB04FB01F0149901EB4000C5
:10EC60001490BB45FFF644AF0F98002804D015B0B0
:10EC7000BDE8F04F11F044BE15B0BDE8F08F0000C4
:10EC8000EC00002430B50D880488058010880880C9
:10EC9000188810801C8030BDF8B58B8800240D8842
:10ECA000CE884F885B1B5B1CF51B6D1C13FB05F3AB
:10ECB0005B1E0DE002EB430602EB44075B1E35884A
:10ECC000641CADF80050B7F800C0A6F800C03D8045
:10ECD000A342EFD843884C88CA881B1B5B1ECB809D
:10ECE00043889A1A521E4A8003880C888A881B1B04
:10ECF0005B1E8B800088801A401E0880F8BD2DE9BD
:10ED0000F0470C4617460026824601EBD47936E0E0
:10ED1000601C002500EBD0782CE0A01B621B401E7D
:10ED200001B2A2F1010210B2BAF1000F0ED015FB30
:10ED3000041211FB040110FB046C07EB420307EB08
:10ED4000410216FB045007EB4C010DE011FB040CD3
:10ED500010FB046215FB041116FB045007EB420381
:10ED600007EB4C0207EB410107EB4000FFF78AFF7E
:10ED70006D1C2DB2B5EB680FCFDB761C36B2B6EB4F
:10ED8000690FC5DBBDE8F0872DE9F047A2B0054665
:10ED90000EF04FFE044628460EF013FE8246606ACF
:10EDA00010F09BFE054694F85400C00777D006A8E3
:10EDB0000CF054FF4FF4E029204606AA494614F00F
:10EDC000AEFD04F1480101A809F06CF9606ABDF8D4
:10EDD0000410828A1144ADF80410C18A01AABDF85A
:10EDE00006000844ADF80600616ABDF80800898A8B
:10EDF0000844ADF80800616ABDF80A00C98A0844F1
:10EE0000ADF80A0006A950460CF014FF494620460A
:10EE100014F036F806464946204614F064F987197E
:10EE20004946204614F001FA1E494FF00008CDF87B
:10EE30000C800644CDF81080206D0968284488476E
:10EE40000246206D411903A811F0A8FDBDF8040089
:10EE5000552241463844ADF80400BDF80600304460
:10EE6000ADF80600606A14F0E6F9054614A80CF047
:10EE70001DF914AA4946204614F0A3FC9DF81B0076
:10EE8000022804D8BDF85C00A9B2884207D003ABC1
:10EE9000504601AACDF8008014A90BF063FE22B001
:10EEA000BDE8F087840200242DE9F04FC3B0054689
:10EEB00030300E460190FBF7C8FE00287DD1B168C6
:10EEC00005F114023FA8FAF780FF002875D0D6F8A4
:10EED00008A03FA8B0603BA80CF079F94FF4E024FB
:10EEE00028463BAA214614F0BCFC2CA80CF0B6FE28
:10EEF0009DF8F41047F6FF708DF8B3102146ADF879
:10EF0000B000284614F093FA00EBD0702146471069
:10EF1000284614F08CFA00EBD07031464FEA600BB3
:10EF200003A812F091FF0521109429A8099019A8AF
:10EF300007906348CDE904010198FBF70DFEB6E0A8
:10EF40000A223BA929A811F029FD38222CA919A8C9
:10EF500011F024FDE088ADF8A400E088ADF8680069
:10EF600017A80C903EA80D90607BC00704D0B4F9A0
:10EF70000000B4F902100FE0B4F90410A1F5FE404E
:10EF8000FF3875D0A28841ABA16828460AF00EFA76
:10EF9000BDF90401BDF90611AA8AEB8A104419448F
:10EFA0000FFA80F80FFA81F9C7B1BBF1000F15D045
:10EFB000A8EB070208EB070000E07DE0ADF8A00039
:10EFC000012009EB0B03ADF89C20ADF8A230A9EBB2
:10EFD0000B01ADF89E10419027A801E00020419060
:10EFE0000690207B81072CD0C00702D0B5F9140011
:10EFF00000E04046ADF85C00ADF85E904846217BED
:10F00000890702D5B5F9181000E04146ADF8F810AF
:10F010001A21ADF8FA0003AA28460EF00FFD3EAB08
:10F02000304617AA29A90CF0C5F8419820B127AAA3
:10F03000304619A90CF0FEFD1B21284603AA0EF04C
:10F04000FDFC207B10F00C0F2DD041074046ADF8A1
:10F050005C8002D5B5F9161000E04946ADF85E10A7
:10F06000ADF8F800207B000703D5B5F91A0001E0E0
:10F0700019E04846ADF8FA001A21284603AA0EF016
:10F08000DDFC3EAB304617AA29A90CF093F8419855
:10F0900020B127AA304619A90CF0CCFD1B21284627
:10F0A00003AA0EF0CBFC01982146FBF752FD0400A9
:10F0B0007FF446AFC6F808A043B0BDE8F08F00006B
:10F0C000280003902DE9F04F9FB005460EF0B1FCEB
:10F0D000044628460EF075FC1C90204614F072FA87
:10F0E0000546204613F043F9A38A05EBD572014685
:10F0F00003EB62000FFA80FBE08A01EBD1714FEA6B
:10F10000620800EB61000FFA80FA06A80CF05FF8C5
:10F110000021204606AA14F0A4FB4FF41D7242F20F
:10F120003410002618FB02F191FBF0F03146801CF0
:10F13000ADF81A00204613F02EFE47F6FF7905467B
:10F1400000234A4604F114010AA80CF0B3FC002184
:10F150000AA80CF05BF81B90E38AA28AADF8123083
:10F160005819218B2A44ADF81410678B491BADF850
:10F1700010204A467B1BADF8141004A9ADF812000C
:10F1800010A8ADF8163001230CF094FC002110A853
:10F190000CF03CF8BDF91A2000271D90A8EB0500E3
:10F1A000A0EB0209904439462046FCF745FD099042
:10F1B000BDF82400ADF81800300A00B2054618F07A
:10F1C00001FE00FB08F00BEBE030ADF858002846DC
:10F1D00018F0F0FD00FB08F00AEBE030ADF85A0043
:10F1E000284618F0EFFD00FB09F00BEBE030ADF81E
:10F1F0005C00284618F0DEFD00FB09F017AB16AAEC
:10F200000AEBE030ADF85E001C9806A90BF0D2FFC7
:10F21000FF1CBFB2B7F5807F06F58766C3D90AA881
:10F220000CF0C0F910A80CF0BDF91B980CF0F0FC24
:10F230001D980CF0EDFC1FB0BDE8F08F2DE9F04FEC
:10F240008A68A7B08846044600F1140124A8FAF79A
:10F25000BCFD00287ED0D8F8080024A91F902046C5
:10F26000C8F80810002113F0F9FD002105462046DA
:10F2700013F003FF284400B220900021204613F031
:10F2800098FF284407B2204613F01EF8B4F8841003
:10F29000484340F30F201790204612F0FBFFB4F8CC
:10F2A0008610484340F30F20189014A80BF08FFFEE
:10F2B0000021204614AA14F0D4FA4146684612F000
:10F2C000C3FD0025DFF8D0A1681E6A4614A9CDE968
:10F2D0000D5006911A21CDE901A5204609950A9500
:10F2E0000EF0ACFB31222046294613F0A4FF00F0BB
:10F2F000FF092046002113F0B1FD3322834620464A
:10F30000294613F098FFC6B2204613F0F7F8239071
:10F31000204613F0BFF9B4F87E10E9B3A38AB9F11F
:10F32000020FE28AADF84C30218B3A44A2EB000088
:10F33000ADF8781000B21A90B4F97E7040D9BBF1E4
:10F34000000F3DDDB00707D50021204613F031FF47
:10F3500010B900E09CE00125F00731D000212046E3
:10F3600013F02BFE60BB7F1E3FB229E018980121ED
:10F3700010FB05F2B4F87E00401E92FBF0F01A9AE2
:10F380001044ADF84E00ADF87A0013A809901EA8FD
:10F390006A460E950A9000E014E0CDE901A11A2119
:10F3A00020460EF04BFB1EAB404613AA14A90BF0EF
:10F3B00001FF1B216A4620460EF040FB6D1C2DB25A
:10F3C000BD42D3DBB4F88000F0B3A18AB9F1020FDB
:10F3D000E28A4FF000072098ADF84E20628B01447E
:10F3E0002398ADF87A20B4F98050A1EB00000FFA11
:10F3F00080F913D9BBF1000F10DD700705D500218E
:10F40000204613F03AFE00B90127300706D5002147
:10F41000204613F07AFE08B96D1E2DB202260DF1BA
:10F42000780B26E017986A4610FB07F1B4F88000C5
:10F43000401E91FBF0F01A214844ADF84C00ADF8A5
:10F44000780013A80E9700E015E0CDE9090BCDE98F
:10F4500001A620460EF0F2FA1EAB404613AA14A9EC
:10F460000BF0A8FE1B216A4620460EF0E7FA7F1C2F
:10F470003FB2AF42D6DB00200990411E6A460E9192
:10F480001B210A9020460EF0D9FA1F98C8F80800F0
:10F4900027B0BDE8F08F0000280003902DE9F04F61
:10F4A00091B083460EF087FA064658460EF0C1FA30
:10F4B000122E04467ED0152E01D0182E7BD114F0CA
:10F4C00081F80690204612F052FF0021059032226A
:10F4D000204613F0B0FE002105461222204613F00C
:10F4E000AAFE28440FFA80F820460021132213F0C8
:10F4F000A2FE28440FFA80FA20460021102213F0C1
:10F500009AFE284407B220460021112213F093FEF0
:10F51000628E43190FFA83F902EB0801ADF8081067
:10F52000A08E3844ADF80A0094F8390000F00300CA
:10F5300001287DD002A9E08ECDE90001B4F9303078
:10F5400003A8DDE90521FBF771F9BDF80C10A08ACD
:10F550000844ADF80C00BDF80E10E08A0844ADF880
:10F560000E00BDF81010A08A0844ADF81000E18A22
:10F57000BDF812000844ADF8120000BF04F11401F8
:10F5800001910FA80D4608F07BFD03A9284608F05D
:10F5900077FDD348594612F003FE012861D1019846
:10F5A0000FA908F06DFD152E5BD1E08D002858D015
:10F5B000A08D01E058E054E0002852D0E08E0028F1
:10F5C0004FD058460EF0FDF90199064605A808F0FF
:10F5D00057FD20460FF062FC054694F8390000F014
:10F5E000030001287ED0BDF81000BDF80C10401AB1
:10F5F000BDF814100844ADF81800BDF81200BDF8AD
:10F600000E10401ABDF8161000EB0100BDF81410E2
:10F61000ADF81A0001EB0800ADF81400BDF81600B3
:10F62000BDF818103844ADF81600A1EB0A0000E050
:10F630007CE0ADF81800BDF81A10A1EB0900ADF898
:10F640001A0094F8381001F00300012873D08907DC
:10F6500071D0022870D00023019A194630460BF071
:10F6600033FA11B0BDE8F08F58460EF0E0F90546C8
:10F6700000780228F5D094F838000126C1438907A4
:10F680004ED000F0030102294AD0C0F384000428C0
:10F6900001D0012844D100212046462213F0CBFDA1
:10F6A000C0B2FF283CD1208ED0BB58460EF0BFF927
:10F6B0000746E08EB0F5807F34D0204612F057FE2A
:10F6C0008046204613F07EFF04F132020146E08EB0
:10F6D0000023CDE9000202A84246FBF7A7F8BDF8D7
:10F6E000080000E029E0A18A00220844ADF80800E3
:10F6F000BDF80A00E18A0844ADF80A00BDF80C0024
:10F70000A18A0844ADF80C00E18ABDF80E00084457
:10F71000ADF80E0002A93846FAF780FB0028A0D108
:10F720002E709EE7002204F11401F4E703A920469D
:10F7300012F0E4FD22E72BE0C1E0B4F92C002AB27C
:10F74000BDF81410801A401C00EBD070A1EB6001D2
:10F75000ADF81410BDF81810BDF81620A1EB60002C
:10F76000ADF81800B4F92E002914401A401C00EB23
:10F77000D070A2EB6000ADF81600B4F92E00BDF811
:10F780001A20401A401C00EBD070A2EB60003DE74D
:10F7900007A80BF0CDF90021204607AA13F0BDFF02
:10F7A000E08E0DAAADF81E00208EADF81C00608E14
:10F7B000ADF82000A08EADF8220094F83800BDF816
:10F7C0000C10C0098DF8300001EB0800ADF83400D2
:10F7D000BDF80E00BDF810103844ADF83600A1EBAE
:10F7E0000A00ADF83800BDF81210A1EB0900ADF821
:10F7F0003A00B16810460F46FAF7E7FA002890D0B1
:10F800000DA8B060B4F92A30B4F92EC0B4F92810AC
:10F8100093FBFCF8B4F92C20BDF916000CFB18334F
:10F8200091FBF2FC034402FB1C1819B2ADF8021064
:10F83000814203DDE08D081AADF80200E18DBDF8CC
:10F8400002000844401E30E0BDF9141001EB08002E
:10F8500000B2ADF80000884203DDA18D401AADF87A
:10F860000000A18D80B20844401E0DE0636A07A924
:10F870006A4630460BF028F9BDF800002844ADF880
:10F880000000BDF804002844ADF80400BDF90000F4
:10F89000BDF918108842E9DBBDF8021028140144B4
:10F8A000ADF80210BDF806100844ADF80600BDF929
:10F8B0000200BDF91A108842C6DBB760D1E607A87E
:10F8C0000BF0F4FB0021204607AA13F07AFF00207A
:10F8D0000090636A07A9019A30460BF043F9C0E62D
:10F8E0002C3F03902DE9F04FD3B005460EF0A1F860
:10F8F000044628460EF065F803A92F90204612F022
:10F90000FDFC00212046692213F095FC00210546EC
:10F910006A22204613F08FFCBDF80C10BDF81020B1
:10F92000491BADF80C102A44ADF81020521ABDF84E
:10F930000E10521C0FFA82FBBDF81220091AADF806
:10F940000E101044ADF81200421AD4E90A01521CFC
:10F950000FFA82FAD345A1EB000801DB012200E097
:10F96000002294F85C3091460022459203F0030295
:10F97000012A08D1002806DA002904DD216B814222
:10F9800001D1012045900021204613F088FB002181
:10F990004390204613F0CBFB00210B90204613F040
:10F9A0001AFC00212C90204613F019FB3C9003A96F
:10F9B00004F13400099008F051FBA18EB9F1000F59
:10F9C0004398228F01440B98E38EA2EB00022C98FF
:10F9D000658F03443C98A1862287A5EB0000E3864F
:10F9E00000B2608711D099B2401A401C00B20428BE
:10F9F0001DDA0AEBDA72E18A6FF0010000EB6200B7
:10FA00000844E086001D608711E0218FA08E081A4F
:10FA1000401C00B204280ADA0BEBDB72A18A6FF0FB
:10FA2000010000EB62000844A086001D2087218FA2
:10FA3000B9F1000FA28E638FE58EA1EB020101F1F7
:10FA4000010109B2A3EB050000F1010000B2CDE90C
:10FA50003D0105D0DF4804F13806099D0F4604E05A
:10FA6000DD4804F136053D9F2E1D0790A26D501C08
:10FA700014D0A06AD4E914311B1A091A7B437943C4
:10FA800093FBF8F391FBF8F019B200B2401A50431F
:10FA9000C21700EB126001EB202005E0216BA06A89
:10FAA000081A784390FBF8F000B20890A26C501C42
:10FAB00014D0A06AD4E910311B1A091A7B43794388
:10FAC00093FBF8F391FBF8F019B200B2401A5043DF
:10FAD000C21700EB126001EB202005E0D4E9091009
:10FAE000081A784390FBF8F00021162200B24690E5
:10FAF000204613F0A0FBB9F1000FC0B22AD00128B4
:10FB00000AD1469842420898414210B2469028468F
:10FB10003546064608B20890298846980844308041
:10FB20002988089808442880459898B3A16AB9F1B3
:10FB3000000FC1F1000000FB07F090FBF8F000B2ED
:10FB400015D02A88B6F90010104400B281420BDDAE
:10FB5000288039E031884698081A401C288031886E
:10FB60000898081A3080DFE7298030802CE032883E
:10FB7000B5F90010101A401C00B2814201DD30803E
:10FB800001E031802880B6F90010B5F9000081420B
:10FB9000EADB19E0FFE7079909988847012813DC99
:10FBA0002F993CA812F050F900204FF400314991F0
:10FBB0008A493CAACDE93D1009981A213F90204678
:10FBC0000DF03CFF3CAAFDE0099950A808F046FA68
:10FBD0000CA80CF043F84FF4003620460CAA31462E
:10FBE00013F09DFE2F991AA812F02EF94FF000087D
:10FBF0007A4827961A211AAA4546CDE91B080CA86F
:10FC00001E9009981D9020460DF018FF0B222046EB
:10FC1000294613F010FB05B25846D345514600DB88
:10FC20000846B5EB600F00DD4510DDE93D10884268
:10FC3000BDF9300000DA3E99B0EB610F00DD4810ED
:10FC4000B9F1000F02D0228FA18E01E0628FE18E08
:10FC5000511A491C09B2B1EB400F18DD9DF8331061
:10FC600008910CA99DF84A709DF852608DF8338078
:10FC7000099A2F988DF84A808DF852800BF0DAFFA0
:10FC800008998DF833108DF84A708DF85260002372
:10FC9000A18A2A4643980844ADF83801218B0B9875
:10FCA000081AADF83C01E18A2C980844ADF83A01F5
:10FCB000618B3C98081AADF83E014EA930A80BF0B4
:10FCC000F9FE002130A80BF0A1FA9DF8526003A9BB
:10FCD0008DF852804546029005A88DF8668008F0A0
:10FCE000BDF9BDF81410B9F1000F4398084403B2F0
:10FCF000ADF81430BDF816102C980844BDF8181053
:10FD000002B20B98ADF81620A1EB000001B2ADF8DD
:10FD10001810BDF81A703C98A7EB000000B2ADF8BF
:10FD20001A0012D0801A401C00B204281FDA0AEB15
:10FD3000DA72E18A6FF0010000EB62000844ADF86E
:10FD40001600001DADF81A0011E0C81A401C00B2E0
:10FD500004280CDA0BEBDB71A28A6FF0010000EBD8
:10FD600061001044ADF81400001DADF81800BDF995
:10FD700030200023099936A80BF09CFE002136A8FC
:10FD80000BF044FA05AA07462F980CA90BF052FF76
:10FD90008DF852600CA98DF83350099A2F988DF880
:10FDA0004A508DF866500BF045FF36A80BF0FAFB71
:10FDB00030A80BF0F7FB38460BF02AFF02980BF047
:10FDC00027FF1AAA20461B210DF038FE53B0BDE8CC
:10FDD000F08F000041810190CF800190843E03901C
:10FDE0002DE9F04FB9B005460DF023FE0446284634
:10FDF0000DF0E7FD00218346204612F0F6FF0128B2
:10FE00000CD00026204606F072FD054694F85C00F2
:10FE1000002700F00300012802D008E00126F1E7E6
:10FE2000A06A002803DAE06A002800DD01272046E6
:10FE30008DB112F09CFA814627B1606A002801DA80
:10FE4000A08E05E016B1B4F9340001E0B4F9380031
:10FE5000ADF894000BE013F0B5FB814627B1606A62
:10FE6000002801DA608F00E0E08EADF8960012A85D
:10FE70000BF0F4FE4FF44038204612AA414613F02E
:10FE80004EFD25A92B464A46204619F028FB04F1D1
:10FE9000680025A9824608F0FCF85946684611F02A
:10FEA000D3FF00202E4912AFCDE90110CDE90D801E
:10FEB000CDE903A7204615F0CFFF022806D01A216E
:10FEC0006A4620460DF0BAFD52463CE0382212A99F
:10FED00027A810F063FD1A216A4620460DF0AEFDFA
:10FEE00012A9524658460BF0A5FE1B216A46204631
:10FEF0000DF0A4FD45B126B1B4F93800ADF8940079
:10FF000005E0B4F93400F9E7608FADF8960025A953
:10FF10002B464A46204619F0E2FA04F1600025A972
:10FF2000054608F0B6F8382227A912A810F036FDC9
:10FF300002A96A46012081E8A1001A210E902046FC
:10FF40000DF07CFD2A46584612A90BF073FE1B21CA
:10FF50006A4620460DF072FD39B0BDE8F08F000012
:10FF6000B83F03902DE9F0438FB004460DF061FDDA
:10FF7000054612F03DFA074603A80BF097F800215A
:10FF8000384603AA13F01DFC28460FF0A1FD28B146
:10FF90009DF8290040F001008DF8290020460DF061
:10FFA00010FD816807F1140204460DA80E46F9F70A
:10FFB0000CFF002850D00DA8A0600BA9384606F011
:10FFC00057F8A88A01AAADF80400E88AADF806003F
:10FFD000288BADF80800BDF82E00ADF80A001046D9
:10FFE000A168F9F7F2FE0DF104084FF0000978B1AD
:10FFF000A7682846C4F808800FF06FFD05F11402C9
:02000004900169
:10000000034603A92046CDF800900AF0ABFDA76097
:1000100001AAA88AADF80400BDF83200ADF80600C8
:10002000288BADF80800688BADF80A001046A1686F
:10003000F9F7CBFE78B1A7682846C4F808800FF01E
:100040004CFD05F11402034603A92046CDF80090AB
:100050000AF088FDA760A6600FB0BDE8F08300003D
:100060002DE9FF4F9FB0987B00F00F042098032CE0
:10007000DDF8B080827E18D0012C1DD0022C21D05A
:10008000042C13D0082C7DD19E4D61014FF0FF0B45
:10009000FD2A2BD29C4E3078904202D17068A0424B
:1000A00021D0DFF868C200201BE00424954D4FF0FA
:1000B000F00B103D1021EBE7924D4FF0800B163DF9
:1000C0000221E5E78F4D4FF0C00B143D0421DFE71F
:1000D0002F5CFF2F1AD017FB02F73F0A0CF80070B5
:1000E000401C8842F4D3894D327074601F98B3F875
:1000F00006A01E8981682198B1F90030B0F900206E
:100100000AFB04F09A4203DB002302E01746E5E70E
:100110009B1AB1F9047002EB0A0C0793BC4501DC91
:10012000534601E0BB1A5B1C219AB1F90270994653
:10013000B2F90220BA4201DB002300E0BB1AB1F998
:100140000610971918938F4201DC314601E0891A95
:10015000491C169103FB00F207981C2100FB0420A8
:1001600000F0070708EBD0080FA810F0D9FC209882
:100170008089ADF844002098807E8DF85400209846
:10018000807F00E0BBE0C0F3C2008DF85500FAF7B5
:1001900091FF0AF011FA0AFB06F1814200DC0846E1
:1001A0001C9010F061FB089000261290A9F101004C
:1001B00021990A8807990A44ADF80C2021990988E9
:1001C00001442198ADF810108B1ADDF860C05B1C5B
:1001D0001BB24088ADF86C10169960440993ADF8D5
:1001E0006820ADF80E00ADF81200ADF86A000844C2
:1001F000ADF86E001AA80BF0F1F907991D90C4F143
:1002000008000AEB01021790A2EB0900DDF860A0DC
:1002100003A90F916043149101905AE007990023BC
:100220002BFA07F0B6461DE098F80020DDF85CC018
:100230000240ACEB070C32FA0CF205D015F802C004
:10024000089A02F806C001E0089A9355179A974257
:1002500002D2E040274403E00027584608F1010895
:10026000491C761C4945DFDB1D9880B10898BDF913
:100270001220BDF90C107044099B19900BF070F915
:100280008DF84C0018B90999199810F049FC079895
:10029000A9EB000081191C98814203D2BDF812001D
:1002A000401C0CE002208DF84C001F980FA90CF0A8
:1002B00009F8BDF812000026401CADF80E00ADF89C
:1002C00012000AF1010A0198384400F0070708EB10
:1002D000D00816988245A1DBBDF90E10BDF91200B9
:1002E000814209D0401EADF8120002211F988DF8FE
:1002F0004C100FA90BF0E6FF089810F001FB23B09B
:10030000BDE8F08F92FE029004010024B01A02248E
:100310002DE9F04F0C46B1F90210B2F900608346A6
:10032000491EB3F9000089B04D1001F00101864269
:10033000294400DA3046ADF80000B2F90000B3F904
:100340000030984200DC1846401EADF8040050888A
:10035000401AADF80200508869462844ADF80600FE
:10036000DBF808200846F9F730FD00281FD0E088A8
:1003700018B1A08808B1012700E0002768460125D0
:100380000BF02CF900B907B100251C2102A810F0D0
:10039000C7FBCDF808D06E462088ADF81000207A53
:1003A0008DF8200035B102A958460BF08BFF09B03B
:1003B000BDE8F08FBDF804204FF0000ABDF9000041
:1003C000BDF80230A2EB0001BDF9068001F1010188
:1003D000ADF806300DB247B1B4F90610B4F90420F7
:1003E000114490FBF1F201FB120A284610F03CFA8E
:1003F000079681460590BDF902603EE029464846D1
:1004000010F0B6FBBDF9001032B22B4648460BF097
:10041000A7F88DF818000FB300B300235046194613
:1004200017E000BFB4F90420824205DB121A114420
:10043000104409B200B208E0B4F906C06244824236
:1004400001DC002001E009F80130491C401C09B220
:1004500000B2A942E6DB02208DF8180002A9584636
:100460000BF030FFBDF80200401CADF80200BDF8F3
:100470000600401CADF80600761C4645BEDD484629
:1004800010F03EFA93E700002DE9FF4FB2F9024069
:10049000BBB0B3F90250AC420ADA128864F31F40D1
:1004A0001B8865F31F4162F30F0063F30F0109E03E
:1004B0001B8865F31F40128864F31F4163F30F002C
:1004C00062F30F0102910FFA81F904B205144FEAA9
:1004D000214AA9EB0406002EAAEB050701DD3046F0
:1004E00000E07042002F01DD394600E07942884289
:1004F00001DD012100E000213C98B0F902000091EB
:1005000061B1002F01DD394600E07942002E4FEA4B
:10051000411201DD31460DE071420BE0002E01DD9C
:10052000314600E07142002F4FEA411201DD3946A9
:1005300000E0794292FBF1F1AD4A4C45525C12FB6E
:1005400000F000F13F004FEAE01000F001024FEA36
:10055000600802EB080B01DA214600E04946A1EBF6
:100560000001ADF8101001DD214600E04946524679
:1005700055450144ADF8141001DA294600E0114652
:10058000A1EB0001ADF8121001DD294600E0514653
:100590000844ADF816003B9804A982680846F9F7AC
:1005A00014FC00287ED000984FF0000100287AD07B
:1005B000002E504615DDA0EB08024B4612B2CDE9E5
:1005C0000021A5EB0800214602B20DA80BF0AAF805
:1005D00001200AEB0B0109B2CDE9001005EB0B007D
:1005E00014E000EB0B024B4612B2CDE9002105EB03
:1005F0000B00214602B20DA80BF094F80120AAEBE3
:10060000080109B2CDE90010A5EB08004B4602B283
:10061000214618A80BF086F800210DA80AF0F6FD77
:100620000021399018A80AF0F1FD03904FF0FF392E
:100630003C98C846417AC80623D403212A46A81903
:1006400000B2CDE90001E01B214603B223A80BF064
:1006500069F8029902200A14911909B2CDE9001033
:10066000029801B2C81B03B22EA80BF05BF8002160
:1006700023A80AF0CBFD002181462EA80AF0C6FD72
:100680008046BDF81400BDF81010401A401C04B29A
:10069000FAF710FD09F090FF054604A807F029FDC0
:1006A000A84201E0A1E028E003D204A807F021FD60
:1006B0000546AA46284610F0D7F8BDF916708346BD
:1006C000BDF8120000255146ADF81600584610F04E
:1006D0004FFA1C2106A810F023FA3C9804A90691B1
:1006E0000088ADF820003C98007ACDF824B0BDF920
:1006F00012608DF830000B9144E0CDE900A109EBC8
:100700000B0204EB0B0013B22A4601B20DA80BF04A
:1007100009F801212A46A4EB0800CDE900A1A9EBC4
:1007200008010BB201B274E7BDF9101032B20BEB45
:100730000500234600900AF013FF8DF8280018B931
:100740000098214610F0ECF925442919514505D2AD
:10075000BDF81600401CADF8160012E002208DF81E
:1007600028003B9806A90BF0ADFDBDF8160000254A
:100770005146401CADF81200ADF81600584610F076
:10078000F7F9761CBE42CFDDBDF91210BDF9160097
:10079000814209D0401EADF8160002213B988DF829
:1007A000281006A90BF08EFD584610F0A9F80DA8E8
:1007B0000AF0F8FE18A80AF0F5FEB9F1FF3F02D0E2
:1007C00023A80AF0EFFEB8F1FF3F02D02EA80AF0EE
:1007D000E9FE39980BF01CFA03980BF019FA484619
:1007E0000BF016FA40460BF013FA3FB0BDE8F08F5D
:1007F00092FF02902DE9F04F8346B1F9020089B0D3
:100800000C46401E1588411000F001000844281ACB
:10081000ADF8000010880844ADF80400B2F90210E9
:10082000B3F90200814200DA0846ADF80200B2F9DD
:100830000200B3F90210884200DC08466946401EF7
:10084000ADF80600DBF808200846F9F7BEFA0028E4
:100850001FD0E08818B1A08808B1012600E000266A
:10086000684601270AF0BAFE00B906B100271C212C
:1008700002A810F055F9CDF808D06D462088ADF8E3
:100880001000207A8DF8200037B102A958460BF0ED
:1008900019FD09B0BDE8F08FBDF80400BDF80020D7
:1008A000BDF80210801ABDF90670401CADF80610A4
:1008B00000B281460FF0D8FF8246079505904FF0B1
:1008C000000056B1B4F90610B4F90420BDF90200D5
:1008D000114490FBF1F201FB1200BDF90250804679
:1008E00031E04946504610F043F9BDF900102AB2F4
:1008F0004B4650460AF034FE8DF81800A6B178B188
:10090000B4F90410414502DA00208DF81800B4F95A
:100910000600B4F904100144414501DC4FF0000821
:1009200008F101000FFA80F8584602A90BF0CAFC42
:10093000BDF80200401CADF80200BDF80600401CE6
:10094000ADF806006D1CBD42CBDD50460FF0D8FF60
:100950009FE77CB505460DF06CF8446A28460DF01B
:1009600030F8626A0546816868461432F9F72DFA54
:10097000002835D0AE68C5F808D094F83C00800651
:1009800021D5628FE08E824208D12123294620465C
:10099000FDF743FF628F212320461DE020232946D7
:1009A0002046FDF73AFF628F202320462946FDF7B7
:1009B00086FFE28E012320462946FDF72EFFE28EB8
:1009C0000123204608E0628F202320462946FDF7B8
:1009D00024FF628F202320462946FDF770FFAE607A
:1009E0007CBD00002DE9F04FD5B005460DF021F893
:1009F0000446008E00287DD028460CF0E2FF53907C
:100A0000608C40F008012046618447A911F076FC13
:100A1000608C4FF00009278C4D4640F00802A4F886
:100A2000209039A84E46C84662840BF017F907A8F3
:100A30000AF03CFB4FF4A02A204639AA514612F096
:100A40006EFF07AA5146204612F0BBFE618C20467D
:100A5000278421F008016184002112F0C2FB0021EB
:100A60004B90204612F0C1FA00214A90204612F025
:100A70001CFB00211090204612F05FFB53990F9051
:100A800019A811F0E1F9B748CDE91A082BA81D9073
:100A900011A8CDF898A01E9058E1761CB6B2606AF5
:100AA000B1A150F82600F1F7D1FF0028F5D0E06A97
:100AB00030F81500C0F30011002975D18846C0F345
:100AC000002109B14FF00108C0F3801010B148F0C7
:100AD000800014E0A08EA84212D1B80601D548F0DB
:100AE0002008B80701D548F00208780701D548F07A
:100AF000040800E032E1380702D548F008008046DB
:100B0000A06A00EBC50103A807F0B1FABDF80C20FC
:100B1000B8F1000FBDF81C1102EB0100ADF80C009C
:100B2000BDF80E20BDF81E010244ADF80E20BDF840
:100B300010201144ADF81010BDF812100844ADF8A3
:100B4000120026D0628C2BA8A4F8208042F0080165
:100B500061840BF083F811A80AF0A8FA2BAA514679
:100B6000204612F0DCFE11AA5146204612F029FE62
:100B7000618C278421F008016184E06A30F8150057
:100B8000C0F3C02000289DF861000ED040F00100A5
:100B90000DE0382239A92BA80FF000FF202207A969
:100BA00011A80FF0FBFEE8E7CCE020F001008DF883
:100BB000610003A827951A211C9019AA20460CF061
:100BC0003DFF9DF8CF004108C9063CD520F03E000E
:100BD000BDF90C201E308DF8CF00B4F914301099F7
:100BE00019448A4203D120F008008DF8CF00B4F9EF
:100BF00018200F98BDF91010101A814205D19DF8E8
:100C0000CF0020F010008DF8CF00B4F916204B98DB
:100C1000BDF90E101044814205D19DF8CF0020F09F
:100C200004008DF8CF00B4F91A204A98BDF91210CB
:100C3000101A814207D19DF8CF008108490061F365
:100C400045008DF8CF00BDF812205FEA8863BDF93A
:100C50000E00A2EB000101F101010FFA81FB08D5A2
:100C6000E16A31F81510490503D5A0EB0B00ADF88A
:100C70000E00539803AA2BA90AF0DCFF606ABDF9A5
:100C80005830119A50F826004C90BDF82001BDF85C
:100C90001CC1BDF95610A0EB0C009DF861C0401CB2
:100CA000CDF808C000B2CDE900104C9954A817F057
:100CB00053F9BDF81010BDF80C00BDF95031091AF8
:100CC000491C09B2C91A01EBD17100EB6100ADF802
:100CD0000C00BDF812101844BDF80E20891A491CEA
:100CE0000FFA81FCBDF95211ADF810005FEA88637C
:100CF000ACEB010C0CEBDC7C02EB6C0212B2ADF83D
:100D00000E20114409B2ADF812100ED5E06A30F889
:100D10001500400509D50BEBDB70A2EB6002ADF8C6
:100D20000E20A1EB6000ADF812004C9B03AA539873
:100D300011A9CDF8009009F015FF1B21204619AA32
:100D40000CF07CFE6D1C761CADB2B6B2208EA842B3
:100D50003FF6A5AE608C20F00800608455B0BDE879
:100D6000F08F0000BC3E03900A0000002DE9F04F18
:100D7000A9B005460CF05DFE044628460CF021FEA5
:100D800000211E90204612F06FF800210546122225
:100D9000204612F050FA28440FFA80FB204600212A
:100DA000132212F048FA28440FFA80FA2046002154
:100DB00012F023FA28440FFA80F915A80AF076F900
:100DC00015AA20464FF4003112F0FBFCA06A08B1CE
:100DD000099009E080200FF047FD8022054601467A
:100DE00020460CF0B3FB0995002794F83C0000F076
:100DF0000F00012800D1012720460021162212F001
:100E00001AFAC0B2012800D10127E06A002869D08F
:100E10000EF010F9022880460ED0E06A69460DF007
:100E200093FE01281CD04FF0FF363546EFB1A28A61
:100E3000711E02EB0B001DE09DF8712041F6FF7161
:100E4000BDF966008DE80700BDF9683020A8E16AA9
:100E5000159A17F081F8BDF98060BDF98250E5E779
:100E60000098450DC0F38A26E0E7228B711EA2EBA5
:100E70000A00801BADF81800B8F1020F0144ADF86C
:100E80001C105FD0204611F072FA401BE18A00EB83
:100E9000D07001EB6000ADF81A00691E0844ADF88F
:100EA0001E001FA809F044FE4FF4003820461FAA78
:100EB000414612F032FC06EBD67041466E224010DD
:100EC000ADF8800005EBD5704010ADF882002046EB
:100ED00012F0B1F9ADF87C0006AAE36A1FA91E98CA
:100EE00009F0F2FD0DA80AF0E1F8002120460DAA54
:100EF00012F067FC9DF8512041F6FF71BDF94600E4
:100F00008DE80700BDF9483008A80D9A099917F037
:100F100023F8E18A01EB0900ADF80E00BDF82210BC
:100F20000844ADF81200E06AF0B15FB3228BBDF85F
:100F30002010A2EB0A00401AADF80C000144ADF8F5
:100F4000101029E0E28A6D1E0021009102EB0900D9
:100F5000ADF81A004219ADF81E20E36A06AA1E98E1
:100F600015A909F0FFFDBDE7204612F02BFBBDF9E6
:100F70002010A28A401A00EBD07002EB6000ADF89E
:100F80000C0006E0A18A01EB0B00ADF80C00BDF8E7
:100F900020100844ADF8100000200090099B03AA1F
:100FA0001E980DA909F0DEFDA06A002802D109985B
:100FB0000FF0A6FC29B0BDE8F08F2DE9F04796B000
:100FC00005460CF036FD044628460CF0FAFC03A951
:100FD0000646204611F030F994F848000025C10675
:100FE00000D50125800601D545F0020520460021E7
:100FF00012F023FAA0F51C51D13904D1608C000500
:1010000001D445F004050BA80AF050F8B4F84400E8
:101010000021ADF842000BAAB4F84600ADF8440038
:1010200020468DF8495012F0CCFB9DF848004FF057
:10103000010808B98DF84880E06B0C904FF6FF70FE
:10104000216C0D910C9981421ED00D9981421BD0CB
:101050004FF48029274655224946204612F0EBF8E6
:10106000024649463846F9F76CFE00902022BDF84A
:1010700000004946ADF83A00204612F0DCF8009036
:10108000BDF80000ADF83C0041F6FF7A94F8480046
:1010900000F00700022801D003281ED19DF8480067
:1010A000022801D0032818D1BDF93E1005A8CDE9CA
:1010B000001A0295BDF94030616A0B9A16F04CFF98
:1010C000BDF81000BDF80C20BDF91410801A401CAA
:1010D00000B2884201DA8DF8488004F1300794F8B4
:1010E000480000F00700032809D0BDF81200BDF841
:1010F0000E10401A401C00B2B0F5806F00DA0027D5
:10110000B26803A913A8F8F760FE00287DD094F810
:10111000480040070BD1204611F0BCFA404202B211
:10112000002103A807F020F8608BADF812000DF144
:101130004C0994F8480000F00700022813D0032857
:1011400011D0009703AA636A0BA9304609F00AFD83
:10115000B068C6F80890804694F8480000F0070090
:1011600003280FD05FE0D6F8088003AAC6F80890DD
:101170000BA900973046636A09F0F4FC4046C6F8B4
:101180000880E6E7BDF93E1009A8CDE9001A0295EE
:10119000BDF94030616A0B9A16F0DEFEBDF8100012
:1011A000BDF80C20BDF92410801A401C00B2884202
:1011B00019DA20220B9811460CF058FDB4F84410AF
:1011C00000EB4000BDF8242011440844ADF8420073
:1011D000B4F8460003AAADF844000BA900973046C6
:1011E000636A09F0BFFCBDF81210BDF80E20BDF90E
:1011F0002600891A491C09B2814214DAB4F8441055
:10120000ADF842100B99098900E00EE0B4F84620D1
:10121000009710440844ADF84400636A03AA0BA980
:10122000304609F09FFCC6F8088016B0BDE8F0878C
:101230002DE9F04393B007460CF0BDFB0546384658
:101240000CF0F7FB152D04464FF480267ED0182DA8
:101250007DD138460CF0B5FB054603A809F026FF02
:1012600003AA3146204612F0ACFA0EA9204604F03B
:10127000FFFEA9680EAA10A8F8F7A7FD002866D0FF
:10128000204604F05CFC81460EF022FC28B19DF85B
:10129000290040F001008DF82900204612F092F953
:1012A000064648460EF019FC0146BDF91E00022212
:1012B0000292CDE90006BDF920300BA8039A16F082
:1012C0004BFE204611F053F8B4F9161000EBD0761F
:1012D000B9F9160001EB6601471A484611F047F8C4
:1012E000B90391FBF0F70021204612F037F803997B
:1012F000B0F90800B1F90810081ABDF82E1000EB7B
:10130000D0704010091A09B2ADF82E10E28A794364
:1013100002EB660202EBA1310F1A2046002111F008
:10132000A9FD002180461222204611F084FF0021F1
:1013300006461322204611F07EFFA18A06EB080222
:101340001144ADF83010ADF8327001E023E01FE039
:10135000218B081AA0EB0800ADF83400BDF82E0070
:101360003844ADF836009DF8290040F002008DF8B1
:101370002900AC6810A8A86048460EF0AEFB0346F2
:10138000002000900CAA284603A909F0EBFBAC60F2
:1013900013B0BDE8F08338460CF013FB0EA90546E8
:1013A000204604F065FE68460AF058FC6A4631465D
:1013B000204612F0B4FA0EAA694628460AF03AFC12
:1013C000E6E72DE9F043ABB005460CF032FB0446EE
:1013D00028460CF0F6FA00218146204611F077FEEF
:1013E00000210746204611F0BAFE0021064620469D
:1013F00011F00FFF00210546204611F008FEE38A98
:101400000146B4F814C0ADF80E302B44228B67446B
:10141000ADF81020608B921BADF80C70401AADF83F
:101420001020ADF80E30ADF8120008A80AF016FC36
:1014300008AA20464FF4003112F071FA03AA484678
:1014400008A90AF0F7FB204610F091FFA18A054693
:10145000208B411A606A491C4A1B16B2411C06D0F7
:101460007043C11700EB116040F30F2708E02046DE
:1014700011F078FC10F0010F01D0374600E0002792
:1014800020460021162211F0D6FEC0B2012801D15B
:10149000F01B07B2A08A4FF440363844ADF8000084
:1014A0004119ADF80410E08A3146ADF80200608BB6
:1014B000ADF80600204611F00AFE074631462046E8
:1014C00011F04DFE80463146204611F0A2FE054641
:1014D0003146204611F09BFD0146BDF80000BDF8E5
:1014E0000420C01BADF8000002EB0800ADF80400BA
:1014F000BDF80200401BADF80200BDF8060008442C
:10150000ADF8060016A80AF0A9FB16AA3146204637
:1015100012F005FA16A96A4648460AF08BFB2BB072
:10152000BDE8F0832DE9F04FE1B005460CF081FAFB
:10153000044628460CF045FA826804F114018246FC
:1015400033A8F8F742FC00287ED0DAF80800002122
:101550000F9033A83222CAF80800204611F06BFE23
:1015600000B256900021204611F059FE00215A90F9
:10157000204611F052FD00215C90204611F0ADFD97
:1015800000215990204611F0F0FD58900026218C42
:1015900021912684608C40F00800608435A80AF010
:1015A0005DFB4FF4A025204635AA294612F0B7F975
:1015B00011A809F07BFD11AA2946204612F001F975
:1015C000219900272184608C20F008012046618445
:1015D00011F06EF8E28A01465A981044411A569862
:1015E0000844401EADF81200204611F05AF80021C0
:1015F0005790204611F0FFFB012800D000205146F3
:10160000834643A810F020FC4FF000094FF4A021BE
:101610005091F04922A8479019A8CDE94419489063
:10162000CDE100BFE26ABDF81200401C32F919108A
:1016300000B25D91491EADF80E000144ADF81210E4
:10164000BDF9D210884200E0C0E16EDCBBF1000FB2
:101650000AD0218B5898091A5798091A5698081ACF
:10166000401EADF80C0009E0A18A59980144579832
:10167000091A56980844401EADF81000002596E15E
:10168000A06A002150F82700029108B1007802906A
:10169000BBF1000F0CD0BDF80C00401EADF81000DF
:1016A000216B31F81510401A401CADF80C000BE00E
:1016B000BDF81000401CADF80C00216B31F815107E
:1016C0000844401EADF8100000261DE0A06AB919BC
:1016D00050F82100E8B10078C0071AD0AA19216B90
:1016E000022303EB4200BBF1000F085E05D0BDF8FA
:1016F0000C10081AADF80C0004E0BDF810100844F6
:10170000ADF81000761CB6B2A18C7019491E884243
:10171000DCDBBDF91200BDF9CE10884206DAB8193B
:10172000A919401C87B288B23FE14CE1BDF90C8099
:101730008646BDF90E20ADF8C480ADF8C620BDF9CF
:101740001010ADF8C810ADF8CA009DF8F700C0F34E
:10175000440043070DD5B4F914C0599B6344984520
:1017600007DDBDF9F43003EBD373A8EB6303ADF8E9
:10177000C43083070DD5B4F916C05A9B63449A420E
:1017800007DDBDF9F43003EBD373A2EB6302ADF8D0
:10179000C620020711D5B4F91830589A9A1A521E69
:1017A00091420ADABDF9F42002F0010302EBD27291
:1017B00003EB62021144ADF8C810C00712D0B4F9AF
:1017C0001A105C98091A491E8E450BDABDF9F4000F
:1017D00000F0010100EBD07001EB600101EB0E00A5
:1017E000ADF8CA00E28E00204A457CD1A18EA94204
:1017F00079D1218C4A0602D48A0600D520208A0796
:1018000001D540F002004A0701D540F00400090765
:1018100001D540F00800002865D0628C208422A801
:1018200042F0080161840AF019FA19A809F03EFC97
:101830004FF4A028204622AA414612F070F819AAB7
:101840004146204611F0BDFF628C2198208422F091
:101850000801618431A8469043AAA18C09FB01507C
:101860001A21519020460CF0E9F831AA504622A9DD
:101870000AF0E0F9A06A50F8270000287ED04FF463
:10188000A0282046414611F028FC41460090204601
:1018900011F06BFC41460190204611F0C0FC41461E
:1018A0000D90204611F0B9FB01460298BDF80C30AE
:1018B000BDF80EC0C0F340025E92009A00201344AF
:1018C0005E9A0FFA83F8BDF81030002A019AADF83D
:1018D0002880A3EB020213B20D9AADF82C306244BB
:1018E000ADF82A2000E01DE0BDF81220A2EB0101B6
:1018F000ADF82E1000D00220BDF97620A3EB080130
:101900000092491C09B2CDE90110A06ABDF97830F6
:10191000119A50F827105BA8083116F01DFB5E984D
:1019200058B11FE0382235A922A80FF037F820223D
:1019300011A919A80FF032F88CE75D98BDF96E2156
:10194000BDF80E1000EBD07302EBD27001EB630C0C
:10195000ACEB6002ADF82A205A1002EB600008449C
:10196000ADF82E0003AA33A95FA8F8F72EFA28B124
:101970005FAACAF808200020009000E00BE0A06AEF
:101980000AAA19A950F827305046083309F0EAF896
:1019900033A9CAF808101B21204643AA0CF04EF8C0
:1019A000A819B919491C80B28FB2401C85B2A08C0D
:1019B000A8423FF665AE09F101001FFA80F9E18CFB
:1019C00049453FF62FAE0F98CAF8080061B0BDE850
:1019D000F08F0000F03F03902DE9F74F918880468B
:1019E00004461088A8B0091A491C09B201EBD1714C
:1019F0004E103044ADF8200050883044ADF822003D
:101A000021A809F0E4FB4FF4A025404621AA29466D
:101A100011F027FF02A809F08BF802AA29464046D8
:101A200011F07BFE0021404611F07EFA2999834691
:101A30000EA810F009FA63494FF400301B9008AF6C
:101A400004F1300017970F912490F9F785F8B2E070
:101A500025681F942079012801D0A0B3A7E0E88B66
:101A6000B5F9203018440090E068D5E905120EF071
:101A7000AFFEA98B00B2628A814611448D1916F01F
:101A8000A1F910FB05F047F6FF7ABDF8222090FB84
:101A9000FAF01044ADF89A00484616F08FF910FBA2
:101AA00005F0BDF8202090FBFAF01044ADF8980046
:101AB000A08AADF88400208AADF886006079FD2800
:101AC00002D9584603E017E010FB0BF0000A8DF82E
:101AD0008C0021A8149026A8012110911A21CDE98B
:101AE00017700EAA40460BF0A9FF179A26AB29984B
:101AF00021A909F05FFB55E02069E0B3E88BB5F957
:101B0000203018440090E068D5E905120EF060FE20
:101B100027A9814620690DF017F8BDF820004FF085
:101B2000FF33A18A411AADF82410BDF82200E28AE1
:101B3000801AADF82600279AC2F38A256D1E03EBA2
:101B400052522944ADF828101044ADF82A006079AB
:101B5000FD2801D9584602E010FB0BF0000A8DF871
:101B6000130009EB8900A18AADF80C104000E18A4E
:101B7000B0F5616F00E01AE0ADF80E1001DDA0F5E0
:101B80006160ADF808000221109102A815901A2199
:101B900040460EAA0BF052FF236909AA299802A910
:101BA00008F092FF1B2140460EAA0BF047FF249835
:101BB0002146F8F7CEFF04007FF44AAF2BB0BDE812
:101BC000F08F00006005039070B5054691F82A007B
:101BD00088B00C4602285FD9E08C00285CD004A8AD
:101BE000114606F032FA208DBDF81010401E091A79
:101BF000ADF81010BDF81210091AADF81210BDF8AA
:101C000014100144ADF81410BDF816100844ADF8D6
:101C1000160004A906A806F018FABDF81810E08C02
:101C2000BDF81060091AADF81810BDF81C10BDF809
:101C300012300844ADF81C00BDF81A00E18C401ABF
:101C4000ADF81A00BDF81E00E18C0844ADF81E0086
:101C5000BDF81400BDF81610801BB4F90020C91A95
:101C6000401C491C00B209B2884200DA0146B2EBBE
:101C7000610F00DD4A10A178E38C94F82A00134428
:101C8000CDE90201A08C1BB206A9ADF804002846DC
:101C9000009204AAFCF7EEFA08B070BDF8B504464D
:101CA0000BF0C7FE064620460BF0C1FE0446406B13
:101CB000B0F5A02F51D1A06B0025072805D22069CF
:101CC000C570206980F8225012E081B2304640226F
:101CD00006F078FF60B12069C570206980F8225055
:101CE000122013F09FFA00906069BDF80010818106
:101CF0004FF40042208F81B2304606F063FF98B166
:101D000021696620C870304615F0F2FD0090206908
:101D1000BDF800108180304606F052FFA16B88426A
:101D200002D12169B220C8704FF48042208F81B265
:101D3000304606F047FF00280FD02169FF2081F8C8
:101D40002200304615F0D4FD00902069BDF8001047
:101D5000C1832169088C401C0884F8BD2DE9F0413D
:101D60008CB005460BF065FE044628460BF029FEB4
:101D70008046606A0DF0B1FE007800283BD1A06A71
:101D8000002838D00078002835D001A809F08EF955
:101D900001AA20464FF4002111F013FD94F86000D1
:101DA000000705D59DF8210040F002008DF82100C4
:101DB0000021204611F097F900210746204611F036
:101DC00034FA00210646204611F05AF804F11401B5
:101DD000054609A806F066F9701902B2791909B228
:101DE00009A806F0C1F900200090A36A09AA01A978
:101DF000404608F0B7FE0CB0BDE8F0817CB5044663
:101E000080696D4661898668A08961B100287DD0AE
:101E1000814203D12289E3889A4278D3022977D07C
:101E2000032976D0CCE0E0BBE0882189884239D212
:101E3000B4F9060015F0C6FFB4F90410B4F90E2089
:101E40002368891A4843598801EBE030ADF8020055
:101E5000E0885A3000B215F0B5FFA188226810FB67
:101E600001F0118801EBE030ADF80400B4F908008E
:101E700015F0A8FFA188226810FB01F0518801EB42
:101E8000E030ADF8060020895A3000B215F09AFF14
:101E9000B4F90410B4F90E202368891A484319884C
:101EA00060E0FFE720680088ADF800002068A188A6
:101EB00040880844ADF80600B4F9060015F082FF2A
:101EC000B4F90410B4F90E202368891A48435988DC
:101ED00001EBE030ADF80200E0885A3000B215F0B6
:101EE00071FFA188226810FB01F01188324601EBD6
:101EF000E0306946ADF804000846F7F766FF58B1D0
:101F0000A06985602169D4E9052003E006E034E09A
:101F100031E02EE009F08EFEA089E8BB2068A188A0
:101F200000880844ADF8040020684088ADF802003D
:101F3000B4F9080015F046FFA188226810FB01F0F3
:101F4000518801EBE030ADF8060020895A3000B22C
:101F500015F038FFB4F90410B4F90E302268C91A2C
:101F600048431188324601EBE0306946ADF8000085
:101F70001BE0022801D0012822D120680088ADF89A
:101F8000000020684088ADF802002068A188008821
:101F90000844ADF8040000E012E020683246A18851
:101FA000408808442946ADF806000846F7F70DFFBB
:101FB00030B1A06985602169D4E9052009F03AFEB5
:101FC000A06986607CBD7CB5044680696D466189E8
:101FD0008668A08901290CD0012867D0814203D1ED
:101FE0002289E3889A427ED300297DD003297CD0C0
:101FF000B5E0012822D1E088218988421ED2B4F9B7
:10200000060015F0DFFEA188226810FB01F0518860
:1020100001EBE030ADF80600E0885A3000B215F070
:10202000D1FEB4F90410B4F90E202368891A48438C
:10203000198801EBE030ADF8040042E02068A18887
:102040000088401AADF8000020684088ADF8020012
:10205000B4F9060015F0B6FEA188226810FB01F065
:10206000518801EBE030ADF80600E0885A3000B24C
:1020700015F0A8FEB4F90410B4F90E302268C91A9C
:1020800048431188324601EBE0306946ADF8040060
:102090000846F7F79AFE30B1A06985602169D4E956
:1020A000052009F0C7FDA089012858D120680088C3
:1020B000401EADF804002068A18840880844ADF8AF
:1020C0000600B4F9080015F07DFEB4F90410B4F967
:1020D0000E202368891A4843598801EBE030ADF897
:1020E0000200208902E018E010E014E05A3000B24B
:1020F00015F068FEA188226810FB01F011883246B5
:1021000001EBE0306946ADF800001DE0022804D084
:10211000032802D023E0022821D120683246A1887A
:102120000088401AADF8000020684088ADF8020031
:1021300020680088401EADF804002068A18840880F
:1021400008442946ADF806000846F7F73EFE30B1D0
:10215000A06985602169D4E9052009F06BFDA069BB
:1021600086607CBD7CB5044680696D466189866861
:10217000A08902290CD002287ED0814203D1228975
:10218000E3889A4279D3002978D0012977D0D4E026
:1021900002283FD1E088218988423BD25A3000B2E0
:1021A00015F010FEA188226810FB01F0118801EBE8
:1021B000E030ADF80000B4F9060015F003FEB4F904
:1021C0000410B4F90E202368891A4843598801EB9A
:1021D000E030ADF80600B4F9080015F0F3FDA18871
:1021E000226810FB01F0518801EBE030ADF80200ED
:1021F00020895A3000B215F0E5FDB4F90410B4F9A5
:102200000E302268C91A4843118801EBE030ADF85E
:10221000040066E020680088401EADF804002068D5
:10222000A1884088401AADF80200E0885A3000B218
:1022300015F0C8FDA188226810FB01F0118801EBA0
:10224000E030ADF80000B4F9060015F0BBFDB4F9BC
:102250000410B4F90E302268C91A48435188324636
:1022600001EBE0306946ADF806000846F7F7ADFD32
:1022700058B1A069856003E00AE03BE034E036E055
:102280002169D4E9052009F0D5FCA089022854D1A0
:102290002068A1880088401AADF8000020684088B6
:1022A000401EADF8060020895A3000B215F08AFDB4
:1022B000B4F90410B4F90E302268C91A48431188E1
:1022C00001EBE030ADF80400B4F9080015F07AFD38
:1022D000A188226810FB01F0518801EBE030ADF8D5
:1022E0000200324669461DE0032803D025E003289A
:1022F00000D010BB20683246A1880088401AADF893
:1023000000002068A1884088401AADF802002068CB
:1023100029460088401EADF8040020684088401E11
:10232000ADF806000846F7F750FD30B1A0698560AA
:102330002169D4E9052009F07DFCA06986607CBD97
:102340007CB5044680696D4661898668A089032949
:102350000ED003287ED0814203D12289E3889A429D
:1023600079D3022978D0012977D0022976D0CEE01E
:1023700003283BD1E0882189884237D25A3000B205
:1023800015F020FDB4F90410B4F90E202368891A61
:102390004843198801EBE030ADF80000B4F90600BD
:1023A00015F010FDA188226810FB01F0518801EBA7
:1023B000E030ADF8020020895A3000B215F002FD7D
:1023C000A188226810FB01F0118801EBE030ADF824
:1023D0000400B4F9080015F0F5FCB4F90410B4F9E0
:1023E0000E202368891A4843598862E02068A18832
:1023F00000880844ADF8040020684088401EADF80D
:102400000600E0885A3000B215F0DCFCB4F9041084
:10241000B4F90E302268C91A4843118801EBE03044
:10242000ADF80000B4F9060015F0CCFCA1882268D4
:1024300010FB01F05188324601EBE0306946ADF8FF
:1024400002000846F7F7C1FC60B1A0698560D4E9D5
:10245000052004E009E038E032E035E031E02169B0
:1024600009F0E8FBA089032851D120680088ADF865
:1024700000002068A1884088401AADF80200208939
:102480005A3000B215F09EFCA188226810FB01F0C2
:10249000118801EBE030ADF80400B4F9080015F044
:1024A00091FCB4F90410B4F90E302268C91A4843FB
:1024B0005188324601EBE0306946ADF806001BE07A
:1024C00018B1012801D022E008BB206832460088FC
:1024D000ADF800002068A1884088401AADF80200DD
:1024E0002068A18800880844ADF8040020682946C7
:1024F0004088401EADF806000846F7F766FC30B18C
:10250000A06985602169D4E9052009F093FBA069E1
:1025100086607CBD70B5A4B00C4620AA054622A9F1
:1025200010F0CEF822A805F0E4FD20B920A805F0AF
:10253000E0FD00283DD012A9284619F0CFF9012866
:1025400037D1214668460FF07FFC02221A48D1039A
:10255000CDE9010212A80D91049022A805F0C9FD51
:1025600080B122A86A461A21039028460BF066FA29
:1025700022AA204612A909F05DFB1B216A462846C3
:102580000BF05CFA20A805F0B4FD002811D01A2148
:102590006A4620AE284603960BF050FA20AA204641
:1025A00012A9039609F046FB1B216A4628460BF048
:1025B00045FA24B070BD000058FE02902DE9F04F9E
:1025C0008A68B5B08B46044600F1140118A8F7F7E5
:1025D000FCFB00287DD0DBF8080018A92F902046CE
:1025E000CBF80810002110F048FD002106462046D7
:1025F00010F0DFFD074620460FF066FEB4F88410A9
:10260000484340F30F2220462D920FF043FEB4F8CA
:102610008610484340F30F20069004F124000790F1
:10262000F8F785FA00210546204610F008FDB4F8B9
:1026300084104FF4A0282D9A4843B4F88210001259
:10264000C1F1010303FB002090FBF1F001B2204631
:102650000891414610F0F3FCB4F88410C5F1010272
:102660004143081208991A9002FB0010B0FBF5F0E4
:102670000FFA80FABAF1010F01DA4FF0010A204691
:10268000002110F0EBFB054620460FF037FF301A13
:10269000284400B2309020460FF0FCFF381A28443E
:1026A00000B231900AA809F0D9FA0AAA4546414673
:1026B000204611F034F99DF83710FF208DF82B00DB
:1026C00021F007018DF83710608BBDF82810084401
:1026D00000E097E05946ADF80E001BA80FF0B4FBE0
:1026E00004204A492895CDE91C10002081E0089A71
:1026F000401E2D99A38A891ACDF8A49001FB09F1F7
:1027000091FBF0F130980844184400B232900798D9
:10271000F8F722FA68E0287BC00761D129462046F5
:1027200006F021FF024632981A9BAAF101014618D1
:10273000ADF8080031B2BDF960605344ADF80C103B
:10274000034412B21BB23293B14249DBBDF96410AB
:1027500088424BDC2B8902EB0901ADF82C30287B39
:10276000B4F882206E68C0F30013B4F816C004EB0E
:10277000430091FBF2F3B0F9707002FB1312B0F951
:102780006C1010B27B1A36F91020511A069A514378
:1027900091FBF3F1521A319911446144ADF80A10DA
:1027A000696831F91010A1F5FE48B8F1FF0817D09B
:1027B00002A91E910AA92C951F911BAA696831F9DB
:1027C00010001A212B9020460BF038F902AA584627
:1027D0000AA909F02FFA1B2120461BAA0BF02EF99B
:1027E00007982946F8F7B5F9050094D109F10100D9
:1027F00080B28146B4F8820048453FF678AF2F9802
:10280000CBF8080035B0BDE8F08F00002800039039
:102810002DE9F04F8A68894600F114010546BFB0E2
:102820000F463AA8F7F7D1FA00287CD0D9F808A0CB
:102830003AA9C9F80810B5F88200022873D300211C
:10284000284610F00BFB00210446284610F015FC2A
:1028500006192846002110F0ACFC044428460FF06D
:1028600033FDB5F88410484340F30F202D902846DF
:102870000FF010FDB5F88610484340F30F282846A6
:102880000FF03CFE0146A88A3044401A00B2369050
:1028900028460FF0FFFEE98A2144081A394600B2A3
:1028A0003890D9F808203CA8F7F78FFA00283AD0DA
:1028B00031A808F08CFC31AA28464FF4A02110F072
:1028C000D0FF19A809F0CAF94FF40034284619AA14
:1028D000214611F024F82146284610F0A8FD00EB0F
:1028E000D07021464710284610F0F4FA00EBD07063
:1028F0004110BDF9C6008B465F4501DA3A4600E05B
:102900000A4600EBD071B2EB610F05DD9DF8CD10EA
:1029100041F010018DF8CD10012807D19DF8CD00B0
:1029200040F0100000E091E18DF8CD00B5F8821084
:102930002D98814201DB012000E00020399005F153
:1029400024002A90F8F708F97BE1207BC0077DD1AD
:1029500020892146ADF8C4002089ADF868002846DA
:1029600006F001FE369900B2ADF8AC10ADF80C10CF
:102970002E90227B61682F90C2F30012049031F9EF
:10298000103005EB4200B0F96C10B0F97020581A05
:10299000511A00FB08F090FBF1F0A8EB0001389809
:1029A00008444946ADF80E0007A80FF04DFA032180
:1029B000A84A4FF4A020149031A80D90189419A89B
:1029C000CDE908210B900026BDF90E002790299033
:1029D000F4E000BFBDF90C10781CADF8AC10BDF8E8
:1029E0000E20ADF8AE20BAF90420104481427BDC01
:1029F0002D9B2E9873438219B5F88200A0F1010C2B
:102A000093FBFCFC369B634492FBF0FC00FB1C2216
:102A100018B2ADF80C00237B12B2D4F804C00492B3
:102A2000C3F300133CF9122005EB430CBCF96C30E6
:102A3000BCF970C0D21AACEB030302FB08F292FBA4
:102A4000F3F2A8EB0203389A1A4400E0F5E00FFA1B
:102A500082FEADF80EE0BAF90020D21B521E904261
:102A600045DB002E43D0399AEAB3626847F6FF731C
:102A7000DDF8BCC032F91CC09C4538D0DDF810C070
:102A800032F91C209A4232D0299B9E4501DA1A461F
:102A900000E07246DDF89CC02992E64501DD624601
:102AA00000E072462792814221D0401EADF80C0012
:102AB0002999ADF8AC00ADF8AE208A42CDF8BCE063
:102AC000ADF80E1002D1491CADF80E1003AB48460C
:102AD0002BAA31A908F06EFBBDF80C102F98491CE9
:102AE0002790299001E003E06DE0ADF80C1061E063
:102AF000BDF8AC10721ECB1BADF804303944ADF8F4
:102B00000810BDF8AE10A1EB0B03ADF80630594428
:102B1000ADF80A10159262682F9932F91110A1F5DB
:102B2000FE40FF3801D02BA900E00021109162681F
:102B3000049932F91110A1F5FE40FF3801D003A825
:102B400000E00020119001A80A90616807AA2F9860
:102B500031F910001A21179028460AF06FFF6068BB
:102B60002F9930F91120A2F5FE41FF390CD00499BC
:102B700030F91110A1F5FE40FF3805D003AB4846EF
:102B80002BAA31A908F016FB7FB1BBF1000F0CD0C6
:102B900062682F9832F91000A0F5FE41FF3904D089
:102BA00001AA484619A909F045F81B21284607AA99
:102BB0000AF044FF0498761CB6B22F90B5F8820054
:102BC000B0423FF607AF3998B8BBB5F88200B042C3
:102BD00033D16268049932F91110A1F5FE40FF3833
:102BE0002BD0BDF80C00761EBDF80E20C11BADF831
:102BF0000410A2EB0B01ADF806103844ADF8080044
:102C0000002010905A44ADF80A20119001A80A90B3
:102C100007AA15966168049831F910001A211790D7
:102C200028460AF00BFF01AA484619A909F002F844
:102C30001B21284607AA0AF001FF2A982146F7F728
:102C400088FF04007FF481AEC9F808A03FB0BDE85A
:102C5000F08F0000280003902DE9F04F8A68B9B08A
:102C60008A46054600F1140137A8F7F7AEF80028A8
:102C70007AD0DAF8080037A934902846CAF8081044
:102C8000002110F0EBF800210446284610F0F5F979
:102C900000210646284610F08CFA074628460FF019
:102CA00013FBB5F88410484340F30F2033902846B7
:102CB0000FF0F0FAB5F88610484340F30F20189053
:102CC00028460FF01BFCA98A32191144081A00B2D9
:102CD000049028460FF0DEFCE98A3A191144081ADC
:102CE00000B21B902EA808F072FA2EAA28464FF4C4
:102CF000A02110F0B6FD1FA808F0B0FF4FF400347B
:102D000028461FAA214610F00AFE2146284610F048
:102D10008EFB00EBD07021464FEA6009284610F088
:102D2000D9F800EBD0704A464110BDF9BA00884688
:102D3000C14500DB0A4600EBD071B2EB610F05DD47
:102D40009DF8C11041F010018DF8C110012805D186
:102D50009DF8C10040F010008DF8C10005F124007D
:102D60001C90F7F7F9FE3CE141E1207BC0077DD1E3
:102D700020892146ADF8B8002089ADF880002846AA
:102D800006F0F1FB01460498ADF8D8000EB2ADF89C
:102D90006800B3461D96606830F816000A282AD0ED
:102DA000339800230090217B2068C1F3C00205EB1B
:102DB000420130F91600B1F97820B1F974100DF024
:102DC00007FD04990023189A0844ADF868000092A2
:102DD000207B6268C0F3001105EB410132F9160057
:102DE000B1F97020B1F96C100DF0F2FC1899081AC5
:102DF0001B99084402E07F48ADF868005146ADF8E1
:102E00006A0006A80FF020F803214FF4A0201390C9
:102E100079480027CDE907012EA80C901FA8179428
:102E20000A909EE01D98BDF86810C319BDF86A00AD
:102E3000ADF8D810ADF8DA00B5F88260606893FBA1
:102E4000F6F206FB123216B230F91600A0F5FE417A
:102E5000FF3968D018990091217BC1F3001205EB6E
:102E60004201B1F97020B1F96C1000E0B5E0002327
:102E70000DF0AEFC189A00233399101A1B9A00919A
:102E80001044ADF86A00207B2268C0F3C00105EB56
:102E9000410132F91600B1F97820B1F974100DF042
:102EA00097FC04990844ADF86800E7B3BDF8D82052
:102EB000791EA2EB0903ADF800304A44ADF80420B6
:102EC000BDF8DA20A2EB0803ADF802304244ADF8B9
:102ED00006201491626832F91B10A1F5FE40FF38FC
:102EE00001D036A900E000210F91616831F9161078
:102EF000A1F5FE40FF3801D01AA800E00020109094
:102F0000CDF824D006AA616831F91B001A21169069
:102F100028460AF093FD616847F6FF7231F91B00FD
:102F2000904216D000E019E031F91600904210D01E
:102F30001AAB504636AA2EA908F03CF9B9F1000F99
:102F400007D0B8F1000F04D01FA96A46504608F018
:102F500071FE1B21284606AA0AF070FD7F1CB346AD
:102F6000BFB2B5F88200B8423FF65CAFB5F8820058
:102F7000B84232D1616831F91610A1F5FE40FF3830
:102F80002BD0BDF868007F1ECDF824D0A0EB09013E
:102F9000ADF800104844ADF80400BDF86A00002107
:102FA000A0EB0802ADF802204044ADF806000F91F6
:102FB00006AA149710911A21606830F9160016902D
:102FC00028460AF03BFD1FA96A46504608F032FE2B
:102FD0001B21284606AA0AF031FD1C982146F7F766
:102FE000B8FD04007FF4C1AE3498CAF8080039B0C7
:102FF000BDE8F08F01E0FFFF280003902DE9F74FB7
:10300000B1F92E00ACB014460D46002872D095F8E8
:10301000361002296ED9012808D1B5F934000028EC
:1030200004DC288E10B9688E0028EFD02288288E04
:10303000A98E0244521AADF82420A38818440844EB
:10304000ADF8280061886B8EAE8E1944891BADF8EF
:103050002610E3886E8EAF8E33443B44ADF82A30A1
:10306000B5F92E6006EBD676A2EB6602521EADF8DD
:103070005C20012202EB66063044ADF86000B5F931
:103080002E0000EBD070A1EB6000401EADF85E009A
:10309000B5F92E0000EBD07002EB60001844ADF8DB
:1030A000620095F836001490FD2801D9FF20149095
:1030B0002C9817A982682AA8F6F787FE0028A5D0C1
:1030C00012A8214604F0C1FF4FF0FF3712A839467D
:1030D0003A4605F03BF8B5F9009012A805F024F83F
:1030E000044612A804F0E7FF844212A803DA05F0B0
:1030F0001BF802E0FDE304F0DEFFB9EB600F01DD39
:103100004FEA6009B5F9006009A805F00DF804461A
:1031100009A804F0D0FF844209A802DA05F004F8F7
:1031200001E004F0C8FFB6EB600F00DD4610B5F912
:103130002E00841904FB04F040000DF095FB039071
:103140003346B5F92E20014609A818F033FD17A81B
:1031500008F044FA4FF0010620B9E878FF2801D3BF
:10316000A87860B100264A46012312A924A808F0D5
:10317000A1FC002124A808F049F8209000E0209745
:1031800017A804F0D1FF0DF06FFB1C21834619A88E
:103190000DF0C6FC22A81990CDF870B01E90A88D35
:1031A000ADF86C0095F836008DF87C00A8788DF8A5
:1031B0007D00BDF86000BDF85C10ADF88C00421ACF
:1031C000521C12B202EBD27201EB6201BDF8622016
:1031D0000FFA81FABDF85E10521A521C12B202EBBD
:1031E000D27201EB620217B2021B601E16900B181E
:1031F000521C10B2ADF888001AB2ADF88A105045D2
:103200005146ADF88E2000DC0846ADF88800BA4281
:1032100000DB3A462C98ADF88E2022A9826805A8DA
:10322000F6F7D3FDF0B312A94A4605A8F6F7F6FD66
:10323000C0BBBDF91620BDF95E300398A2EB0302B6
:10324000BDF81880BDF9141002FB0400BDF960C080
:10325000A8EB010202F10102ACEB0403A1EB0301B4
:10326000084411B20C91A0F10100159046B112A9C9
:103270004A4605A8F6F742FE10B10120019000E091
:1032800001960C98002828DDBDF814100220ADF836
:103290008810BDF81810CDF870B0ADF88C108DF80E
:1032A000740000E019E0BDF9160011E00198ADF8D6
:1032B0008A80ADF88E8078B315981C9019A92C9847
:1032C00009F000F8159908F1010000B221441591A8
:1032D000BDF91A1080464145E8DABDF86000ADF846
:1032E0008C00011B491C08B2ADF88800BDF86220B3
:1032F0005045ADF88E20A2EB040101F1010109B2A5
:10330000ADF88A1000DC5046ADF888007A1C0292B5
:10331000914216DD084615E0FFE71599224658460A
:103320000DF03CFBBDF9141042460C9B584608F0CA
:1033300017F901288DF87400C0D102208DF87400AF
:10334000BCE7781CADF88A002C9822A9826805A8F1
:10335000F6F73BFDF0B312A94A4605A8F6F75EFD65
:10336000C0BBBDF98E20BDF91A300398A2EB030251
:10337000BDF81880BDF9141002FB0400BDF960C04F
:10338000A8EB010202F10102ACEB0403A1EB030183
:10339000084411B20C91A0F10100159046B112A998
:1033A0004A4605A8F6F7AAFD10B10120019000E0F9
:1033B00001960C98002828DDBDF814100220ADF805
:1033C0008810BDF81810CDF870B0ADF88C108DF8DD
:1033D000740000E019E0BDF91A0011E00198ADF8A1
:1033E0008A80ADF88E80B0B315981C9019A92C98DE
:1033F00008F068FF1599A8F1010000B22144159169
:10340000BDF9161080464145E8DDBDF85C0016990F
:103410002044ADF88800BDF86000001BADF88C00BA
:10342000BDF85E00ADF88A00014408B2ADF88E0028
:10343000B84200DB3846ADF88E002C9822A982688D
:1034400005A8F6F7C2FCC8B312A94A4605A8F6F7C4
:10345000E5FCA8B180E0FFE71599224658460DF03B
:103460009DFABDF9141042460C9B584608F078F8B6
:1034700001288DF87400B9D102208DF87400B5E7E9
:10348000BDF81810BDF81420BDF91630BDF98AC07A
:10349000A1EB0201039801F10101A3EB0C0202FB75
:1034A0000400159008B20C904EB112A94A4605A826
:1034B000F6F724FD18B10120019001E04CE00196DF
:1034C0000C98002848DD019868B10020CDF8700004
:1034D000BDF81400ADF88800BDF81800ADF88C00F8
:1034E000BDF9160033E0CDF870B0F1E70198ADF802
:1034F0008A80ADF88E8060B11498FF281598007806
:1035000004D095F8361010FB01F0000A8DF87C000D
:1035100013E015980C9A017858460DF0D5FABDF9CC
:10352000141042460C9B584608F01AF801288DF8F2
:10353000740002D102208DF874002C9819A908F0AB
:10354000C1FE159908F1010000B221441591BDF9A1
:103550001A1080464145C9DA95F836008DF87C008E
:10356000BDF85C002044ADF88800BDF86000BDF8EF
:103570006210001BADF88C00081BADF88E1002998C
:10358000401C00B2ADF88A00884200DC781CADF81F
:103590008A002C9822A9826805A8F6F716FC78B351
:1035A00012A94A4605A8F6F739FC48BBBDF8181021
:1035B000BDF81420BDF91AC0891ABDF98E300398E0
:1035C000491CA3EB0C0209B2019102FB0400002983
:1035D000159051DD3EB112A94A4605A8F6F78EFCBA
:1035E00000201C9001E0CDF870B0BDF81400ADF8DB
:1035F0008800BDF81800ADF88C00BDF91A0036E05F
:103600003AE000BFADF88A80ADF88E808EB112A985
:103610004A4605A8F6F772FC1498FF28159800781A
:1036200004D095F8361010FB01F0000A8DF87C00EC
:1036300013E01598019A017858460DF045FABDF946
:1036400014104246019B584607F08AFF01288DF866
:10365000740002D102208DF874002C9819A908F08A
:1036600031FE1599A8F1010000B221441591BDF970
:10367000161080464145C5DD95F836008DF87C0072
:10368000BDF86000ADF88C00011BBDF85E00491C60
:10369000029B0AB2ADF88820204400B2ADF88A003F
:1036A000BDF86210091B09B2ADF88E10984200DB1C
:1036B000781CADF88A00B94200DC394650465245C4
:1036C000ADF88E1000DC0246ADF888202C9822A9B7
:1036D000826805A8F6F779FBB8B312A94A4605A88F
:1036E000F6F79CFB88BB169DBDF96030BDF818202D
:1036F000BDF914101B1B0398521A05FB0400C91ACC
:103700000844521C11B20C91A0F101001590EEB1C9
:1037100012A94A4605A8F6F7F1FB10B14FF00108CF
:1037200000E0B04615990C981C91002836DDBDF8D4
:1037300014100220ADF88810BDF81810ADF88C10E8
:10374000BDF916508DF8740024E027E05946B046C4
:10375000E9E700BFB8F1000FADF88A50ADF88E5020
:1037600012D10C9A584615990DF018F9BDF914109C
:103770002A460C9B584607F0F3FE01288DF874008A
:1037800002D102208DF874002C9819A908F09AFD36
:103790006D1C2DB2BDF91A00A842DBDA0398002196
:1037A00016E002190146501E002304EBD47508E010
:1037B00090F800805B1C91F800C001F8018B00F8C4
:1037C00001C9B3EB650FF3DB0EF10101104609B23D
:1037D000A1428E46E5DBBDF85C001699ADF8880085
:1037E0000144BDF85E00029A09B22044ADF88C1085
:1037F00000B2ADF88A009042BDF86220A2EB04024C
:1038000012B2ADF88E2000DB781CADF88A00BA4207
:1038100000DC3A46ADF88E20AAF1010011908142F9
:1038200000DB01462C98ADF88C1022A9826805A80F
:10383000F6F7CBFAB8B312A94A4605A8F6F7EEFA9E
:1038400088BB169DBDF81820BDF914100398BDF96A
:103850008830A2EB010205FB0400A1EB0301084440
:10386000159002F1010210B21490EEB112A94A466D
:1038700005A8F6F743FB10B14FF0010800E0B04691
:10388000159914981C91002838DDBDF814100220F9
:10389000ADF88810BDF81810ADF88C10BDF91650B1
:1038A0008DF8740024E029E05946B046E9E700BFEE
:1038B000B8F1000FADF88A50ADF88E5012D1DDE9A5
:1038C000142158460DF06AF8BDF914102A46149BCD
:1038D000584607F045FE01288DF8740002D10220F9
:1038E0008DF874002C9819A908F0ECFC6D1C2DB211
:1038F00000E07BE1BDF91A00A842D9DABDF85C000E
:103900001699ADF888000144169A08B21199ADF8DD
:103910008C008842BDF85E10ADF88A100A4411B2DE
:10392000ADF88E1001DBAAF10100ADF88C00B942B0
:1039300000DB39462C98ADF88E1022A9826805A8C4
:10394000F6F743FAE0B312A94A4605A8F6F766FA75
:10395000B0BBBDF91630BDF98A50BDF81820BDF9CD
:103960001410A3EB05030398BDF988C0A2EB010274
:1039700003FB0400A1EB0C0101EB000802F10102C2
:1039800010B20C9046B112A94A4605A8F6F7B6FA4D
:1039900010B10120019000E001960C98CDF870B0B4
:1039A000002821DDBDF814100220ADF88810BDF804
:1039B0001810ADF88C10BDF916508DF874000FE09A
:1039C00012E00198ADF88A50ADF88E50C8B3CDF82A
:1039D000708019A92C9808F075FC6D1C2DB2A044BC
:1039E000BDF91A00A842ECDABDF85C001699ADF8F2
:1039F0008800BDF86220014409B2ADF88C10101B9C
:103A0000ADF88E20029A401C00B2ADF88A009042B8
:103A100000DC781C119AADF88A00914201DBAAF112
:103A200001012C98ADF88C1022A9826805A8F6F740
:103A3000CCF9E0B312A94A4605A8F6F7EFF9A8B108
:103A400061E0FFE72246414658460CF0A7FFBDF96A
:103A500014102A460C9B584607F082FD01288DF869
:103A60007400B6D102208DF87400B2E7BDF98E5013
:103A7000BDF91A70BDF81820BDF91410A5EB0705A3
:103A80000398A2EB0102BDF9883005FB0400A1EB0D
:103A9000030102F101020FFA82FA01EB000756B1AD
:103AA00012A94A4605A8F6F729FA20B100E02AE053
:103AB0004FF0010800E0B046CDF870B0BAF1000F49
:103AC00021DDBDF814100220ADF88810BDF81810E3
:103AD000BDF91A50ADF88C108DF874000FE000BFDE
:103AE000B8F1000FADF88A50ADF88E502FD01C976A
:103AF00019A92C9808F0E6FB6D1E2DB22744BDF9DC
:103B00001600A842ECDDBDF85C0022A92044ADF807
:103B10008800BDF86000001BADF88C00BDF85E00A9
:103B2000CDF870B02044ADF88A00BDF86200001BEB
:103B3000ADF88E002C98826805A8F6F746F9E8B330
:103B400012A94A4605A8F6F769F9A0B141E0224654
:103B5000394658460CF022FFBDF9141053462A4648
:103B6000584607F0FDFC01288DF87400C0D10220F2
:103B70008DF87400BCE7BDF91800BDF91410421AA5
:103B8000521C15B2002D24DDADF88C00BDF9164095
:103B9000ADF8881019E000BF29465846ADF88A40B4
:103BA000ADF88E400CF0E4FFBDF914102B46224610
:103BB000584607F0D5FC8DF8740000E009E02C9819
:103BC00019A908F07FFB641C24B2BDF91A00A042B9
:103BD000E2DA2EB924A807F0E5FC209808F018F8DE
:103BE00003980CF08DFE58460CF08AFE2FB0BDE80D
:103BF000F08F00002DE9F74FD8B058984E9090887C
:103C0000B2F90030D4885188C01A401C611A00B241
:103C1000491C09B200EBD07001EBD1714010B0EB40
:103C2000610F00DB481040901844ADF81000518837
:103C300040980844ADF8120005A807F0C8FA4FF400
:103C4000C024589805AA21460FF00BFE9DF81D00D0
:103C500040F010008DF81D0026A807F027FA5898AC
:103C600026AA21460FF0ADFD59990BA80EF0ECF8ED
:103C70000321D6481894CDE90C0105A811904E985F
:103C800024304190F6F768FF99E11C94409EA0888B
:103C9000A289BDF81010301AB31A0D1AADF80C51E4
:103CA0000A18ADF8102119B20A91BDF8121047F6A2
:103CB000FF752A460B1AADF80E310844ADF8120113
:103CC000012343A934A807F0F5FEBDF810000A99B6
:103CD000421AADF82821491E0A9A4318BDF812006D
:103CE000ADF82C310123821AADF82A2108442A4666
:103CF0004AA9ADF82E013AA807F0DCFEBDF8101075
:103D0000701E8B1BADF83C310A18BDF81210ADF8CF
:103D100040212A468B1BADF83E310844ADF84201E4
:103D200000234FA92EA807F0C5FE00212EA807F0FA
:103D30006DFA4790608908B1401E01E04FF6FF70B0
:103D40000027814627E1618909F101094FF0000B45
:103D5000494502D1D9464FF0010BA06900210090DE
:103D6000384662886369521E0CF032FDBBF1000FC9
:103D700082461B9004D0A06800904290E08903E046
:103D8000206800904290E08800B2519080464E98A2
:103D900030301E90F6F7E0FE3FE02879022838D157
:103DA000A968514535DCEA68524532DB288A6B8ABE
:103DB000B5F814C040440FFA80F8634503D1688A0F
:103DC000ADF8000025E0A87D4FF00003C0074FF0DC
:103DD000FF000090504601D1D4E905120CF0F8FC28
:103DE000AB8AC2B2688A121D79499BB280B243EA9B
:103DF000034340EA004008400B40D2081B1A5343DB
:103E000000EB5310084040EA1040ADF8000080B2CB
:103E100000901E982946F6F79CFE0500BDD107EBE1
:103E20008700E28B61884500B4F92000A1F101010F
:103E3000BDF800306A4300EB8000ADF8143092FB0F
:103E4000F1F2BDF91010822EADF8168002EB40059C
:103E500001DA822000E0304630440844ADF84801E1
:103E6000BDF812004FF4807804AB42462946ADF805
:103E70004A0152A811F0EEF904A8149052A8159026
:103E8000BBF1000F199726A8109060D0479807F053
:103E9000BFFE228A04AB0A98BDF81010801A424671
:103EA0000844ADF81401BDF812002946ADF816011A
:103EB00045A811F0CFF9202226A91EA80CF06EFD0E
:103EC0001EA853461021109042A253A811F0CEFF15
:103ED00053A8169058981A210BAA09F0AFFDBDF906
:103EE0008A104FF0000841F6FF728DE80601BDF917
:103EF0008C3046A81E9A169914F02EF8BDF91811A8
:103F0000BDF81401BDF8163101EBD172A0EB6202CD
:103F1000BDF91A01ADF820200A44ADF8242008AA02
:103F200000EBD075CDF80080A3EB6503ADF822302F
:103F30001918ADF82610169B1099599806F012FE24
:103F400000212EA807F062F947903AA808E0002067
:103F5000109016901A2158980BAA09F06FFD34A8FA
:103F6000002107F053F904AB0546599852AA05A958
:103F700007F020F9284607F04BFE589816210BAAA7
:103F800009F05CFDBDF808017F1CADF81400BFB25C
:103F90005198ADF816006088B8423FF6D4AE34A808
:103FA00007F000FB3AA807F0FDFA2EA807F0FAFA8E
:103FB000479807F02DFE41982146F6F7CAFD040008
:103FC0007FF463AE5BB0BDE8F08F00006005039046
:103FD0001FF8E007256400002DE9F74FB4B09246C2
:103FE0000546114602F0A4F804468068C0F30E07A7
:103FF000012F7DD9000404D4208810B960880028DE
:1040000076D060687F1EC0F30E40474370D0002119
:1040100028460FF032F80021064628460EF01EFF13
:10402000064428460EF050F9B5F88410484340F392
:104030000F2825A807F03AF825AA28464FF4C021F2
:104040000FF0BFFB28460EF059FAAA8ABAF1020F08
:1040500002EB0601A1EB00000FFA80F920894FEA7C
:10406000004007D000284BDA4FF4C02128460FF05B
:10407000A0F846E0002805DA4FF4C02128460EF0EB
:104080009CFF00E0002035996B8B83465B1C8968A0
:104090001EB2B1F90620B2422ADB259A06EB0B00CC
:1040A000B4F90030B1F90210B2F908201A441044F2
:1040B00088421DDB0EA807F08AF80EAA28464FF4A6
:1040C000C0210FF0CEFB0020ADF83E003599ADF8D1
:1040D0003C0011A80DF0B8FE022390494FF4C02017
:1040E0000622CDE91E03BAF1020F25A8169000E0C2
:1040F00010E10EA81790CDE9121207D0012006E0BA
:104100000020E98A8346491E0EB2D3E7002095F8C5
:1041100088100A9001F00700022819D100212846D2
:104120000EF08DFFB5F884104843B5F882100012E8
:1041300008EB000292FBF1F109B2081A00EBD07211
:10414000A8EB000009EB62010FFA81F90FFA80F881
:10415000ADF822600026DAE060684FF0000AC0F394
:104160000E41B6FBF1F001FB106008B94FF0010AF7
:104170000A98BDF93A100028A8EB010000FB06F0F0
:10418000B0FBF7F101EB0900ADF82000ADF81C0021
:104190000BD0BDF92210BAF1000F02D0B4F9000023
:1041A00001E0B4F90200081A0AE0BDF92210BAF1E0
:1041B000000F02D0B4F9000001E0B4F90200084495
:1041C000ADF81E0008A81A9007A81B9095F8880063
:1041D00000F00700032848D06068C0F30E40B6FB2B
:1041E000F0F3BAF1000F219368D02089000465D55F
:1041F00010214BA230A811F039FE102125A81690ED
:1042000030A8CDE91C011A21284611AA09F016FC94
:10421000BDF9A6004FF0000A41F6FF728DE80504D3
:10422000BDF9A8300BA8259A1C9913F095FEBDF98D
:104230002C10BDF81C00BDF81E3001EBD171A0EBB5
:10424000610212B2ADF8142000EB61000A9900B2CD
:10425000ADF81800C1B1A3EB0B01ADF81A10BDF811
:104260002E30C91AADF8161017E00A983A4605EB39
:104270004000B0F9781000910021B0F97430304658
:104280000CF0A6FA0346ACE703EB0B01BDF82E30A9
:10429000ADF816101944ADF81A10B5F9141088428B
:1042A00015DBB5F91800824211DC1C9B05AA359874
:1042B00025A9CDF800A006F055FC08E000201690D6
:1042C0001A211C9011AA1D90284609F0B7FBBDF9D0
:1042D0003A00BDF92010B5F9142000EBD07001EBC5
:1042E000600191420DDBBDF91C20B5F91810A2EB5D
:1042F0006000884205DC359807AB08AA0EA906F0D5
:1043000059FF1B21284611AA09F098FB761CBE42D2
:104310007FF622AF37B0BDE8F08F00002800039091
:10432000256400002DE9F74FB8B0914604461146C8
:1043300001F0FEFE05468068010404D4298811B905
:104340006988002971D0C0F30E06012E6DD9686806
:10435000761EC0F30E40464367D05FEA090000D0E6
:1043600001201D90002120460EF078FD002180469E
:1043700020460EF01EFF074620460DF08BFFB4F8D6
:104380008610484340F30F20179020460EF082F924
:10439000E38A07EB0801024603EB0100A0EB0200F1
:1043A00000B232904FF4C0282046B9F1000F4146C8
:1043B0000DD00EF0AAFE1B90B4F91800B9F1010F50
:1043C0003190B5F900B0B5F902A006D00DE00EF0BD
:1043D00054FE1B90B4F91400F0E7CBF10001CAF1D0
:1043E00000020FFA81FB0FFA82FA21A806F0EFFE15
:1043F00021AA414620460FF034FA28A806F056FEBE
:1044000028AA414620460FF0DCF9399904A80DF09E
:104410001BFD062073490027CDE9051021A80A904D
:1044200028A80990CDE91189D5E0D7E0BDF986101B
:10443000B9F1000F1798A0EB010000FB07F0B0FBEB
:10444000F6F132980844ADF86200ADF86600319894
:10445000ADF860007FD0401CADF8600069684FF097
:104460000008C1F30E40B7FBF0F100FB1170BDF87E
:104470006010002871D0A1EB0A0000BFADF8640005
:1044800018A80D9019A80E9032461D9804EB400113
:10449000B1F970000090F01BB1F96C3000210CF004
:1044A00097F9B8F1000F034614906BD028890004E7
:1044B00068D510214CA233A811F0D8FC102128A8EF
:1044C000099033A8CDE90F011A21204604AA09F06A
:1044D000B5FABDF9B2004FF0000841F6FF728DE861
:1044E0000501BDF9B4301AA8289A0F9913F034FDCC
:1044F000BDF96A00BDF8661000EBD072A1EB620056
:1045000001EB62011D9A00B2ADF87E0009B2ADF870
:1045100082103AB3BDF864201B9B1344ADF87C3085
:10452000BDF8683013441B9A1A44ADF8802000BFD0
:10453000B4F9162091422EDBB4F91A1088422ADC15
:10454000CDF800801FAA0F9B28A9399806F00AFB16
:1045500021E000E001E0401E7EE7A1EB0B004FF000
:1045600001088BE7BDF86420BDF86830DDF86CC049
:10457000D31AA2EB0C0C1B9AADF880C09A1AADF8B6
:104580007C20D5E7002009901A210F9004AA1090F2
:10459000204609F053FABDF98600BDF96210B4F95E
:1045A000162000EBD07001EB600191420DDBBDF9EC
:1045B0006620B4F91A10A2EB6000884205DC399835
:1045C00019AB18AA21A906F0F5FD1B21204604AA63
:1045D00009F034FA7F1CB7427FF628AF3BB0BDE844
:1045E000F08F0000280003902564000070B5044699
:1045F0000AF032FD48B1006882680AB1217A90471A
:10460000207E810742D4C0077BD1606800210DF075
:1046100099FE002518E0017A0A0610D5802904D0F9
:10462000227A21F08001914209D14168E16001685C
:1046300020468847207E810728D4C00761D16D1CA1
:10464000606829460DF07EFE18B101680029F6D099
:10465000E1E7002021460DF0A3FD050053D060687E
:1046600000210DF06FFE002619E0016891B1017A7A
:104670000A060FD411B1227A91420BD14168E16050
:10468000016820468847207E810701D5012070BD42
:10469000C00736D1761C606831460DF053FE10B16C
:1046A000012DE2D02FE0012D2DD16068416851B37A
:1046B000217E490727D4217A232919D0242917D00C
:1046C000A9030EF0C8FFF0B1207A11381C280FD2D0
:1046D000DFE800F019191919191919191919190E02
:1046E0000E190E0E191919190E0E0E0E19190E1992
:1046F0006068406860602046FFF778FF0128054643
:1047000001D0002070BD284670BD0000F0B5DDE985
:10471000054659B3050AAF0702D51F4633463E4644
:104720006F0702D5274634463E4615F0060F4FEA7E
:10473000C5771FD017B11F4623463C46EF076FEAE7
:10474000010C0CF0FF052270C0B212FB05F44FEA19
:104750001424347011D011FB00F000BF6FEA102058
:10476000C0B212FB00F0000A1870F0BD3270227067
:104770001A70F0BD002FDED0E0E720B14042C0B299
:1047800010FB01F0EAE70802E8E70B46024610B525
:1047900000F020F8B0B9ABB1B2F9001090681B88F6
:1047A00000EB41000380B2F90010B2F90630491C59
:1047B000908891FBF3F4401C9080012003FB1411BE
:1047C000118010BD002010BD808808B10020704706
:1047D00001207047B0F90410B0F90600814201D100
:1047E0000120704700207047024610B5FFF7ECFF2C
:1047F00008B1002010BDB2F90030B2F90600034440
:10480000A3F1010393FBF0F400FB143000B210801D
:1048100021B1936803EB4000008808809088401E17
:104820009080012010BD00002DE9FF4F8A8889B0DB
:104830000B880446CD884988A2EB0302199802F13F
:104840000102DDE916B8A5EB010101F1010117B282
:104850000FFA81F9012813D0022813D0032841D17F
:10486000424E00BF5FEA08002088ADF808000BD078
:104870000020049098F80000FD2836D35A4637E00F
:104880003B4EEFE73B4EEDE7ADF800005A4600998E
:104890000C98B0470390002021E0002518E000BFED
:1048A00034F81510BDF8080088420BD004EB450021
:1048B0005A460088ADF80C00ADF8080003990C9832
:1048C000B047039004EB4501BDF80C006D1C088057
:1048D000BD42E5DB0B9804EB400408F101004845BC
:1048E0008046DADB0DB0BDE8F08F00FB0BF0020A6A
:1048F00002990C98B0470890002033E0002528E08A
:1049000018F8050020B30499884205D134F8152021
:10491000BDF80810914216D0FD2801D35A4602E096
:1049200000FB0BF0020A04EB45000088ADF8100014
:1049300004990C98B047089034F8151018F8050041
:104940000490ADF8081004EB4501BDF82000088084
:104950006D1CBD42D4DB0B98189904EB40048844CD
:104960000AF1010048458246C8DBBBE76FD30090DF
:10497000FBD20090DFD300902DE9FF4F8B880446D7
:10498000088885B0CA884988A3EB0000DDE9129643
:10499000A2EB010100F1010001F1010105B20FFAE2
:1049A00081FA76B1BDF82010B9F1FD0F01EB01409D
:1049B00000907DD31FFA81F94FF0000BA5F1040898
:1049C0003FE1B9F1FD0F0FD3002608E008992A4610
:1049D000204605F02CF80798761C04EB4004564559
:1049E000F4DB09B0BDE8F08FBDF8001000204A46A6
:1049F00060F3040189B260F34A1189B260F3CF21F8
:104A0000ADF8001088B20090BDF800000290014699
:104A1000089805F025F90146009109F1040008996C
:104A2000C0088BB2C006C3F34512000ED90A03F0CA
:104A30001F0311FB00F112FB00F213FB00F361F303
:104A40000F06C0F1FF0162F31F460020B64663F374
:104A50000F07039753E000BF4FF0000948E000BF85
:104A600034F81920BDF8080090423AD004EB490010
:104A70001FFA8EF34FEA1E470088ADF80400BDF818
:104A80000420ADF808000398D60AC2F3451C16FBB3
:104A900001331CFB017602F01F021FFA80F8BDF8FB
:104AA000000012FB018203EBC31C06EBC61700E0FB
:104AB000CEE00CEBC33C07EBC63702EBC21303EBB3
:104AC000C232CCF3C456C7F3C55366F3CF20C2F34A
:104AD000C45263F34A1062F30400ADF8000080B2E0
:104AE000009004EB4903BDF8002009F101091A8088
:104AF000A945B5DB079804EB40040BF101005045D4
:104B00008346A9DB6DE7002710E03278FF2A12D038
:104B10002088ADF804000199089805F0A1F80190EB
:104B2000BDF804002080A41C761C7F1CAF425DDA17
:104B3000B007EAD15AE0A4F80090F4E73068411CCD
:104B400043D0E8B33278FF2A53D02088ADF8040070
:104B50000199089805F084F80190BDF804002080C0
:104B6000A41C16F8012FFF2A46D02088ADF80400B7
:104B70000199089805F074F80190BDF804002080B0
:104B8000A41C16F8012FFF2A39D02088ADF80400A4
:104B90000199089805F064F80190BDF804002080A0
:104BA000A41C16F8012FFF2A2CD02088ADF8040091
:104BB0000199089805F054F80190BDF8040000E050
:104BC00011E02080A41C761C0FE0A00707D0022073
:104BD000A4F8009000990151A4F8069003E0009811
:104BE0002060009860600834361D3F1D4745A5DDF4
:104BF0001CE0A4F80090B3E7A4F80090C0E7A4F884
:104C00000090CDE7A4F80090DCE73278FF2A1CD0B2
:104C10002088ADF804000199089805F021F801906A
:104C2000BDF804002080A41C761C7F1CAF42ECDB86
:104C300007980BF1010B421B1498411B04EB420433
:104C40000E44D345FFF65FAFCBE6A4F80090EAE749
:104C50002188002293469046ADF8001033E00027EB
:104C600027E0307818B3904205D0FF282ED000FB03
:104C700009F31B0A9B46904203D134F81700814286
:104C800010D0BBF1FF0F23D004EB47005A46008839
:104C9000ADF800000099089804F0E2FF009034F8A5
:104CA0001710327804EB4703BDF800001880761C1B
:104CB0007F1CAF42D5DB149808F10108431B07980D
:104CC0001E4404EB4004D045C9DB8AE64B46D1E7DD
:104CD0000898E3E72DE9FF4F83B00C46DDF84480E8
:104CE000F6F7E8F9BDF818A0B8F1000F81460CD02E
:104CF000A18800262288E3886088891A491C181A2E
:104D0000401C0FB20FFA80FB41E0B4F9026017E0DB
:104D1000B4F900500FFA86F80DE010982BB202900B
:104D2000ADF804A0CDF80080D9F80000059A0399E9
:104D3000C769B8476D1CB4F90400A842EDDA761CC7
:104D4000B4F90600B042E3DA07B0BDE8F08F002501
:104D500018E000BF18F8050098B11099ADF804A04C
:104D60004843000A02906088304400B20090D9F8AD
:104D700000002188059A2944D0F81CC00BB2039981
:104D8000E0476D1CBD42E5DB1299761C88445E4508
:104D9000DDDBD9E700680968884201D1012070474E
:104DA0000020704740680A6820F04040904200D2DE
:104DB00008600020704700002DE9FF4F83B01746C0
:104DC0000E4600210398DDE910A40EF024FB00211B
:104DD000054603980EF072F80146F07882070BD56D
:104DE000C30742F2D17202D0954202D006E091424E
:104DF00006D120F00200F070C00701D07A4800E030
:104E00007A48F1788146C80712D078484FF0000BF5
:104E1000A4F802B03946A4F804B08046C4F810B033
:104E2000A4F800B0C4F808B0C4F80CB00197A8E02A
:104E30006D48EBE70198B84206D04FF400012846D0
:104E40000EF009FC002870D1694928460EF00AFCD2
:104E500000286BD1002128460EF020F8029070B394
:104E6000227D2069A38800F101002061D20703EBB5
:104E70000A01A1806BD000EB800080000BF0F4FCF5
:104E80000090E8B1E16851B12069401E00EB80005C
:104E9000820000980BF082FDE0680BF031FD206984
:104EA00000EB8001009800EB81004FF0000140F81A
:104EB000145CF078C007284603D0022202E036E0F6
:104EC000FEE705220EF0B7F9216900B201EB81027D
:104ED000009901EB820121F8100C4FF00001F078ED
:104EE000C007284601D0032200E006220EF0A3F9F5
:104EF000226900B202EB8203009A02EB830222F8DD
:104F00000E0C206900EB8002009800EB82020298F0
:104F100042F8080C206900EB8002009800EB820048
:104F200040F804BC0098E06011E030E01EE0494623
:104F300028468847F178890705D5B4F904100A187E
:104F400006998A4223DCA28850441044A08041463E
:104F5000284688470146B4F90000814202DD4146F7
:104F600028468847A1682080491CA160F078400746
:104F700002D54FF0FF3000E0012001994118019166
:104F800005D403980DF022F9051E7FF453AFB4F950
:104F90000400002802DDA0EB0A00A080206908B10F
:104FA000069801E0B4F904006080CDB10198B842E0
:104FB00016D1039901AA8968096851F82050F07840
:104FC000C0F38001039800F089FE4DB141462846A8
:104FD0008847494620802846884760800121A16093
:104FE000019807B0BDE8F08FC53502906F2302909D
:104FF000010006002DE9F04FB04D002199B00446A4
:105000006A880EF018F99DF84F108308C208401CFA
:1050100060F30001204663F3410162F382018DF8E1
:105020004F10AA8800210EF006F98DF84C000021DF
:10503000EA8820460EF0FFF88DF84D0000212A89FD
:1050400020460EF0F8F800218DF84E0020460DF0B5
:10505000BAFE012800D000209DF84F108146C807F5
:105060004FF0000120460CD00EF085F89DF84F104F
:105070008246C8074FF00001204605D00DF0D3FF4F
:1050800004E00DF0D0FFF1E70EF075F89DF84F1039
:105090001190C807204602D00DF016F901E00DF07E
:1050A000F9F800211090322220460EF0C4F80021B9
:1050B0000546102220460EF0BEF8E18A2844461824
:1050C00020460DF0F5FA301AADF8540000212046C4
:1050D00012220EF0B0F8A18A2844451820460DF09F
:1050E000E0FA281AADF858009DF84F009DF84E6080
:1050F000C00701D015AD00E016AD204600210EF02E
:105100008AF90021189020460DF0D8FE9DF84F1026
:105110008346C80708D0ABF51C52D13A02D1608C47
:10512000400509D5C80708D1189AA2F51C50D138F6
:1051300003D1608C000500D40026B9F1000F08D01F
:10514000C80706D116B1012E02D002E0012600E008
:1051500000264FF0000007468046ADF8180076B3F1
:10516000480703D5A0684268521E14E0002212E0EE
:105170000AA9119B00200F902046CDE90031109B19
:1051800013A9FFF719FEBDF8283057440246D81975
:1051900007B208F10108A0684068904201DD002ACA
:1051A000E6DAB8F1000F02D0A7EB0A0007B29DF8CB
:1051B0004F00C007204603D00DF06CF802E00BE072
:1051C0000DF082F806A93A460FFA88F3CDE90051AE
:1051D0000146304614F047F99DF84F00410703D5CA
:1051E000A1684E68761E00E00026B9F1000F04D0D9
:1051F000C00702D12888384428800AAFA0684068D8
:10520000B04249DD002E47DB01210F91119813A90F
:10521000CDE90007109B32462046FFF7CDFDB9F1DE
:10522000000F804608D09DF84F00C00704D12888A1
:10523000BDF82810401A2880BDF9542002ABDDE9E2
:1052400010010192324683E88300BDF9580013A98A
:10525000434600902046F7F7EDFC0D9846460BF0CC
:105260004FFB00200D90B9F1000F03D09DF84F00C7
:10527000C0070AD02888BDF82820BDF818100244BD
:1052800001EB0A0010442880B8E7BDF818202988EF
:1052900002EB0A00081AF6E7189942F2D17081422F
:1052A00001D0834502D120460EF0E2FF00222046C5
:1052B0002B2108F0C3FB19B0BDE8F08F0C010024CE
:1052C0002DE9F74F0546007F9346C1074FF00000D8
:1052D000824661D1EC684FF001080026C1467CB9D6
:1052E000287FC0F3C000401E304254D1B9F1000FF6
:1052F00051D00199284688474FF000080446C1461E
:105300000EB9260047D0B8F1000F06D05A46214604
:1053100028469047B04204463DD0002C4FF001088B
:10532000DED020680DF01EFD0006D8D427681FE0EF
:10533000012138460EF08FF9B0B12FB10121384666
:105340000EF089F90028CAD1E868A04223D0B0B194
:10535000284600F0EFFA0246E8680F21006808F0DE
:105360006DFB012817D106E038460DF041F80746DD
:10537000002FDDD1E8E7E86800680EF031FC284630
:10538000EC6000F0D7FA0246E8680E21006808F0E9
:1053900055FB012802D05046BDE8FE8FE868006842
:1053A0000EF01EFC296909B1284688470120F3E761
:1053B0000349CA695206FCD5C2B28A62704700002E
:1053C000001001400020704770B5426B818C12F0D4
:1053D000060F06D0C2F34102022A04D0012A05D0EA
:1053E00020E0008D00E0C08C08441AE0828D468DDC
:1053F00014B2B24202D202F5B47214B2028DC38C5E
:1054000015B29A4202D202F5B47005B2301900EB1F
:10541000D0704010834201DA581802E0854203DD63
:10542000501881B208B270BD0844FAE72DE9F34F75
:1054300087B0064669460CF061FF30460EF0C2F8B0
:10544000059030460CF093FF0021049030460DF09B
:105450002CFE0021834630460DF06FFE00210446ED
:1054600030460DF0BEFE0021054630460DF0BDFD74
:105470000021804630460DF08AFE00210746304666
:105480000DF0E3FD07EBD77107F0010202EB6101BC
:1054900000EBD07200F0010000EB6200491C401CE0
:1054A00009B200B20D2900DB0D210D28894600DB71
:1054B0000D200D2C824600DB0D240D2D274600DB30
:1054C0000D254046B8F10D0F00DB0D20002480466D
:1054D0006DE0B06A00EBC40102A802F0C8FDBDF99E
:1054E0000800584516DCBDF90010BBF10D0F01DABC
:1054F0005A4600E00D22891A00EB0100ADF80800C1
:10550000BDF90A00A8421FDCBDF902100D2D07DA13
:105510002A4606E0BDF80020A2EB0A010844EDE7A8
:105520000D22891A00EB0100ADF80A000598C11B95
:10553000BDF90C00891E88422BDBBDF900100D2F30
:10554000084407DA394606E0BDF80220A2EB09015B
:105550000844E9E70D210844ADF80C000498A0EBDD
:105560000801BDF90E00891E884218DBBDF9022032
:10557000B8F10D0F4146104400DB0D2100EB010096
:10558000ADF80E000899002202A8F4F707FD88B9CB
:105590000BE0BDF80010014401EB0A00DCE7BDF8A8
:1055A0000210014401EB0900EAE7641CA4B2308E4A
:1055B000A0428ED8308EA04201D14FF6FF7409B0C0
:1055C0002046BDE8F08F10F00F0000D10120704799
:1055D000B0F90C00032101EB400020F00300103073
:1055E00070472DE9F0474FF000081C4616460F465D
:1055F00005464046A3F8008006E02A6B218832F871
:105600001020401C11442180B042F6D300212846CE
:105610000DF0F1FB0128284615D00DF042F8218845
:10562000081A2080002128460DF057FD21880844E3
:105630002080296B31F816100844401EA0800020FD
:10564000A4F802801FE00DF02CF821880844208087
:1056500028460DF0B7FF0021814628460DF085FD54
:1056600022880146A9EB0200401AA080296B31F87C
:105670001610401A2080E2E7EA6A618832F81020AA
:10568000401C11446180B842F6D3002128460DF039
:10569000C6FD61880844608028460DF009F86188DD
:1056A000081A6080E96A31F817100844401EE0804B
:1056B000BDE8F0872DE9F05F9346894600218246D8
:1056C0000DF0E7FC0021054650460DF02AFD0021B3
:1056D000804650460DF079FD0021044650460DF0FD
:1056E00078FC064650460DF06DFF411B5046A1EB7D
:1056F00008070CF03CFE001B801B8742504605DA71
:105700000DF060FF411BA1EB080003E00CF02FFE41
:10571000001B801BBAF81420BBF1000F00EBD07007
:1057200040F34F0000EB05011144A9F80010BAF84E
:10573000161000EB04031944A9F8021001D0ABF8CD
:105740000000BDE8F09F0000024A002152880DF0E1
:1057500072BD000018010024034A002110B55289CF
:105760000DF069FDC0B210BD18010024034A0021EC
:1057700010B592890DF05FFDC0B210BD1801002474
:1057800030B5032901D2012300E000230C2403EBF0
:105790004305C01A01EB8501891E6423C1EB411149
:1057A000B1FBF4F49D00B0FBF3F307212244B0FBFE
:1057B000F5F4024402EB9000C01A2044B0FBF1F271
:1057C00001FB1200C0B230BD2DE9FC470D0024D012
:1057D0000469616929B10868A84202D14868BDE836
:1057E000FC87628A00200427C2F308020EE000BF93
:1057F000A36800EB800653F826C007EB86069E5B85
:10580000A5EB0C039E420AD2401C80B28242EFD824
:1058100019B10D600020616948600020DFE700EBEE
:105820008006A16812224FF0060802EB86000027CE
:10583000085C02280CD04FF00C0A70B12A4A0328E9
:105840004FF0100C4FF008010FD0012826D043E094
:1058500008EB8600085AC7183EE00AEB860208EB00
:1058600086068858895BC05C35E0ADF8043001EBF2
:10587000860900920CEB8602A0680223825A50F837
:10588000091001A8F5F776FD30B3A16808EB86038F
:1058900051F80920C95A801A40101CE0ADF80430B4
:1058A00001EB860900920CEB8602A0680223825A63
:1058B00050F8091001A8F5F75DFD68B1A1680AEB81
:1058C000860208EB860351F809608A58801BC95A82
:1058D000401032F810000F18606910B1056060695F
:1058E000476038467BE7000047E802902DE9F04129
:1058F0000D46044600F01CF9071E19D0F88A002155
:105900002D1A38460DF024FD0689002138460DF089
:1059100046FD00EBD071304405EB610109B200B2E5
:1059200091FBF0F0A18E80B2814201D8491E88B26D
:10593000BDE8F0812DE9F0410026074635463046A6
:1059400010E000BF09F0C9FB616DB94209D102281E
:1059500002D0042803D003E02046BDE8F0812646AB
:105960002546204609F07EFB0400EBD10EB13046FF
:10597000F3E70DB12846F0E7BDE8F041002009F05B
:1059800071BB00007CB503690025DC685B8AA068F8
:105990009B042BD4830F16D00123B3EB907F31D11E
:1059A00001EB0241266818480423CDE90001A068F4
:1059B000314620F0404201A8F5F7DCFC10B3801B13
:1059C000616880101DE0266801EB02210F4A022366
:1059D000009220F0404201A8ADF804103146F5F7DE
:1059E000C9FC78B1801B616840100AE06368805C84
:1059F000595C39B130B1637B491E2268401E11FBEE
:105A000003210D5628467CBD776C01908B6C01906C
:105A10002DE9F84F0C460646002120460DF0BBF953
:105A200000EBD0704FF440374508394620460DF062
:105A30002AFB3946009020460DF06DFB834639461F
:105A400020460DF0BCFB8246394620460DF0BBFADD
:105A5000278D2A18A08A05EB0A01E38A38440144FD
:105A600061F30F09618D0B449918421B00985B1B71
:105A7000121AA3EB0B0062F30F0861F31F4960F3E6
:105A80001F48C6F80080C6F80490BDE8F88F2DE9DD
:105A9000FF4F81B01D4617460E464FF40031019866
:105AA0000DF07FF900EBD070441001983F1BFFF719
:105AB0008BFC81465A3000B212F084F910FB07F0DB
:105AC0004FEAE038484612F07DF910FB07F04FF43A
:105AD00040394946C71301980DF0DBFA8346019817
:105AE00049460DF01EFB0090494601980DF06DFBF4
:105AF0008246019849460DF06CFA328800EB040C9E
:105B000000994244A2EB0B02101B288030880B192D
:105B100040441844A8807088C119A1EB0A00001BFA
:105B20006880708838446044E88005B0BDE8F08F34
:105B3000406A002802D000210CF048BB70470021C9
:105B40000CF044BB2DE9F0410F46418C0426C2689D
:105B500005460020C1F305130FE000BF06EBC004AB
:105B600014595FEAC41C07D524F07F44BC4203D11A
:105B700052F83000BDE8F081401C8342EED84FF06F
:105B8000806000EBB1204FEAB0506884C0F305108C
:105B9000C10010460AF0EAFEE860C0B3688CC0F3AA
:105BA0000514641E16D06FF003014B00E86801EB8A
:105BB000C40282585FEAC21C0CD492010AD403EBDF
:105BC000C40C844400EBC402641EDCE9000CC2E98E
:105BD000000CEBD1E868082100EBC4000AF0A0FF3C
:105BE00008200AF013FEE96841F8340010F0EDFBDC
:105BF000EA6806EBC400115841F080711150EA6860
:105C000067F317011150E86850F83400B2E7FFE776
:105C1000FEE700002DE9FC410068C068C068B0FBE9
:105C2000F1F4944200DD1446154F786800688069ED
:105C300020B30020ADF8000025B2ADF80400ADF8A7
:105C40000200681E06B2ADF8066078686946006812
:105C500082699047BDF80600BDF80210401A401C4A
:105C600000B2A04202DD351EEBDC01E0002D02DCBB
:105C70000020BDE8FC81BDF90640641C2046F8E721
:105C8000EC000024491E01D5401E0C310C2901DB1B
:105C9000401C0C3901290DD0072091FBF0F200FBCC
:105CA000121000EBD07121F00101401AC0F11F0069
:105CB000C0B2704781070CD16421B0FBF1F201FB47
:105CC000120149B94FF4C871B0FBF1F201FB1200A7
:105CD00010B100201C30EBE70120FBE7136821B175
:105CE0005B1E13600BD4806805E05B1C136080684A
:105CF00041688B4203DA006850F8230070470020A7
:105D000070472DE9F84315460E46044609F0A4F9FC
:105D100009F0E3F901280AD0032808D04FF6FF70F4
:105D200005B1288006B130800020BDE8F88309F075
:105D300093F9694609F0A6F94FF0000875B32046BB
:105D40000CF0AFFCBDF80010084407B2204600215B
:105D50000DF051F801280CD0A08A00213F1A2046EE
:105D60000DF0BBF9381AA5F8008002B240460021B8
:105D700010E0002120460DF0F8F9218B081AC01B15
:105D8000F1E7236B33F81030194409B28A4205DB7E
:105D9000401C2880A38C80B29842F2D3F6B12046F2
:105DA0000CF086FCBDF802300021E28A1844851A06
:105DB00020460DF034FA281AA6F8008003B200211C
:105DC00008E0E26A32F81020114409B28B4205DB88
:105DD000401C30803088E28C9042F2D30120A4E74E
:105DE0002DE9FF4F83B01F4605460598F5F774F976
:105DF0000122B5F8209095F82230002482406FEA05
:105E000009014FF0FF3688B24FF0040B02F0FF0893
:105E10000190C3F3C00A1FE0E96801EBC4004268C7
:105E2000920140D5BAF1000F15D10BEBC40289588D
:105E3000049AC1F30741090491420CD100688179A9
:105E400011EA080F07D005996A4610F019FA0128DF
:105E500030D0022831D0641C688CC0F30510A042F9
:105E6000DAD820E0E96851F83400827912EA080FA4
:105E700018D00BEBC40289581FFA81FAC1F307420C
:105E80001104049A91420DD1019A1AEA020F09D124
:105E9000B24507DD05996A4610F0F2F901280FD0E6
:105EA00002280AD0641C688CC0F30510A042D9D81F
:105EB000002E0DDB00983860012007B0BDE8F08FA0
:105EC000CA45F7D05645EDDA009856463860E9E7FE
:105ED0000020F2E72DE9F04781461D46C0F15A0047
:105EE0000F4642F3000600B25408761C11F06AFF18
:105EF000A7EB040800FB08F0C711484611F062FF49
:105F000000FB08F0002F4FEAE01007DD7F3F391259
:105F10000A1B2144A98032442A8006E07F373912C7
:105F20000A1B2A802144891BA980002808DD7F38AC
:105F30000012011B2044E88031446980BDE8F087ED
:105F40007F300012011B69802044801BE880F5E748
:105F5000024A0021D2880DF06EB900001801002419
:105F60002DE9FF4F838C85B0148993460746DDE900
:105F7000152000254B431044049020449CB20FFA96
:105F800080FAA14656E000BFD7F828C05CF824206C
:105F900052B3396B0026401E8E4631F9151011E0C0
:105FA000A3195CF8233083B11B78DB070DD005EB18
:105FB0000608022303EB4808761CB6B23EF8083008
:105FC000194409B273198342EADB107880070CD5B3
:105FD000BBF90800159901441698084451465045EC
:105FE00000DC08460FFA80FA20E0DDE91302089B86
:105FF0001044081A129900B2002202925A46CDE9C2
:106000000010B86A50F8241003A8083111F0A4FF5A
:10601000BDF90E10049808445146504500DC08466E
:10602000A119AA198CB20FFA80FA95B2641C6D1CE2
:10603000A4B2ADB2B88C00EB0901A142A4D809B05A
:106040005046BDE8F08F0000034A002110B5128AC7
:106050000DF0F1F8C0B210BD18010024034A002170
:1060600010B5528A0DF0E7F8C0B210BD1801002437
:106070002DE9FC410C46064600210DF06FF94FF466
:106080008021054630460DF069F9B5F90870002108
:10609000B0F9085030460DF08EF9E91901EBD171D5
:1060A00000EB610005B230460CF061F9F18A00EBBB
:1060B000D07005EBD57201EB60006946A0EB620081
:1060C00060802844E08030460CF018F9BDF80000EC
:1060D0002080BDF80400A080BDE8FC812DE9FF41CF
:1060E0000646FFF72CFD040020D04FF480273046F1
:1060F00039460DF033F958220546304639460DF041
:106100009AF806B2204609F0E8FC41F6FF72014613
:10611000002033460290CDE9000203A82A4611F080
:106120001BFFBDF90C0004B0BDE8F0810020FAE7C8
:1061300039B1012909D0022905D0042907D000204E
:1061400070473C307047483070475430704760307B
:10615000704700002DE9F041468C0423C2680D46CB
:1061600004460020C6F305110BE000BF03EBC00797
:10617000D7595FEA871C03D527F07F47AF4202D08B
:10618000401C8142F2D8814203D002EBC000BDE83E
:10619000F0814FF0806000EBB6204FEAB050608491
:1061A000C0F30510C10010460AF0E0FB618CE0600E
:1061B000C1F30510401E0DD06FF00703E16803EB3B
:1061C000C0020A4401EBC006401ED2E90012C6E933
:1061D0000012F3D1E06808210AF0A2FC08200AF0BE
:1061E00015FBE168086010F0F0F8E168486840F0DD
:1061F00000704860E16865F317004860E068C6E732
:106200000C4838B514460D4690F820004FF00201B6
:10621000C0074FF0120002D00EF0D2FF01E00EF0E6
:10622000E7FF2246294603F04FFD0090BDF800002D
:1062300038BD0000D81B02242DE9F0474FF00009BB
:10624000CC46089DDDE90964DDF82CA0A5F1010725
:1062500011BB052A03D0062A01D0042A03D1012D3F
:106260004FF0000301D0002109E001225FF000019E
:106270009C4436F81180491CC4440FFA8CFCA94296
:10628000F6D3ACEB030109B2072A2AD2DFE802F009
:1062900004070B2921160D00A4F8009021E0411AF3
:1062A00001EBD17112E0411A11E0411AA4F80090FB
:1062B0003AB20BB293FBF2F213B212E0411A2AB2D5
:1062C00009B291FBF2F10BB203EBD37149102180BB
:1062D00007E06A1C411A09B212B291FBF2F10BB24B
:1062E000238000210BE000BF36F811C004EB410809
:1062F00034F81120491C62441A44A8F80220B9421B
:10630000F2D306EB4502238804EB4501BAF1000FF6
:1063100032F8022C31F8027C07EB0201A1EB0301F9
:106320000AB20CD0002108E034F8113036F81170B0
:10633000C31ADB1B24F81130491CA942F4D31046C0
:10634000BDE8F087F0B58BB00446FFF7FDF90546D0
:106350002046FFF7FDFD002D5CD000285AD069468D
:106360002046F6F713F90C2107A80AF0D9FB002103
:10637000204632220CF05FFF002105461222204603
:106380000CF059FF46192046002110220CF053FF53
:10639000471920460CF085F9A18A3144081AADF856
:1063A000240020460CF084F9E18A00253944081ABB
:1063B000ADF8260007E0006807AA694650F82500F6
:1063C00000F0BEFA6D1CA0684168A942F3D800989D
:1063D0000AF096FA01980AF093FA02980AF090FAF5
:1063E00003980AF08DFA002120460DF01AF80021DA
:1063F000054620460CF068FD42F2D172954201D06C
:10640000904202D120460DF033FF002220462B217E
:1064100007F014FB0BB0F0BD0021A0F13002092AF7
:1064200001D8D1B216E0612801D32038C0B241387A
:1064300006280FD2DFE800F0030507090B0D0A213B
:1064400008E00B2106E00C2104E00D2102E00E2102
:1064500000E00F21084670472DE9F0474FF4404116
:106460000446406A02F0A8F894F92E100122A08D8B
:10647000FFF786F90546206B18B3AF1D4FF00208F1
:1064800000264FF003094FF4004A17E0206BA18D5E
:1064900030F826208A420FD108EB860194F92E208D
:1064A0004156914208D109EB860152464156606A35
:1064B000394489B202F092FB761CB6B2A08EB0428B
:1064C000E4D8A08D218D884211D194F92E0094F941
:1064D0002A1088420BD194F92B00AD1D4FF4804255
:1064E0004119606ABDE8F04789B202F077BBBDE8A8
:1064F000F0872DE9F041044690F82A00C00738D013
:10650000A18C0723E28CB1FBF3F0B2FBF0F300EBBC
:10651000400100FB13220A4492B2E284B2FBF0F580
:1065200000FB152008442085002120460CF016FFB2
:106530000021054620460CF03EFFB5F908500746FD
:1065400020460BF0A7FE06462046FFF7F8FAE18C3E
:106550000246E81905EBD573414306EBD670BDE85A
:10656000F0414010A0EB6300401A01B210460EF05B
:10657000C2BDBDE8F081000070B50D4C064600209C
:106580000D460A461D212060304607F057FA206864
:1065900058B1017839B12946ECF758FA28B1216889
:1065A000304610F0C3FD002070BD012070BD00001A
:1065B000BC0200242DE9F04188B01F4614460D4668
:1065C00006460DF07BFB002842D0A54240D04FF498
:1065D000B470854202D9A5F5B475ADB2844202D932
:1065E000A4F5B474A4B2B18C4A1995B221448CB20A
:1065F000854202D9A5F5B475ADB2844202D9A4F59D
:10660000B474A4B2304605AA04A9FFF753F839467A
:1066100030460CF0C6FB51228046304639460CF01D
:106620000AFE06A908B1012200E00022BDF910000F
:10663000CDE90221CDE90048BDF814202B46BDF973
:10664000121092B204F051F806A930460DF0EBFAA0
:1066500008B0BDE8F0811FB503AA044602A9FFF700
:1066600029F8BDF90C2002A96B462046FFF70FFA66
:10667000204600F0B1FB011E03DD0246684601F032
:1066800065FD694620460DF0CEFA1FBD00231A2293
:10669000C0E9011302707047F0B505460E46A1F53A
:1066A0007F40FF388BB058D0288EB04255D9A86AA9
:1066B00000EBC601684601F0DAFC06A928460BF09B
:1066C0001DFE002128460CF062FD002107462846E9
:1066D0000CF0BBFC044628460BF016FE03F05AFFF4
:1066E0000A2290FBF2F1B94201DB90FBF2F790FB3A
:1066F000F2F339B2A34201DB90FBF2F4BDF81820AB
:10670000BDF80000531A1844BDF81A30ADF8000067
:10671000BDF802001F1B3844BDF8047000B2ADF88C
:1067200002003A441144ADF80410BDF806101944B3
:10673000214409B2ADF80610AA8EB24209D1EA6A24
:1067400032F81620520504D5091A491C401AADF832
:106750000200694628460DF066FA0BB0F0BD1CB584
:10676000044601466846FFF753F9694620460DF096
:106770005AFA1CBD2DE9FC470446B0F882000D46CC
:10678000A8427DD920460BF09FFDB4F88410484301
:1067900040F30F2620460BF0B1FE074694F8880020
:1067A000010705D500F00700012806D002286FD0A8
:1067B0002046BDE8FC470DF013BA002120460CF03E
:1067C0004DFB0021804620460CF057FCA28A404435
:1067D0004FF4A0211044C01B0FFA80F92046492233
:1067E0000CF029FD0FFA80F820464FF400310CF030
:1067F0001EFE0746A08AADF80000E28AADF802202E
:10680000208BADF8040008EB0700618B121AADF87D
:1068100002200844ADF80600B4F88200401EA842E9
:1068200018DD6A1C06FB05F1724391FBF0F192FB47
:10683000F0F2494402EB0903A1EB080203EB080163
:10684000D01BADF8000039442046ADF8041069466D
:106850000DF0E9F9002D48D0691EB4F8820006FB5E
:1068600005F24E43401E96FBF0F192FBF0F201EB75
:10687000090302EB0901A3EB0802D01B414401E02C
:1068800033E005E03944ADF80000ADF8041028E02D
:10689000002120460CF0D3FBB4F884300021B4F87A
:1068A000822058434FEA202806EB080090FBF2F6BE
:1068B00020460CF0D3FA75430021814620460CF0A7
:1068C000DCFBA28A484451194518694620460BF062
:1068D00015FDE81B8219ADF80420A0EB0800ADF807
:1068E0000000694620460DF09EF9BDE8FC8770B5B2
:1068F00005460CF067FE044628460BF038FD84423E
:1069000001DB012070BD002070BD28B10A2803D032
:106910000D2801D0002070470120704740680078A2
:10692000884201D101207047002070470168D0E9FA
:1069300001021144814201D80120704700207047B4
:106940002DE9F74F82B00D46BB4904460CF08AFE94
:1069500000287AD12046FEF709FF82462046FFF73D
:106960007DFB5FEA000870D0BAF1000F6DD02046C1
:10697000FEF7F2FE07462046FFF766FBDFF8BCB2E3
:10698000002106462046BBF80E200CF054FC00F017
:10699000FF09BBF81420002120460CF04CFCAB682A
:1069A00007EB0A02C0B2009028686FF0010101EB0A
:1069B000420206EB080CD5F80C809B5A01EB4C0107
:1069C000825A30F817A068681A44A2EB0A0230F81D
:1069D00001C038F801100FFA82F830F816300CEBCD
:1069E0000100C01A0FFA80FB204600210CF0F1F9DB
:1069F00001280AD1B9F1000F03D0B9F1020F02D07A
:106A000003E0022000E000208146218BA28AB9F138
:106A1000010F638B4846A1EB0201B4F816C001F1E7
:106A20000101A3EB0C0202F101020FFA81FA0FFA45
:106A300082F914D0022822D0618C032806D028685D
:106A400021F4006130F9170006E0F2E02A6841F411
:106A50000061C24632F91700618480461EE02A6850
:106A6000A8EB0A0000EBD07032F8171001EB6000C1
:106A70000FFA80F8608C20F4006060840EE02046FD
:106A80000CF0A0FD2968628C22F4006231F8173006
:106A9000628403EB0801081A0FFA80F800980128B5
:106AA00011D002281DD0032804D0608C696820F41E
:106AB000806004E0628CD946696842F4806031F9F4
:106AC000167060841BE06A68ABEB090000EBD070C5
:106AD00032F8161001EB600007B2608C20F4806081
:106AE000EFE720460BF043FC6968628C22F4806279
:106AF00031F81630628403EB0B01081A07B2204606
:106B00000CF060FD504504D120460BF030FC4845A8
:106B100027D0A08AADF80000E08AADF80200208BF3
:106B2000ADF80400608BADF8060020460DF058F873
:106B300004F114005146054601F030FB4946284651
:106B400001F027FB20460DF04BF829216A4620462C
:106B500006F074FF20460BF04BFC2221224606F083
:106B60006DFF002120466B220CF065FB06B220462B
:106B700000216C220CF05FFB05B220460CF022FDD8
:106B8000814620460BF0F3FB01464FF06402C6F34A
:106B9000413001284FF4FA634FF47A7C0CD126F48B
:106BA000C040984208DC604501DDC0F57A7000FB0A
:106BB00009F090FBF2F006B2C5F3413001280BD189
:106BC00025F4C040984207DC604501DDC0F57A70CD
:106BD000484390FBF2F005B204980499028908EB4F
:106BE00006004B897919A58A1044E28A1944401B92
:106BF000891A05B20EB255EA06001AD020460CF0EA
:106C0000EFFFA08A218BE28A2844638B2944A0826B
:106C1000324421833344E282204663830CF0E0FF58
:106C200005B03246294620460023BDE8F04F0DF05E
:106C30007DB805B0BDE8F08F010006001801002402
:106C40002DE9F04115460F460646002005E039467D
:106C50002046B04701280AD0204612F035FA040039
:106C600002D060688000F2D10020BDE8F08105B15B
:106C70002C600120F9E703880A88934201D0981A12
:106C8000704740884988401A704703780A789342D1
:106C900001D0981A704740784978401A7047000030
:106CA0002DE9F0472E4D4FF40059DFF8B8804FF032
:106CB0000107DFF8B4A04FF000042C4E08B12F708C
:106CC00002E02878012813D101214046EEF7DEFCCE
:106CD000A0B908213046EEF7D9FC78B1042130463E
:106CE000EEF7D4FC50B149465046EEF7CFFC28B140
:106CF00001214046EEF7CAFCF0B12DE00A20EDF785
:106D000001FF0020494628705046EEF7BFFC00B94D
:106D1000042430460421EEF7B9FC00B903243046C0
:106D20000821EEF7B3FC00B9022440460121EEF73A
:106D3000ADFC88B101240FE008213046EEF7A6FC37
:106D400050B104213046EEF7A1FC28B14946504627
:106D5000EEF79CFC00B12F702046BDE8F0870000E4
:106D6000300000240000025800080258001C02589D
:106D70002DE9F0414268096822F040428A4226D15A
:106D80000446FEF725FCDFF84C800546D8F80820BD
:106D9000131B521BC8F808205E1B15D0274632462D
:106DA0006119384609F0FAFD06E0A068401BA060B2
:106DB0002046FEF70DFC0444D8F808008442F4D1C4
:106DC000B819294609F0ACFE0120BDE8F081002089
:106DD000FBE70000F80000242DE9F0414FF44036B5
:106DE0000446402231460CF026FA4322054620464E
:106DF00031460CF020FA2844314605B220460CF00A
:106E000070FA00283146204602DD0CF06AFA02E0F2
:106E10000CF067FA40423146284405B220460CF097
:106E20006CFA00283146204602DD0CF066FA02E0DA
:106E30000CF063FA40423146284405B22046352220
:106E40000CF0F9F938220746204631460CF0F3F9E8
:106E5000384400B2854200DD2846BDE8F08170B5B7
:106E6000054606F0A8FD0446284606F0E2FD064663
:106E70000BF0BEFA2A2C054601D0292C0BD100219B
:106E8000304609F013FA284613F00CFA2846BDE8FC
:106E9000704015F059B870BD2DE9FC411446884684
:106EA0000646D80729D004F108000125074600222C
:106EB00006F11401F2F7B2FF58B100206A46122120
:106EC0008DF800003046019706F0B8FD9DF80000EF
:106ED00098B16089218A0844401EE081B4F90E10FF
:106EE000B4F90600814200DDE08102B02A46214665
:106EF0004046BDE8F04104F0FFB80025EEE72DE97B
:106F0000F04188B01D461646074688460846F3F706
:106F1000E8FE02A9044640460BF0F0F9224602A81A
:106F2000114601F013F9022E05D0012E29D00020C0
:106F300008B0BDE8F081DDE9020100231A46CDE981
:106F4000040104A940460CF08AFAB96804AA68460C
:106F5000F2F73BFF0028EBD0DDE90001012300221E
:106F6000CDE9060106A940460CF079FA06A902AA65
:106F70000846F2F72AFF0028DAD00698286007981A
:106F800009E0B96802AA6846F2F71FFF0028CFD0CF
:106F900000982860019868600120C9E770B5044630
:106FA0000BF026F90025064606E0A068006850F8B8
:106FB0002500FFF7F3FF6D1CB542F6D3608CC107C7
:106FC0001AD020F00100608420460DF051F92046CF
:106FD0000DF06BF886B1002120460BF087FF58B109
:106FE0000C494968884207D80B49096801EBC00081
:106FF00050E9022120469047608C810708D520F097
:10700000020060842046BDE8704000210CF091BF72
:1070100070BD0000E000002440020024F0B587B0FD
:1070200014216846EBF7EBFC1848016841F00201B7
:107030000160016801F002010591016841F002015F
:107040000160006801250026114F0224694600F006
:1070500002000590CDE90045CDE902463846EEF73D
:10706000FFF90396694600953846CDE90154EEF7DD
:10707000F7F9012238460221EEF715FB01223846C6
:107080001146EEF710FB07B0F0BD0000E0440258D7
:10709000000402582DE9F04780461F46089DE86924
:1070A000002800FB01F34FEAA32306DD934206DD2F
:1070B00095F8280080070FD48EE09342F8DBCB19B7
:1070C000002800FB03F04FEAA02008DD904239DAE7
:1070D00095F8280080077FD40120BDE8F087904212
:1070E000F6DCA869521C504340F39502D0B213124B
:1070F0004FF0FF02002827D06E6AC0F1FF0404FBA6
:1071000006F4A2EB242600BFA3EB0104A14636D06F
:10711000002C15DBBC4213DAC0F1FF0095F82810F3
:10712000C6F1FF0358438907A2EB6020C1B201D525
:10713000C1F1FF0118F8040011F0EAFC08F804009E
:10714000641C1CE0A869CEE74FF0FF06DCE7002CCA
:1071500010DBBC420EDA95F82810A6EB6002880717
:10716000D1B201D5C1F1FF0118F8040011F0D0FC33
:1071700008F80400686A641C361ABC4202DA686ABD
:10718000B042E4DBBC4219DA002C17DBD5E906017A
:1071900070438012002900FB06F0C0F3472101DA9A
:1071A000C1F1FF0195F82800800701D5C1F1FF0169
:1071B00018F8040011F0ACFC08F8040095F8280059
:1071C000800707D5B945494606DC00290DDB404656
:1071D00009E001E0641C01D500207EE7BC4204DC2C
:1071E000391B08EB040009F09BFC022075E72DE930
:1071F000F05F064689461D460A9FB869002800FBD5
:1072000002F14FEAA12300DD5B1C4B4597F82830C3
:1072100002DA980707D4DBE08C1209EB050CA445D1
:1072200002DA98077DD487E0521C41F3950100FBF8
:1072300002F44FEA2128C9B244F3950CA8EB0904E3
:107240004FEA2C2290450CF0FF0C05D0002803DA01
:1072500011B9FF219046641E904527D1002C0CDB0C
:10726000AC420ADA614498074FEA510101D5C1F1F5
:10727000FF01305D11F04CFC305597F82800641C7C
:10728000800706D5A8EB0901A9424ADA92E0304608
:1072900009E0AC4200DD2C46002C42D005DDA5EB18
:1072A000040106EB040009F03BFC8EE000284FF0DF
:1072B000FF0B47DAF869002CC0F1000000FB01F079
:1072C0004FEAA02A0DDBAC420BDA0AFB01F09A0769
:1072D000C0F3472101D5C1F1FF01305D11F018FC69
:1072E0003055B969AAF1FF004143641E4FEAA1205D
:1072F00011D4AC420FDACAF1FF0197F828204143BC
:107300009207ABEB6120C1B201D5C1F1FF01305D45
:1073100011F0FEFB305597F82800A41C800709D512
:1073200000E055E0A8EB0901491EA9424DDC002907
:10733000ADDC4AE0AC4202DD0120BDE8F09F002C4C
:10734000ADDA42E0FA69C1F1FF00002C00FB02F166
:107350004FEAA12A0EDBAC420CDA00FB0AF09A07D6
:10736000ABEB6020C1B201D5C1F1FF01305D11F07E
:10737000CFFB3055B969CAF1FF004143641C4FEAA5
:10738000A1210ED4AC420CDA484397F82820C0F370
:107390004721920701D5C1F1FF01305D11F0B8FB23
:1073A000305597F82800641C800707D5A8EB090121
:1073B000A9420DDC0029BFF66AAF06E0AC4200DD51
:1073C0002C46002C04D03FF76AAF4FF00200B4E720
:1073D0004FF00000B1E77CB5446A07F03DFE05467A
:1073E00007F07BFE04280CD1E18E204621870AF0AD
:1073F000B9FF064606F068FF18B10021304606F0D6
:10740000D1FF284607F069FE012804D0284607F07E
:1074100064FE03280AD101A9284607F033FEBDF90E
:1074200006102046FEF762FAE0862087204605F027
:107430008EFFA06A10B920460CF0D2FBE08E1C2112
:107440006A460090204606F0F9FA7CBD2DE9F0412D
:107450000026884607461448F3F765FB04461DE0FE
:1074600011482146F3F771FB05462068B84200D069
:107470009FB96168414502D0B8F1000F0DD10A48AB
:107480002146F3F7EBFB216909B1204688472046E6
:1074900009F048FAF4F766FC01262C46002CDFD1EF
:1074A0003046BDE8F08100002C1C022470B50C466B
:1074B00005460948F3F737FB0BE00168A94204D100
:1074C0004168A14207D0002C05D001460248F3F7DD
:1074D0003CFB0028F1D170BD2C1C022470B5442166
:1074E000044609F01DFB09484FF4FA75E0610021DC
:1074F00094F84230642221620120C4E90A25A4F8EC
:10750000400043F0010184F8421070BD777501908E
:1075100038B5044600234FF480650095D4E90B206C
:10752000194609F055F93222009500214FF46E7387
:1075300000F0E2FF226AA16A891A414302EBA1200E
:1075400038BD38B5044600234FF480650095D4E972
:107550000B20194609F03CF9002140F2B6334FF4F4
:107560006172009500F0C8FF226AA16A891A41433E
:1075700002EBA12038BD38B5044600234FF48060EB
:107580000090D4E90B20194609F022F9226AA16A79
:10759000891A414302EBA12038BDD0E90B128A427F
:1075A00001DB806A7047006A70478B1A002B00DC91
:1075B000531A4FF47A714B43B3FBF0F0002800D11B
:1075C0000120704770B54168054611B12868FFF782
:1075D0003DFF1948F3F739FB184E10B110F0A6F92A
:1075E00070601548F3F7C4FA040024D044222946F9
:1075F00009F0D4F92868A84200D12460717894F881
:10760000420061F3820084F84200C1070FD0616933
:1076100039B120468847226AA16A0244226208449E
:10762000A06262681AB1206808B1216A9047F4F735
:1076300099FB204670BDFEE72C1C02242802002482
:1076400070B5458D0023848DA54201D22B4602E002
:10765000C5F5B4752C448B420FD8A1420DD8E21A5F
:10766000B1EB520F416B02D841F0080101E021F06B
:107670000801416341F0100134E093424FF4B475C6
:1076800007D19E1A2644AE4203D0416B41F0080157
:10769000F0E7934209D3C2F5B4768E4205D8A942E9
:1076A00003D8416B41F008011AE0934206D2D61A82
:1076B000C6F5B4768E4201D8A942F2D92244AA4234
:1076C00005D81944A14210D3914206D90DE0A2F584
:1076D000B4728A4209D3A14207D9416B21F0080153
:1076E00021F010014163012070BD002070BD2DE923
:1076F000F0410C464A6B002122F0060262638720AB
:10770000666B2D22A1844300608546F008066663FF
:107710004FF40045A2854FF4347CE0846427238530
:1077200026F00100E58521866786C4E90D0C10F07E
:10773000FDF8218D626BE063A4F8401022F0100088
:1077400002216063204609F030FD4FF44471204669
:107750000AF01EF92046BDE8F0410D210DF00BBAEC
:107760002DE9F04FAFB0044606F063F90746204616
:1077700006F027F91AAA2A902CA93846FDF79AFF95
:107780002A9906A80AF060FBBDF968000DF1B00A5D
:10779000DFF888810DF1080B00282DDD584602F036
:1077A00085FF0021384602AA0BF066FF0020CDF8C5
:1077B0003CA013901A2106AACDE90780BDF8680005
:1077C000ADF854003846CDF838B006F037F9B88C2B
:1077D000BA8D798D0244014490B289B22CAACDE9C8
:1077E0000010BDF8543002A92A9802F04FFF1B2167
:1077F000384606AA06F022F94FF4003938464946C1
:107800000BF047FC0646494638460BF08AFC054615
:10781000494638460BF0D9FC0446494638460BF039
:10782000D8FBAE4201DD314600E02946844201DD4D
:10783000224600E00246914205DDAE4201DD3046BF
:1078400004E0284602E0844200DD2046BDF86810CE
:10785000081A04B2002C34DD02A802F027FF02AAA5
:107860004D46494638460BF007FF0121CDF83CA0B4
:10787000139506AA3846CDE907811A21ADF8544080
:10788000CDF838B006F0DAF8BDF90A10BDF95400A9
:10789000814201DDADF80A00B88C3A8DF98C0244C2
:1078A000014490B289B22CAACDE90010BDF8543041
:1078B00002A92A9802F0EAFE1B21384606AA06F021
:1078C000BDF8BDF968202DAB2CA93846FEF7DFF8CE
:1078D0001CA804F0C3F94FF4403438461CAA2146D2
:1078E0000CF01DF82DA813940221CDF81C8006AAD7
:1078F000CDE908101CA80A901A21384606F09EF817
:107900002A982DAA1CA904F095F91B21384606AA2D
:1079100006F094F82FB0BDE8F08F0000683E0390A9
:107920002DE9F047FF488CB08A460AF039FC01285F
:107930007ED1504606F03FF80546504606F079F8ED
:107940000646504606F075F8022D044611D0082D63
:107950006FD0032DFCD00D2D6CD0112D6BD0132DBD
:107960006AD0152D64D10CB05046BDE8F047FFF742
:10797000F7BE07F071FB05005AD007F0AEFB0128F7
:1079800056D103A9284607F07DFB07AA304604A973
:10799000FDF790FEBDF80C00BDF81010401AADF8D0
:1079A0000C00BDF80E00BDF81210401AADF80E0024
:1079B00094F83400C00744D14FF4003130460BF046
:1079C000F0F90546BDF81C004FF48031401BADF8BE
:1079D0001C0030460BF03FFE10B1BDF81C0008E063
:1079E000BDF91C00C11700EB9171B5EBA10F00DAD6
:1079F0008D10401BADF81C0000B2012802DA0120F6
:107A0000ADF81C00BDF80C20BDF81C10BDF80E0030
:107A100012FB02F211FB01F110FB0020884206DD8F
:107A2000606B40F0010060630FF080FFE06304E0F2
:107A300078E0E1E0FAE01DE15DE194F83400C00790
:107A400070D0BDF90C1019B9BDF80E00002869D02E
:107A5000A08D628D07B2904202D200F5B47007B2D9
:107A6000BDF90E0000F09FFBA28C618D801A401AB8
:107A700005B2002D02DA05F5B4752DB2BDF81C1063
:107A80004FF41D72642011FB02F1B1FBF0F80020ED
:107A900002F080FD00EBC0014FF0500901EB001136
:107AA00009EB4100B0F5A07F0CD3002002F072FD7D
:107AB00000EBC00303EB0010A02209EB4000B0FB79
:107AC000F2F000E0012094F834304FF4B4714843F0
:107AD0002946B0FBF8F23046C3F3C009FFF7B0FD0A
:107AE00000281FD0B4F840104FF40C72608D091AB2
:107AF0000FFA81F8A5EB080109B2381A01F58C716B
:107B000000B2914205D994F834301B070BD50025FB
:107B10000AE0636B5FEAC36C06D41B0703D54342DC
:107B20001DB201E065E00546B9F1000F08D0606BB9
:107B300003070ED4C0060CD491420AD9002508E0F0
:107B4000B9F1000F05D1616B0A0702D5C90600D44F
:107B50000546A5EB080005B2E06B0FF0E1FEA16B56
:107B60004FF47A724143B1FBF2F080B2854202DCFD
:107B70004042854200DA05B2618DB4F9320008EB6B
:107B80000502B4F93030A7EB010CB4F92E50A0EB8C
:107B9000030800904FEACC0C9CFBF8FC0CF1040CA1
:107BA00002EB2C120A440FFA82FC3A46604608F0B7
:107BB0000FFE07B2B6F92E00B8420FD00FF0B6FE96
:107BC0003946E063304600F0F6F9AF4206D00022B5
:107BD00030461C2105F032FF01280AD1B4F93000EB
:107BE000B84203D0B4F93200B84202D10FF09EFE81
:107BF000E0630CB0BDE8F087606B20F001006063CB
:107C000030460AF0AFFB054606F05EFB044607F07F
:107C100023FA07F062FA0428EBD1002CE9D00CB06B
:107C200028460021BDE8F04706F0BCBB504605F0F1
:107C3000FEFE0078B4F92E50132806D0112804D087
:107C4000142805D0122803D008E0F08D401C01E074
:107C5000F08D401E01B2304600F0ADF9B4F92E00AF
:107C6000A842C6D00CB0304600221C21BDE8F04727
:107C700005F0E4BE504605F0DAFE03AA044609A961
:107C80003046FDF717FDB068002508B1B0F9145073
:107C9000002130460BF085F80646BDF80C0071193E
:107CA000401ABDF82610ADF80C000A1812B2009266
:107CB0000A1ABDF8241012B20B18081A01B21BB22E
:107CC00006A800F05FFA47F6FF77216806A83A4653
:107CD000F2F764F908B100200BE006EB450002B2B0
:107CE00006A8114600F032FA216806A83A46F2F7D3
:107CF00055F920717DE7002130460BF0CAF90021CB
:107D0000074630460BF00DFA0021054630460BF0D1
:107D10005CFA0021044630460BF05BF9AF4203DD0C
:107D2000394602E0683E03902946844201DD22463E
:107D300000E00246914205DDAF4201DD384604E035
:107D4000284602E0844200DD20464FF44039804658
:107D5000494630460BF09DF90746494630460BF040
:107D6000E0F90546494630460BF02FFA04464946ED
:107D700030460BF02EF9AF4201DD394600E02946CE
:107D8000844201DD224600E00246914205DDAF4219
:107D900001DD384604E0284602E0844200DD20464A
:107DA000801CA0EB08043046FFF716F8204404B20C
:107DB000504605F03CFEB0F90010A14200DD0C4633
:107DC000048016E770B50C460546114600F07EF8B3
:107DD00021462846BDE8704000F0B4B870B50C46A6
:107DE0000546114600F006F821462846BDE87040D9
:107DF00000F036B870B54FF4B473054699420C469E
:107E000002D9A1F5B474A4B2A88D698D421A611A81
:107E100012B209B2002A02DA02F5B47212B20029D3
:107E200002DA01F5B47109B28E1AB4369E4203D952
:107E300028460BF0D5FE0DE0914203DA00230246FE
:107E4000214604E08A4205DA0023224601462846FC
:107E5000FEF7B0FB2846AC85BDE8704017F053B87C
:107E600070B54FF4B473054699420C4602D9A1F59A
:107E7000B474A4B2688DA98D0A1A091B12B209B292
:107E8000002A02DA02F5B47212B2002902DA01F510
:107E9000B47109B28E1AB4369E4203D928460BF04B
:107EA0009FFE0DE0914203DA00232246014604E0E2
:107EB0008A4205DA0023024621462846FEF77AFB6D
:107EC00028466C85BDE8704017F01DB870B54FF4BA
:107ED000B473054699420C4602D9A1F5B474A4B214
:107EE000288DE98C421A611A12B209B2002A02DA0C
:107EF00002F5B47212B2002902DA01F5B47109B2C6
:107F00008E1AB4369E4203D928460BF069FE0DE066
:107F100091424FF4003302DA0246214603E08A42DE
:107F200004DA224601462846FEF744FB2846FEF7BF
:107F300092FB28462C85BDE87040FEF78CBB8184FF
:107F40000BF04EBE70B54FF4B473054699420C4623
:107F500002D9A1F5B474A4B2E88C298D0A1A091BC0
:107F600012B209B2002A02DA02F5B47212B2002982
:107F700002DA01F5B47109B28E1AB4369E4203D901
:107F800028460BF02DFE0DE091424FF4003302DA4B
:107F90002246014603E08A4204DA02462146284688
:107FA000FEF708FB2846FEF756FB2846EC84BDE8A2
:107FB0007040FEF750BBB0F92E308B420ED0B0F9B6
:107FC00032208A4200DA1146B0F930208A4200DDC0
:107FD00011468B4202D0C18516F095BF70470A88C2
:107FE00002804A8842808A888280C988C18070471E
:107FF0000A8802804A8842808A888280C988C18033
:1080000070470A8802804A8842808A888280C988AC
:10801000C18070470A8802804A8842808A888280AC
:10802000C988C18070470A8802804A8842808A884D
:108030008280C988C18070470A8802804A8842804D
:108040008A888280C988C18070470A8802804A88ED
:1080500042808A888280C988C18070470A880280ED
:108060004A8842808A888280C988C18070470A888D
:1080700002804A8842808A888280C988C18070478D
:108080000A8802804A8842808A888280C988C180A2
:1080900070470A8802804A8842808A888280C9881C
:1080A000C18070470A8802804A8842808A8882801C
:1080B000C988C1807047C1884088081A401C00B236
:1080C0007047C1884088081A401C00B27047C188B8
:1080D0004088081A401C00B2704730B50B880488ED
:1080E000498845881A1B491B62F30F0061F31F4042
:1080F00030BD10B5B0F90410B0F90020B0F9063069
:10810000B0F90240881A401C191B491C484310BD95
:1081100081880088081A401C00B270478188008856
:10812000081A401C00B2704781880088081A401C59
:1081300000B2704781880088081A401C00B270475E
:1081400081880088081A401C00B2704770B5038807
:10815000848846885B1AC5880C440380B11A8480E1
:108160002A444180C28070BD70B5038884884688E7
:108170000B44C5880C440380B11884802A44418094
:10818000C28070BD10B5029C018042808380C48093
:1081900010BD4288491E1144C18070470288491EA3
:1081A00011448180704700284FF0000201DA4042FC
:1081B0000122002901DA4942921C884207D9C1EB09
:1081C0000111103201EB4101B1FBF0F305E0C0EB0E
:1081D000001000EB4000B0FBF1F30020D9B21629EB
:1081E0000BD92C2900D80120292900D8401C252989
:1081F00000D8401C20290BD90BE0022900D3012014
:10820000062900D3401C0A2900D3401C0F2900D3A3
:10821000401CD106184401D5C0F15A0091074FEA1D
:10822000C27105D509B1B43005E0C0F1B40002E077
:1082300009B1C0F5B47080B27047C16000680BF03E
:10824000CFBC00684FF0FF320168C26001F13C0210
:10825000904202D182684A6205E001F14C029042EC
:1082600001D182680A6300680BF0BABC10B50C46F5
:1082700064210020C4E90A01206304F13C0160622A
:10828000A0862087E086608784F85C00204600F0A6
:10829000A6F804F14C01204600F0A1F80821204680
:1082A00009F076FB1021204609F072FB00222046DF
:1082B000BDE81040114600F0BEB810B50C460021D4
:1082C00004F13C00FFF7C2F804F14C00BDE8104097
:1082D0000021FFF7BBB800002DE9F04131480D4601
:1082E00009F05EFF012854D1284605F064FB0446DE
:1082F000284605F09EFB132C80460AD0012C4AD05C
:10830000082C48D0152C44D12846BDE8F041F7F799
:10831000E9BA4FF4003109F009FA0446284605F09D
:1083200086FB0546B0F90000A04200DD0446404649
:1083300000212C800AF0B3FE0021074640460AF0D7
:10834000F6FE0021064640460AF045FF002104469D
:1083500040460AF044FEB74201DA394600E03146B1
:10836000844201DA224600E00246914205DAB74231
:1083700001DA384604E0304602E0844200DA204662
:10838000002806DAB5F900104042814200DC0146BF
:108390002980BDE8F08108F134014046BDE8F04194
:1083A0000BF041BC843E039090F85C0000F00300A9
:1083B000704790F85C1001F00301022901D0806A37
:1083C0007047816D491C01D0406D7047006B70474C
:1083D000816C491C01D0406C7047406A7047002294
:1083E000531EC1E90002C1E90223704738B51346A4
:1083F00090F85C2002F00302022A1BD1D0E90A4265
:108400008A4201DD0D4600E01546AC4201DD214601
:1084100002E08A4200DC1146426A8A4200DA1146D2
:10842000026B8A4206D000F13002009300F14C0347
:1084300000F022F838BDF8B5446A13468C421AD0D1
:10844000D0E90A528A4201DD0E4600E01646B542E6
:1084500001DD294602E08A4200DC1146026B8A42B5
:1084600000DD11468C4206D000F12402009300F199
:108470003C0300F001F8F8BDF0B591B007461C468A
:1084800016460D46169818B3E068401C2ED0A0681A
:108490000021C4E9010518461560FEF7D7FF6846BC
:1084A000FFF71CF812484FF480716522CDE90040B7
:1084B00000200890CDE909010E48002103903846BC
:1084C0000AF0B9FE0B906846FFF77CF811B0F0BDDA
:1084D00000211846FEF7BAFF4FF0FF30E06035602C
:1084E00011B03846BDE8F0400BF07ABB3068CFE7FA
:1084F0003B82019043820190F0B5C0F5806400FB9F
:1085000000F604FB04F5B70ADDF814C0AD0A05FB5C
:1085100004F67C43454347435543B00A5C43484314
:10852000BA0A05EB4503810A180D02FB0CF204EBB5
:108530004403014401EB135000EB9220F0BD10B551
:108540000C461021204609F023FA2046BDE81040D1
:108550004FF4806108F029BE0146044810B509F0C7
:1085600069F9044609F0DAF9204610BDA03E0390EF
:1085700070B50646008E0D461446A8421BD9E0068B
:1085800008D5012130460BF066F818B101213046BC
:1085900009F0FEF9F06A30F81510A14320F8151023
:1085A00029463046FEF778F8600504D53046BDE828
:1085B00070400BF0B4BF70BD70B500240E46054688
:1085C00006E0324621462846FFF7D2FF641CA4B2DB
:1085D000288EA042F5D870BD08464FF6FF720021E4
:1085E0000186418682868162C162416280F83610CE
:1085F000014900F04DBB0000A002002401460448E0
:1086000010B509F017F9044609F088F9204610BDA5
:10861000BC3E039010B5886A0C4608F083F9E06A06
:1086200008F080F90020A062E06210BD2DE9FC474F
:10863000FD488A4609F0B4FD012845D1504605F0B1
:10864000BAF90646504605F0F4F9132E04464FF0E9
:10865000000702D02A2E4AD01BE0608EA1460028D7
:1086600032D0D9F82480002532E000BFD9F82C00A0
:1086700030F81500C0F3802040B3608E28B120464A
:1086800009F008FE618E90FBF1F001B2504605F052
:10869000F5F9292E2FD0012E4FF6FF752DD0022E81
:1086A0006DD0082E7ED0062E7DD0032E7CD00E2ECF
:1086B0007BD00F2E7AD0102EFCD00D2E77D0152E19
:1086C00002D15046F8F78EF9BDE8FC876D1CADB2BB
:1086D00058F825000028F7D0D4A1EAF7B7F9002808
:1086E000F2D058F8250000780028BFD1ECE7616A85
:1086F00000F0CEFAE8E72046F9E7504605F097F992
:10870000A18E06462046FDF7C7FF06F0A5FC06F041
:10871000E4FC012801D003281BD16946304606F04D
:10872000B1FC69462046FCF781FEA8422146A58699
:108730001CD0E16A31F81010C1F38012002AC3D1B5
:10874000C1F300110029BFD10146A0862046FDF7E4
:10875000A3FFA08EA842B7D0E16A31F81000C0F3A1
:1087600040210029B0D1C0F38021A1E08D86ABE784
:10877000C0F300100028A7D1A08E019048E0504619
:1087800005F055F9074606F067FC064606F0A5FC1D
:10879000042899D0022897D06946304606F072FC2A
:1087A000694605E03AE07BE08AE08CE0CEE0D5E087
:1087B0002046FCF73BFEA18E06462046B14283D000
:1087C000A94201D0FDF768FF3846A68606F0E2FC14
:1087D000AE428BD0E06A30F81600C0F38011002959
:1087E00084D1C0F30010002884D131462046FDF723
:1087F00053FFE06A30F81610C1F340210029B6D1CA
:10880000A18E30F81100C0F380200028AFD101966E
:108810001C2101AA204605F011F955E7A18EA942B5
:1088200039D0E26A32F81100C0F3C013B3B1C0F31B
:1088300080139BB9C0F300231BB194F83630DB07DB
:1088400014D040F4807000BF22F8110094F8360074
:10885000C00703D0A18E20460FF066FEA08EE16A0D
:1088600031F81000C0F3402131B902E020F48070EB
:10887000EAE7C0F3802171B1C0F3801159B9C0F3A8
:10888000001040B9A08E1C2101AA0190204605F0DD
:10889000D5F80128C1D1A18E2046FDF7FDFE13E7D2
:1088A000A08EA842B9D0E16A31F81000C0F340119F
:1088B0000029B2D1C0F3801100293FF459AF03E77A
:1088C000A18E204646E0208E0028A6D0504605F016
:1088D000AEF8074606F001FC06462FB9002006F068
:1088E000C1FB06F0FAFB0646204609F03BFD05F009
:1088F000EBFCA18EA94290D1022E02D0042E2BD1E6
:1089000050B394F83600E26AC1074FF0000001D17D
:1089100010E0401C32F81010C1F30013002BF8D106
:10892000C1F38013002BF4D1C1F300210029F0D052
:108930000AE0401C32F81010C1F30013002BF8D1EC
:10894000C1F380110029F4D1A086BDE6A18E204696
:10895000A94201D0FDF7A0FEA586B5E6A18E20466E
:10896000FDF79AFE504605F062F80078132814D0FF
:10897000142837D012284FF002064FF0040957D0C0
:10898000112888D1002120460AF05FFBA28E804684
:10899000AA4279D1E26AA786A5E0A08EA84201D1B9
:1089A000A78601E0401CA086A18E268EB14200D38E
:1089B000A786A38EE26A08E0491C88B2A086B0426E
:1089C00000D3A786A08E98427ED0A18E32F81100E7
:1089D000C0F3001CBCF1000FEED1C0F380100028E2
:1089E000EAD158E7A08EA84201D1A78600E000B9DD
:1089F000208E401EA08683B2E26A09E011B1491EB2
:108A0000A18602E0208E401EA086A08E984268D0EB
:108A1000A18E32F81100C0F30016002EEED1C0F383
:108A200080100028EAD136E7BC3E03900A0000001F
:108A3000002120460AF009FBA28E8046AA4214D1EA
:108A4000E26AA78605E0238E491C88B2A086984278
:108A500047D2A18E32F81100C0F30013002BF2D1DF
:108A6000C0F380100028EED115E7A16A09EBC2051A
:108A70001046238E4F5B31F830507F1B7F1C47F32D
:108A80004E073D442DB221E039E000BF06EBC007A0
:108A900006EBC20CCF5F31F90CC0674512DD31F92E
:108AA0003070AF420EDC09EBC007CF5F4744AF42E6
:108AB00008DBE76A37F810C0CCF3801717B9CCF39E
:108AC00000172FB1401C00E00BE080B28342DDD8DC
:108AD000834249D8DFE6238E491C88B2A08698429B
:108AE00001D3A586D7E6A18E32F81100C0F300139A
:108AF000002BF0D1C0F380100028ECD1CBE6A16AA6
:108B000009EBC203B4F934004D46CF5A31F8323084
:108B1000FF1A7F1C47F34E073B441BB21FE000BF08
:108B200006EBC00706EBC20CCF5F31F90CC06745FE
:108B300013DA31F93070A7EB08079F420DDC05EB23
:108B4000C007CF5F9F4208DBE76A37F810C0CCF35D
:108B5000801717B9CCF3001727B1401E00B20028C8
:108B6000DEDA98E60028B5DBA08694E62DE9F04130
:108B70000F46A1F57F41FF3918D00546008EB84257
:108B800014D3002426460CE0686A641CA4B2761C48
:108B9000B6B250F8240009A1E9F758FF08B9641CDF
:108BA000A4B2BE42F0D1288EB04202D10020BDE86E
:108BB000F081686A50F82400F9E700000A0000001C
:108BC000808E7047038E8B4204D9C06A30F8110042
:108BD000824301D0002070470120704770B50446E1
:108BE000008E0E461546B04234D994F83600C007C0
:108BF00006D0E80504D54FF480712046FFF7DCFC71
:108C0000E80616D5218E012001290ED9002309E09E
:108C1000B34205D0E26A12F81320D20600D4002035
:108C20005B1C9BB29942F3D818B10121204608F091
:108C3000BCFAE06A30F81610294320F816103146C5
:108C40002046FDF729FD680504D52046BDE87040A3
:108C50000BF065BC70BD70B500240E46054606E0FD
:108C6000324621462846FFF7B9FF641CA4B2288E7D
:108C7000A042F5D870BD10B5028E0446C06A5200FD
:108C800007F08CFE616A2046BDE81040AFF300801B
:108C90002DE9F34F0D008DB07DD00D9C2046F2F7ED
:108CA00019FF656200210D9C162220460AF0C3FAC6
:108CB000C0B20B900D9800210AF0F7F9079000213F
:108CC0000D980AF08EFA069000210D980AF05FFACE
:108CD000049000210D980AF0B8F902900D9809F05F
:108CE000F3FA01900D9809F0D5FA628E00270499E5
:108CF000AA46C2F10102B94601FB020000B205908A
:108D00008BE000BF4FF0000B5D460AE0E06A791986
:108D100030F81100FCF757FC6D1C58441FFA80FB1B
:108D2000ADB25AF8250040B144A1E9F78FFE20B159
:108D30005AF8250000780028E8D16DB30598C5F1F0
:108D4000010C618E059A00FB09F0049EB0FBF1F363
:108D500009F101004243069809FB0606B2FBF1F156
:108D600003EB0008DDE9010303FB0C0C049B0FFA85
:108D70008CF00390491E09FB0383314418B20A901A
:108D80000398002808B2099001DA002003904FF000
:108D90000008464639E04DE0FFE70AF1040039E0FB
:108DA000E06A30F81700FCF70EFC08EB00010891B0
:108DB0000B9A0398012A039A00FB08F001FB02F1C9
:108DC000B0FBFBF2B1FBFBF1029806FB0022A1F124
:108DD000010106FB001110B20AB204D101998A1AEE
:108DE000091A10B20AB20799084401B2079802445E
:108DF0000998009013B2A06A0A9A00EBC700FFF727
:108E0000C1F9DDF82080761C7F1CAE42C8D30AEB86
:108E10008500001D09F101098246618E49453FF632
:108E200071AF0D980BF07BFB0D980FB0BDE8F04FC4
:108E30000AF0D6BE0FB0BDE8F08F00000A000000B7
:108E400080F8361000210FF06FBB70B50446008E1D
:108E50000D46A84203D8A5F57F40FF380AD1A18E60
:108E60002046FDF719FC20462946A586BDE870403E
:108E7000FDF712BC70BD00002DE9F041884640F2BC
:108E8000E471012044460022A8F8281088F82A003E
:108E900088F82B00A8F82C10A82188F82E0088F854
:108EA0002F0008F58C70C8F83020A8F8342007F09F
:108EB00037FE00212E4E7822084606E028B14307EF
:108EC000B3F1604F07D0072809D256F8203004EBE1
:108ED0008005AB630FE004EB800526A3F9E704EB04
:108EE000810504EB800C4F1C85F8182105F58C7367
:108EF000F9B2CCF83830401CC0B23828DED31EA0FE
:108F0000C4F814014046FFF779FB04F138016062B0
:108F1000FFF7BEFE54F8240F4FF40871FFF79BFED5
:108F20001649002320681A2208F0F0F8206842F25F
:108F300064010CF0B4F8012140460BF041FE2068BA
:108F400001210BF04DFE94F90A204046218900F0E2
:108F500019F894F90730404694F90620A18800F0EA
:108F6000ADF820684FF48041BDE8F04108F01DB92C
:108F7000500100240A000000000000009D1C019028
:108F80002C3070472DE9F05F0446134688B25DB27D
:108F90008246A085012284F82E50402184F82F209B
:108FA000606AFFF709FB0026606AB1B24022FFF752
:108FB00015FE761C072EF7D3564629463046FCF799
:108FC00061FE0122834629463046FCF7D9FB06465E
:108FD0004FF001080BEB060937460DE004EB870064
:108FE0004346042134A200F58C700CF03FFF08F1D9
:108FF00001007F1C00F0FF08B945EFD8691E5046FC
:10900000FCF740FE801B0025401CC7B212E000BFE9
:1090100004EB85003B46042127A200F58C700CF080
:1090200025FFE91D606A89B24022FFF7D7FD7F1C4A
:109030006D1CFFB2B542EBD3012706EB0B0511E027
:1090400004EB85003B4604211BA200F58C700CF05C
:109050000DFFE91D606A89B24022FFF7BFFD7F1C4A
:109060006D1CFFB22A2DEBD32046FDF7F5F9606A9F
:10907000FFF7A6FDA0F57F41FF3903D0606AF11D1F
:10908000FFF7E3FE20460AF0ABFD204609F0B0F8FA
:10909000002506460BE02946204609F097F8616A4C
:1090A000814203D01C21224604F0C8FC6D1CB5424D
:1090B000F1D3BDE8F09F000025640000018580F831
:1090C0002A2080F82B30FDF7C7B92DE9F0410C4676
:1090D000102104F12400F1F743FD102104F13000C8
:1090E000F1F73EFD94F888100020A4F86C0064228B
:1090F000A4F874000325A4F86E0021F00701A4F879
:109100007600491CA4F870200527A4F878200A20CE
:10911000A4F8722047F6FF7CA4F87A2021F0080614
:10912000A4F87E504FF48073A4F88070A4F88200F5
:10913000A4F87CC084F88860A4F88430A4F8863051
:10914000BDE8F08170B501F124060C4610E000BFC7
:10915000F1F7E9FC0546007B400702D4686807F098
:10916000E1FB29463046F1F779FD284607F0DAFBA6
:10917000A06A00283046EBD1F1F7BFFC04F13005BE
:109180000AE000BFF1F7CFFC064601462846F1F79A
:1091900065FD304607F0C6FB606B00282846F1D11C
:1091A000BDE87040F1F7A9BCF8B57F480D4608F05E
:1091B000F7FF012874D1284604F0FDFB0646284637
:1091C00004F037FC012E04462DD0082E69D0292E3C
:1091D00068D0132E67D02C2E7ED0152E7FD1284636
:1091E00004F0EFFB054601462046F6F727F800227B
:1091F000264629462046FBF795F8012229463046A7
:10920000FBF790F8022229463046FAF7E5FE0422E1
:1092100029463046FAF7E0FE04F12400F1F715FD87
:10922000002871D0B9E005F017FF694605F02AFF64
:10923000BDF800102546A08A081AADF8000028469F
:1092400009F05CF9BDF800104618284609F03CF812
:10925000B5F884104843002140F30F27284609F051
:109260000CFF301A00B20026002822DBB84203DDD2
:10927000B5F88260761E1CE095F8881001F00701B1
:10928000012902D002290FD013E0B5F8821007EBB4
:10929000D772491E414301EB620090FBF7F608E0EC
:1092A0001DE01DE024E027E0B5F88210414391FB6A
:1092B000F7F6B4F97C00B04211D0B1B22046FDF708
:1092C00059FAB4F87C102046FDF754FA00222046E3
:1092D0001C21A4F87C6000E031E004F0AFFBF8BD95
:1092E00034F87C1FFDF746FA47F6FF702080F8BD82
:1092F000BDE8F8400BF03FB9B4F94020B4F94C0098
:10930000824202DD164601E02EE00646B4F958100E
:10931000B4F96430994201DD0C4600E01C46A642D7
:1093200005DD824201DD114604E0014602E099427A
:1093300000DC19462846BDE8F84004F09FBB2846EB
:1093400004F075FB0546204608F0BEFFB4F8841013
:10935000484300122880204608F09CFFB4F886108D
:10936000484300126880F8BD94F8880000F00700B8
:10937000012804D0022807D003280AD00DE029468E
:109380002046F9F745FA08E029462046F9F716F98C
:1093900003E029462046F9F75FFC29462046BDE850
:1093A000F840F5F781BD0000280003902DE9FF4F3C
:1093B00085B01D4690460E46059858B15EB1B0F88E
:1093C00082100446414507D800202880588009B003
:1093D000BDE8F08FFEE7FEE7204608F075FF34F8A1
:1093E000841F484340F30F27059808F053FF0146B8
:1093F00060882279843C414302F00700012841F350
:109400000F21049104D003280AD0022819D067E064
:10941000B4F8820007FB08F7401E97FBF0F05EE00F
:1094200000970023307B3268C0F3C00104EB410198
:1094300032F91800B1F97820B1F9741007F0C8F9C1
:109440004DE004F1240003900290F1F770FB4FF41B
:10945000A0218146059809F0F2FDB4F88410823409
:109460004843002100120190059809F0E8FD628848
:109470004FF0000A34F882195043C1F101024FEA5B
:10948000202B02FB0B7090FBF1F000B200900298D1
:10949000F1F762FB06E0B14206D003980AF1010A37
:1094A000F1F757FB0100F6D107EB0B00B4F882701F
:1094B0000099C9F1010CDDE9002300FB08F001FB74
:1094C0000AF103FB0C2390FBF7F0B1FBF9F2B3FBBD
:1094D000F9F3111818B200EBD07001EB600028808E
:1094E0000598002109F0BAFC00210746059809F00B
:1094F000C4FD2988384408442880059808F0FEFFF8
:109500002988081A28800598314600F02CF800EBCD
:10951000080C307BB4F882107368C0F3001004EBC1
:1095200040009CFBF1F4B0F97020B0F96C00121A05
:1095300001FB14C189B233F91110081A0499484388
:1095400090FBF2F0081A68800598002109F031FEBE
:109550006988384408446880059809F09BF8698850
:10956000081A688033E729B190F88800000702D410
:1095700048897047FEE700207047000010B50C4690
:10958000012109A0C4E909010221204607F00DFECE
:109590000821204607F009FE2046BDE810404FF4A0
:1095A000806107F002BE0000436865636B20626F54
:1095B0007800000010B591F828000C46C00704D1CF
:1095C000606A07F0AFF90020606210BD2DE9F04F2E
:1095D000BDB0054604F02DFA0446284604F0F1F922
:1095E00000213B90204609F0B0FE19900021B0F90F
:1095F00008703222204609F01EFE00210546204652
:1096000009F0F5FD00EB050B2046002109F053FDA4
:1096100005442046002109F01EFD4FF4003127903B
:10962000204609F048FD4FF400318146204609F0FC
:109630008AFD4FF400310646204609F0D8FD4FF46C
:1096400000311890204609F0D6FC692217904FF49B
:109650000031204609F0EFFD6A2280464FF40031C8
:10966000204609F0E8FD82462AA802F0F7FA2AAA65
:1096700020464FF400310AF052F9DDE9172009EBDA
:1096800006011044A28A2A44E58AD3195D4419448C
:10969000A1F10109E9190E18761E09EB0801ADF8D0
:1096A000E810A2EB0802ADF8E42006EB0A003B99B3
:1096B000A5EB0A02ADF8E620ADF8EA0003A808F031
:1096C000C3FB4FF000082AA807902C484FF4003144
:1096D000CDE90408109139A81A21069003AA204662
:1096E00004F0ACF93B9839AA2AA902F0A3FA1B218D
:1096F000204603AA04F0A2F90021204609F049FE01
:1097000000218246204609F032FE41F6FF72CDF874
:1097100000A0CDE90128616A0346199A16A80EF047
:109720001BFC1DA801F0C2FC002120461DAA0AF066
:1097300048F8701BBDF85830401C00B2C01B1DA972
:1097400000EBD070421027985A444844ADF86800A6
:109750001844ADF86C00E08ACDF800801044BDF8E4
:109760005A20ADF86A001044ADF86E00636A1AAA78
:109770003B9801F0F7F93DB0BDE8F08FD83E03907B
:109780002DE9FF5F3C480E4608F00AFD012861D133
:10979000304604F010F90546304604F04AF92C2D05
:1097A00004464FF4003809D0132D55D0152D51D152
:1097B00004B03046BDE8F05FFFF708BF304604F064
:1097C00036F900210546204609F0BFFD0789002132
:1097D0000646204609F0DDFD00218146204609F0BD
:1097E000C6FD002141F6FF72CDF80090034603A8A4
:1097F000CDE90121616A32460EF0AEFB0021204620
:1098000009F029FC834646464146204609F053FCB0
:1098100081463146204609F096FC82463146204674
:1098200009F0E5FC80463146204609F0E4FBBDF82E
:109830000C3007EB090252441A4407EB080402EB10
:109840000B012980BDF90E10204400B2884200DCD3
:1098500008466880BDE8FF9F304604F0E8F80546FA
:109860004146204607F062FFB5F90010814200DD55
:1098700008462880EEE70000D83E0390F0B54FF48C
:10988000FA660446C1F341304FF0640577100128B1
:109890000BD121F4C040B04207DCB84201DDC0F575
:1098A0007A70584390FBF5F001B2C2F341300128C1
:1098B0000BD122F4C040B04207DCB84201DDC0F554
:1098C0007A70584390FBF5F002B2944201DA2046D8
:1098D00000E01046884201DA0846F0BD944201DA01
:1098E0002046F0BD1046F0BDF0B54FF4FA660446D0
:1098F000C1F341304FF06405771001280BD121F4FA
:10990000C040B04207DCB84201DDC0F57A70584370
:1099100090FBF5F001B2C2F3413001280BD122F4E3
:10992000C040B04207DCB84201DDC0F57A70584350
:1099300090FBF5F002B2944201DA204600E01046B6
:10994000884201DA0846F0BD944201DA2046F0BDB3
:109950001046F0BD00221146104608B500F025F96A
:109960000090BDF8000008BD00221146104608B561
:1099700000F02DF90090BDF8000008BD08B50020EA
:10998000BDF8001060F3040189B260F34A1189B296
:1099900060F3CF21ADF8001088B20090BDF8000050
:1099A00008BD00221146104608B500F034F90090B9
:1099B000BDF8000008BD80B270B5C30A00F01F06F4
:1099C000C3EBC30404EB0324C0F34515E41D05EB0E
:1099D0004500640900EB0520C01CC6EBC60364F318
:1099E000174103EB06238409DB1DFF22580964F3AA
:1099F0000F2160F3070162F31F61C1F30740C1F358
:109A0000072200EB400000EB8200C9B20844C0F31B
:109A1000C70070BD38B50C460546FFF7C2FF2246A9
:109A2000294600F085F90090BDF8000038BD07B563
:109A30008107BDF8043002D0521E20F8023BBDF869
:109A4000041001EB014109E0016041608160C160E7
:109A5000016141618161C1612030103A102AF3D85F
:109A600002E0521E20F8023B002AFAD10EBD102857
:109A700009D002DC042804D107E0112803D0122801
:109A800003D0FF20704700207047022070474FF43A
:109A9000784108B54FF4FC6201EA1021C0F3C40319
:109AA00002EA501001431943ADF8001088B208BD16
:109AB000F8B56423C0EB00204FF4B474C2EB022568
:109AC000B0FBF4F2C1EB0121B1FBF3F1B5FBF3F410
:109AD00093B211F0FF00E2B226D02B21B3FBF1F1DB
:109AE0005526C0F1FF04FF2514FB02F4C9B211FB97
:109AF00006F61E44230A06EB46046406240EC4F14F
:109B0000FF0610FB04F416FB00F6A5EB1420A5EBF2
:109B1000162450435443050A240A052918D2DFE8C5
:109B200001F006090D1114001146084613E0104615
:109B3000214601E0284611461A460CE01846114617
:109B4000224608E01846294605E02046194602E06C
:109B5000104619462A4600F05EF80090BDF8000055
:109B6000F8BD18B5D2088908BDF80030C40862F302
:109B7000040398B261F34A1080B264F3CF20ADF8C9
:109B8000000080B218BD18B5D2088908BDF80030B1
:109B9000C40862F3040398B261F34A1080B264F31C
:109BA000CF20ADF8000080B218BD18B5D2088908E2
:109BB000BDF80030C40862F3040398B261F34A10A0
:109BC00080B264F3CF20ADF8000080B218BD18B5A4
:109BD000D2088908BDF80030C40862F3040398B2C3
:109BE00061F34A1080B264F3CF20ADF8000080B278
:109BF00018BD18B5D2088908BDF80030C40862F352
:109C0000040398B261F34A1080B264F3CF20ADF838
:109C1000000080B218BD18B5D2088908BDF8003020
:109C2000C40862F3040398B261F34A1080B264F38B
:109C3000CF20ADF8000080B218BD18B5D208890851
:109C4000BDF80030C40862F3040398B261F34A100F
:109C500080B264F3CF20ADF8000080B218BD0000E0
:109C600018B58BB20A4984B243EA0340121D44EA94
:109C7000044308400B40D2081B1A534300EB531017
:109C8000084040EA1040ADF8000080B218BD000066
:109C90001FF8E00718B58BB20A4984B243EA0340C3
:109CA000121D44EA044308400B40D2081B1A5343D8
:109CB00000EB5310084040EA1040ADF8000080B2BD
:109CC00018BD00001FF8E00718B58BB20A4984B22E
:109CD00043EA0340121D44EA044308400B40D20803
:109CE0001B1A534300EB5310084040EA1040ADF8F4
:109CF000000080B218BD00001FF8E00718B58BB255
:109D00000A4984B243EA0340121D44EA044308406E
:109D10000B40D2081B1A534300EB5310084040EA93
:109D20001040ADF8000080B218BD00001FF8E00739
:109D300018B58BB20A4984B243EA0340121D44EAC3
:109D4000044308400B40D2081B1A534300EB531046
:109D5000084040EA1040ADF8000080B218BD000095
:109D60001FF8E00780B270B5C0F34513C50A00F0D4
:109D70001F04C5EBC50000EB0520C01D03EB430627
:109D8000400906EB0323DB1CC4EBC40560F3174159
:109D900005EB042408469B09E41DFF22610963F3D7
:109DA0000F2061F3070062F31F6070BD80B270B5D1
:109DB000C0F34513C50A00F01F04C5EBC50000EB56
:109DC0000520C01D03EB4306400906EB0323DB1C03
:109DD000C4EBC40560F3174105EB042408469B0956
:109DE000E41DFF22610963F30F2061F3070062F3B2
:109DF0001F6070BDFF221146104608B5FFF7E7FE51
:109E00000090BDF8000008BD08B51F203F22BDF836
:109E1000001060F3040189B262F34A1189B260F361
:109E2000CF21ADF8001088B20090BDF8000008BD49
:109E300010B50C4600206421A08484F8261084F814
:109E4000271094F83C1021F0070184F83C1020639F
:109E50004FF4803160630848C07884F82C002046B5
:109E600007F0A3F94FF44071204607F091FD20461A
:109E7000BDE8104010F072BBA40100242DE9F043AE
:109E8000FF4891B0894608F08BF9012827D1484650
:109E900003F091FD0646484603F0CBFD132E044621
:109EA0004FF440371ED0292E50D02A2E67D00D2EC9
:109EB0004FF4B47568D0012E7DD0022E7CD0112EC7
:109EC00047F6FF7579D0152E78D0122E07D1484667
:109ED00003F0ADFD0178022901D00121017011B01C
:109EE000BDE8F083B846394609F0CDF8074641464B
:109EF000204609F010F906464146204609F05FF970
:109F000005464146204609F05EF8B74201DD394674
:109F100000E03146854201DD2A4600E002469142DA
:109F200005DDB74201DD384604E0304602E08542F7
:109F300000DD2846801C04B2484603F078FDB0F9E5
:109F40000010A14200DD0C460480C8E7484603F03B
:109F50006EFD0546204609F035FBA9882A88891A36
:109F6000491C09B2884209D1204608F000FAE98864
:109F70006A88891A491C09B28842B0D0204611B0BB
:109F8000BDE8F04310F0EABA484603F050FD00681F
:109F9000132814D0112812D0142801D012289ED1D1
:109FA00094F83C00616A10F003023AD0012A3ED0D6
:109FB000022A29D144E04CE05AE02AE135E194F844
:109FC0003C00616A10F0030205D06420012A0BD026
:109FD000022A19D110E0A08C401CB0FBF5F205FB61
:109FE000120060F30F010FE094F82620521CB2FB20
:109FF000F0F300FB132020E094F82720521CB2FB62
:10A00000F0F300FB132021E0204600F04AF900287D
:10A010009BD011B0204600221C21BDE8F04303F084
:10A020000DBDA08C00B1451E65F30F01ECE794F85F
:10A03000260008B1401E00E0642060F31741E3E70A
:10A0400094F8270008B1401E00E0642060F31F610F
:10A05000DAE70DF06BFC606304F0FEFF04F13801F9
:10A0600005F010F811B02046BDE8F043F3F7FEBC50
:10A0700004F0F2FF0600CBD005F02FF8042877D0CB
:10A08000022875D06946304604F0FCFF3268B4F906
:10A090003800BDF90030127E191A002900DCC11AFF
:10A0A000914209DCB4F93A10BDF90230581A00287F
:10A0B00000DCC81A904208DD0DF038FC6063BDF882
:10A0C00000102187BDF802106187BDF80010A08A3A
:10A0D000081AADF80000BDF80210E08A081AADF8C1
:10A0E0000200204609F06EFA87B22046002108F0EF
:10A0F00052FEBDF8002079080B1A521A12B2ADF8C0
:10A100000020BDF802C00127ACEB010C19B20FFA18
:10A110008CF3ADF80230412907DD00EBD070A1EBE4
:10A12000600001B2412900DA412112FB02F011FB6B
:10A1300001F113FB0300884200DA0027606B0DF089
:10A14000EFFB57B3BDF90210BDF90000FEF72BF885
:10A15000B0FBF5F394F83C20616A12F0030205FBB2
:10A1600013003BD0012A3CD0022A47D140E0FFE750
:10A17000204609F027FAA18A00EBD07001EB6000BD
:10A18000ADF80000204608F0F2F8E18A00EBD0704C
:10A1900001EB6000ADF8020078E73168898B8142FD
:10A1A000BFF4D3AE94F83C0041073FF5CEAE00F0CB
:10A1B00003010322491CB1FBF2F302FB131161F30B
:10A1C000010084F83C00204610F0C8F9204609F050
:10A1D00007FD04F041FF05F00BF880E660F30F0186
:10A1E0000CE06422504390FBF5F060F3174105E06A
:10A1F0006422504390FBF5F060F31F61204600F0AD
:10A2000050F80028E9D0002220461C2103F016FC5B
:10A2100065E6484603F00BFC0168064604F11400AD
:10A220002A46EFF7BBFE307159E64846F4F74AFF7D
:10A230004E46484603F0FDFB0446304603F0C1FBA2
:10A240000646684601F00AFD6A463946204609F08E
:10A2500066FBADF8005094F82C00C00707D02046EC
:10A2600000F013F81090BDF84000ADF804000EA8FF
:10A270002146FBF7CDFB0EAA6946304602E00000FE
:10A280004400039001F0D6FC29E608B590F8272099
:10A2900090F82610808CFFF70BFC0090BDF80000B2
:10A2A00008BD10B54FF4B472044688B2904205D987
:10A2B000B0FBF2F302FB130060F30F016420C1F363
:10A2C0000742642A01D960F317410A0E642A01D9B2
:10A2D00060F31F61A08C8AB290420CD194F82600E2
:10A2E000C1F30742904206D194F827000A0E90422B
:10A2F00001D1002010BD2046616210F02FF92046E8
:10A3000009F06EFC012010BD10B592B00BF0FDFA03
:10A3100007F0CEFB6422044611460AF051FD0020EE
:10A320000AF080FF0022014620460AF037FE002393
:10A33000204607211A4606F0E4FF6846FDF7CEF8EE
:10A340004FF4C87100200890CDE9090141F288302E
:10A350000B900848CDE90040074807904FF4FA6099
:10A360000E904FF6FF70ADF840006846FDF72AF9F1
:10A3700012B010BDCB5002907775019070B50C00F3
:10A38000054611D000F006F910FB04F05030B0F58E
:10A39000A07F0BDB284600F0FDF810FB04F0A021A5
:10A3A000503090FBF1F002E0002000E0012000B20C
:10A3B00070BD2DE9F0411E4617460D4604461C218E
:10A3C00006F0AEFBC4E90057C4E90256BDE8F081CF
:10A3D000F8B55021044606F0A3FB20694FF4A073A2
:10A3E0002380F02565804FF0FF32A28020F04000EE
:10A3F000E28000218226218140F0080061815821FD
:10A4000066F3D01020614FF4FC60ADF800000090BE
:10A41000BDF80000208702482064C4E91101F8BD9E
:10A4200021BE0190F8B505464F48F0F7A1FB0400A6
:10A4300002D0E86B08B10AE0FEE7A86C06F0E6F986
:10A44000060079D02A6C014628469047EE634FF407
:10A45000B471204606F064FB012025600821C4F891
:10A46000540104F5AC70F0F77BFB404E10214048DE
:10A470002246F768F4600DF0ABFA002860605CD00B
:10A48000286981070AD529886A88EB6811FB02F1DF
:10A49000DA68914202D920F002002861BDF800106C
:10A4A0001F203F2260F3040189B262F34A1189B28E
:10A4B00060F3CF21ADF8001088B20090BDF8000025
:10A4C0000090BDF800006085FF2084F829000DF0A1
:10A4D00007FA80B30DF0A8F9A060002007F0E8FAB1
:10A4E0002061002007F0E4FAE061002007F0E0FAC4
:10A4F000204D00212062E0692A460AF02AF9206AEC
:10A5000000212A460AF025F9E069022107F040FA05
:10A51000206A022107F03CFAE06900210AF03CFCC5
:10A52000206A00210AF038FC206909F059FBF76025
:10A53000A7B114E000E001E0FEE7FEE700200AF02A
:10A5400071FE054605200AF06DFE01460A4800230B
:10A550002A46009020460DF071F9BDE7F46060686E
:10A560000DF00DFB2046F8BD081C02241802002443
:10A5700009A10090FFFF0F00A03B0390C2680021DB
:10A580001161C068416170470148C06870470000B0
:10A590001802002410B90548C06820B1006800699D
:10A5A000C0F3C910704782207047000018020024D1
:10A5B0000068C0687047000018B90948C0680028E2
:10A5C00009D00068017CC1F30111012904D00329DD
:10A5D00002D0B0F900007047B0F9020070470000E7
:10A5E0001802002410B518B9FFF7CEFF002800D0DC
:10A5F000006A10BD10B518B9FFF7C6FF002800D0DB
:10A60000C06910BD18B101460248F0F79EBA014872
:10A61000F0F789BA081C022410B518B9FFF7B4FF87
:10A62000002800D0006910BD10B518B9FFF7ACFFC5
:10A63000002800D0406910BD10B508B9FFF7A4FF8D
:10A64000806810BD18B90948C068002809D00068A2
:10A65000017CC1F30111012904D0032902D0B0F912
:10A6600002007047B0F90000704700001802002493
:10A6700010B518B9FFF788FF002804D0D0F85401AE
:10A68000002801DD012010BD002010BD7CB50E7B2F
:10A69000DDE90654022E08D94E88002E05D0A542C9
:10A6A00003D0CDE900544469A0477CBD38B51021E2
:10A6B000044606F035FA01216180FF202073BDF8C1
:10A6C0000010002060F3040189B260F34A1189B2DE
:10A6D00060F3CF21ADF8001088B20090BDF8000003
:10A6E0000090BDF80000208038BD2DE9FF4F85B0F7
:10A6F0001E4603F5B475834610B20BEB00030293BC
:10A70000069BABEB000EDDF848900FFA82FAA3EB44
:10A7100000030393069B0FFA8EF8DDE91414184426
:10A72000039BA94501900FFA83FC029B1FB203B261
:10A730007DD04FF4B470864202D9A6F5B476B6B295
:10A74000814503D9A9F5B4701FFA80F91398101A3E
:10A7500000B2009029B1139800EBD0704010401C5B
:10A7600000E0002005B25A20B6FBF0F2B9FBF0F190
:10A77000D0B20428C9B200D10320042900D103219A
:10A7800088427DD14E457BD870B3012858D002282D
:10A7900077D0032876D106F15A0000B20DF012FBF3
:10A7A000009910FB01F230B20BEBE231491B218022
:10A7B0000DF008FB10FB0AF2069909F15A0000B2ED
:10A7C00001EBE231491B61800DF0FCFA10FB0AF24B
:10A7D0000FFA89F00BEBE2312944A1800DF0F2FA77
:10A7E000009910FB01F1F5E0FFE730B20DF0EAFA55
:10A7F00000995A3610FB01F1069800EBE13130B2B6
:10A80000491B61800DF0DEFA10FB0AF20FFA89F0A5
:10A810000BEBE2312944A1800DF0D4FA10FB0AF2CF
:10A82000069909F15A0000B201EBE23100E0EEE0D6
:10A830002944E1800DF0C6FA009910FB01F12BE0EC
:10A8400030B20DF0BFFA10FB0AF106985A3600EB51
:10A85000E13130B22944E1800DF0B4FA009910FBE7
:10A8600001F20FFA89F00BEBE2312944A1800DF0DF
:10A87000A9FA009910FB01F2069909F15A0002E0C9
:10A880003FE010E00CE001EBE23100B2491B6180D7
:10A890000DF098FA10FB0AF10BEBE130401B208021
:10A8A00009B0BDE8F08F06F15A0000B20DF08AFA47
:10A8B00010FB0AF230B20BEBE231491B21800DF0A4
:10A8C00081FA009910FB01F206990FFA89F001EB69
:10A8D000E2312944E1800DF075FA10FB0AF2069985
:10A8E00009F15A0000B201EBE231491B61800DF021
:10A8F00069FA009910FB01F10BEBE1302844A080CC
:10A90000CEE730B1012838D0022869D003287DD0A5
:10A91000A3E001297BD109F15A0000B20DF052FAEF
:10A9200010FB0AF20FFA89F081460BEBE231491B6A
:10A9300021800DF047FA074630B280460DF042FA0A
:10A94000874201DA484600E040460DF03BFA0099A4
:10A950005A3610FB01F1069800EBE13130B2491B89
:10A9600061800DF02FFA10FB0AF201982844E08074
:10A970000BEBE2312944A18092E702296DD10FFA55
:10A9800089F0AEEB050121800DF01CFA10FB0AF2F4
:10A99000069806F15A0100EBE23208B20190511B11
:10A9A00061800DF00FFA074609F15A0000B28046A7
:10A9B0000DF008FA874201DD019800E040460DF0F5
:10A9C00001FA009910FB01F230B20BEBE23129449D
:10A9D000A18073E0069800EBE1302844E0805FE757
:10A9E00003293AD106F15A0000B20DF0EBF910FB41
:10A9F0000AF30398411B0BEBE332521B228009F14F
:10AA00005A00618000B20DF0DDF901E024E024E09D
:10AA100010FB0AF20FFA89F080460BEBE231294471
:10AA2000A1800DF0CFF9009A014630B2064611FB25
:10AA300002F70DF0C7F9009910FB01F0874201DD24
:10AA4000404600E030460DF0BDF9009910FB01F0E2
:10AA5000069901EBE030C0E731B1A4F80080A4F81A
:10AA600002C0A780E3801BE709F15A0000B2019001
:10AA70000DF0A8F9074606F15A0000B280460DF025
:10AA8000A1F9874201DA019800E040460DF09AF9F9
:10AA9000009910FB01F230B20BEBE231491B21802F
:10AAA0000DF090F910FB0AF3029806994219A28062
:10AAB00001EBE3310FFA89F0491B61800DF082F957
:10AAC00010FB0AF186E700002DE9F0411D00174652
:10AAD0000E4604461AD0F07A02281AD9D4F81CC0BF
:10AAE000BCF1000F03D02046E047012811D02B46CF
:10AAF0003A4631462046F2F792FE012809D006A2D6
:10AB000039462046BDE8F04111F015B902A2394698
:10AB1000F8E7BDE8F08100004E6F0A6461746100DF
:10AB200038B58469049D002C01D00095A04738BD3C
:10AB300038B51821044605F0F3FF002211461046EF
:10AB4000FFF721F80090FF22BDF80000511C009093
:10AB5000BDF8000020810120E2726180207538BDBF
:10AB6000704700002DE9FF4FB5B0887E1E46924623
:10AB700002280C46429F7DD9206800287AD035985B
:10AB8000006A002876D0202222A8E7F7DCFE2068A1
:10AB9000002E04906ED0307800286BD03598514646
:10ABA00082682DA8EFF711F9002863D0207FB0F15B
:10ABB000000B01D14FF0010B607F800707D4BAF87A
:10ABC0000410BAF80000081A401C03B20FE0627FBC
:10ABD00041F6FF71B4F912008DE80700B4F91430A2
:10ABE00007A8226831460DF0B7F9BDF91C304FF0C7
:10ABF000000504984FF0FF32BAF80010B4F912C003
:10AC0000B0F90890ADF80C10BAF802100CEB09007E
:10AC10000F90ADF80E10B4F91800B4F916C0014445
:10AC2000CDF8B0C0ADF80E1007B3F8B9BAF90210FC
:10AC300000291BDAD7F808C0ACEB0100002801DCC2
:10AC4000A1EB0C000F99C1F1000C4FF4806101EBF6
:10AC50004C01884200DD3A603868002806DBBA887B
:10AC60000546BDF80E108818ADF80E00607F002173
:10AC70002F9300E0A5E0CDE90010B4F9142070197D
:10AC80000499F0F795FA00EB050829E0617F0020B0
:10AC90002F9BCDE90001B4F9142006EB08000499BC
:10ACA000F0F786FA4546BDF80E1000EB05080F9840
:10ACB000084400B2ADF80E007FB110F5806F0CDBD8
:10ACC0003868002809DA3D60BDF90E10BAF90200B3
:10ACD000081A7860BAF90200B860705D002870D078
:10ACE0003598BDF90E108068B0F9022001EB09001B
:10ACF0009042CBDBBBF1020F5846CDF8C0B002D07A
:10AD0000032816D029E0607FA8EB05010090701998
:10AD1000B4F91430049A0DF07DF907465046FDF75A
:10AD2000FDF9C01BBDF80C1000EBD07001EB60000A
:10AD300011E0607FA8EB050100907019B4F91430A0
:10AD4000049A0DF067F907465046FDF7E7F9BDF89C
:10AD50000C10C01B0844ADF80C00D4E9019BD94588
:10AD600002D94846D9468346A07F800717D01EA83F
:10AD700000F02DFAA089ADF87800049890F90E0043
:10AD800000B90120ADF87A00A07E8DF88000A17F87
:10AD90009DF88100C90861F301008DF88100002051
:10ADA0000E90FEF7D7FD3290FEF7D4FD099010A863
:10ADB00000F054FF208AADF84400BDF90C0031903A
:10ADC0006AE16DE1BDF80C102C98084471192191CD
:10ADD000A8EB05010D910027ADF80C000597BBE02D
:10ADE00000200090A9F57F41FF390AD0ABF57F41E3
:10ADF000FF3906D0AC4A05982918304612689047AA
:10AE0000009005AB21980AAA0BA9F0F7B9F9607F69
:10AE1000C0070AD00B98232802D0012F13D004E0DA
:10AE200047B1012F0AD0022F0BD0E068022F099002
:10AE30004ED04FE0059801270E908DE0E068002786
:10AE400047E0002788E0202841D105990E98081A8C
:10AE5000072801D0A08938E00E9A2AA92198104429
:10AE60005FF00602521E10F8013B01F8013BF9D1D8
:10AE700000208DF8AE009DF8A900FBF7CDFA07463B
:10AE80009DF8A800FBF7C8FA07EB001000909DF8AA
:10AE9000AB00FBF7C1FA07469DF8AA00FBF7BCFA26
:10AEA00007EB001001909DF8AD00FBF7B5FA0746DF
:10AEB0009DF8AC00FBF7B0FA07EB0010C2B20198A6
:10AEC000C1B20098C0B2FEF770FE0227329043E094
:10AED000329809900498DDE90A2102F0C7FE339008
:10AEE0004FF6FF70814522D0834520D00098484519
:10AEF0001DD358451BD2BDF80C100F98BDF80E207D
:10AF0000ADF80010401EADF802201044339BA28A19
:10AF10005B1E11446A461944ADF80410ADF80600F2
:10AF200010A9359800F086FEE089ADF8240003AA48
:10AF3000BDF8240022A9ADF894000B9B359800F0D1
:10AF400034F93398002807DDA18ABDF80C000844C5
:10AF500033990844ADF80C000D99059881423FF6ED
:10AF60003FAFA07F800723D5319802ABADF800003A
:10AF70002068BDF80E20B0F90810BDF97A0001EB89
:10AF8000D17100EBD070491001EB6000BDF80C10DE
:10AF90001044ADF80810ADF802001EA9ADF80A0083
:10AFA0006A46BDF82400ADF87800359800F002F943
:10AFB000A07FC0071FD03198ADF800002068049929
:10AFC000BDF80E200389408991F90D101A44101A1A
:10AFD0006A46401ABDF80C10ADF8081002ABADF887
:10AFE00002001EA9ADF80A00BDF82400ADF87800F3
:10AFF000359800F0DFF8617F00202F9BCDE900013C
:10B0000006EB0800B4F9142004990746F0F7D0F8CD
:10B010004546BAF8001000EB05083098ADF80C1062
:10B02000022802D0032816D029E0607FA8EB050192
:10B0300000903846B4F91430049A0CF0EBFF074640
:10B040005046FDF76BF8C01BBDF80C1000EBD0703C
:10B0500001EB600011E0607FA8EB0501009038462D
:10B06000B4F91430049A0CF0D5FF07465046FDF7AA
:10B0700055F8BDF80C20C01B1044ADF80C00BDF80D
:10B080000E100F98084400B2ADF80E00359989688B
:10B09000B1F90610884203DC705D00287FF492AE9F
:10B0A00039B0BDE8F08F00009802002438B52021A7
:10B0B000044605F035FDFF20A076FEF74BFC00901E
:10B0C000BDF80000A0814FF6FF700A49C4E90010E6
:10B0D000A060FEF73FFC0090BDF80000E081052075
:10B0E0000AF0A0F80090BDF8000020820020E07671
:10B0F00038BD0000A03B0390036C002B00D0184724
:10B100007047436C002B00D0184770472DE9F04181
:10B110000546C06B17460E46002826D0E86C05F0A1
:10B1200075FB04001CD0E96C05F0FAFCEFF7C2FFD8
:10B1300029683A4621626968E161A968A1612146EE
:10B140000068007CC0F3801084F824003068206020
:10B15000706860602846EB6B9847050001D003E0FB
:10B16000FEE7204605F0DEFB2846BDE8F08170B51D
:10B170000C46054602F0E6F8206A2860E06968603F
:10B18000A069A860EFF796FF006894F82420016991
:10B1900062F386110161AA6C12B1214628469047DC
:10B1A0002046BDE8704005F0BDBB30B4046AA4463B
:10B1B00030BC604730B44C88002C06D00C7A022C8E
:10B1C00003D9446AA44630BC604730BC704738B5E8
:10B1D0000A21044605F0A4FC01216180FF202072B1
:10B1E000BDF80010002060F3040189B260F34A1139
:10B1F00089B260F3CF21ADF8001088B20090BDF89D
:10B2000000000090BDF80000208038BD0B4A0346C6
:10B21000002010B552F8304024B1401CC0B21028B4
:10B22000F8D301E0102802D34FF0FF3010BD02EB3D
:10B23000C00442F83030616010BD0000781D022467
:10B240002DE9FF4F81B08B461C4616460E9D05F139
:10B25000100A05F13C09B5F90A10B5F90830B5F93D
:10B260000C00571AABEB0303B42860DAB5F90E20D3
:10B27000B42A7DDA00287BD0002A79D0904277DD8D
:10B28000B1425DDC696D07F1010CAD6AA0F20F18E7
:10B29000794305FB0CF54FEAA127B8F1580F4FEAA7
:10B2A000A52101D8002909DB451E592D01D8002907
:10B2B00004DB5B38B32802D2002900DD0021A2F2B2
:10B2C0000F10582801D8002909DB501E592801D831
:10B2D000002904DB5B3AB32A02D2002900DD0021F9
:10B2E000781A012501EB6000C71AA74200DD274646
:10B2F000002F0DDD3BB2019832465946CDF800A033
:10B3000000F096F9050003D10198394605F008FCD4
:10B31000A74200DD2746002F00DA0027CDF8009075
:10B3200060E0B54270D1284605B0BDE8F08F6CDD15
:10B33000B5F90E20B42A68DD904266DDB14201DA2B
:10B340000120F1E7696D07F1010CAD6AA0F20F1859
:10B35000794305FB0CF54FEAA127B8F1580F4FEAE6
:10B36000A52101D800290BDB451E592D03D800E08B
:10B370004BE0002904DB5B38B32802D2002900DD52
:10B380000021A2F20F10582801D8002909DB501E15
:10B39000592801D8002904DB5B3AB32A02D20029DC
:10B3A00000DD0021781A012501EB6000C71AA742D1
:10B3B00000DD2746002F0DDD3BB20198324659468D
:10B3C000CDF8009000F034F9050003D1019839461A
:10B3D00005F0A6FBA74200DD2746002F00DA002774
:10B3E000CDF800A00BEB0700324601B20198E41B38
:10B3F000384423B2074600F01BF9060091D12146DC
:10B40000384605F08DFB8CE751E04FF00107B4287A
:10B41000B84604D030B108DAB14208DC09E0B142E4
:10B4200010DC04E0B14202DC0CE0B14201DC032795
:10B4300008E00198234632465946CDF800A000F0B6
:10B44000F7F80746B5F90E00B42806D060B1B5F993
:10B450000A000FDAB04204DC0EE0B5F90A00B0428F
:10B4600006DD4FF0030803E0B5F90A00B042F8DD4D
:10B47000BFB10EE0B042F4DD019823463246594692
:10B48000CDF8009000F0D4F8804657B1B8F1000F25
:10B4900007D0032F02D0012F05D008E0B8F1030F29
:10B4A00005D1002040E7B8F1010F4046FAD0022054
:10B4B0003AE700002DE9F843002B17468846054679
:10B4C000089C4FF4B47140F2671001DA002302E0E7
:10B4D0008B4200DB0346002C01DA002402E08C42A0
:10B4E00000DB04469C4203DAC3F5B470204403E059
:10B4F000E01A002800DC181BA5F86800EC81012286
:10B50000A5F808808B426F812A711448AB812860AE
:10B5100000D9FEE7B42B01D2002000E00120002C6E
:10B5200001DB8B4200DDFEE7B42C05D3A4F1B401AE
:10B53000B42901D2002600E001263A464146009097
:10B5400005F1100000F0CAF805F13C0023463A4628
:10B550004146009600F0C2F8BDE8F88341B2019080
:10B560002DE9F8430E4C00251E46174688468146B5
:10B570000DE000903346D0F800C03A4641464846B8
:10B58000E047002808D0022800D1012508342068AF
:10B590000028EED115B10220BDE8F8830120FBE7B9
:10B5A000781D022410B50179022906D0052913D18E
:10B5B0008068BDE8104005F0B5B904464069002830
:10B5C0000AD00169002904DA406805F0ABF9606926
:10B5D000EFE74169491E416110BD000070B5134D90
:10B5E000060008D05FF0000455F83410B9B10879AE
:10B5F000022805D002E02868002800D0012070BD94
:10B60000887CB1F9102001F10801C007304602D052
:10B61000EEF774FC01E0EEF701FC0028EED0641CAC
:10B62000E4B2102CE0D3002070BD0000781D02248D
:10B63000F8B5069CA58A678A521B94F82850266A9A
:10B64000C91B12B209B24FEAC57526B1009485B381
:10B65000FBF720FDF8BD85B1207C810727D000F0E5
:10B660000301012923D0022901D1511C1FD4C04359
:10B67000800728D1002A1ADC25E0227C02F003048E
:10B68000022C14D0D543AD0711D0012C01D10029D3
:10B690000DDC920701EB030207D0002A13DB4942BD
:10B6A0000FD50021002B0EDD0FE0002A02DA012069
:10B6B000F8BD10E04A4206D49A420ADA991A1044B8
:10B6C00005E0994201DB0020F2E7994201DA05F03A
:10B6D00027FA0220ECE7FBF78AFDE9E72DE9FC47B2
:10B6E000B42B1C4616460F46DDF82880814601DD46
:10B6F000B43C24B204F15A0000B20CF063FB07EB37
:10B70000601520460CF05EFB06EB6010324600B27E
:10B710003946CDE900082BB2484600F003F8BDE8F1
:10B72000FC8700002DE9F047984616460F46044670
:10B730002C21DDE9085905F0F3F9AE4206D1B9F143
:10B74000030F03D1761E6D1E36B22DB2AE4205DD5B
:10B750004046B8460746284635460646A4F80C80BB
:10B76000A8EB0700E581002827814B4667826681A8
:10B77000A68284F8109001DD074601E0A7EB0807D8
:10B78000AA1B002A01DD114600E0711B8F4294F8CC
:10B79000281002DD41F0010101E021F00101002546
:10B7A000E561A561CE072571234D84F82810256039
:10B7B0004FF480150DD020B195FBF0F65643B6122C
:10B7C000E66122B195FBF2F242439012A061E0697A
:10B7D0000CE022B195FBF2F64643B612A66120B109
:10B7E00095FBF0F050438012E061A0692062980759
:10B7F00009D003F00300012808D0022813D0D84351
:10B80000800714D006E021F0020001E041F00200C0
:10B8100084F82800216A88106062002901DA404219
:10B820006062BDE8F087206A0028EFDCEBE7206A61
:10B830000028EBDDE7E7000031B601902DE9FE4F6F
:10B8400081461C4617460D46DDF8308008F1080198
:10B8500098F81200B8F9106000F0010A6846FCF789
:10B86000E2FBBDF90200BAF1000F2FD0B84250DC64
:10B87000BDF90600B8424CDBBDF900008119A942B0
:10B8800005DCBDF904102A19891B8A4209DDBDF9BE
:10B8900002108A19BA4240DCBDF90620921BBA4256
:10B8A0003BDBBAF1000F18D0401B00D50020A042AE
:10B8B00031DCBDF90410491B091A491C4218A24287
:10B8C00000DD211A002926DB4844F0E0B84213DCF1
:10B8D000BDF90600B8420FDBCEE7461BA6420BDCE3
:10B8E000002E03DB3146484605F01AF9BDF9040085
:10B8F000451B6D1C002D02DC0020BDE8FE8FA5421B
:10B9000004DA611B09EB050005F00AF91EB9A5422E
:10B9100001D10120F1E70220EFE7BDF804C07F1A52
:10B92000BDF80630421BACEB0005591A38B2491C71
:10B930006D1C2FB209B2B04202DA301A401E01E08B
:10B94000891B401AD8F8141000B2022303EB4005FB
:10B95000D1E902C3496833F810805D5B1FFA88F3B0
:10B960003CF8100003EB010BD3194FF000073244F1
:10B970009B1BA2EB0001A5EB08051844A1F10101F6
:10B980002DB20FFA80F80EB2BAF1000F21D06AE0A2
:10B99000E91B594408EB07005FEA000A11F8011C93
:10B9A000029108D4A24506DA19F80A1002980DF09F
:10B9B000AFF809F80A00B6EB070A08D4A24506DA80
:10B9C00019F80A1002980DF0A3F809F80A007F1C74
:10B9D0003FB2AF42DCDB08EB0700A04201DA0146D0
:10B9E00000E02146002901DA002002E0A04200DB4D
:10B9F000204601B209EB0100611A05F091F8701BB5
:10BA0000411CA14201DA0A4600E02246002A01DA7E
:10BA1000002402E0A14200DA0C46484621B246E08A
:10BA2000E91B594408EB07005FEA000A11F8011C02
:10BA3000C1F1FF00029008D4A24506DA19F80A10F5
:10BA400002980DF065F809F80A00B6EB070A08D469
:10BA5000A24506DA19F80A1002980DF059F809F80B
:10BA60000A007F1C3FB2AF42DADB701CA04201DA51
:10BA7000711C00E02146002901DA002604E0A04202
:10BA800001DA761C00E0264632B2A11AA8EB0200C9
:10BA9000884201DA034600E00B46002B01DA002061
:10BAA00002E0884200DB084601B209EB020005F023
:10BAB00037F830E72DE9F0414F881C460B881546D2
:10BAC000CA8806468888D21BC01A401C521C00B285
:10BAD00012B2904200DB1046B5EB600F00DD45105E
:10BAE000002D00DA002506F10800FCF79CFAB4747A
:10BAF000022035824FF00001307137483060C5B107
:10BB0000364800224FF47A73C2EBC20400EB84047F
:10BB1000B4F91840AC421CD1C2EBC201102D00EBAD
:10BB20008100D0E9041202F10102426104DA01222B
:10BB300003E07161BDE8F0812A110A449A4205DAF6
:10BB4000102D01DA012200E02A118B1803617061C7
:10BB5000F0E7521C042AD7D300242246C2EBC207C6
:10BB600000EB8707D7F814C0BCF1000F07D12CB148
:10BB7000D7F810C0D4F810E0F44500DA3C46521C67
:10BB8000042AEBD344B16069102D00F10100C4E92F
:10BB900004100EDA01200DE01C2004F037FE040032
:10BBA00006D01C2104F0BCFF4FF0FF3020610BE0F9
:10BBB000FEE728110844984205DA102D01DA012029
:10BBC00000E028110B182361204629467461BDE866
:10BBD000F041F1F72BBA00003DB80190081D022496
:10BBE000F0B50A4E002507464FEA050406EBC400EF
:10BBF0004068B84204D156F83450204600F008F8A6
:10BC0000641CE4B2102CF1D32846F0BD781D022448
:10BC1000411C4FF0000110B508D0054A002302EB8B
:10BC2000C00452F8301042F830306360084610BD4E
:10BC3000781D022430B4D38854881B1B5B1C1BB2B4
:10BC4000012B09DB938814881B1B5B1C1BB2012B87
:10BC500002DB036930BC184730BC704738B5382167
:10BC6000044604F05DFFFEF7C5F80090BDF8000043
:10BC700024F8040FFEF7BEF80090BDF800006080C5
:10BC8000FDF772FE0090FF25BDF80000E080022065
:10BC90002572A072FDF768FE0090BDF80000608379
:10BCA000FDF762FE0090BDF800002085E07F04F8FB
:10BCB000015CA57520F03E0084F826501E30A57763
:10BCC000024984F832502161E07738BDA03B0390EF
:10BCD0002DE9F0410546487E88B00C4628B128463B
:10BCE00000F006FB08B0BDE8F081AA6805A821684D
:10BCF000EEF76BF80028F5D0E66816B1207C002836
:10BD0000F0D0207C012800D1002668688288B0F934
:10BD10000010A2EB010202F101020FFA82F836B321
:10BD2000606981880288891A491C0FB205A9FCF74D
:10BD3000D4F90490606808B12146D0E7686841886A
:10BD4000008849420AB2404201B205A8FCF70CFA49
:10BD5000207E05AA039004A821893346ADF8081077
:10BD60004146CDE900702868EEF750FCBAE76268FA
:10BD70001AB3206881880288891A491C0EB205A965
:10BD8000FCF7ABF9079068684188008849420AB21D
:10BD9000404201B205A8FCF7E7F9207E022207AB7A
:10BDA00001210491CDE90202CDE90063636805AA8F
:10BDB00028684146EEF752FB94E74088494209B2B1
:10BDC000404202B205A8FCF7CFF9207E05AA0090F8
:10BDD00041462868A368EEF7BFFA83E72DE9F041F2
:10BDE00086B01F4690460C4619460C9EDDE90D5064
:10BDF000FCF773F9FF2205900120009505ABCDE912
:10BE0000013202213346CDE903103A46414620462D
:10BE1000EEF724FB0020EEF78DFC06B0BDE8F081C4
:10BE200010B50C4600F036FD034860650348A0617C
:10BE30000348A06310BD0000D1BC019045BE019035
:10BE4000DDBD01902DE9F04F89B0044680699B4625
:10BE500090460D46DDF84890002836D0A06801884D
:10BE6000ADF814104188ADF816108188ADF818109F
:10BE7000C088ADF81A0005A8FFF7B0FB0746288870
:10BE800018B96888B0F5807F01D0012000E000205B
:10BE900082464846FDF7EBFDB9F1110F064606D084
:10BEA0005FF0000057EA0A07824602D005E0012051
:10BEB000F8E7FF2E01D0A87A50B15B4642462946EA
:10BEC0002046CDF8009000F041FB09B0BDE8F08FAE
:10BED0006068B8F80410B8F80020891A82880088D1
:10BEE000491C0FB2101A401C0FFA80F9404605A9F0
:10BEF000FCF7F3F8079060684188008849420AB26D
:10BF0000404201B205A8FCF72FF902A8E97A07AA76
:10BF10005B4680E84204CDE90072206805AA4946E4
:10BF2000EEF79CFAD1E70000064808B5016841F039
:10BF300010010160BFF34F8F034A00210068009099
:10BF4000D16408BDD4440258001000522DE9FF4FBF
:10BF5000C9B0087B9946144602280F46DDE95665AC
:10BF60007DD9B7F90200002879D0AE4277D00FFA18
:10BF700089FB8246484500DDDA4601A8FFF76EFEE0
:10BF8000787B00F003008DF80600B86840B100200F
:10BF90008DF80700B8680590387B8DF81E0005E025
:10BFA000387B8DF807003888ADF80800A9F101004A
:10BFB00022884FF0FF38A2EB0902ADF848206388D1
:10BFC000A3EB0901ADF84A1023880344ADF84C30C7
:10BFD000B4F802C0ADF840206044ADF84430ADF88C
:10BFE0004E00ADF84210ADF84600B7F802C0CDF8EB
:10BFF00008814FF000086244ADF84020B7F802C055
:10C00000614409B2ADF84210B7F802C0A3EB0C03CB
:10C01000ADF84430B7F802C09A1A521C12B2A0EB25
:10C020000C0000B2ADF84600002A12DD401A401C98
:10C0300000B200280DDD012347F6FF7210A936A8D3
:10C04000FFF738FD00214FF0010836A8FFF7DEF8B2
:10C050004290002312A947F6FF723CA800E02BE0B3
:10C06000FFF728FD00213CA8FFF7D0F8479006F520
:10C07000B470A84205D005F5B4718E424FF4B47087
:10C0800021D147F6FF70ADF80400499812AA01A922
:10C09000FFF7D0FD4798FFF7BBFD4298401C02D048
:10C0A0004298FFF7B5FD3CA8FFF77CFAB8F1000F06
:10C0B00002D036A8FFF776FA4DB0BDE8F08F00BF8A
:10C0C000A6F5B476B6B28642FAD202E0A5F5B4750A
:10C0D000ADB28542FAD228B24590009033B2B4F99D
:10C0E00002201BA8B4F900104693FFF7E3F90021E2
:10C0F0001BA8FFF78BF8B542489003D9A81BC0F5E1
:10C10000B47000E0701B49993C28896800912BDDD0
:10C11000B9F10A0F28D95A20ADF85850B6FBF0F102
:10C12000B5FBF0F21494ADF854B0ADF8566001F0E0
:10C130000300ADF85A0002F00301ADF85C1001A84D
:10C14000189012A8ADF85EA0199049981A9014A8FA
:10C15000F5F754FE14A8F5F736FF14A8F6F702F821
:10C1600014A8F6F7EDF804E0499812AA01A9FFF720
:10C1700061FD1BA8FFF716FA3CA8FFF713FAB8F108
:10C18000000F02D036A8FFF70DFA4898FFF740FDE0
:10C190004798FFF73DFD4298401C02D04298FFF7B8
:10C1A00037FD787B400787D546980AF0FF0242ABFF
:10C1B0005946F9F78FFEBDF8080142AA21880844C4
:10C1C000ADF80801BDF80C0121880844ADF80C0158
:10C1D000BDF80A0161880844ADF80A016188BDF81C
:10C1E0000E0108440099ADF80E0147A8EDF7EDFDEA
:10C1F00047ADC0B1002347F6FF7242A914A8FFF76C
:10C2000059FC002114A8FFF701F80646499812AA24
:10C2100001A985604998FFF70DFD3046FFF7F8FC4E
:10C2200014A8FFF7BFF945980AF0FF0242AB594640
:10C23000F9F750FEBDF8080142AA21880844ADF87C
:10C240000801BDF80C0121880844ADF80C01BDF8C7
:10C250000A0161880844ADF80A016188BDF80E0141
:10C2600008440099ADF80E0147A8EDF7AEFDC0B146
:10C27000002347F6FF7242A914A8FFF71BFC002118
:10C2800014A8FEF7C3FF0446499812AA01A98560C5
:10C290004998FFF7CFFC2046FFF7BAFC14A8FFF738
:10C2A00081F949990098886006E770B514460D46F3
:10C2B0000646F1F7A3FC224629463046BDE8704009
:10C2C000F1F771BE7CB50446087E0D4602280ED9F2
:10C2D000A26868462968EDF778FD002807D0616BF1
:10C2E00009B120468847626D2946204690477CBDAB
:10C2F0002DE9F04FCD6889B00C46074615B1207C7A
:10C30000002872D0207C012800D10025786881881F
:10C310000088081A401C00B20790BA6805A8216876
:10C32000EDF753FD002860D0EEF7C4FE83460068A9
:10C33000D7F80090C16951BB017C490610D47968D7
:10C34000BDF91420BDF91630B1F90060B1F9021041
:10C35000921B5B1A079901FB032209EB420115E0CE
:10C360007A68BDF91630BDF91460B2F902C0B2F9AD
:10C370000080A3EB0C02079BA6EB08065A4302EBD6
:10C38000420306EB460203EB090111448946D4F847
:10C3900004A05FEA0A0117D02168BDF91430BDF985
:10C3A0001660B1F804C0B1F90020B1F90210ACEB8D
:10C3B000020C9A1A0CF1010C0FFA8CF8731A08FB94
:10C3C00003220AEB420A01E04FF0000835B3007C7B
:10C3D000000710D46069FBF78CFE0146002008E0DE
:10C3E0002A5C802A02D9FF2201E035E000222A548B
:10C3F000401C8842F4DB6069BDF91420BDF9163099
:10C400008688B0F90010B0F90200761A511A181A8D
:10C41000761C36B2294406FB001500E00026786839
:10C4200042880188504202B2494209B205A8FBF78E
:10C430009BFEDBF80000C069D0B160680028207E58
:10C440000DD001A9CDF80080534681E86100079A1C
:10C4500005A948460CF0D8FA09B0BDE8F08F8DE880
:10C460006100A36805A9079A4846F8F733FCF3E78B
:10C47000607E80B161680029217E25D0CDF80080E2
:10C480005346CDE90360CDE90115079A05A9484651
:10C490000CF064F8E0E760680028207E0BD001A96A
:10C4A000CDF80080534681E86100079A05A9484607
:10C4B0000CF016F9D0E78DE86100A36805A9079A8A
:10C4C0004846F8F759FAC7E7CDE90260CDE900150B
:10C4D000A36805A9079A4846F8F7A6F9BCE72DE92D
:10C4E000F04790461D460A9ADDE90809B5F9024071
:10C4F000B5F804C0B2F90230B2F90070B5F9002005
:10C5000003FB09F314FB08F6ACEB020C00EB430051
:10C510000CF1010C0FFA8CF301EB460100EB47061E
:10C5200001EB42074FEA430A0AE0524631463846D9
:10C5300004F034FA641C24B207EB480706EB490602
:10C54000B5F90600A042F0DABDE8F0872DE9FF4F0B
:10C550009FB00D46816814468346DDF8B0A01AA846
:10C56000FBF76AFD1AA8FFF739F80F90288818B969
:10C570006888B0F5807F01D0012100E0002106919C
:10C580001C2113A804F0CCFAEA7A4FF000060699B1
:10C590004FF002070F988DF864200843287B00F0C5
:10C5A0000F008DF8650011A813902BD1BAF1040F7C
:10C5B00006D0BAF10E0F0AD0BAF1140F20D021E044
:10C5C000A87AF8B9229813A9CDE9134012E0DBF854
:10C5D000082021466846EDF7F8FB00280DD0229888
:10C5E0001496189416902889ADF854008DF85C7054
:10C5F00013944FE05846FFF765FE23B0BDE8F08F77
:10C60000A87A90B3DBF808100888ADF84400898850
:10C61000ADF848100A1ADBF80800521C418810B225
:10C620001090ADF84610DBF80800C088ADF84A005D
:10C63000401AA1882688401CE2880FFA80F8638897
:10C64000891B491CD01A401C09B20B9100B20E90F4
:10C65000EEF730FDFDF7B0FF064611A8FBF749FDE8
:10C66000B042109818D8464618E0FFE7A2882588FF
:10C67000E1886388521B521C2298C91A149012B286
:10C680001394491C189409B28DF85C70520002FB97
:10C690000100169013A9ADE7B6FBF0F600FB06F912
:10C6A0004FEA490004F0E0F80990484604F0DCF84D
:10C6B0000C90761E169011A8189002200896BAF1D8
:10C6C000040F8DF85C0009981490BDF84610BDF970
:10C6D0004A00079001EB0600ADF84A0005D1288812
:10C6E00018B96888B0F5807F01D0022000E00120F1
:10C6F0008DF85C00C0E011A91CA8FBF79DFC6088C8
:10C700002188404202B2494209B21CA8FBF72CFD25
:10C71000069880B10C980999CDE9025ACDE9041028
:10C720000B990E98229ACDE900010B9B1CA9584643
:10C7300000F0EDFD0DE00C990998CDE90301CDE97C
:10C74000015A0B980E9B2299024600901CA8F0F704
:10C7500043FFA87A02285AD92B89C0B29FB2FB0A9C
:10C76000C7F3451613FB00F307F01F0716FB00F68F
:10C7700017FB00F763F30F0166F31F41039167F3A3
:10C780000F0205920022C0F1FF013EE0099800EB84
:10C79000420001900088ADF80800BDF80830039809
:10C7A0009E46DF0A86B217FB01664FEA104C0598D9
:10C7B000C3F345131FFA80F8BDF8000013FB01C74F
:10C7C0000EF01F0306EBC61C13FB018307EBC71813
:10C7D0000CEBC63608EBC73CC6F3C45703EBC318D3
:10C7E00008EBC33367F3CF20CCF3C556C3F3C45370
:10C7F00066F34A10521C63F30400ADF8000080B2E7
:10C8000000900198BDF8003003804A45BED30F98D0
:10C81000F8B1BDF946604FF002080C9F15E000BF6B
:10C82000BDF944103246109B3846FEF799FE10B110
:10C83000022804D005E01099384604F071F98DF80B
:10C840005C80761C109836B20744BDF94A00B042AD
:10C85000E6DA13A95846FFF735FDBDF84A000899F6
:10C86000401CADF84600014408B20799ADF84A00F3
:10C87000884201DDADF84A10BDF9461007988142A3
:10C880007FF739AF0C9804F03BF8099804F038F8BA
:10C89000B3E6000010B50C465821204604F040F9DC
:10C8A00010492C2061611049216110492163104910
:10C8B00021621049A161104961621049A1621049C9
:10C8C000E162104961631049A1631049E1631049B5
:10C8D0002164104961641049A16410496165E064F4
:10C8E00010BD00004DBF019031D00190ABC201904E
:10C8F000F5CA01904DC501900BCC0190B1CD0190CE
:10C9000069D001900DD30190DFC40190F9C9019065
:10C9100021C9019073C90190EFCA0190F1C2019041
:10C920002DE9F04117460C460646EEF7C3FB0546D7
:10C93000F8070ED0A16A606921F0004104F0F0F818
:10C94000A06A40F00041A1622868016941F04001FD
:10C9500007E0A06A20F00041A1622868016921F087
:10C960004001016160690834C6E90004B460BDE8B3
:10C97000F081FEB5054600680C4616460290009808
:10C9800020F0E0000090686881880088081A00990B
:10C99000401C60F3942100916868C1884088081A9F
:10C9A0000099401C60F35F510091A06A002801DAF1
:10C9B000052100E00421009861F304000090206A42
:10C9C0002860E0696860A069A860EEF773FB006802
:10C9D0006B4694F82420016962F38611016104F129
:10C9E000080231462846FEF76FF8284600F0AAFCF8
:10C9F000684601F0F8FCFEBD70B515460646D00746
:10CA00000C4672D1A80742D5A06A00F0004000F59C
:10CA1000C040A0622046FBF76CFBA16A400021F0F9
:10CA20000042824202D960F31E01A162A06A20F096
:10CA3000004003F0EBFE2146606168B9A06A00F097
:10CA4000004000F54060A06220F0004003F0DEFEF0
:10CA500000282146606146D0084661886668A36A5E
:10CA60000268826023F00042E660E18123F0004129
:10CA70002689A089801B401C00B292FBF0F200EBDB
:10CA8000400391FBF3F02082521062822AE00846B4
:10CA9000096862688160E260FBF72BFB0146A06ACF
:10CAA000490061F31E00A06220F0004003F0AEFEDA
:10CAB0006061A16A21F0004104F032F8A06A05F03B
:10CAC0000105616965F3DF70A06269B104F10800D6
:10CAD000C6E90010B060EEF7EDFA0068016965F391
:10CAE00086110161204670BDFFE70020FBE7486921
:10CAF00003F018BFF0B597B01C460746086800233E
:10CB000015460E46224601A901F005F8F0B3BDF81E
:10CB10000C1000293FD0BDF80A20002A3BD0BDF8F8
:10CB20000E002B88184400B2ADF84C003368024464
:10CB30006D88B3F808C05B89ACEB030CBDF810300E
:10CB400065446D1AEB1A1DB2ADF84E50BB68B3F9CF
:10CB500000C062451FDBB3F9042090421BDCB3F92F
:10CB600002002944814216DBB3F90600854212DC3B
:10CB70000198214600F0CBFF00280CD00199097BD9
:10CB8000890708D101AB314613AA00E005E0009007
:10CB90003846F3F765FA17B0F0BD202CFBD3A4F5A7
:10CBA0007840FF38F7D0A4F500500C38F3D06A88ED
:10CBB000BDF810402888BDF80E302244BDF80C1096
:10CBC00012B218448B1801B218B20090BDF80A00D6
:10CBD000084403B214A8FBF7D5FA05A8FFF73EF8FE
:10CBE00002208DF817008DF83E0001218DF84A00D3
:10CBF00014AA8DF82E00B089ADF832003846ADF891
:10CC0000341005A93B699847C5E72DE9F0470E4662
:10CC1000B1F9021096B01C460029154681467ED017
:10CC2000307A02287BD9B5F90020B4F9000082429D
:10CC300005D1B5F90230B4F90270BB426FD082421F
:10CC400000DA104601EBD171A0EB6100ADF84400B1
:10CC5000B5F90000B4F90010B6F90220884200DCF2
:10CC6000084602EBD27100EB6100ADF84800B5F95F
:10CC70000210B4F90200B6F90220814200DA084637
:10CC800002EBD271A0EB6100ADF84600B5F90210DD
:10CC9000B4F90200B6F90220814200DD084602EB39
:10CCA000D27100EB6100ADF84A0011A9D9F8082053
:10CCB0000846EDF78AF8002876D0D9F808A011A91F
:10CCC000C9F80810B5F90200B4F90210884206D17B
:10CCD00023462A4631464846F3F71AFB0EE0B5F9DB
:10CCE00000002346B4F900102A46884231464846DF
:10CCF00002D1F3F77FFD01E0F3F7C6FB707A01077D
:10CD000001D440074ED502A8FEF7A8FF308847F6A9
:10CD1000FF71ADF80C00ADF80810307A00E043E088
:10CD20008DF80B00B6F90210727A41F30000520739
:10CD30004FEA610700F1010818D528886A46C01B30
:10CD4000ADF800006888C01BADF802002888C11942
:10CD5000A1EB0800ADF804006888C119A1EB080038
:10CD6000ADF8060002A94846FEF764FF707A000796
:10CD700018D520886A46C01BADF800006088C01B2B
:10CD8000ADF802002088C119A1EB0800ADF804003D
:10CD90006088C119A1EB0800ADF8060002A9484659
:10CDA000FEF748FFC9F808A016B0BDE8F0870000FC
:10CDB0002DE9FF4F032B1F468BB016467ED3002E66
:10CDC0007CD0B80003F050FD05007BD07A1E31689E
:10CDD00000242960204615E006EB800136F920305A
:10CDE000B1F904C0634505D1B1F90230B1F906C00B
:10CDF000634505D005EB84030968641CA4B219607F
:10CE0000401C80B29042E7DB06EB8700B6F90010C9
:10CE100030F9042C914205D1B6F9021030F9022CF8
:10CE2000914206D005EB840150F8040C641CA4B2B6
:10CE30000860032C43D37D4A0020D2E90012CDE9DB
:10CE4000021227E035F92020BDF90810914200DBDD
:10CE50001146ADF8081005EB8003BDF90A20B3F9BF
:10CE600002108A4200DA1146ADF80A1035F9201096
:10CE7000BDF90C208A4200DD1146ADF80C10B3F963
:10CE80000210BDF90E208A4200DD1146ADF80E10E9
:10CE9000401C80B2A042D5D30B9802A9826805A895
:10CEA000ECF793FF58B10B98002605A9806809900C
:10CEB0000B9881600120B5F9021011E002E02846CC
:10CEC00003F01EFD0FB0BDE8F08F00BF05EB800240
:10CED000B2F902208A4201DA06B21146401C80B241
:10CEE000A042F3D32C2104FB01F003F0BDFCB246B9
:10CEF00083464FF00008D1460490701E00D52044B0
:10CF0000621E089209F10101914200DD002105EB4A
:10CF1000860305EB800235F8200035F821C005EBCB
:10CF2000810735F826105B885288401A7E88ACEB62
:10CF3000010700210791D21AF11A12FB07F211FB27
:10CF400000F0824267DA0120079001E00798E8B319
:10CF500008980AF10106864200DD0026B9F10107B2
:10CF600000D5274405EB860105EB8A02B1F90200E2
:10CF7000B2F90220904216DB12D035F9263035F98D
:10CF80002A108B420CD04FF0010CCDE9000C584612
:10CF9000FEF7C8FB04995846FEF738F90BF12C0B45
:10CFA000B24608F10108A04523D005EB870205EB46
:10CFB0008901B2F90200B1F90220904217DB13D0C7
:10CFC00035F9273035F929108B4200E023E00BD0EA
:10CFD0000026CDE900065846FEF7A4FB0499584602
:10CFE000FEF714F90BF12C0BB94608F10108A04526
:10CFF000ACD3DDE90B0102AAFEF71CFE0498FEF794
:10D00000EFFD049803F07CFC284603F079FC0B99B3
:10D010000998886056E7BAF1010600D526440898B9
:10D0200009F1010787429DDD00279BE7B4FF0290CD
:10D0300070B514460D460646F5F7E0FF2246294630
:10D040003046F0F7DBFD224629463046F0F7ABFFCD
:10D05000224629463046F1F796F8224629463046C0
:10D06000BDE87040F4F7B0BD2DE9FF4F97B00D4615
:10D070004FF480314FF00A0A269FDDF8A4B0B7F9CB
:10D08000000042420F927A88B1FBF2F10E9179686A
:10D0900012910F9991FBFAF60A46714230B201EBF8
:10D0A000810306F1010902EB43040AF08BFE0190B3
:10D0B0000FFA89F00AF086FE5A36009030B20AF074
:10D0C00081FE09F15A01804608B20AF07BFE019BFD
:10D0D000C4F10A010246002601FB03F001FB08F13E
:10D0E000009B02FB041103FB040091FBFAF190FB8F
:10D0F000FAF0CDE90C0140110C9048110D90BDF9EA
:10D10000480000021090BDF94A0000021190A88862
:10D110002988EA88401A6B88401CD11A491C04B23D
:10D120000FFA81FA4DE014A80090B5F9020013AB94
:10D13000B5F90010821908A811F03AFB16A8009062
:10D14000B5F9020015ABB5F90410821908A811F061
:10D150002FFBDDE91420139B4FF00001DDF858C0D0
:10D16000012CA0EB03080846ACEB020C08DD601EA6
:10D170004FEA082191FBF0F14FEA0C2C9CFBF0F0F8
:10D1800097F814C002F1800803F180095FEACC72BD
:10D190001CD0DDE9272C03ABCDF8009083E81110FB
:10D1A000CDE90181CDE906B2DDE91901DDE92423EC
:10D1B000EEF7B0FE2898761C36B200EB44002890BB
:10D1C000A3445645AFDB1BB0BDE8F08F279A042A75
:10D1D00050D0052A12D0062A4CD0142AEAD1199A26
:10D1E0000792259B1A9ACDE9020128980692249A63
:10D1F00005900020CDE90089049284E0199A8446C4
:10D2000004928E461A9A0392249A0292259A28989A
:10D210000192009000202AE00EFB00F10CFB00F2CE
:10D2200009EB212108EB222209124FEA222207D41E
:10D23000039B994204DA002A02DB029B9A4203DB39
:10D2400000210BF8001010E0019B02FB031204996F
:10D2500002EB420211444B780A7802EB0322009B56
:10D2600023F810208A780BF80020401C00B2A0425E
:10D27000D2DB9FE71346289ACDE90210CDE906B329
:10D28000CDE90442CDE90098DDE91901DDE9242367
:10D290000DF07EFD8EE7039A0299DDF804C042434B
:10D2A00041430CEB222C009A02EB21225FEA2C2155
:10D2B0004FEA222E09D4069A914206DABEF1000FF7
:10D2C00003DBDDF810C0E64503DB00210BF800109E
:10D2D00017E003FB0CF20EFB0318DDF81CC00CEB8F
:10D2E00042090CEB480809EB010C059901EB4002DF
:10D2F0000EFB03C1B8F800C0A2F800C00A780BF812
:10D300000020401C00B2A042C5DB53E770472DE966
:10D31000F04387B08946DDE91251DDE91076DDE999
:10D320000E8C70B1C46A002C08D0CDF80080CDE915
:10D33000045103964946CDE901C7A04707B0BDE8AF
:10D34000F083FEE7416B002900D00847704710B515
:10D350000121044604F057FB4FF6FF706087606AB6
:10D36000012103F022FF00222046BDE810402021C9
:10D3700000F064BB70B50C464FF6FF72002014A19C
:10D380006062C4E90B10A06294F83C10E08620872C
:10D3900041F030016287A086C8B220F00F0008304B
:10D3A00084F83C004FF48061204603F0FEFE09A1A2
:10D3B000204600F099FA204605F01EF801460C4878
:10D3C00004F038FA054604F0A9FA65626C6270BD93
:10D3D000EF81B8004F7074696F6E20310A4F70741E
:10D3E000696F6E20320A4F7074696F6E20330000CF
:10D3F000103F03900146044810B504F01BFA0446A0
:10D4000004F08CFA204610BDF43E039070B5486AD3
:10D4100000250C4610B104F057FB656294F83C00FF
:10D42000C00603D4206B03F07DFA256370BD0000B5
:10D4300070B540480E4604F0B3FE012843D1304693
:10D4400000F0B9FA0546304600F0F3FA0E2D044616
:10D4500014D00F2D21D0102D1FD0082D21D02A2D12
:10D4600023D0292D21D02C2D23D00D2D2CD0152DBE
:10D4700029D13046BDE87040F3F778BC04F072FF64
:10D4800000F022FF054601F0E7FD01F026FE04282A
:10D4900019D17DBB218F2046E186BDE87040FFF7A2
:10D4A00056BFBDE87040EFF728B8BDE8704007F000
:10D4B00062B8304600F0BBFA00210546204605F070
:10D4C00047FF0089688070BD304600F0B0FA0078F0
:10D4D000132810D012280ED0142817D0112815D0D8
:10D4E0001B28D7D00A28EED101F0C6FDA042EAD011
:10D4F0002046D6E719E0204600F058F8A8B1E08EA3
:10D50000A18E401C8842DED2214608E0204600F071
:10D510004DF850B1E08E0028D5D0401E2146E0865F
:10D520000846BDE870400CF02DB82046BDE87040BC
:10D5300000F098B8F43E0390006B002800D101A0E1
:10D540007047000000000000C08E70472DE9F041D8
:10D5500000270446006B90460E463D4620B1E5F795
:10D560004CF90246002008E00F70BDE8F081216B05
:10D57000095C0A2900D16D1C401C904202D2218F07
:10D58000A942F4D10021A8F1010307E0B8F1000F8E
:10D5900001D0994208D2401C7554491C904203D2D4
:10D5A000256B2D5C0A2DF1D17754DEE710B5406A6A
:10D5B000012106F050F880F0010010BDF8B50F46CB
:10D5C000084600F0F8F91828054605D024483946E1
:10D5D00004F0E6FD01283AD1384600F02AFA446A00
:10D5E000082D06460ED0012D17D0092D30D0182D4C
:10D5F0002DD13846F3F7ADF939461948BDE8F84062
:10D6000004F0CEBD01F028FD01F05BFD00281ED125
:10D610003046BDE8F840F9F7DEBE01F01DFD05001B
:10D6200015D001F05AFD012804D0284601F055FD1F
:10D6300003280CD16946284601F024FDBDF90210EB
:10D640002046F8F753F96087304606F0C9FAF8BD6E
:10D650004FF6FF7060873046BDE8F84006F0C0BA6C
:10D66000103F03902DE9F8430121044603F0E2FD49
:10D67000204604F0C1FE0146606A07F0F2FA606AD3
:10D680004FF0FF3106F013FC606A012104F080F9CD
:10D69000002220461F2100F0D1F92046F8F748FA71
:10D6A000216B804602F067FE606A42F2D17107F09A
:10D6B000F6FC404607F06AFD606A05F083FF054608
:10D6C000204605F07FFF85420EDC94F83C0000F018
:10D6D0000F00042801D0082806D1204605F072FF6B
:10D6E0000146606A07F0DBFC404604F040FE002182
:10D6F0000746606A05F0B8FB00210546606A05F040
:10D700007CFD4619606A0021112205F094FDB919CB
:10D7100094F83C202844084407B202F00F063D4626
:10D72000082E02D0042E1FD035E0FCF72DFFFCF7A9
:10D7300089FFB4F91A10294488422CDAFCF724FF37
:10D74000FCF780FFB4F91A200146B4F91600891AD3
:10D75000814201DA042605E0FCF716FFFCF772FFB0
:10D76000618B401A401E15E0B4F91600401B12D51B
:10D77000FCF70AFFFCF766FFB4F91A20B4F916505B
:10D78000801AA84207DD0826FCF7FEFEFCF75AFFC8
:10D79000618B401A05B2BD4200DD3D46606A2946F4
:10D7A00007F02AFA20460BF0EDFE082E4FF000009D
:10D7B00006D0042E09D0012E0CD0022E0FD015E079
:10D7C00000230090606A0D220DE000230090606A43
:10D7D0000A2208E000230090606A102203E0009013
:10D7E0000023606A1322214603F099FD606A07F066
:10D7F000CDFC94F83C0000F00F00012801D0022875
:10D8000018D1606A05F000FF0646606A05F018FF4F
:10D810000546FCF7B9FEFCF715FFA8420ADCFCF749
:10D82000B3FEFCF70FFF281A301A401E01B2606ADF
:10D8300007F061FC226B0021404603F0E1FF022863
:10D8400008D04FF0000303281A4601D0012104E05C
:10D85000032102E0002302211A4601B04046BDE840
:10D86000F04303F04EBD2DE9F0410E00044603D015
:10D870000025A586284606E0FEE70A2902D1A18EEA
:10D88000491CA186401C315C0029F6D1A08E401CA9
:10D89000A086E58630462587E4F7AFFF0746206B74
:10D8A0007F1C30B194F83C10C90602D403F03AF85A
:10D8B0002563384602F0AAFF206390B13146E4F7B1
:10D8C0005FFF94F83C0020F01001204684F83C10E3
:10D8D00006F086F9606A002804D0BDE8F04106F041
:10D8E0007FB9FEE7BDE8F08170B50E00044603D0B5
:10D8F0000025A586294606E0FEE70A2802D1A08E6B
:10D90000401CA086491C705C0028F6D1A08E94F8BB
:10D910003C1000F10100A086E586CA06258704D4E4
:10D92000206B10B102F0FEFF2563204694F83C10F6
:10D93000266341F0100184F83C10243406F050F9BD
:10D940002068002803D0BDE8704006F049B970BDDA
:10D9500010B50446C08E88420FD0A08E884200D8F1
:10D96000411E626AE186204621870AB10BF00AFE59
:10D970002046BDE8104006F033B910BD10B50C4686
:10D980004FF48061204604F003F80421204603F0A0
:10D99000FFFF4FF40031204603F007FC0121204631
:10D9A00003F003FC2046BDE8104001F0F9BD486AD1
:10D9B000002242627047007A20F080007047406881
:10D9C0007047017A15290BD0142909D0162907D0E0
:10D9D000182905D0172903D0192901D00020704734
:10D9E00000697047017A01291FD002291DD003293F
:10D9F0001BD0042919D0052917D0062915D00729CD
:10DA000013D0082911D009290FD00A290DD00B29CC
:10DA10000BD00C2909D00D2907D00E2905D00F29CC
:10DA200003D0102901D000207047006970470069B9
:10DA3000704700687047C0687047000010B588B034
:10DA4000C0B10023009001908DF808100A4CCDE978
:10DA500003329DF8180020F007008DF81800606868
:10DA600005906846C4F804D0F6F7C0FD05996160DA
:10DA700008B010BD0120FBE7C0000024027A132A81
:10DA800006D10069B0F900208A4200DD114601800C
:10DA9000704710B500F004F8BDE8104000F074BB0A
:10DAA0000D48002110B502F081FC0C4C20800020B4
:10DAB00008F006FD6080042008F002FDA08004202C
:10DAC00008F0FEFCE080042008F0FAFC208104202D
:10DAD00008F0F6FC608110BDF54F01900C010024A8
:10DAE000092910B500D120210469F7F76DFE00283F
:10DAF00006D0618A6268890B02EBC00001D0002069
:10DB000010BD00682168C0F31300084410BD08B1BF
:10DB100042681047FEE72DE9F04707009A46904615
:10DB20000C4613D09CB14FF000093D464E46C4F858
:10DB3000009053464246D5F800C021462846E047AB
:10DB400040B1A07BC00603D425600EE0FEE7FEE7EF
:10DB500006B92E466D69002DEBD14EB1356853469E
:10DB6000424621463046A84726600120BDE8F0879E
:10DB7000B8F1200F20D3A8F57841FF391CD0A8F5C3
:10DB800000510C3918D0B7F9080000EBD0704008EC
:10DB9000E080801CA080C4F8009039892181A4F81D
:10DBA0000A90A4F80C90A07B20F00F00401C40F0DD
:10DBB0001000A0730020D9E74846A4F80690E9E7D2
:10DBC0002DE9F047092A9A460C46814649D000279C
:10DBD000D9F810501146F7F7F7FD061E3FD0E96857
:10DBE0004FF0000851B151464846F7F7EDFD0200ED
:10DBF00004D031464846F7F7C5FE8046298A686852
:10DC0000002F00EBC60001FB08F103684FEA211268
:10DC10004FEA135102D000BF4FEA4101114401F114
:10DC200008014FEA1111A180417921810179E18038
:10DC300090F90620628190F90700A0816A8AA07B92
:10DC40004FEA522262F3030020F01000A07304D0C8
:10DC50004FF6FF7000EA4100E0804FF00100BDE8A0
:10DC6000F0874FF001074FF02002B1E71FB540B138
:10DC700013460A466946FFF74EFFBDF8040004B09C
:10DC800010BDFEE770B504464068B0B1C268B2B1DD
:10DC90002168904705466068408840B1A06830B16F
:10DCA000C06808B102F03EFEA06802F03BFE002012
:10DCB00020606060A060284670BD0B2070BD092008
:10DCC00070BD000010B504460748ECF72CFF08E0D3
:10DCD00008680078A04201D1086810BD0248ECF73E
:10DCE00034FF0100F4D110BD201C022410B50446FD
:10DCF000E4F783FD40B1215C2E2907D02F2903D002
:10DD00005C2901D0401EF6D102A010BD2044401C69
:10DD100010BD00000000000010F8011F3A2900D1DA
:10DD2000401C70472DE9F0410E00174605462BD0E8
:10DD30003078FFF7C7FF040028D0616809B1884731
:10DD400030B3A06830B33046FFF7E6FFA368014662
:10DD50003A4620469847F8B1411C1DD0C5E9000459
:10DD6000608870B1102002F051FDA860B0B11021A0
:10DD700002F0D6FEAA684FF0FF3148001160A96892
:10DD800048600020BDE8F0810B20FBE70320F9E7A5
:10DD90000120F7E70920F5E70C20F3E7FEE77CB563
:10DDA0001C004FF0000500D02560436853B11B698B
:10DDB00053B1019545686B88002B01AB06D000F08C
:10DDC00012F80BE00B207CBD09207CBD00931346AC
:10DDD00000680A462E6901462846B047002CF4D058
:10DDE000019921607CBD2DE9FC5F054614468B46F8
:10DDF00099460027D5E901C0BCF802A0D0E900216E
:10DE0000D0E90260B242804648D88E4246D2B01A6B
:10DE100080B28E1BAAEB0001B14200D20E46B44282
:10DE200008EB000106D82246584602F0B7FDC9F8B3
:10DE3000004067E03246584602F0B0FD4FF0000067
:10DE40000190544501A8009008D9D5E90010A31B02
:10DE50000BEB06020769B847074617E0D5E9001043
:10DE6000534642460769B8470746A868A11B43685E
:10DE70000360AA68019881420344536000D20846B7
:10DE8000414682B20BEB060002F088FD0198304457
:10DE9000A04200D20446C9F8004030E054450AD9F7
:10DEA000CDF800902346DCF810605A462968604699
:10DEB000B047074623E0B8F1000F06D1504602F004
:10DEC000A5FCA968C860E0B18046534600214246DF
:10DED00001A8CDE90001D5E900100769B847A96894
:10DEE00007460E60A868019AB1189442416000D2BA
:10DEF000224641465846C9F8002002F04FFD0FB1B6
:10DF000006E0FEE7A868D9F8001082681144816035
:10DF10003846BDE8FC9FF8B545680446E5B1AE69F2
:10DF2000E6B16B880020C3B3D2B1012A21D0022A06
:10DF300011D1206813460A4601462846B0470028FA
:10DF400009D1D4E900106A46C3699847002802D174
:10DF5000A26800999160F8BD0B20F8BD0920F8BDBA
:10DF6000A26891600A46A3681D68A9420CD359684B
:10DF700008E0A3689A680A449A60A1680B689A420C
:10DF800002D349688A42EAD9D4E90010002384699F
:10DF900001B0A446BDE8F0406047FFE7206801B04B
:10DFA00013460A4601462846B446BDE8F04060479D
:10DFB0002DE9FC410C468178154611FB04F109124C
:10DFC0008A4202DC0088BDE8FC81017A00EB810214
:10DFD00012F8023C13FB04F31B129D4202DB32F8E1
:10DFE000040CF0E701235DE000EB8302927812FB62
:10DFF00004F21212954253DC00EB830737F8040D4C
:10E00000ADF804000198FBF7D1FE0646B888ADF8DC
:10E0100004000198FBF7CAFEB978BA7911FB04F144
:10E0200012FB04F30A12D2EB23213DD0AB1A1DB22E
:10E03000C2B2C5EB052C9CFBF1F1C0F30723C0F382
:10E040000747BDF80000F4B2C6F30725C6F307463C
:10E05000C9B212FB01F213FB01F317FB01F7C1F187
:10E06000FF0114FB012216FB017415FB013302EBC7
:10E07000C21606EBC23603EBC31505EBC332B30E73
:10E0800004EBC411520E01EBC43163F30400890E9A
:10E0900062F34A1061F3CF20ADF8000080B292E73E
:10E0A0005B1CDBB299429FD8FEE74168002901DA88
:10E0B00002F038BC70470000FEB50546407A1646AF
:10E0C0000C4640072FD0224F387820B9002000F0AE
:10E0D00043F801203870687A00F00700022818D051
:10E0E0004FEA06006A4680EA640068400290002019
:10E0F0000090184802A9F8F7A3FD01280BD032467A
:10E1000021462846EDF728FD002800900BD000247A
:10E1100018E02046E6E700980422416802EBB1715E
:10E120004FEAB1014160FEBD22462846FFF740FF9D
:10E1300000990190BDF80400896801EB4401641C5A
:10E1400024B208800098B0F90E10A142ECDCFEBDAC
:10E15000F8000024954D019070B5094C05462068E3
:10E1600002F0E0FB284602F051FB064E2060B06052
:10E1700020B1294602F0D4FC756070BDFEE70000B6
:10E1800050020024F80000241748002110B502F0C6
:10E190000DF9164C2080042008F092F960800420CC
:10E1A00008F08EF9E080042008F08AF9A0800420AD
:10E1B00008F086F92081042008F082F960820420AA
:10E1C00008F07EF92082042008F07AF9A08104206A
:10E1D00008F076F96081042008F072F9E0810420EB
:10E1E00008F06EF9A08210BD45630190180100246B
:10E1F00070B506000C4633D0084600F087F830466C
:10E20000ECF791FC05E00868A04229D03046ECF715
:10E210009CFC0100F7D1204604F0A4F840B1A168AD
:10E22000896829B1C9680968A14201D100F059F88B
:10E23000A06810B9204603F0E1F9A0688660304676
:10E24000ECF7E5FC05000AD030462C60ECF76BFCDF
:10E25000A84205D13046BDE8704000F042B8FEE764
:10E2600070BD000010B5084A04460849F7F728F8C1
:10E270006269002A06D0002804D12046BDE810407B
:10E280000121104710BD00004BAB009027AB009060
:10E2900010B5084A04460849F7F712F86269002ADF
:10E2A00006D0002804D12046BDE8104000211047C8
:10E2B00010BD000053AB009059AB009001480068BE
:10E2C00070470000C8000024002802D0007FC0F37F
:10E2D00040007047002803D0C068002800D00068C4
:10E2E000704770B50446007F40F00801C0F3C005D8
:10E2F00021774807204602D4FFF7B4FF01E0FFF77B
:10E30000C7FF207F65F3C300207770BD2DE9F04182
:10E31000064604F027F804003DD0E068002740B32B
:10E320000068B04220D1207FC10702D020F0010058
:10E3300020772046ECF7F7FBE16888420FD12046B2
:10E34000ECF70AFCE168884209D12046F7F7F2FAB7
:10E350000246E0680F210068FFF770FB02E02046EC
:10E36000FFF7BFFFE06820B1E0680068B04200D16D
:10E37000E7602046ECF7D7FB11E028682946B04259
:10E3800020460AD1ECF76AFC284602F0CBFAB068C6
:10E39000002800D08760BDE8F081ECF7D6FB0500CF
:10E3A000EBD1F8E770B504001CD0207FC0F3400229
:10E3B0008A4217D061F3410020772046FFF78AFF99
:10E3C00005000FD02046F7F7B5FA0246E0680E21A7
:10E3D0000068FFF733FB012804D12846BDE87040F0
:10E3E00005F0FEBB70BD7047014600200F290AD220
:10E3F000DFE801F009090909080A080C0E10120CDF
:10E400000E1012001020704718207047012070472E
:10E41000022070470420704708207047811E0020AA
:10E420000D2909D2DFE801F00708080708070707E8
:10E4300007070707070001207047032801464FF030
:10E44000000001D0062900D10120704770B591F875
:10E45000380000254D620C4620F07C0040F003009F
:10E4600081F83800084605F0ADF8A085204603F095
:10E470007EFF94F838204FF48071E0852046258691
:10E4800042F08002E186022184F8382025856585E6
:10E490006586A58684F8395003F07AFA2046BDE8EF
:10E4A00070404FF4803102F080BE00000146044805
:10E4B00010B503F0BFF9044603F030FA204610BD52
:10E4C0002C3F039070B54C6A0D46002C12D0287C6E
:10E4D000012802D12046FFF7D5FBE06808B102F021
:10E4E00021FA206908B102F01DFA204602F01AFA5A
:10E4F0000020686270BD00007FB514460D460846D6
:10E5000000F098FD20B1012817D0022839D035E05D
:10E510002A6802F01F00001F11282FD22168900ADC
:10E5200060F3942121602868400D60F35F51216001
:10E53000287860F3040121602FE02846FFF7D6FB1E
:10E5400017A1E4F783FAC8B9022229466846FFF703
:10E55000E9FB68B90422214603AB6846FFF71FFCBC
:10E5600005466846FFF78EFB45B90398042805D198
:10E57000207800F01F00001F11280ED3002004B0E7
:10E5800070BD2068012161F39420C0F3140000F5F0
:10E59000001020F01F000B3020600120EFE700008A
:10E5A00062696E002DE9FF4F804692465AA00F46E1
:10E5B00087B05AA203685AA10493002012680592FA
:10E5C0001EC98DE81E00B8F808108AB2D1B2120A2E
:10E5D00008E000BF149C00EB40031D19401CE154EF
:10E5E00000B26A700A9B9842F4DB98F814004FF06E
:10E5F000000900F01F00FFF7F7FE8346D8F814006B
:10E600000121002501FA0BF1491E2C4600F01F02E2
:10E610002E4689B206910B2A06D00C2A13D00D2A59
:10E620001ED00E2A30D12BE0C0F38A20C01D04EB8F
:10E63000E702C50807F0070315FB0A240DF11009CE
:10E64000C3F1070620E0C0F38A210622C91C07F0A7
:10E6500003038D0805A804EBA704A2EB43060BE017
:10E66000C0F38A2168460422491C07F001034D08C3
:10E6700004EB6704A2EB8306814615FB0A4403E022
:10E68000C0F38A2515FB0A74D8F82470284602F0D6
:10E69000EBF85FEA000A14D098F81000A8B1002245
:10E6A0003846211DFFF737FC00232A4651463846DD
:10E6B000FFF775FB4FEA0A01CBF10802002053B2C5
:10E6C00022E000200BB0BDE8F08FD8F8040080688D
:10E6D0000119F1E70A7898F8144004F01F05069C28
:10E6E000F24022400E2D01D019F80220A6EB0B04B7
:10E6F00066B2149C00EB40052C44002EA27001DA97
:10E70000491C1E46401C00B20A9A9042E2DB504669
:10E7100002F0F6F80120D5E700FF00000055AAFF3F
:10E7200000112233445566778899AABBCCDDEEFFF1
:10E730002DE9FF4F8046007D81B0914600F01F001B
:10E740000E46FFF751FE8246D8F81400012100253D
:10E7500001FA0AF1491E2F4600F01F022C461FFA4B
:10E7600081FB072A06D0082A12D0092A1FD00A2ABC
:10E7700032D12BE0C0F38A20C01D04EBE601C508AE
:10E7800006F0070215FB0914C2F10707083423E05D
:10E79000C0F38A20C01C04EBA6018508062315FBE4
:10E7A000091406F003021034A3EB420714E0C0F38F
:10E7B0008A20401C04EB66014508042315FB09145C
:10E7C00006F001024034A3EB820705E0C0F38A257E
:10E7D00015FB096404F58064D8F82490284602F0FB
:10E7E00043F8061E44D098F8100068B1002248464D
:10E7F000211DFFF790FB00232A4631464846FFF7CC
:10E80000CEFA314600202CE0D8F8040080680119C7
:10E81000F8E70A78A7EB0A0CD9F80C5000EB400394
:10E820000E9CFA4002EA0B024FFA8CF7DDF838C072
:10E8300005EB42051C44002F2D88ADF800500CF864
:10E840000350BDF800304FEA13236370D9F810303D
:10E850009A5CA27003DACAF10802491C57B2401C44
:10E8600000B2049A9042D4DB304602F049F801200D
:10E8700005B0BDE8F08F00002DE9FE430646087C98
:10E880000C46012801D028B328E06068FFF72EFA73
:10E890006CA1E4F7DBF800285CD1616802226846CD
:10E8A000FFF740FA0028F7D1606A38B9142001F068
:10E8B000ADFF606268B1142102F032F9D4F824008F
:10E8C0000C226946521E11F8013B00F8013BF9D1B8
:10E8D00004E0FEE76068806800286ED0616901F09E
:10E8E0001F000E2816D0142814D004283BD0052869
:10E8F00039D0062837D0072839D0082837D009283A
:10E9000035D00A2833D00B2828D00C2826D00D2843
:10E9100024D091E0227CF2B1C1F38A22490D14285F
:10E9200012FB01F01BD001264643304601F06EFF7A
:10E9300005000FD0676A002204213846FFF7EBFA82
:10E940000023324629463846FFF729FA48B12846BF
:10E9500001F0E8FF74E060688068A06169E0032668
:10E96000E2E7A56165E0207C0028F4D061E0FFF7D4
:10E970003BFD0127616A874039B9142001F046FF49
:10E980006062B8B1142102F0CBF8656A780001F03A
:10E990003DFFE86078B1384601F038FF286158B192
:10E9A000E86878B3207C012808D060680024D0F89B
:10E9B00008803CE0FEE7FEE7FEE73BE00022284659
:10E9C0000421FFF7A8FA002419E000236946042275
:10E9D0002846FFF7E4F99DF800209DF801109DF806
:10E9E0000200FBF706F90190E968BDF8040001EBAD
:10E9F0004401088029699DF803000855641CBC4245
:10EA0000E3D316E018E000BF08EB840618F82420D2
:10EA10007178B078FBF7EDF80090E968BDF8000078
:10EA200001EB440108802969F0780855641CBC4258
:10EA3000EAD30120BDE8FE8321463046FFF742FDC0
:10EA40000020F7E762696E002DE9F84F087D1D464A
:10EA500016460C46DDE90A32002100F01F000428AA
:10EA600016D0052814D0062812D00B283CD00C282C
:10EA70003AD00D2838D00E2836D007283BD00828A9
:10EA800039D0092837D00A2835D00020BDE8F88FC2
:10EA9000277C012F36D1D4F824A098469146FFF761
:10EAA000A3FC074660690022C0F38A2015FB0060C2
:10EAB0007843C1105046091DFFF72DFA4FF00001B1
:10EAC00000BBFC080D466B46504604FB08F4009161
:10EAD00049462246FFF763F910B90098844201D0F5
:10EAE00029460FE001210DE03146204600922A46DA
:10EAF000FFF758FD05E03146204600922A46FFF711
:10EB000017FE01460846C1E710B504460068002814
:10EB10000BD0C2680AB121469047207C012804D15D
:10EB2000606801F0FFFE0020606010BD054810B570
:10EB3000ECF71EF8040004D0142101F0F1FF204688
:10EB400010BDFEE7441C02242DE9F0410F460546A6
:10EB50000421384601F0E4FF25B1284600F06AFAA6
:10EB600018B105E00020BDE8F081A8680028FAD0BF
:10EB70000A480026EBF7D7FF0BE023682BB13A4693
:10EB8000294698470128064605D004482146EBF758
:10EB9000DCFF0400F1D13046E5E70000441C02240C
:10EBA0002DE9FF411D460E462821044601F0B8FF1D
:10EBB000AEB1304600F03EFA08B9B16879B1BDF89F
:10EBC000081001282181E56020740CD066600027C0
:10EBD0002148EBF7A8FF04F11408054631E00020B6
:10EBE00004B0BDE8F0813046E3F707FE401C01F0B9
:10EBF0000DFE606018B13146E3F7C2FDE7E7FEE7BE
:10EC00002B68CBB16868B8B1424631462846984770
:10EC10000128074610D1256021466A68284690479A
:10EC200001280746DCD00421404601F079FF00208E
:10EC30002062A0616062E06129460748EBF785FF2A
:10EC40000546002DDCD1207C012802D1606801F04E
:10EC500069FE3846C4E70000441C02242DE9FC414B
:10EC600005680E460021089FAC683CB1CDE900372D
:10EC70001346014632462846A04701460846BDE8ED
:10EC8000FC8110B591F838000C4600F00300012813
:10EC900001D0022809D154F8240F01F043FE217D50
:10ECA0000020206041F00301217510BD2DE9FF41D6
:10ECB0000F460846FEF77FFE1528054607D0182D9B
:10ECC00005D07548394603F06BFA012869D13846FA
:10ECD000FEF7AFFE2A2D044613D0132D4FF4807695
:10ECE00021D0112D5FD02C2D7ED0152D03D0182DC5
:10ECF00001D0122D55D104B03846BDE8F041F0F7EF
:10ED0000CDBB94F8380000F003000228204604D060
:10ED100004B0BDE8F04105F002BC616A04B0BDE892
:10ED2000F04100F0DDB83846FEF781FE0546208E42
:10ED300010B9E08EB04234D0204604F043FC0646C1
:10ED4000204603F014FB04F132010746E08E3A46F8
:10ED5000CDE90001B4F9303002A83146EBF766FD89
:10ED6000BDF90800B5F900104042814200DD0846B7
:10ED700000B22880BDF90A104942884200DC0846EA
:10ED800000B22880BDF90C10891B884200DC0846BF
:10ED900000B22880BDF90E10C91B884200DC08466D
:10EDA0002880BDE8FF813846FEF741FE0546204633
:10EDB00004F008FCB4F92C1088424DD1204603F031
:10EDC000D6FA0146B4F92E00814245D1E18EB14216
:10EDD00013D1218E89B9B4F92C10B4F9322001EB8A
:10EDE000D171B2EB610F00E041E006D1B4F934100B
:10EDF00000EBD070B1EB600F2ED0204604F0E2FBA8
:10EE00000646204603F0B3FA04F132010246E08ED2
:10EE1000CDE90001B4F9303002A83146EBF706FD28
:10EE2000BDF808000022A18A0844ADF80800BDF82A
:10EE30000A00E18A0844ADF80A00BDF80C00A18A76
:10EE40000844ADF80C00E18ABDF80E000844ADF8A6
:10EE50000E00296802A806E06946204603F0CDF9B5
:10EE6000296800226846EBF799F8287199E7384637
:10EE7000FEF7DDFD054694F8390000F00300012897
:10EE800004D0A08D2880E08D68808AE7204600F0BD
:10EE900005F8286085E700002C3F03901FB500F1BE
:10EEA0003202C18ECDE90012B0F93030B0F92E2017
:10EEB000B0F92C1002A8EBF7B9FCBDF80C00BDF8B6
:10EEC0000810BDF80A20411A2046491C61F30F00C2
:10EED000BDF80E1004B0891A491C61F31F4010BD23
:10EEE0002DE9F04385B08846044604F079FE40469B
:10EEF00000F0A0F8032805464FF0000909D004A946
:10EF00004046FFF721FED5B1012D26D0022D24D099
:10EF10006AE094F8380000F00300022801D00128CC
:10EF200002D1606A01F0FEFC94F83810C4F8249015
:10EF300041F0030184F8381005B0BDE8F08394F87F
:10EF4000380000F00300012801D0022802D1606AD5
:10EF500001F0E8FCC4F8248046E0606A404519D01E
:10EF600094F83810002601F00301012901D002298C
:10EF700000D106464046E3F740FC401C01F046FC49
:10EF800007000AD04146E3F7FBFB676216B1304643
:10EF900001F0C8FC022D01D026E0FEE7002120464A
:10EFA000572204F048F9002106465822204604F072
:10EFB00042F907B220460021592204F03CF900B280
:10EFC00041F6FF728DE8050203A83B4632464146F2
:10EFD00008F0C2FFBDF80C200498BDF80E1062F3D3
:10EFE000942061F35F50049094F8380065F30100B9
:10EFF00084F83800049894F83820C0F38A21A18559
:10F00000430DE38560F3860284F838204D08658659
:10F01000860D2046A68605F0AEFA208E18B9E08E41
:10F02000B0F5807F02D0204605F079FA204604F042
:10F03000D7FD81E74FF0030130B10078A0F1200146
:10F040005F2903D80120704708467047802801D304
:10F050000220704700207047014880687047000018
:10F06000CC00002418B101460248EBF76EBD014800
:10F07000EBF759BD141C022401484068704700009A
:10F08000CC00002438B102681278012A05D0032A86
:10F0900003D04FF0FF30088002E002890A804089E7
:10F0A00048807047002806D001680978012903D0FC
:10F0B000032901D00020704790F8440000F00F00B1
:10F0C0007047002806D001680978012903D0032978
:10F0D00001D000207047006B7047002801D0006805
:10F0E0000078704700220A8000284A8009D0026810
:10F0F0001278012A01D0032A03D1028B0A80408BA7
:10F100004880704770B5224E0C464FF00005E8B1BC
:10F11000417941F002014171B168814200D17560CD
:10F1200001680978012901D002290ED114B1416B7F
:10F13000A14201D1456314B1816AA14201D1856226
:10F1400014B1C16AA14200D1C56270BD002018E0AF
:10F15000417941F00201417101680978012901D02A
:10F1600002290ED114B1416BA14201D1456314B102
:10F17000816AA14201D1856214B1C16AA14200D164
:10F18000C562FFF76FFF0028E2D1756070BD000017
:10F19000CC00002410B50446407920F001006071D5
:10F1A00008F0C4FBE06408F0C1FBA06410BD0000DF
:10F1B000002810B504D0032906D00C2901D0002066
:10F1C00010BDB0F9261001E0B0F92410026800204B
:10F1D0006423527EC2F1640207E000BF12FB01F417
:10F1E000084494FBF3F100B209B20029F6D110BD36
:10F1F000002803D0417941F00801417170470000B7
:10F2000010B5154C2078002823D101F0A1FBEBF7B5
:10F2100089FFEBF789FAEAF711FDEBF701FBFBF742
:10F220009FFCFCF781FEEBF747FE0C484FF4B471EE
:10F23000EBF796FC0A485C21EBF792FCEBF740FFFA
:10F24000EBF7D4FB4420112804D0FEF722FC012068
:10F25000207010BDFEE70000D8000024081C022426
:10F26000141C022410B50C460421204602F090FB29
:10F270000020A06384F83C0005210346024684F880
:10F280003D00204602F03DF8074900231C2220469D
:10F2900001F03CFF00222046114605F07AFE204690
:10F2A000BDE8104000F03CB9ADF2019070B5FEF73A
:10F2B000C0FB0446F9F784FCA0F57F41FF397BD001
:10F2C0002046F9F77DFC01462046F9F74FFC050082
:10F2D00072D069A1E3F7BAFB684E002846D068A156
:10F2E0002846E3F7B3FB002846D066A12846E3F79B
:10F2F000ADFB002846D064A12846E3F7A7FB002811
:10F300004CD062A12846E3F7A1FB002846D060A1BB
:10F310002846E3F79BFB002853D0A06B00284BD076
:10F320005CA12846E3F792FB00285AD05BA128464F
:10F33000E3F78CFBF0B35AA12846E3F787FBD0B381
:10F3400058A12846E3F782FBB8B357A12846E3F754
:10F350007DFB98B355A12846E3F778FB0028A06B06
:10F3600059D02946BDE8704007F0E0BE002184F87E
:10F370003C10316820460AE0012184F83C10716895
:10F38000204604E0022184F83C10B1682046F9F7D9
:10F390007FFC2046BDE8704000F08AB8002220467D
:10F3A0002021FEF74BFB012865D1A06B002862D01D
:10F3B000002204E015E01FE05DE022E026E02021CD
:10F3C0000BE0002220461F21FEF738FB012852D116
:10F3D000A06B00284FD000221F21BDE87040FEF72F
:10F3E0002DBBA06B0A2107F01FFEA06B08F0CAF826
:10F3F000002840D0A06BEEE7A06BBDE8704007F09E
:10F4000098BFA06BBDE8704007F09ABFA06BBDE845
:10F41000704007F0C3BF08F0B3F885B2A06B08F0E6
:10F42000CFF800782D280FD02B28A06B16D0002104
:10F4300008F0D6F8A06B2D2107F0F6FDA06B691C33
:10F44000BDE8704008F0CCB8A06B012108F0C8F806
:10F45000A06B07F0A3FFA06B2B2107E0012108F0B0
:10F46000BFF8A06B07F09AFFA06B2D2107F0DCFD21
:10F47000A06B2946E4E770BD61626300AC01002423
:10F480004142430031230000EF808D00EF849C0057
:10F49000EF808C00456E746572000000EFA2A20040
:10F4A000EF819300EF819400EF959A002B2F2D00B0
:10F4B0002DE9F0410446074690F83D00174EC0077D
:10F4C00008D094F83C0056F820103846BDE8F041CA
:10F4D000F9F7D1BB208E400001F098F997F83C1065
:10F4E0000546208E420056F82110284601F056FAB3
:10F4F000002007E035F81020411C22F4806225F836
:10F50000102088B2218E8142F4D829462046F9F78E
:10F51000B2FB2846BDE8F04101F004BAD001002456
:10F5200010B50749044690F83C0051F820102046D9
:10F53000F9F7AEFB2046BDE81040FFF7B9BF000069
:10F54000AC01002410B50C4691F848300020411E53
:10F55000E16223F0180360620A0CA4F8440003F08F
:10F56000F803A4F84600216303F0BF01A063E2633F
:10F5700060632264A062204684F84810022102F0F1
:10F5800007FA0021204600F055FE2046BDE8104055
:10F5900001A100F08BBE00005465787400000000EB
:10F5A0000146044810B502F045F9044602F0B6F9E8
:10F5B000204610BD483F039010B508460C4600F0A9
:10F5C0000AF894F84800000702D4606A01F0AAF92A
:10F5D0000020606210BD10B5044690F84800400657
:10F5E00003D5A06A08B101F09DF994F84800002104
:10F5F000A16220F0400084F8480010BD2DE9FF47CB
:10F600003F480E4602F0CCFD012876D13046FEF789
:10F61000D2F904463046FEF70CFA2A2C05461CD0D7
:10F62000132C0BD0292C18D02C2C1ED0152C64D1C7
:10F6300004B03046BDE8F047F1F7BFBC002103F04D
:10F640008AFEB0F9080004B0C11700EB9170811078
:10F650003046BDE8F047FEF711BA00F0B9FD04B03E
:10F660002846BDE8F04700F051BB002103F073FECF
:10F6700000218146284603F080FE0021804628466E
:10F6800003F093FE074695F848000024C10600D514
:10F690000124800601D544F00204284602F014FE3D
:10F6A0000021284603F0C9FEA0F51C51D13905D12F
:10F6B000688C000502D441F6FF7002E0284602F093
:10F6C00003FE00974346CDE90104696A03A84A4650
:10F6D00008F042FC3046FEF7AAF9B0F90020BDF967
:10F6E0000C108A4200DD11460180B0F90220BDF9FC
:10F6F0000E108A4200DD11464180BDE8FF87000000
:10F70000483F03902DE9F04F0D0080468BB059D053
:10F710000021122203F08FFD29881022081A0021EF
:10F7200060F30F04404603F086FD6988081A08A9B3
:10F7300060F31F444046A14602F07EFDBDF8240060
:10F740000025BDF820102C46D8F82470401A294610
:10F75000401C00B20590404603F0FDFD00210290E0
:10F76000404603F022FE00210090404603F005FED3
:10F770000390AB4602985E4698F84810B0F908002E
:10F780000790C80600D50126880601D546F0020676
:10F790004046002103F051FEA0F51C51D13905D19E
:10F7A000B8F82200000501D446F00406D8F8242059
:10F7B0000021404602F024F8079A8246009902EBA5
:10F7C000010821E0FEE70020CDE90006059B78193D
:10F7D000DDE90212EBF7ECFC079A4FEA29410444F9
:10F7E0005A4491420BDC444A6946009438461268F8
:10F7F00090470A280BD0385D48B9641C07E008EB35
:10F800000B0025460FFA80FB785D0028DBD1BAF1AA
:10F81000020F4FF0000807EB050B03D0BAF1030FFE
:10F8200016D025E0611B5846DDE90223009608F05A
:10F83000F1FBBDF8241000EBD073BDF82020881A2E
:10F84000401C00B200EBD0704010A0EB63000DE054
:10F85000611B5846DDE90223009608F0DBFBBDF88A
:10F860002410BDF82020891A491C081A0FFA80F8C4
:10F8700000208DF81800824604903CBB2AE004ABBF
:10F880006A4601A95846EBF77BFCF00706D00499BD
:10F8900006A81BF80110EBF735FDB8B9009ADDE9B1
:10F8A0000110FEF7E3F900B20FFA89F240448242F8
:10F8B0001EDB04994A19A2421AD00AEB0502BA5C6F
:10F8C000B2B18A46039908440FFA80F80498284494
:10F8D000A042D4D3094C5846049922689047226824
:10F8E00006462946384690470BB03044BDE8F08FB5
:10F8F000CDF810A0EEE70000940200249802002446
:10F900002DE9F74F5FEA020980468AB066D0D8F841
:10F9100024504746002138462A4601F071FF8346AD
:10F92000287800285BD007A9404602F085FCBDF886
:10F9300020000024BDF81C102646401A2146401C19
:10F9400000B20490404603F006FD002103904046BB
:10F9500003F02BFD00210690404603F00EFD0290BF
:10F96000A246039897F848105746B0F9080005904A
:10F97000C80600D50127880601D547F00207404692
:10F98000002103F05AFDA0F51C51D13905D1B8F87A
:10F990002200000501D447F004074C4A0B99284681
:10F9A000126890478046A85DB0B3DDE905100844B1
:10F9B00009900020049BCDE900072819DDE9022108
:10F9C000EBF7F6FB0644B04527D3A85D20B30999B1
:10F9D000344601EB0A000FFA80FAEAE7FEE700205E
:10F9E0005A46BBF1010FA9F8020007D0022A0AD03B
:10F9F000BBF1030F04D1404602F066FCA9F80000F9
:10FA00000DB0BDE8F08F404602F05EFC00EBD07018
:10FA10004110A9F80010F3E7FFE7B8F1000F12D08A
:10FA200005EB080010F8010C0A2801D00D280AD1B6
:10FA300015F8080038B9DDE905014446014401EB39
:10FA40000A000FFA80FA039A2819A8EB0401CDE9FD
:10FA50000070DDE9010308F0DDFA0B990546A142CB
:10FA600002D00298284405B2BBF1020F03D0BBF1CB
:10FA7000030F16D025E00097311B039ADDE901033F
:10FA800008F0C8FABDF8202000EBD071BDF81C309A
:10FA9000D01A401C00B200EBD0704010A0EB610007
:10FAA0000DE00097311B039ADDE9010308F0B2FA7B
:10FAB000BDF82010BDF81C20891A491C081A2844DA
:10FAC00005B2A9F80050A9F802A099E78C02002419
:10FAD00090F84800C0F300107047406A7047006C0F
:10FAE0007047C06B704700002DE9F04117000D46CC
:10FAF000044627D094F84800000725D4204604F097
:10FB00006FF8606AE2F779FE06463846E2F775FE5E
:10FB10008119606A491C00F029FF606298B1A5F55F
:10FB20007F41FF3903D10949096888470546606A62
:10FB30003A462946EBF7BCFB2046BDE8F0410021E0
:10FB400000F0B4BBFEE7FEE7BDE8F0819C020024B4
:10FB50002DE9F04F5FEA010A804695B05FD008A911
:10FB6000404602F069FBBDF824000024BDF82010D7
:10FB70004646D8F824702546401A2146401C00B25B
:10FB80000B90304603F0E7FB00210390404603F062
:10FB90000CFC00210090404603F0EFFB0290002196
:10FBA0000398B0F9080007904046726A01F028FEF9
:10FBB000834696F84800A1464E46C10600D5012668
:10FBC000800601D546F002064046002103F035FCD0
:10FBD000A0F51C52D13A05D1B8F82210090501D47C
:10FBE00046F00406079A009902EB0108385DB8B1A7
:10FBF0000020CDE900060B9B3819DDE90221EBF767
:10FC0000D7FA079A0544BAF9023009EB02018B4290
:10FC100006DD08EB09002C460FFA80F9E6E7FEE75F
:10FC20004FF00008BBF1020FC14603D0BBF1030F38
:10FC300016D025E0291B00963819DDE9023208F0BC
:10FC4000E9F9BDF8241000EBD073BDF82020881A24
:10FC5000401C00B200EBD0704010A0EB63000DE040
:10FC6000291B00963819DDE9023208F0D3F9BDF8F6
:10FC70002410BDF82020891A491C081A0FFA80F8B0
:10FC8000049400208DF844000D900F9005B36D1E74
:10FC90000498A8421CD804AB38460FAA0DA9EBF76C
:10FCA0006FFAF00706D00498395C11A8EBF72AFB2D
:10FCB0000028EDD10F9AC1460D990398FDF7D6FFA4
:10FCC000BAF9001000EB080210B2814215DA049470
:10FCD0000F9A0D990398FDF7C9FF029ABAF900101F
:10FCE0001044401CA9EB020291420CDB48448142C3
:10FCF00009DC012015B0BDE8F08F0299049C08448E
:10FD00000FFA80F8C4E70020F4E700002DE9F04F77
:10FD10000446406A99B000287ED003A94FF0FF390D
:10FD20002046C4F8309002F087FABDF81000BDF804
:10FD30000C10401A401C0FFA80F82046002103F0F6
:10FD40000AFB00210546204603F02FFB0021074651
:10FD5000204603F012FB824694F848000026C106B4
:10FD600000D50126800601D546F002062046002176
:10FD700003F063FBA0F51C51D13904D1608C000560
:10FD800001D446F00406009706A853462A46CDE95A
:10FD90000186616A08F0E0F8204604F0ECFB94F874
:10FDA00048004FF6FF7B4FF0000800F007000228E4
:10FDB00004D003287ED001287DD0F5E10021204623
:10FDC00002F0DEFF0604360C08D1204602F09CFA51
:10FDD000FAF7E0FB032190FBF1F086B207A8F7F7F2
:10FDE0007DFB4FF496700794ADF85CB0002714903B
:10FDF0001690BDF81000BDF80C10BDF91820401A7F
:10FE0000401C00B2904233DA00210F91801ACDE9F4
:10FE10001010E848014600E0C9E108902046F7F7D5
:10FE200045FB39460A4620B190F84220016BC2F3E7
:10FE30004002129888420FDD9DF85E00139120F079
:10FE400001008DF85E003AB140F002008DF85E00CE
:10FE500011990F980F9111903046119A0F99F7F759
:10FE6000A4FB1290159007A8F7F7ACFB012705E05B
:10FE7000D0492046F7F7EAFAA4F84480BDF812000A
:10FE8000BDF80E10BDF91A20401A401C00B2904275
:10FE90007EDA002F7CD1821AB5F9080000210F917B
:10FEA000101ACDE91010C448089001462046F7F713
:10FEB000FDFA01E023E0C4E039460A4620B190F89B
:10FEC0004220016BC2F34002129888420FDD9DF878
:10FED0005E00139120F001008DF85E003AB140F011
:10FEE00002008DF85E0011990F980F911190304625
:10FEF000119A0F99F7F759FB129015909DE0002188
:10FF00002046642203F097F900210646204602F0BD
:10FF100037FF07043F0C08D1204602F0F5F9FAF745
:10FF200039FB032190FBF1F087B207A8F7F7D6FA67
:10FF3000ADF85CB04FF00009BDF81020BDF80C30F2
:10FF4000BDF91810D01A0794401C00B2884233DA69
:10FF5000202228461146FDF789FEBDF9181000EB56
:10FF60004002CDE90F9950184946404211909148FE
:10FF7000119A08903846F7F718FB8E4912902046E0
:10FF8000F7F794FA00B1006B36B1306B139000E0D4
:10FF900026E0F06B169009E01299814206DD13907D
:10FFA0009DF85E0020F001008DF85E0007A8F7F7CD
:10FFB00009FB4FF0010905E07E492046F7F746FAB4
:10FFC000A4F84480BDF81200BDF80E20BDF91A1047
:10FFD000801A401C00B2884202DAB9F1000F06D044
:10FFE00075492046F7F732FAA4F84680DCE0B5F907
:10FFF000082000200F9010905018404211906E4839
:02000004900268
:10000000119A0F9908903846F7F7CFFA6A4912907B
:100010002046F7F74BFA00B1006B26B1306B139016
:10002000F06B169009E01299814206DD13909DF85D
:100030005E0020F001008DF85E0007A8F7F7C2FA15
:10004000B2E0BDF81210BDF80E20BDF91A00891AF1
:10005000491C09B2814209DAB5F90810884205DD68
:100060005649606A09688847032802D8C4F82C906A
:100070009AE0BDF810002E22BDF80C10461A114669
:10008000761C2846FDF7F2FD5044BDF80E10A0EB9B
:1000900080003044ADF80000BDF81200401A401C4A
:1000A00000B2ADF80200B5F90820D11990FBF1F3C8
:1000B00001FB13018A42A0EB010004DCADF8020051
:1000C0002989084400E0C01B6946ADF802002046BB
:1000D000FFF718FB8146606AE2F78FFB384A074654
:1000E000606A494612689047364D019005E02A68DB
:1000F00001A9606A9047A9F101090198C01CB842A2
:10010000F5D8DFF8C4B00025019EAA46606A0199BF
:100110000844DBF8001088472C4A284401A9C5B2DE
:10012000606A12689047032D07D80198B84204D836
:100130000AF1010ABAF1030FE8D9616A204627469D
:1001400001EB060AFFF747FA042D12D9681C00F0EC
:100150005DFBB86240B32A46514600F01FFCB96A05
:1001600001F8058097F8480040F0400087F8480003
:100170000BE097F848002A46514620F0400087F8E7
:10018000480007F1280000F009FC2E220020616AD7
:100190003318401C0328CA54F9D3626AF61C09F1CB
:1001A000030002F80680E062204603F019FD19B052
:1001B000BDE8F08F55BA02905DBA02909C0200240F
:1001C0008C0200249402002484020024880200246B
:1001D0002DE9F0410446054690F8480000F007007C
:1001E000012823D1E96A481C20D0114AC91E686A37
:1001F0001268904794F8481002460020490601D53D
:10020000A16A06E004F1280103E00F5C401CF754EA
:10021000C0B26E6A1318F75C002FF6D1095C104467
:1002200031542046FFF7D7F9781EE862BDE8F08127
:100230008C02002470B50D461A490446F7F706F9FA
:1002400019492046F7F702F90020A4F84400022DCE
:10025000A4F846000FD0032D0DD0042D0BD094F838
:10026000480020F0200100BF01F0070084F848108A
:10027000012805D00AE094F8480040F02001F3E797
:10028000E06A401C02D02046FFF7A2FF94F8480025
:1002900065F3020084F848002046BDE87040FFF78F
:1002A00035BD000055BA02905DBA029070B50D469A
:1002B000044603F095FC05B9656A606AA8420CD152
:1002C00094F84810090708D4E2F797FA411C606ACD
:1002D00000F04CFB6062D0B9FEE738B194F84810EA
:1002E000090703D400F01EFB002161622846E2F7F3
:1002F00084FA401C00F08AFA606268B12946E2F78D
:100300003FFA94F8480020F0080184F8481020468D
:10031000BDE87040FFF7FABCFEE70FB470B50446C5
:100320000598F8B1204603F05BFC0598D8B1606AE7
:10033000002530B194F84810090702D400F0F2FA11
:10034000656206A90598EAF7FAFF94F8481060621A
:10035000204621F0080284F84820FFF7D7FC70BC43
:100360005DF814FBFEE72046F7E7016403F038BCB4
:10037000C16303F035BC70B5044690F848000D46E3
:10038000000705D4606A18B100F0CCFA0021616260
:1003900035B194F84810656241F0080184F84810BE
:1003A0002046BDE87040FFF7B1BC00002DE9F041E8
:1003B0000A4C07460A4D0E466068401C6060C1004A
:1003C000286800F0D3FA286038B1616800EBC100FA
:1003D00040E902760846BDE8F081FEE7E00000242F
:1003E0004002002438B508460C4607F081FA009018
:1003F000BDF80000A084FF2084F8260038BD00006E
:1004000070B5A4B00D460846FDF7D5FA1528064686
:1004100007D0162E05D08848294601F0C1FE0128D4
:100420007ED12846FDF705FB152E044678D102A89B
:10043000FBF714FC0021204602AA03F070FA03988F
:10044000F9F7B9FA0646F9F799FA0146324654F82F
:10045000240FF9F753FC0090BDF80000ADF80C0034
:10046000BDF80E00ADF800000098F9F7A4FA0646B2
:10047000F9F784FA014620683246F9F73FFC00900C
:10048000BDF80000ADF80E00BDF81200ADF8000098
:100490000098F9F790FA0646F9F770FA01462068D5
:1004A0003246F9F72BFC0090BDF80000ADF81200C1
:1004B0000D98F9F780FA0646F9F760FA01462068C8
:1004C0003246F9F71BFC0090BDF80000ADF834008F
:1004D000BDF82600ADF800000098F9F76CFA064662
:1004E000F9F74CFA014620683246F9F707FC00900C
:1004F000BDF80000ADF826000B98F9F75CFA064647
:10050000F9F73CFA014620683246F9F7F7FB00900C
:10051000BDF80000ADF82C00F9F730FA014600E014
:1005200088E0A2780398F9F7E9FB0090BDF8000095
:10053000ADF80C00F9F722FAA2780146BDF80E00DA
:10054000ADF800000098F9F7D9FB0090BDF8000065
:10055000ADF80E00F9F712FAA2780146BDF81200C4
:10056000ADF800000098F9F7C9FB0090BDF8000055
:10057000ADF81200F9F702FAA2780146BDF826009C
:10058000ADF800000098F9F7B9FB0090BDF8000045
:10059000ADF82600F9F7F2F9A27801460D98F9F7BF
:1005A000ADFB0090BDF80000ADF83400F9F7E6F9B6
:1005B000A27801460B98F9F7A1FB0090BDF8000066
:1005C000ADF82C00AF2014F8021FBDF836205039CA
:1005D00011FB02F1BDF83C2091FBF0F1ADF83610B3
:1005E00014F82619503911FB02F191FBF0F0ADF827
:1005F0003C002846FDF7E5F90646014610A801F043
:1006000023FC00200C4904F1140510AACDE91110B7
:1006100002A91D902046CDE913511A21FDF70EFACB
:1006200002A92A463046FBF705FB1B21204610AAEB
:10063000FDF704FA24B070BDF403039008460021CE
:100640000185416280F82A10022101F0A1B9000061
:100650002DE9F04F5D488FB00D4601F0A1FD012856
:1006600049D12846FDF7A7F906462846FDF7E1F9E6
:10067000132E044633D02C2E4FF002083ED0152EF8
:1006800039D107462846FDF79CF98346388D3C460C
:10069000002830D0786A00282DD003A9384601F010
:1006A0002DFE204601F0FDFFBDF80C10081A06B221
:1006B000204601F0FDFFBDF80E10081A05B22046D5
:1006C00001F055FE82466846FAF781FD00216A4630
:1006D000204603F0C6F800244FF0060967E0002129
:1006E00002F00AFC04462846FDF7A1F9B0F9001013
:1006F000A14200DA04800FB0BDE8F08F208D002801
:10070000F9D0606A0028F6D02846FDF790F9002558
:10071000228D07462E462846C4460DE0636A33F90B
:100720002010A94200DD0D460CEB8001595EB1425C
:1007300000DD0E46401C80B28242EFD800212046E8
:1007400002F0DAFB2918398030447880D3E7786AE0
:10075000042101EB840230F824103144ADF82C1050
:10076000815A08EB84023144ADF8301097F82A1012
:10077000C90721D0825A09EB8401AAEB0200284460
:10078000ADF82E00786A415AAAEB01006946284468
:10079000ADF832000CAB58460BAAFAF70BFD9DF8EA
:1007A0000900641CA4B220F004008DF80900388D03
:1007B000401EA042CBDC9EE7805A09EB840128440E
:1007C000ADF82E00786A405AE0E70000643F0390DD
:1007D00030B58A42039C01DB904207DA8A4201DB92
:1007E000884209DD8A4203DC904201DC204630BDAC
:1007F0008A4203DC884201DB184630BDE41A451A00
:10080000501A654395FBF0F0184430BD70B50400F4
:1008100010D0094D0146686807F047FA010007D07B
:10082000A8682044A860EA68904200D81046E860B2
:10083000084670BD004870BD5802002470B5094DCF
:100840000026344655F8340038B100F06BF805EB5B
:10085000C40045F8346086718680641CE4B2102CB4
:10086000F0D370BD881C02242DE9F04105000BD0A7
:10087000224C012600224FF0FF3000BF04EBC201E2
:100880008B79DB0703D014E00020BDE8F081898874
:10089000A9420ED305D104EBC200867154F8320090
:1008A000F3E7002804DB04EBC0039B88994200D2E5
:1008B00050B2521CD2B2102AE0D3002805DB04EB60
:1008C000C0018E7154F83000DFE7002704EBC70049
:1008D0008079C00704D07F1CFFB2102FF6D3FEE74B
:1008E00054F83700294600F041F830B104EBC70155
:1008F0008E718D8044F83700C7E7FEE7881C02241C
:10090000074A002152F83130834204D102EBC10181
:10091000002088717047491CC9B21029F2D3704772
:10092000881C0224094910B588420DD000280BD03C
:10093000064C0146606807F08BF9A168814201D935
:10094000081A00E00020A06010BD0000580200243A
:1009500004484FF4801110B507F06CF90249486063
:1009600010BD0000000080C05802002410B539B14D
:10097000094A904208D1BDE810400846FFF746BF3B
:10098000FFF7D0FF044810BD0A4601460248406800
:10099000BDE8104007F09CB95802002430B500F0C3
:1009A0000304034601F00305A54243D14EE00C7851
:1009B000203A1C704C785C708C789C70CC78DC7021
:1009C0000C791C714C795C718C799C71CC79DC71DF
:1009D0000C7A1C724C7A5C728C7A9C72CC7ADC72C7
:1009E0000C7B1C734C7B5C738C7B9C73CC7BDC73AF
:1009F0000C7C1C744C7C5C748C7C9C74CC7CDC7497
:100A00000C7D1C754C7D5C758C7D9C75CC7DDC757E
:100A10000C7E1C764C7E5C768C7E9C76CC7EDC7666
:100A20000C7F1C774C7F5C778C7F9C77CC7F203150
:100A3000DC772033202ABAD805E000BF11F8014B3B
:100A4000521E03F8014B002AF8D130BDFCB1C4F1AD
:100A5000040405E011F8015B521E641E03F8015BFB
:100A6000ACB1002AF6D112E00C68203A1C604C6848
:100A70005C608C689C60CC68DC600C691C614C69B3
:100A80005C618C699C61CC692031DC612033202A57
:100A9000EAD802E010C9121F10C3042AFAD804E0F1
:100AA00011F8014B521E03F8014B002AF8D130BD5A
:100AB000034610B505E000BF11F8014B521E03F8C4
:100AC000014B002AF8D110BD10F0030309D0C3F187
:100AD000040303E0521E5B1E00F8011B0BB1002A49
:100AE000F8D101EB012303EB014303EB016309E0C0
:100AF000036043608360C360036143618361C361DA
:100B00002030203A202AF3D801E0121F08C0042A1E
:100B1000FBD802E0521E00F8011B002AFAD17047F0
:100B2000002210F0030315D0C3F1040304E000BF5A
:100B3000491E5B1E00F8012B63B10029F8D17047F4
:100B4000026042608260C260026142618261C26191
:100B5000203020392029F3D801E0091F04C00429DE
:100B6000FBD802E0491E00F8012B0029FAD170479A
:100B7000FF2310F003020BD0C2F1040204E000BF17
:100B8000491E521E00F8013B12B10029F8D17047EE
:100B90004FF0FF3209E0026042608260C260026191
:100BA00042618261C261203020392029F3D801E0FE
:100BB000091F04C00429FBD803E000BF491E00F848
:100BC000013B0029FAD17047826C8A4206D0426B01
:100BD0008A4205D190F86100012801D801207047B0
:100BE000002070472DE9F0410446FCF7E4FE072899
:100BF00040D12046FCF71DFF05462046FCF71BFFB1
:100C00000446406BA84202D0A06CA84232D194F8AE
:100C10006000294684F861002046FFF7D5FF0028D0
:100C200028D104F154063046E9F77DFF0746014616
:100C30003046E9F78AFF05001CD039463046EAF70E
:100C40000DF83846FFF76EFE94F860002946401E06
:100C500004F8600F3046EAF701F82078401E04F8E7
:100C600060092968204600F031F92846BDE8F041C6
:100C7000FFF758BEBDE8F08110B504465430E9F7DF
:100C80003CFF002084F8600010BD00004A482DE9B8
:100C9000F0410C460188204603F0C4FF00212046A5
:100CA00003F08EFF94F86200002584F86050042160
:100CB00020F00E0084F86150C0B220F0010084F8EA
:100CC000620004F15400E9F74BFF204600F0F0FE0B
:100CD0000121606200F069FAE56321466564A5645C
:100CE000E5643648256400F0A5FD064600F016FED2
:100CF00042F264073046394603F07EFF0121304658
:100D000003F06EFF0121304603F05AFF4FF4804894
:100D10003046414600F049FA0221304600F038FEE4
:100D200026483146A6621C3000F084FD064600F0DD
:100D3000F5FD42F2D1723946304604F041F8002107
:100D4000304603F03DFF0223304600211A4603F0EF
:100D50001BFF0221304600F01BFE4146304600F0EA
:100D600024FA30462663F7F7F7FB154907220646B3
:100D7000234600F0CBF94146304600F016FA002138
:100D8000304603F01DFF30466663FDF78FFB0DA173
:100D9000FEF7A6F8206BFEF703FC0121064600F0E3
:100DA00004FAE5622346A6631C2225651846BDE8C1
:100DB000F041054900F0AAB90C0100240C0503908C
:100DC000E50B0290EF819300A70F029010B50C463F
:100DD0000021204603F0F4FE0223204600211A469B
:100DE00003F0D2FE2046BDE81040022100F0D0BD45
:100DF00001F15400E9F781BE10B50C46084601F038
:100E0000F7FA416A204603F02CFF0121204603F047
:100E1000D7FE0223204600211A4603F0B5FE2046E5
:100E2000BDE810404FF4804100F0BFB910B5486AEA
:100E30000C46002803D0FFF775FD0020606210BD4E
:100E400010B50446006B002833D0E16A002930D089
:100E500094F86210C1F3410111B3012902D00229B3
:100E600008D11CE0002103F022F8D4F82C00002166
:100E700003F0B6FE206B03F0FBF9E06A03F0F8F92B
:100E8000206B04F083F9206B01F004FA0028206B3A
:100E90004FF0010109D0BDE8104000F079BD0121FB
:100EA00003F005F8E06A0121E2E7BDE8104000F038
:100EB0007CB910BD10B50C460121204603F080FE20
:100EC0002046BDE81040022100F062BD70B5044626
:100ED000C06A0D46A84265D010B1616A03F0C1FE38
:100EE00085B104F15400E9F743FE50B1056094F870
:100EF0006000401C84F86000A16A284603F0B1FE3F
:100F000003E0FEE72046FFF7B7FE206DE56248B13B
:100F1000216C00294FF0010102D000F08BF901E0B3
:100F200000F071FD206CD0B194F86200C10711D0BF
:100F30000007A06C4FF0010106D500F029FDA06C60
:100F4000022100F032F905E000F02FF9A06C022137
:100F500000F01EFD94F86000022808D210E094F81A
:100F60006000022803D294F86200000708D5606B85
:100F7000012100F00DFD606B022100F016F907E081
:100F8000606B012100F011F9606B022100F000FD9F
:100F9000002220461C21FCF751FD2046BDE8704090
:100FA000FFF74EBF70BD10B5FCF745FD0446C06AA3
:100FB00078B1A26B6AB1416A39B11046FFF776F990
:100FC000A06B012100F0E4FC03E00121104600F0D9
:100FD000ECF8206C002813D0E26C002A10D0416A93
:100FE00041B11046FFF762F9E06C0121BDE8104005
:100FF00000F0CEBCBDE810400121104600F0D5B88D
:1010000010BD10B50C46242104F12400E9F7A8FD19
:1010100004F13000BDE810401C21E9F7A1BD10B576
:1010200001F130000C46E9F768FD04F12400BDE849
:101030001040E9F762BD00002DE9F043324897B057
:101040000D4601F0ADF801285BD12846FCF7B3FC52
:1010500006462846FCF7EDFC152E044651D12846DD
:10106000FCF7AFFC01A98146204601F0E5F801AA92
:1010700049462046ECF730FD01AA49462046F2F7E2
:10108000B9FD01AA49462046F0F7A6FCBDF80800C4
:10109000BDF80410BDF80620401A401C00B200EB59
:1010A000D07040100D18161803A8FAF7D7FD4FF4AA
:1010B0000038204603AA414602F031FC01222046B6
:1010C000414602F0B8F800B24146042200EBD0706D
:1010D0004710204602F0AFF800B2EA19ADF85820E8
:1010E00000EBD070E91BADF854104010331AADF886
:1010F00056303044ADF85A0015AA484603A9FAF70D
:1011000099FD17B0BDE8F083600503902DE9F0412B
:101110001D4616460F46044600F070FAA1684FF0CF
:1011200080608A7E00EBB2104FEAB060887600F0F3
:101130003F01A06801EB4101C0688900FFF716FC80
:10114000A168C860A16870B391F81AC06FF00B0174
:101150006FF003020CF03F0C0B1D0CEB4C0C01EB81
:101160008C0C40F80C70A068877EC06807F03F07C1
:1011700007EB470702EB87028654A068827EC068AF
:1011800002F03F0202EB420203EB82028550A068AC
:10119000827EC06802F03F0202EB420201EB820154
:1011A0000844BDE8F081FFE7FEE72DE9FF410C466A
:1011B000074602F06DFD0646E00702D0384602F011
:1011C0000FFDF869E10740EA0400F86111D002213F
:1011D000384602F04CFA60B1384601F0C3F8050019
:1011E00007D0FDF73FF82846FDF774F808B102F084
:1011F000F7FC384602F04CFDB04202D114F0C07F3B
:1012000007D0384601F0F4F802F07BFD384602F0D2
:1012100078FDE0060CD502AA6946384601F050FA7E
:101220006946384602F0FFFC02A9384602F0FBFC92
:10123000BDE8FF81028C11438A4201D003F0CCBD8E
:10124000704700002DE9F0470446408C1746884659
:10125000C0F305103F2852D04FF6FF7939460023DE
:101260004A4620460DF0D6F9618C0426E068002538
:10127000C1F3051209E000BF06EBC503C3585FEADE
:10128000831C01D4DB0102D56D1CAA42F4D84FF0B7
:10129000806202EBB1214FEAB1516184C1F30511C3
:1012A000C900FFF763FB628C6FF00701E060C2F3D7
:1012B00005100AE0E26801EBC00302EB030C02EB4D
:1012C000C002DCE9003CC2E9003C401EA842F1D863
:1012D000E068082100EBC500FFF722FCE16841F857
:1012E0003580E06806EBC501425867F317024250AB
:1012F0004A4639462046BDE8F04703F053B9BDE8F9
:10130000F08770B51D4616460022044603F03CFEE9
:101310002A4631462046BDE8704003F00FBD2DE956
:10132000FF4F81B093468846019803F02FFFB8F134
:10133000000F03D1019801F05BF88046019800246A
:10134000254601F055F80021814601F07BFD002182
:101350000646484601F085FE30440FFA80FA4846BA
:10136000002101F01AFF304400B2009000214046F5
:1013700001F068FD00210646404601F072FE30444F
:1013800007B24046002101F008FF81190EB2BBF1FF
:10139000000F0FD0BBF1160F35D2DFE80BF0D711DD
:1013A0002335404555686A13838898A2A7B7C1C7FB
:1013B000CDD3FDFC0021404601F0F9FC012823D0EB
:1013C0003C461FE0404600F07FFF0246019802F0D5
:1013D000F9F8014602EBD27001EBD1714010A0EB9D
:1013E00061004EE0404600F06FFF0246019802F0B7
:1013F000E9F802EBD27100EBD0704910A1EB60006C
:10140000384404B23546A1E0404600F05DFF024694
:10141000019802F0D7F8101A3546384484E03C466B
:101420001CE0304405B291E0404600F04DFF02461A
:10143000019802F0C7F8014602EBD27001EBD171BE
:101440004010A0EB610007E0404600F03DFF02467F
:10145000019802F0B7F8101A384404B2404600F080
:1014600019FF0246019800F082FF101AD9E73C46A6
:1014700009E0404600F028FF0246019802F0A2F879
:10148000101A384404B2404600F004FF02460198A6
:1014900000F06DFF02EBD27100EBD0704910A1EBB0
:1014A0006000BEE7019800F062FF4042BAE74046A4
:1014B00002F088F80246019802F084F8014602EB37
:1014C000D27001EBD1714010A0EB610007E0404603
:1014D00002F078F80246019802F074F8101A04B28B
:1014E000E0E7404600F043FF05462FE0404602F0AB
:1014F00069F80246019802F065F8014602EBD270E5
:1015000001EBD1714010A0EB610007E0404602F012
:1015100059F80246019802F055F8101A04B2E0E7B3
:10152000019802F04FF8404204B20FE0019802F037
:1015300049F8404204B241E0019802F043F84042C9
:1015400004B24EE0404602F03DF804464846002111
:1015500001F02DFC012848464CD000F0CFFFB8F830
:1015600014200499B9F814301144C91A0144A1EBAC
:101570000A00204404B2484601F08CF8B8F816205E
:101580000E99B9F816301144C91A01440098081A86
:10159000284405B201E020E00CE00198002201217E
:1015A00003F0F2FC019805B02A462146BDE8F04F51
:1015B00003F0C4BB404602F005F80446404600F084
:1015C000D6FE0246019800F0D2FE02EBD27100EB8B
:1015D000D0704910A1EB600024E7404601F0F2FF13
:1015E0000446404600F0C3FE0246019800F0BFFEEC
:1015F000101A17E700F0E2FFB1E7000010B504464B
:101600008068002813D10B484168491C41601C20A8
:10161000FFF7FCF8A06058B11C21FFF781FAA16820
:101620000F204876A068017E41F00301017610BDCD
:10163000FEE70000D80000242DE9FC410E460546D7
:10164000012102F008F8E0BB284600F0D5FE044670
:1016500000F05AFE0746F8F7DFFFA0420ED03846EA
:10166000F8F7E2FFA04209D03846F8F7C3FFA042DE
:1016700004D03846F8F7B6FFA04237D14FF4002423
:101680002846214601F0EEFF28BB2846E9F729FB52
:1016900005F1140107466846F6F7AAFCBDF80000FC
:1016A000C01BADF80000BDF80200C01BADF8020081
:1016B000BDF804003844ADF80400BDF80600384415
:1016C00000E013E031466A46ADF806000846E8F748
:1016D0007CFB00280BD0002331460122284601F074
:1016E000BEFE1CE0012101F0B6FF10B10020BDE8F4
:1016F000FC812146284601F0B5FF80B9D5E90501F6
:1017000000230122CDE900016946284601F0A7FE29
:1017100031466A460846E8F758FB0028E7D02846D5
:1017200000F066FE051EDDD10120E0E72DE9F04165
:1017300000250E46074601F0F2FD040035D0314683
:10174000384601F0E0FD02282FD904EBD4700121C6
:1017500001EB60043146384601F0DBFD20443146A0
:101760000FFA80F8384601F0B6FD04463146384697
:1017700001F0BDFD002C01DD214600E061420028A2
:1017800001DD024600E04242914205DD002C01DD10
:10179000204604E0604202E0002800DC4042404471
:1017A00000B2002800DA284605463146384601F0E6
:1017B000F2FB04000ED03146384601F0E0FB02286F
:1017C00008D93146384601F0E0FB2044A84200DB4E
:1017D00005462DB238466922314601F02CFD04B28F
:1017E00038466A22314601F026FD00B2844200DC10
:1017F0000446002C01DD281905B22846BDE8F08119
:1018000070B55B220D46064601F015FDC4B23046A8
:101810001622294601F00FFD04B90124204670BDAF
:10182000002803D00068884201D1012070470020C1
:10183000704700002DE9F04100260D463649074665
:1018400000E00068B8B182690A42FAD08069C0F34A
:101850000F108046FEF7DAFF041E31D04146FFF735
:101860005FF9C4E900756FF003074FF0010825B177
:10187000A86878B332E03046EBE7F8F785FE05005C
:101880001AD0EA68F2B1686A401C686281001046AA
:10189000FFF76CF8696AE86007EB81014450A682A3
:1018A0000020E682F8F788FE401E20830020F8F72B
:1018B000C9FE401E608323E02046FFF733F8002076
:1018C000BDE8F0810420FEF7A1FFE8600460C5F8E0
:1018D0002480E4E7FFE72846FFF790FEA868016848
:1018E00081B14168491C4160A86889000068FFF720
:1018F0003DF8A9680860A968496807EB8101445070
:101900002046DDE70420FEF781FFAA68106004602E
:10191000A868C0F80480F3E7F0FF0F0070B5054633
:1019200002F0EFF9002000F097FA284605F068FF72
:10193000284600F070F8012000F08EFA4FF4702174
:101940004FF6FF72284602F02DFE284602F013FEE5
:10195000FCF7B4FC030007D0284602F08BF918B15D
:1019600029461846FCF744FC284600F041FD0400D7
:101970000DD022212A46FCF761F823212A46204671
:10198000FCF75CF82846BDE8704002F029B970BD4C
:101990007FB50C46064602F07BF90546E0060CD5FD
:1019A00002AA6946304600F08BFE6946304602F0D6
:1019B0003AF902A9304602F036F9F069E10720EA67
:1019C0000400F0610ED0304602F00AF9304602F011
:1019D0005FF938B1304600F00BFD02F092F9304665
:1019E00002F08FF9304602F053F9A84202D114F008
:1019F000C07F07D0304600F0FBFC04B0BDE870406B
:101A000002F07FB97FBD028C22EA01018A4201D037
:101A100003F0E2B9704770B504680546206818B154
:101A200028602846FFF7F7FF2C6020466268002AEE
:101A300003D02946BDE87040104770BD2DE9F04144
:101A40004D680C46EDB1284600F058FD0646284684
:101A500000F020FE002107461022284601F0EBFB93
:101A6000E98A12220844C01BE082411E2846618395
:101A7000002101F0E0FBA98A0844801BA082411EDE
:101A80002183002D41F20200E06106D043F2020002
:101A9000C4F81C0043F20230E06140F0740040F4EE
:101AA0000060E06102D040F40040E061BDE8F081F8
:101AB0000146044810B5FFF7BDFE0446FFF72EFFB0
:101AC000204610BD58FE029070B5054602F088F819
:101AD000284600F08DFC0400284610D007F018FBC3
:101AE000204603F027F8002220462221FBF7A6FF1C
:101AF0002046BDE8704000222421FBF79FBF00F084
:101B000003FC040007D02069A842284604D107F04E
:101B1000FFFA0020206170BDBDE8704007F0F8BA00
:101B200070B50C460846E8F7E9FD002000F094F98E
:101B3000144A0021204602F00CFE012000F08CF92E
:101B400000212046F5F782FC204600F00BFC10B186
:101B50002046FCF7DBFBA068002811D000680025B8
:101B600018B1FEF7DFFEA0680560A068C06818B174
:101B7000FEF7D8FEA068C560A068FEF7D3FEA5609A
:101B800070BD0000FFFF0F002DE9F047A8B08046B0
:101B9000FBF711FF06464046FBF74BFF122E0546AA
:101BA0004FF001074FF0000478D0DFF89892152E1F
:101BB00073D0182E6DD14046FBF703FF82460146D5
:101BC0002846F0F7A7FC0021284601F05FF950B144
:101BD00005F59070FAF704F8060004D0F9F7E2FC76
:101BE0003046FEF78DFE0021284601F023F900283B
:101BF0004FD018A8FAF732F88DF86340002118AAE0
:101C000028468DF87A408DF88A408DF8964001F08C
:101C100086FE0021284601F0ECFB00218046284684
:101C200001F0DBFB05F1140106466846F6F7D7F92B
:101C3000BDF80010A1EB0800BDF80410ADF80000DD
:101C400001EB0800ADF80400BDF802005146801B0E
:101C5000ADF80200BDF806003044ADF8060006A855
:101C600000F0F2F818A80A90684613941A21CDF8EB
:101C70001C9006AACDE908702846FBF7DFFE18A9DC
:101C80006A465046F9F7D6FF06AA28461B21FBF7FD
:101C9000D5FE28B0BDE8F08700E052E04046FBF7F3
:101CA000C6FE064600780228F3D00021284601F03F
:101CB000EDF810B102203070EBE70021284601F06A
:101CC00004FB00218246284601F093FB0021814657
:101CD000284601F082FB05F1140180466846F6F7BC
:101CE0007EF9BDF800105246A1EB0900BDF80410C2
:101CF000ADF8000001EB0900BDF80210ADF80400DA
:101D0000A1EB0800BDF80610ADF8020001EB0800D9
:101D1000ADF8060070686946E8F780F868B1002100
:101D2000284601F07BF8FD2807D3002128466022D1
:101D300001F081FAC0B2FD2801D23770A9E73470F2
:101D4000A7E74046FBF73DFE804617A8F9F786FF58
:101D50000021284601F06EF828B19DF87F0040F080
:101D600001008DF87F000021284617AA01F0D7FD59
:101D70000021284601F03DFB00210646284601F0DF
:101D80002CFB05F1140107468A466846F6F727F949
:101D9000BDF800004146801BADF80000BDF804000E
:101DA0003044ADF80400BDF80200C01BADF80200DD
:101DB000BDF806003844ADF8060005A800F044F868
:101DC00017A809906846CDF818901A2105AACDE900
:101DD000074028461294FBF731FE0021284601F007
:101DE00055F830B1BDF85C0018B11B9E01271B945B
:101DF00001E01B9E002717A96A464046F9F71AFF23
:101E0000EFB11820FEF730FDBDF95C200023074636
:101E10005146F9F74FFE05F590713846F9F7F6F996
:101E20006EB18DF85F4017A98DF87E406A46404636
:101E30008DF886408DF892401B96F9F7FBFE05AAB7
:101E400023E7000058FE029070B50D460446482175
:101E5000FEF766FE256070BD0149087070470000FE
:101E6000E80000242DE9FF4188460846FBF7A3FD62
:101E700004464046FBF7A3FD012C054623D0082C61
:101E800023D0032C3ED02A2C3ED00D2C4CD00E2C2F
:101E90007DD0092C7CD00A2C7BD00F2C7AD0292C19
:101EA00079D0222C78D0242C77D0132C76D0152CF6
:101EB00003D0182C01D0122C34D104B04046BDE818
:101EC000F041FFF761BE2021FAE02021FFF79BFDE2
:101ED0004046FBF787FDFDF7F4F8002822D10821E2
:101EE000284601F0B8FB00281CD095F820004FF0E0
:101EF0000101C007284602D0FFF785FD30E0FFF75B
:101F000099F92DE02021F8E000F072F9002406464E
:101F100006E0A868006850F8240001F0F2FE641C96
:101F2000B442F6D3BDE8FF81082101F094FBF8B17B
:101F30004046FBF77CFD0478132C06D0112C04D00E
:101F4000142C07D0122C05D008E001212846FFF7F9
:101F500071F903E001212846FFF755FD0A2CE1D075
:101F600004B0284600221C21BDE8F041FBF766BD05
:101F70004FF40161284601F06EFB0028D2D02846BC
:101F800001F06BFE0028CDD10027284607E06DE068
:101F900095E09AE0B0E0B5E0D1E0F2E0F6E000F0E4
:101FA000ADFA0646284600F009FB04464046FBF71A
:101FB0003EFD007812281BD011280CD013282BD0FE
:101FC0001428AFD1284600F071FA800703D0002E04
:101FD00038DC002C36DC284600F0C9F904462846D7
:101FE00000F066FBE11704EB9171A0EBA1000BE0A0
:101FF000284600F0BCF90446284600F059FBE117DA
:1020000004EB917100EBA1003A4604B001B22846FE
:10201000BDE8F04102F078BD284600F047FA80079D
:10202000E6D0002E01DC002CE2DD284601F0CAFAE1
:102030000446284600F035FBE11704EB917100EBF4
:10204000A1000BE0284601F0BDFA0446284600F046
:1020500028FBE11704EB9171A0EBA1003A4604B014
:1020600001B22846BDE8F04102F038BD4FF480616E
:1020700001F0F1FA18B10121284602F012FD2846BC
:1020800000F070F9FCF720F902240646FCF7E4FFA3
:1020900010B94046FBF7A6FCFDF71FF8022801D057
:1020A000042800D106241EB144F00801284607E0A8
:1020B00021462846FFF7BEF8082128461DE04021AA
:1020C00004B0BDE8F041FFF7B5B84021FFF79BFC35
:1020D000284600F023FE02287FF424AF02AA6946B6
:1020E000284600F0EDFA6946284601F09CFD02A959
:1020F000284601F098FD15E70E2104B0BDE8F04137
:10210000FFF781BC002100F02FFE00210446284685
:1021100000F0E6FE204302D0284601F0F2FD2846FA
:1021200000F066F80024064606E0A868006850F84B
:10213000240001F0E6FD641CB442F6D3F2E600216F
:10214000012201F078F806B228460021042201F0AD
:1021500072F804B22846002100F006FE002107466E
:10216000284600F0BDFE384305D142F2D1708642C8
:1021700001D08442BFD104B02846BDE8F04101F04F
:10218000C0BD688C40F002006884F4E70021FFF7CE
:10219000CDFA04B001464046BDE8F041FBF76EBC05
:1021A00010B50C4600B96068006868B10169002983
:1021B000FAD00021E160026921469047217E01208A
:1021C000C90700D0002010BD012010BD8068002884
:1021D00009D0002902DA4268511803D443680A463C
:1021E0008B4201D800207047006850F822007047E9
:1021F0008068002800D04068704770B50C460546DE
:1022000000F114012046F5F7F3FEA868002812D06B
:10221000808A2188081A2080A968A088898A0844B1
:10222000A080A9686088898A401A6080A968E088CF
:10223000898A0844E08070BD70B50C4605460021CF
:1022400000F000FE06462146284600F057F870428E
:1022500002B220461146F5F779FF0021284600F02A
:1022600000FF2188084420800021284600F041FF1B
:10227000A188081AA0800021284600F08EFF6188FE
:10228000084460800021284600F08BFEE188081A8F
:10229000E08070BD70B50021044600F07EFF002193
:1022A0000546204600F07DFE00210646204600F04F
:1022B000C9FD0246204600F05AF8401B5142801BDF
:1022C00000EB410000B270BD70B50021044600F083
:1022D000C8FE00210546204600F00BFF00210646FF
:1022E000204600F0AFFD0246204601F06BF9401B8E
:1022F0005142801B00EB410000B270BD0A4600F164
:1023000014011046F5F774BE10B5416809B100F02C
:1023100073F804460A48E8F706FC0EE0426A00211A
:1023200005E0C36853F82130A34208D0491C8A4213
:10233000F7D801460248E8F708FC0028EED110BDA6
:10234000081C02248068002805D0827E02F03F022B
:102350008A4201D800207047C06801EB410100EBC0
:10236000810070478068002800D080687047418BEA
:10237000C08A081A401C00B2704770B5064600F0CB
:1023800037F8050001D000240AE0002070BD214686
:102390002846FFF71BFFB04201D1204670BD641CE8
:1023A0002846FFF725FFA042F1D84FF0FF3070BD5F
:1023B000F0B4468C04250024C6F3051613E000BFD4
:1023C000C76805EBC40C57F80C705FEAC71C09D549
:1023D00027F07F479F4205D1C06850F83400F0BC19
:1023E00003F04EBF641CA642EAD8F0BC0020704740
:1023F000002800D04068704700B50146FFF7F8FF9D
:102400000028FAD1084600BD2DE9F047DFF8948096
:1024100006464446FFF7ECFEDFF88CA00025074691
:102420000EE0B0685146006850F82500814601F082
:1024300019F920B9B9F91A00A04200DB04466D1C55
:10244000BD42EED30021304600F0ADFE00218146B2
:10245000304600F0ACFD00210746304600F0F8FCA5
:102460004445054604D0708BC01B401B201A04B2A3
:10247000304600F05BFC80463046FFF778FF69424B
:10248000A0EB0900C01B00EB41013046A8EB0101A5
:1024900000F00EF9081A00B2844200DD2046BDE8C3
:1024A000F087000001E0FFFF01000400806818B120
:1024B000407E00F00F0070470F20704770B50C464B
:1024C0000C490546F4F7F2FF10B1806A404202E081
:1024D000284600F0E6F8084920802846F4F7E6FF91
:1024E00010B1806A404202E0284600F0E1F86080C6
:1024F00070BD0000ADB80290C5B802902DE9F84F4C
:102500000021064600F059FC012807D0B0680028D9
:1025100002D0008A404200B2BDE8F88F0021304668
:1025200000F0EDFD00210090304600F0A0FD0021FC
:102530008146304600F08CFC41F6FF7A80465446D6
:102540003046FFF755FE002507460EE0B0681949F2
:10255000006850F82500834601F084F820B9BBF9E3
:102560001400A04200DC04466D1CBD42EED354456D
:1025700006D0B28A09EB08001044001B04B200E048
:102580000D4C304600F0E0FB0546304601F01AF8ED
:102590000099C8F10002411AA1EB090000EB4200CA
:1025A000291A304600F07DF8084400B28442B3DDB9
:1025B0002046B1E70100040001E0FFFF2DE9F047EC
:1025C0000021064600F0F9FB01280AD0DFF8A080C0
:1025D00030464446FFF70CFEDFF898A0002507467A
:1025E00015E0B068002801D0B0F91000BDE8F08710
:1025F000B0685146006850F82500814601F032F875
:1026000020B9B9F91800A04200DB04466D1CBD4298
:10261000EED30021304600F072FD0021074630461F
:1026200000F025FD00218146304600F011FC4445B4
:10263000054604D0308BC01B401B201A04B2304624
:1026400000F082FB8046304600F0BCFFC11B6A42AE
:10265000A1EB090000EB42013046A8EB010100F0BC
:1026600020F8081A00B28442C0DD2046BEE7000010
:1026700001E0FFFF010004008068002802D0007E16
:10268000C0F3810070478068002802D0007EC0F34C
:10269000011070478068002802D0408A404200B292
:1026A00070478068002802D0008A404200B270471C
:1026B0008068002802D0408A404200B27047000083
:1026C0002DE9F04F91B0164600220C464FF0FF372F
:1026D00005463B46114620460097F5F753FD00227C
:1026E0003B46114630460097F5F74CFD1021284631
:1026F00000F0B1FF002816D0284600F00FFB0700BD
:1027000011D00020FCF7AEFC022F804608D010E06C
:10271000FCF7D7FCA84209D04046FCF7A3FC804652
:10272000B8F1000FF4D111B0BDE8F08FB8F1000F8F
:10273000F9D02846FFF7AEFF05902846FFF764FE64
:102740000A902846FFF7DAFE09902846FFF736FF81
:1027500008902846FFF7AAFE10F00C0F81464FF0B4
:1027600000000B9014D0012F10D0032F02D0022FA5
:1027700007D00DE00598002808DC0A98002805DC41
:1027800006E04046FCF78EFC0C2801D101200B909E
:102790005FEA89714FF00000079014D0012F10D02C
:1027A000032F02D0022F07D00DE00998002808DC83
:1027B0000898002805DC06E04046FCF773FC032877
:1027C00001D1012007900B9907980843ABD04FF433
:1027D00080372846394600F0F0FA012800D0002062
:1027E00039460E90284600F0DEFC39460490284613
:1027F00000F0DDFB39460F90284600F038FC80469B
:102800003946284600F07BFC01228146284639469D
:1028100000F011FD0FFA80FB2846FFF7A8FD00909D
:10282000284600F0CFFE02900B9800B15846079959
:10283000824609B1584600E0002039462122109016
:10284000284600F0F8FCC0B2022808D231223946EE
:10285000284600F0F0FCC0B20228FFF464AF0599EE
:102860004FF0A007009801440B9800280A980844EC
:1028700000B20B9070D00028FCD0E98A0E987180CD
:102880000028688BF08008D0AA8AABF1010102EB26
:10289000080030800144B18007E0298BA1EB0900DA
:1028A000B080A0EB0B01491C318004990098411ABB
:1028B0000F98091A1098081A00990C9048430B9920
:1028C00090FBF1F000B205900020F7F763FE00EBFB
:1028D0008001502000EB4100B0F5A07F0ADB002012
:1028E000F7F758FE00EB8001502000EB410090FB11
:1028F000F7F000E001200599884201DA084616E069
:102900000020F7F747FE00EB8001502000EB41006C
:10291000B0F5A07F0ADB0020F7F73CFE00EB80015A
:10292000502000EB410090FBF7F000E00120009AFE
:102930000B9900B2891A0AB20C99091A09B2002A35
:102940000BDCE98A049808447080698B0F98091A97
:102950001098081A401EF08090E00A9B401E11FB60
:1029600003FCEB8A9CFBF2F2891A049A1144194485
:1029700009B271800844F080B5F91620049810441B
:10298000814238DA70800020F7F704FE00EB800106
:10299000502000EB4100B0F5A07F0ADB0020F7F7E4
:1029A000F9FD00EB8001502000EB410090FBF7F0B7
:1029B00000E00120B6F90210B6F906200844904262
:1029C00019DD0020F7F7E6FD00EB8001502000EB59
:1029D0004100B0F5A07F0ADB0020F7F7DBFD00EB3C
:1029E0008001502000EB410090FBF7F000E0012057
:1029F00071880844F080B5F91A201098B6F90610CD
:102A0000121A0F98101A814238DDF0800020F7F773
:102A1000C1FD00EB8001502000EB4100B0F5A07F2C
:102A20000ADB0020F7F7B6FD00EB8001502000EB39
:102A3000410090FBF7F000E00120B6F90610B6F96E
:102A40000220081A904219DA0020F7F7A3FD00EBE4
:102A50008001502000EB4100B0F5A07F0ADB002090
:102A6000F7F798FD00EB8001502000EB410090FB50
:102A7000F7F000E00120F188081A708009990298A7
:102A80000144079800280898084400B200903FF4D9
:102A90004AAE0028FBD0698B0F98081A0299E08093
:102AA000A1EB0802A0EB0B01A2EB0902A2EB0A00CA
:102AB000029A0490491C6180A98A504321800099A0
:102AC00090FBF1F1288BA08008B203900020F7F76B
:102AD00061FD00EB800050264FF4A07B06EB400028
:102AE000584509DB0020F7F755FD00EB800006EBA9
:102AF000400090FBF7F000E001200399884201DAE2
:102B0000084613E00020F7F745FD00EB800006EBD8
:102B10004000584509DB0020F7F73CFD00EB800042
:102B200006EB400090FBF7F000E00120029A0099CC
:102B300000B2891A0AB20499091A09B2002A18DCEB
:102B40000E9850B1AA8AAAF1010002EB08010844CC
:102B50002080298BA1EB090009E0A98A01EB08007C
:102B60002080298BA1EB0901A1EB0A00401EA08067
:102B7000D9E5089B11FB03FC0E9B9CFBF2F2A1EB39
:102B8000020109B2EBB3AB8A08EB0A02401E1944FA
:102B9000114409B221800844A080B5F91400104402
:102BA000884233DD20800020F7F7F4FC00EB800042
:102BB00006EB4000584509DB0020F7F7EBFC00EB83
:102BC000800006EB400090FBF7F000E00120B4F934
:102BD0000010B4F904200844904217DD0020F7F7F4
:102BE000D9FC00EB800006EB400058450ADB0020D2
:102BF000F7F7D0FC00EB800006EB400090FBF7F00D
:102C000001E03AE0012021880844A080B5F91820AD
:102C1000B4F9041078E0A0800020F7F7BBFC00EBCB
:102C200080005D4606EB4000A84273DB0020F7F70A
:102C3000B1FC00EB800006EB400090FBF7F000BF1A
:102C4000B4F90410B4F90020081A904290DA002078
:102C5000F7F7A0FC00EB800006EB4000A8425BDB2E
:102C60000020F7F797FC00EB800006EB400090FB9C
:102C7000F7F0A188081A208055E5AA8A4144401E31
:102C8000114409B221800844A080B5F9142002EB58
:102C90000800814232DA20800020F7F77BFC00EB4D
:102CA000800006EB4000584509DB0020F7F772FC76
:102CB00000EB800006EB400090FBF7F000E0012005
:102CC000B4F90010B4F904200844904216DD002045
:102CD000F7F760FC00EB800006EB4000584509DB8D
:102CE0000020F7F757FC00EB800006EB400090FB5C
:102CF000F7F000E0012021880844A080B5F91820F1
:102D0000B4F90410A2EB0A02A2EB0900814282DCB2
:102D100009E5FFE7012093E70120AAE7806818B1E1
:102D2000007E00F00300704703207047054908B596
:102D30006A46496800912C21FAF780FEBDF902002D
:102D400008BD000074FE0290054908B56A4609688E
:102D500000912C21FAF772FEBDF9000008BD0000B9
:102D600074FE0290008C7047092210B500F063FADF
:102D7000C0B210BD092210B500F05DFAC0B210BD9E
:102D8000662200F058BA512210B500F054FA00281B
:102D900000D0012010BD502210B500F04CFA00B256
:102DA00010BD502210B500F046FA00B210BD162238
:102DB00010B500F040FAC0B210BD162210B500F0F8
:102DC0003AFAC0B210BD162210B500F034FAC0B203
:102DD00010BD162210B500F02EFAC0B210BD16229A
:102DE00010B500F028FAC0B210BD162210B500F0E0
:102DF00022FAC0B210BD162210B500F01CFAC0B203
:102E000010BD70B520220C46054600F014FA0246AB
:102E100021462846BDE87040E7F793BF212210B550
:102E200000F009FAC0B210BD682210B500F003FA34
:102E3000C0B210BD342210B500F0FDF9002800D05A
:102E4000012010BD322210B500F0F5F900B210BD1E
:102E5000322210B500F0EFF900B210BD322210B5E9
:102E600000F0E9F900B210BD322210B500F0E3F92C
:102E700000B210BD322210B500F0DDF900B210BD75
:102E8000322210B500F0D7F900B210BD172210B5EC
:102E900000F0D1F9002800D0012010BD034A10B580
:102EA000528900F0C8F9C0B210BD00000C01002426
:102EB000042210B500F0BFF900B210BD042210B515
:102EC00000F0B9F900B210BD042210B500F0B3F95A
:102ED00000B210BD042210B500F0ADF900B210BD73
:102EE0000A2210B500F0A7F980B210BD0A2210B571
:102EF00000F0A1F980B210BD492210B500F09BF995
:102F000000B210BD062210B500F095F900B210BD58
:102F1000052210B500F08FF900B210BD602210B587
:102F200000F089F9C0B210BD70B50E460546FFF736
:102F3000F5FF02281BD9FD284FF0FF0402D2C0EB99
:102F40000020040A0EB1002603E02846FFF750FADD
:102F5000054655B131462846FFF7E0FF022806D95D
:102F6000FD28F2D24443240AEFE7022C01D80020C6
:102F700070BDFD2C01D3FF2070BD204670BD3722EF
:102F800010B500F058F9C0B210BD382210B500F0ED
:102F900052F900B210BD352210B500F04CF900B264
:102FA00010BD112210B500F046F900B210BD11227B
:102FB00010B500F040F900B210BD112210B500F0BC
:102FC0003AF900B210BD112210B500F034F900B288
:102FD00010BD112210B500F02EF900B210BD112263
:102FE00010B500F028F900B210BD112210B500F0A4
:102FF00022F900B210BD112210B500F01CF900B288
:1030000010BD112210B500F016F900B210BD11224A
:1030100010B500F010F900B210BD112210B500F08B
:103020000AF900B210BD152210B500F004F900B283
:1030300010BD152210B500F0FEF800B210BD15222B
:1030400010B500F0F8F800B210BD152210B500F070
:10305000F2F800B210BD152210B500F0ECF800B285
:1030600010BD122210B500F0E6F800B210BD122219
:1030700010B500F0E0F800B210BD122210B500F05B
:10308000DAF800B210BD122210B500F0D4F800B288
:1030900010BD122210B500F0CEF800B210BD122201
:1030A00010B500F0C8F800B210BD122210B500F043
:1030B000C2F800B210BD122210B500F0BCF800B288
:1030C00010BD122210B500F0B6F800B210BD1222E9
:1030D00010B500F0B0F800B210BD122210B500F02B
:1030E000AAF800B210BD122210B500F0A4F800B288
:1030F00010BD132210B500F09EF800B210BD1322CF
:1031000010B500F098F800B210BD132210B500F011
:1031100092F800B210BD132210B500F08CF800B286
:1031200010BD132210B500F086F800B210BD1322B6
:1031300010B500F080F800B210BD132210B500F0F9
:103140007AF800B210BD132210B500F074F800B286
:1031500010BD132210B500F06EF800B210BD13229E
:1031600010B500F068F800B210BD132210B500F0E1
:1031700062F800B210BD142210B500F05CF800B285
:1031800010BD142210B500F056F800B210BD142284
:1031900010B500F050F800B210BD102210B500F0CC
:1031A0004AF800B210BD102210B500F044F800B289
:1031B00010BD102210B500F03EF800B210BD102274
:1031C00010B500F038F800B210BD102210B500F0B4
:1031D00032F800B210BD102210B500F02CF800B289
:1031E00010BD102210B500F026F800B210BD10225C
:1031F00010B500F020F800B210BD102210B500F09C
:103200001AF800B210BD102210B500F014F800B288
:1032100010BD102210B500F00EF800B210BD102243
:1032200010B500F008F800B210BD102210B500F083
:1032300002F800B210BD2DE9F84388460646012188
:103240001446104603F034F90025074615E06B4696
:10325000224641463046F2F7C3FD0128054627D0F5
:103260007FB1022D05D0B8F1000F02D04FF0000859
:1032700003E03046FFF7BCF80646002EE7D1012DEB
:1032800016D0B8F1000F03D1012C05D0042C03D0C7
:10329000204603F0A3F80AE031680FE0012C0AD0C1
:1032A000C88A50B161B1012C0CD0B1F91600009060
:1032B0000098BDE8F883888AF3E709680029EDD112
:1032C0000020F4E7B1F91400F1E70B2210B5FFF785
:1032D000B2FF00B210BD412210B5FFF7ACFF00B243
:1032E00010BD412210B5FFF7A6FF00B210BD42226B
:1032F00010B5FFF7A0FF00B210BD422210B5FFF7D6
:103300009AFF00B210BD452210B5FFF794FFC0B27E
:1033100010BD432210B5FFF78EFF00B210BD402252
:1033200010B5FFF788FF00B210BD70B555220C46EE
:103330000546FFF780FF024621462846BDE870405B
:10334000E7F7FFBC5722FFF776BF5722FFF773BF9F
:103350005722FFF770BF5722FFF76DBF5722FFF7C5
:103360006ABF5722FFF767BF5722FFF764BF582293
:1033700010B5FFF760FF00B210BD582210B5FFF77F
:103380005AFF00B210BD582210B5FFF754FF00B22B
:1033900010BD592210B5FFF74EFF00B210BD5922E3
:1033A00010B5FFF748FF00B210BD592210B5FFF766
:1033B00042FF00B210BD592210B5FFF73CFF00B22A
:1033C00010BD592210B5FFF736FF00B210BD5922CB
:1033D00010B5FFF730FF00B210BD6A2210B5FFF73D
:1033E0002AFF00B210BD6A2210B5FFF724FF00B219
:1033F00010BD692210B5FFF71EFF00B210BD692293
:1034000010B5FFF718FF00B210BD012210B5FFF78D
:1034100012FF00B210BD012210B5FFF70CFF00B281
:1034200010BD012210B5FFF706FF00B210BD01224A
:1034300010B5FFF700FF00B210BD012210B5FFF775
:10344000FAFE00B210BD072210B5FFF7F4FE00B27D
:1034500010BD082210B5FFF7EEFE00B210BD2DE939
:10346000FF41074608880C461D46ADF80000164689
:103470004888ADF802000888ADF80400C888ADF8A7
:1034800006008888ADF8080048886946ADF80A004B
:10349000A088ADF80C00E088ADF80E00384601F0C9
:1034A00045FE01A92B463246384601F03FFE02A9EF
:1034B0002B463246384601F039FE03A92B463246E8
:1034C000384601F033FEBDF90030BDF904008342F7
:1034D00001DA1D4600E00546BDF90810BDF90C20D3
:1034E000914201DA0E4600E01646B54205DA834203
:1034F00001DA1A4604E0024602E0914200DA0A4686
:103500002280BDF90030BDF904108B4201DD1D465B
:1035100000E00D46BDF90800BDF90C20904201DD28
:10352000064600E01646B54205DD8B4201DD1A462F
:1035300004E00A4602E0904200DD0246A280BDF9A6
:103540000230BDF90620934201DA1D4600E015461F
:10355000BDF90A10BDF90E00814201DA0E4600E005
:103560000646B54205DA934201DA184604E01046F1
:1035700002E0814200DA08466080BDF90230BDF900
:1035800006108B4201DD1D4600E00D46BDF90A0024
:10359000BDF90E20904201DD064600E01646B54218
:1035A00005DD8B4201DD184604E0084602E090424A
:1035B00000DC1046E080052220461146F4F7C6FDE7
:1035C000BDE8FF81018B808A081A401C00B2704759
:1035D00070B50546FEF70CFF040012D0A88AA18A38
:1035E000451A2046FFF75DF8054420460021FFF705
:1035F00038FD2D1A20460021FFF724FC281A00B2BE
:1036000070BDB5F9140070BD70B50546FEF7F0FE4B
:10361000040012D0E88AE18A451A2046FFF748F8EC
:10362000054420460021FFF7B8FD2D1A2046002151
:10363000FFF708FC281A00B270BDB5F9160070BD7E
:1036400010B50446FFF7E0FF02462046FEF78FFE66
:10365000104400B210BDC069814301D00020704702
:1036600001207047C069084000D001207047008CDD
:10367000084000D001207047F8B514460D4650228E
:103680000646FFF7D8FD00B26080002810D0532214
:1036900030462946FFF7CFFDC0B22073022807D974
:1036A00029463046FFF740FC022802D8002020734C
:1036B000F8BDFD2804D2217B11FB00F0000A207325
:1036C000207B0228F4D9522229463046FFF7B3FD69
:1036D000024629463046E7F734FB00905422BDF8F5
:1036E0000000294620803046FFF7A5FD51222946DB
:1036F000A0603046FFF79FFD00B10120617B002DE7
:1037000060F382016173D3D029463046FFF78CFB0A
:10371000617B60F301016173F8BDF8B514460E4694
:1037200046220546FFF787FDC0B2E072022808D99D
:1037300031462846FFF7F8FB02284FF0000101D878
:10374000E172F8BDFD2804D2E27A12FB00F0000A13
:10375000E072E07A0228F4D921804FF48070608012
:103760004822288BA98A401A401C00B200EBD07076
:103770004010A080688BE98A401A3146401C00B294
:1037800000EBD0704010E0802846FFF754FD10F0A9
:10379000FF00A0720DD0472231462846FFF74BFDAF
:1037A000024631462846E7F7CCFA0090BDF8000003
:1037B0002081002EC5D031462846FFF735FB207307
:1037C000F8BDF8B514460D4656220646FFF733FD00
:1037D000C0B2A076022807D929463046FFF7A4FBDD
:1037E000022802D80020A076F8BDFD2804D2A17ED0
:1037F00011FB00F0000AA076A07E0228F4D9294629
:103800003046FFF792FD00905822BDF8000029468F
:10381000A0813046FFF70FFD59222946A08230468D
:10382000FFF709FD5A22294660823046FFF703FD63
:10383000A17F60F30201A1773DB129463046FFF731
:10384000F3FAA17F60F3C501A17729463046FFF75F
:1038500079FD5B22294620603046FFF7ECFC20779B
:10386000F8BDF8B514460D464E220646FFF7E3FCB8
:10387000C0B22072022807D929463046FFF754FB10
:10388000022802D800202072F8BDFD2804D2217A37
:1038900011FB00F0000A2072207A0228F4D9492294
:1038A00030462946FFF7C7FC00B260800028EBD005
:1038B0004D2229463046FFF7BEFC024629463046D7
:1038C000E7F73FFA00904A22BDF800002946208021
:1038D0003046FFF7B0FC00B2A08028B14B22304642
:1038E0002946FFF7A8FCE0804C2230462946FFF726
:1038F000A2FC08B1012100E00021607A61F382009E
:103900008108002D61F3C3006072BDD029463046A6
:10391000FFF78AFA617A60F301016172F8BDF8B5C8
:1039200014460D460646FFF7FFFA074685B1022FFB
:1039300009D80020E070A07684F8220084F82A00DC
:1039400084F83600F8BD29463046FFF76DFAA070BE
:103950000B2230462946FFF76EFCE17820800029D3
:1039600055D0212230462946FFF765FCC0B2E070F1
:1039700002284CD929463046FFF743FA0090262208
:10398000BDF800002946A0803046FFF754FC010036
:1039900007D0487A400704D00A22A01DFCF7FEFF9A
:1039A00035E0232230462946FFF745FCE17B60F3F2
:1039B0000201E173480721D029463046FFF721FA7A
:1039C00000902222BDF800002946E0803046FFF733
:1039D00032FC024629463046E7F7B3F9009024222C
:1039E000BDF80000294660813046FFF724FC2522FF
:1039F000294620723046FFF71EFC207327223046EE
:103A00002946FFF718FCE17B60F3C501E173322220
:103A100030462946FFF70FFC00B2208428B394F803
:103A2000220010B3312230462946FFF704FCC0B211
:103A300084F82200022818D9332230462946FFF79D
:103A4000FAFB94F82310302260F34501304684F8E5
:103A500023102946FFF7EFFB024629463046E7F7D9
:103A600070F90090BDF80000E08329463046FFF76A
:103A700092FAE084E8B194F82A00D0B129463046A1
:103A8000FFF77DFA022884F82A0012D92946304629
:103A9000FFF77BFA3622294620853046FFF7CBFB1D
:103AA000024629463046E7F74CF90090BDF8000081
:103AB000A084A07E80B3282230462946FFF7BBFBB6
:103AC000206148B3292230462946FFF7B4FBC0B233
:103AD000A076022820D92069FBF7ACFA022871D021
:103AE0002A2229463046FFF7A6FB024629463046E1
:103AF000E7F727F900902B22BDF800002946208324
:103B00003046FFF798FB2C222946E0763046FFF737
:103B100092FB00B10120207794F8360070B329465B
:103B20003046FFF7FCFBE08540B394F836000228EE
:103B300024D929463046FFF7E6FB022884F83600F0
:103B40001CD929463046FFF7C6FB29462086304659
:103B5000FFF7CDFB294660863046FFF7DAFB4422AB
:103B60002946A0863046FFF766FB024629463046C6
:103B7000E7F7E7F80090BDF80000A085FD2FBFF43F
:103B8000E1AEE278A57E94F8223094F82A0012FB88
:103B900007F294F8361015FB07F513FB07F3160A26
:103BA000E67010FB07F02A0AA27611FB07F11B0A48
:103BB00084F82230000A84F82A00090A84F83610B2
:103BC000F8BDFFE729463046FFF7BCFB2946606198
:103BD0003046FFF7AAFB0090BDF8000020839BE76A
:103BE0007CB50546E7F77DF805F114010446684603
:103BF000F4F7FEF9BDF800006946001BADF80000BF
:103C0000BDF80200001BADF80200BDF8040020441E
:103C1000ADF80400BDF806002044ADF806002846C3
:103C200000F001F87CBD7CB50C460546FEF76CFB48
:103C3000F6F71EFD00280FD021466846F4F7D8F9A4
:103C400069462846FDF7F8FC002805D02846FEF70F
:103C50005BFB6946E6F7E6FE7CBD0068002808D0FD
:103C6000017E8907F9D0007E00F00300012800D012
:103C7000002070470068002809D0017E11F00C0F69
:103C8000F8D0007EC0F38100012800D000207047EA
:103C900010B509490446FFF7E5FC08B1002010BD46
:103CA0002046FEF7A5FB0028F9D00021FFF71EF9FA
:103CB0000028F4D0012010BD010006007CB50546A7
:103CC000E7F70FF805F1140104466846F4F790F998
:103CD000BDF800006946001BADF80000BDF8020009
:103CE000001BADF80200BDF804002044ADF804004C
:103CF000BDF806002044ADF806002846FDF79CFC00
:103D00007CBD10B5418C41F001014184FEF774FB8C
:103D1000418C41F004014184FEF7F6FA4068002826
:103D200003D0BDE8104003F033BF10BD2DE9F047CC
:103D30009946174688468246FEF75AFA00250646F7
:103D400024E000BFDAF80810B9F1000F086850F855
:103D5000254005D04FF480212046FFF77CFCA0B918
:103D6000A38A628BE18A03EB0800B4F818C03A44D6
:103D7000A082CB19E3820CEB08012183002341468A
:103D8000204662833A46FFF7D1FF6D1CB542D9D376
:103D9000BDE8F0872DE9FF47456816460F46044603
:103DA0009DB300212846FFF75CF900218046284694
:103DB000FFF7F3F94FF4802181462046FFF74BFCD3
:103DC00048B1A98A07EB0803EA8A06EB09001944FF
:103DD0000FB2104410E02846FEF763FCAA8A02EBFB
:103DE0000801081A384407B22846FEF761FCEA8A3F
:103DF00002EB0901081A304406B228460021FFF7F9
:103E000021F8391830440FB206B2A08AE18A381A74
:103E1000711A06B20FB20EB9002F40D02046FFF73C
:103E2000DFFE02A92046FEF769FA4FF0000875B1DF
:103E300069462846FEF700FA0022694602A8E5F71F
:103E4000EDFF5FEA000802D1284600F073FEA08A69
:103E5000628BE38A3044218B3A44A0823B44E38264
:103E60003144218300233146204662833A46FFF7DE
:103E70005DFF8DB1222122462846F9F7DFFD20465D
:103E8000FFF7AEFE0022694604F11400E5F7C6FF15
:103E9000B8F1000F07D104E02046FFF7A1FEBDE80E
:103EA000FF870028FBD0284600F044FEF7E770B5F6
:103EB0000C00064604D5FEF79BFAFEF799F9044478
:103EC0003046FEF75AFA02463046FEF791FA002CC9
:103ED00005462DDBFEF78CF9A04229DD944227D060
:103EE00015DA6FF00301A24214DDA86801EB82032A
:103EF0000068C35840F82230521EF4E7A86801EB6E
:103F000082030068C35840F82230521C00E00421AC
:103F1000A242F3DBA86800222221006840F8246056
:103F20002846F9F78BFD2846BDE87040FFF758BEDC
:103F300070BD2DE9F0410D460646FEF7A4FBA0B981
:103F40003046FEF7A7FB04463046FEF75DFA002830
:103F50000BDA002C09DD4042844200DB04462B468C
:103F600022B23046002100F08DFC3046FEF784FB83
:103F7000002825D13046FEF7C1FA04463046FEF748
:103F80001DFB002107463046FEF717FF01280BD026
:103F9000002F15DA002C13DD7842844200DB044642
:103FA0002B4621B2002206E0002C09DA002F07DDA3
:103FB00000222B4621463046BDE8F04100F062BCAD
:103FC000BDE8F0812DE9F04786B08946866802A9F0
:103FD00004464846FEF792F94846E6F782FE014657
:103FE000024602A8F4F7B2F802AA314604A8E5F79F
:103FF000ECFE4FF400250DF1100A20B92946484681
:10400000FFF729FB98B114214FF0010822464846DA
:10401000C4F808A0F9F712FD152122464846F9F721
:104020000DFD162122464846F9F708FD01E04FF044
:10403000000829464846FFF70EFB20B13068009083
:104040007068019006E009F1140231466846E5F710
:10405000BCFE90B14846C4F808D0FEF7C9F8002568
:10406000074608E0D9F80800006850F825102046F7
:1040700006F0BAFA6D1CBD42F4D3B8F1000F10D0AF
:10408000172122464846C4F808A0F9F7D7FC1821A2
:1040900022464846F9F7D2FC192122464846F9F74C
:1040A000CDFCA66006B0BDE8F0872DE9F14F82B0E7
:1040B0000298FFF7EDFD00287CD10298FEF798F9F1
:1040C000009000210298FFF7BEF900218246029875
:1040D000FFF7BFF90646009868B1FEF7F5F881468C
:1040E0000098FEF7D7F805464FF0640BCAF341304D
:1040F000012803D012E032465146A4E02AF4C04021
:10410000B0F5FA6F0ADCB0F57A7F01DDC0F57A70A0
:1041100000FB09F090FBFBF00FFA80FAC6F3413088
:1041200001280DD126F4C040B0F5FA6F08DCB0F5D7
:104130007A7F01DDC0F57A70684390FBFBF006B230
:10414000029800216B22FFF776F807B2029800214F
:104150006C22FFF770F802B20298FFF733FA80463C
:104160000298FEF704F90446C7F3413001280ED146
:1041700027F4C040B0F5FA6F09DCB0F57A7F01DDB5
:10418000C0F57A7000FB08F090FBFBF007B2C2F3B9
:10419000413001280DD122F4C040B0F5FA6F08DC9F
:1041A000B0F57A7F01DDC0F57A70604390FBFBF0DB
:1041B00002B200E05AE0B1180AEB07000FB206B2F3
:1041C00002980021FEF7D6FD50B1012839D0801E9B
:1041D000082836D2DFE800F00B1320242E183D40CB
:1041E00000980021FEF7E3FD012808D029E009EB43
:1041F000D97108EBD8704910A1EB600001E0A9EB80
:104200000800304406B21CE005EBD57004EBD47115
:104210004010A0EB610000E0281B384407B210E01A
:1042200009EBD97108EBD8704910A1EB600030445C
:1042300006B2F1E7291BA9EB08003044394406B265
:104240000FB231463A46029803B0BDE8F04FFFF78F
:10425000A1BDA9EB080006E009EBD97108EBD87005
:104260004910A1EB6000304406B2CDE7BDE8FE8FF7
:104270002DE9F04F0446408C87B0010501D540057B
:104280007ED42046FEF7B4F85FEA000878D02046D6
:10429000FEF734F901900026608C4FF4FA6B42F27D
:1042A000D17A000503D52046FFF78CF95DE00021A7
:1042B0002046FFF7AAF85045054601D1012600E047
:1042C0000026C5F34130012805D125F4C0405845EA
:1042D00001DC012000E0002081464046FDF7F4FFAC
:1042E000074626B12046E8F7FBFA05462BE0B9F170
:1042F000000F28D0B8F82200000518D4002140464D
:10430000FFF783F8504512D100212046FEF79AFDB1
:10431000002105462046FEF7A4FE00EB05092046D5
:104320000021FEF7E6FE411901EB09000AE025F441
:10433000C040B0F57A7F01DDC0F57A707843642122
:1043400090FBF1F005B2204600210222FEF773FF38
:104350000FFA80F9204600210322FEF76CFF02B21B
:104360003B4649462846F5F7BFFA07462046FEF782
:1043700091F900904FF00009618C480505D500E0E7
:104380006CE02046FDF7F3FF54E000212046FEF7E5
:104390008FFDA0F51C510546D13907D05FF0000014
:1043A000C5F341318146012902D007E00120F7E73A
:1043B00025F4C040584501DC012000E00020834680
:1043C0004046FDF767FFB9F1000F824604D0204652
:1043D000E8F714FA05461BE0BBF1000F18D0B8F857
:1043E0002200400507D400214046FEF761FDA0F5FC
:1043F0001C51D13936D025F4C040B0F57A7F01DDAB
:10440000C0F57A70642100FB0AF090FBF1F005B270
:10441000204600210522FEF70EFF0FFA80FB204602
:1044200000210622FEF707FF02B2534659462846EE
:10443000F5F724FA56EA0906054605D0002320467A
:10444000DDE9002100F01FFB2046FFF7BBF8B84272
:104450001BD12046FDF78BFFA84216D1002007B0E4
:10446000BDE8F08F00212046FEF7ECFC0021054658
:104470002046FEF792FE00EB050B20460021FEF7DA
:1044800090FD411901EB0B00C1E72046FFF7A8FBA7
:1044900002A92046FDF732FF04A94046FDF7CCFEF5
:1044A000002204A902A8E5F7B9FC060002D14046A3
:1044B00000F040FBE08A6D1E002128446083204606
:1044C000FEF775FC01281CD0A08A7F1E384420838B
:1044D0002921204602AAF9F7B1FA222122464046B4
:1044E000F9F7ACFA2046FFF77BFB608C002204A9A9
:1044F00040F00200608404F11400E5F78FFC36B947
:1045000004E0208BC01B401CA082E1E710B14046B4
:1045100000F010FB204600F002F801209FE738B5BC
:104520000446E6F7DEFB05466A460020ADF80000CB
:1045300013212046F9F782FABDF90000A84202D003
:104540002046FFF74DFBA06818B1BDF80010C182EE
:1045500009E0BDF8000030B12046FDF74FF8A16832
:10456000BDF80000C882BDF90000A84202D0204674
:10457000FFF736FB38BD70B500210546FEF745FF55
:10458000002104462846FEF793FC42F2D172944281
:1045900003D0904201D0002070BD2846FFF7B1FB48
:1045A000012070BD2DE9F84F0446514890460D4654
:1045B0000078002870D02046FFF712FB0421404607
:1045C00005F47F0501F074FF02210646404601F024
:1045D0006FFF01218146404601F06AFF10210090E3
:1045E000404601F065FF07464FF6FF7BEEB1B5F59B
:1045F000702F12D08DB1002120460422FEF71BFE41
:1046000000B242F2D17A504507D000212046012263
:10461000FEF711FE00B250454DD1002220462A215E
:10462000F9F70CFA2046FFF76CFB4FF4702A55455A
:1046300000D085BBD84500D02EB12046FDF7D8FE6E
:1046400008B1FFF75EFB554500D025BB1FB3002125
:1046500020466E22FEF7EFFD00B240B90021204651
:104660006D22FEF7E8FD00B2B0F5807F01D0022791
:1046700014E0002120466122FEF7DDFDC0B2FF28D4
:1046800007D1002120466822FEF7D5FD10F0FF0F6C
:1046900003D0012702E00EE028E00027A06820B147
:1046A000817E67F38711817605E027B12046FCF70C
:1046B000A5FFA068F4E75F46B84502D0B9F1000F46
:1046C00002D02046FFF72BFF2046FFF789FAB845B6
:1046D00004D0009949EA0600084207D0B5F5803FAA
:1046E00004D02046BDE8F84F06F048BABDE8F88F80
:1046F000E80000242DE9F0410446408C15460E46A2
:1047000004220021C0F305100BE000BFE36802EBB8
:10471000C107DB59DF0103D523F07F43AB4202D051
:10472000491C8842F2D8884202D10020BDE8F081BD
:10473000E06850F83100314601F0F4FE28B132460D
:1047400029462046FFF72EFF01E00028EED0012089
:10475000ECE72DE9F05F4FF6FF7A05461FFA82F885
:1047600056460F0002F47F0902D0F87900B90026FE
:104770000024214658E0EA68042000EBC40BD04531
:1047800052F80B0083B2C0F3074C4FEA0C4C01D037
:10479000434509D1B9F5702F01D0CC4504D12FB1D3
:1047A00052F83420BA4201D0641C3DE0800105D5A6
:1047B000002352464946284609F02CFFE86850F885
:1047C0000B10CA0101D489010CD550F8340001F056
:1047D0000AFFE86850F83400FCF7A4F8E968002004
:1047E00041F83400082320460AE0E96803EBC002E0
:1047F0000A4401EBC001401CD2E900C2C1E900C279
:10480000698CC1F30511491E8142EED8688C0109FB
:10481000491E61F309106884C0F30511E868C900F6
:10482000FCF7A4F80121E860688CC0F30510A042F1
:10483000A1D8002908D0002E06D032464946284685
:10484000BDE8F05FFFF7AEBEBDE8F09F70B506466D
:104850000B480078002812D000200CE0002506E06C
:10486000E06850F82510304606F065FA6D1C606A65
:10487000A842F5D82046F5F7C5FE0400EED170BD7C
:10488000E80000242DE9F04116460D4692B0074697
:1048900051EA06007AD0012B1DD03E493846F2F786
:1048A000D5FD3D493846F2F7D1FD002238460921B1
:1048B000F9F7C4F8012869D1324629463846E6F7A7
:1048C0001CFA012862D112B0384600220A21BDE844
:1048D000F041F9F7B3B83846FDF716FD8046684653
:1048E000F2F7FCFD2D484FF4C874009703902DB3E8
:1048F0004046F5F761FE40102A460021F2F755FECA
:10490000C82801D2C82002E0A04200D920460B905E
:104910003846FDF7C6FE291A6A4640420890CDE99E
:1049200009011D48092101901D4807903846F9F7F3
:1049300085F801282AD16846F2F744FE002E25D0DA
:104940004046F5F77FFE401032460021F2F72DFE7B
:10495000C82801D2C82002E0A04200D920460B900E
:104960003846FDF7A5FE311A6A4640420890CDE967
:104970000901084809210190094807903846F9F7CC
:104980005DF8012802D16846F2F71CFE12B0BDE8BE
:10499000F0810000C5B80290ADB8029077B50290E2
:1049A000437501902DE9F047154699460C4682461D
:1049B00051EA050065D0504600F0E8FB5046FDF78F
:1049C00070FE40420FFA80F808EB040004B2504633
:1049D0000021FEF7F2F9012813D0002C13DC25DAB0
:1049E0005046FDF78BFD06465046FDF7E7FD304487
:1049F00000B2002800DA00204042844216DA04B2F5
:104A000014E0002C02DA4FF000040FE00EDD5046F7
:104A1000FDF774FD06465046FDF7D0FD304400B268
:104A2000002800DA0020844200DD04465046FDF7ED
:104A30003FFE404206B2701905B2002D02DD4FF074
:104A4000000510E00FDA5046FDF724FE07465046F9
:104A5000FDF7DAFC384400B2002800DA00204042BA
:104A6000854200DA05B2AA1BA4EB080001B212B21B
:104A700051EA020005D04B465046BDE8F047FFF72B
:104A800001BFBDE8F08770B51D46164604461A46BC
:104A900000F024F82A4631462046BDE8704000F078
:104AA00033B8F8B50E46044600F070FB00200090C5
:104AB0002046FDF79DFC04F1140705460AE0334645
:104AC0006A462146384606F063FD2C462046FDF72F
:104AD0008FFC0546002DF2D1F8BD000070B51446DC
:104AE0000D4608490646F2F7B1FC3046FDF7D9FD00
:104AF000401B234601B23046BDE870400022FFF75C
:104B000051BF0000ADB8029070B514460D4608497B
:104B10000646F2F79BFC3046FDF7CAFD401B2346D4
:104B200002B23046BDE870400021FFF73BBF0000F5
:104B3000C5B802901FB502AA04466946FDF7C0FD3C
:104B40006846F3F7D6FA20B902A8F3F7D2FA00289C
:104B500010D06846F3F7CDFA18B169462046FFF742
:104B600062F802A8F3F7C5FA002803D002A920468C
:104B7000FFF759F81FBD70B50C460546FCF73EFD22
:104B8000A868848270BD000070B51D4616460022DC
:104B9000044600F031FA00223146204600F014FAB3
:104BA00000222946204600F02FFA044800220188FE
:104BB0002046BDE8704000F034BA00000C0100242B
:104BC00010B50022044600F007FA044800220188CC
:104BD0002046BDE8104000F024BA00000C0100247B
:104BE00010B50022044600F0FFF92046FDF700FC56
:104BF000BDE81040FFF785B838B500230C46042106
:104C000005466A46FDF7D4FB012807D0002804D1E9
:104C100000222146284600F0FFF938BD0098A04246
:104C2000F6D138BD10B589B20446002200F0F9F97A
:104C30002046BDE81040FFF764B82DE9F041154665
:104C40000C461F4606461946F0F77CFF2A462146C9
:104C500001F0B8FD224639463046BDE8F041FFF785
:104C6000A1BC70B5064640680C46002865D0002CF3
:104C700063D03046FEF7B4FF2046FCF7BFFC7568F2
:104C80003046FDF77AFB0422014607E0A86802EBF4
:104C900081030068C35840F82130491C2846FDF7BD
:104CA000A7FA801E8842F1DAA9684868401E486069
:104CB000A96806D00A6881001046FBF757FEA9686C
:104CC00004E00868FBF72EFEA96800200860A168D0
:104CD0004868401C4860A168820008681146FBF7DC
:104CE00045FEA16808602046FDF782FAA1686FF0D2
:104CF000030202EB800009680E5028467460FFF73B
:104D000019FF222132462846F8F798FE002228464D
:104D10002421F8F793FE222132462046F8F78EFE32
:104D2000002220462321F8F789FE3046FEF7E9FFEE
:104D30003046BDE87040FEF753BF70BD70B51546F4
:104D4000044600F0C2F929462046BDE8704000F054
:104D5000D2B970B50C460546FCF750FCA868417EF8
:104D600001F00F01A14200D0447670BD70B50C4631
:104D70000546FCF743FCA868017E64F383010176D5
:104D800070BD70B50C460546FCF738FCA868017E7E
:104D900064F30511017670BD70B50C460546FCF74D
:104DA0002DFCA868017E01F00302A24207D064F343
:104DB000010101762846BDE87040FEF711BF70BDC5
:104DC00070B51546044600F06AF929462046BDE84C
:104DD0007040FFF711BF00002DE9F34F8FB08246FE
:104DE000008C109988427DD004905046AAF820107B
:104DF000109A0499E6F766F85FEA000872D04FF45B
:104E000020742046FBF730FD21460290FBF788FE18
:104E10000024204672E000BFDAF80C00042202EB06
:104E2000C90500EBC9010D91405920F07F4000F009
:104E30007BF90090DAF80C00405920F07F4000F038
:104E400070F9069010990098884355D10D984068E4
:104E5000800151D40D9867210AAA006801F012FA66
:104E6000012849D10A9D002740E000261EE000BF2E
:104E7000029806EB860100EB81010E91D1F804B097
:104E8000584600F051F90890584600F04AF92A684F
:104E90000E9932F8172009898A4206D1069988426C
:104EA00003D100990898884202D2761CA642DFD32B
:104EB000A6421AD1029B04EB84010298AA8900EB56
:104EC000810023F82120298A4180A968C1602968CE
:104ED00031F817100181696801610D99496821F065
:104EE0007F4100E04DE0641C41607F1C286830F881
:104EF000170008B1202CB8D309F101008146BAF897
:104F00002200C0F30511494501D9202C84D3002586
:104F100010E000BF029805EB850100EB8106706888
:104F200000F0FFF8109B0146049A50460096E5F702
:104F300029FF6D1CA542EDD30298FBF7E1FCB8F107
:104F4000010F0ED0B8F1030F11D0B8F1020F18D134
:104F50005046FEF745FE11B05046BDE8F04FFFF752
:104F6000DEBA11B05046BDE8F04FFEF739BE11B0C1
:104F700050464FF470214FF6FF72BDE8F04FFFF737
:104F800011BB11B0BDE8F08F13460A460921FFF7A7
:104F900054BE13460A461621FFF74FBE07B481B030
:104FA0001346BDF80810ADF800102021009A04B097
:104FB000FFF743BE13460A462821FFF73EBE1346BD
:104FC0000A462121FFF739BE13460A460149C9881E
:104FD000FFF733BE0C01002413460A4601494988F5
:104FE000FFF72BBE0C01002413460A4601494989EC
:104FF000FFF723BE0C01002413460A4601498988A5
:10500000FFF71BBE0C01002413460A46014909891B
:10501000FFF713BE0C01002413460A460421FFF7D4
:105020000CBE13460A460A21FFF707BE13460A467E
:105030000221FFF702BE13460A461121FFF7FDBD0C
:1050400013460A461221FFF7F8BD13460A461321FC
:10505000FFF7F3BD13460A461021FFF7EEBD1346D6
:105060000A465B21FFF7E9BD07B481B01346BDF8DE
:105070000810ADF800105521009A04B0FFF7DDBD0F
:1050800013460A460121FFF7D8BD13460A460721F9
:10509000FFF7D3BD13460A460821FFF7CEBD38B54A
:1050A00000230C46012105466A46FDF781F90128D7
:1050B00007D0002804D1002221462846FFF7E0FF50
:1050C00038BD0098A042F6D138BD38B500230C4653
:1050D000072105466A46FDF76BF9012807D000282D
:1050E00004D1002221462846FFF7CFFF38BD0098A3
:1050F000A042F6D138BD38B500230C46082105463C
:105100006A46FDF755F9012807D0002804D100228E
:1051100021462846FFF7BEFF38BD0098A042F6D1D1
:1051200038BD00F47F00704780B270472DE9F04130
:105130001E4615468846070025D0E5F7D8FD02280B
:1051400013D000249EB13DB13846FDF751F93346E6
:105150002A464146FFF7EAFF002C14D0324641466A
:105160003846BDE8F04109F0A9BA0124EAE724B1C4
:1051700032464146384609F0A1FA002D03D03846A0
:10518000FDF736F9D7E7BDE8F081000070B50B4DAB
:105190002978002911D101212970FDF72DF9044644
:1051A00006E000BF20F0040060842046F1F7F6FE20
:1051B000608C4107F6D40020287070BDE000002408
:1051C000132808B502D209B1042905D9F4F7E9FB7F
:1051D0000090BDF8000008BD044A491EC9B202EBA8
:1051E000C00000EB4100008808BD0000A03C039017
:1051F000132808B502D209B1052905D9F4F7D1FB66
:105200000090BDF8000008BD054A491E00EB800073
:10521000C9B202EB400000EB4100008808BD00006D
:10522000E23B0390132808B505D3F4F7BAFB0090CE
:10523000BDF8000008BD024901EB4000008808BD30
:10524000BC3B0390002801DAC0F57A7040F40050AE
:1052500000B270472DE9FE4F0C00174605461E466A
:1052600002D1B7F5807F72D02888002C3188A0EB5E
:10527000010001B2298070886A88A2EB000000B2A8
:10528000688066D0DFF8FCB0DBF80000A04244D0B4
:10529000B4F5616F204601DDA4F56160002801DAF4
:1052A00000F561600A2190FBF1F8C8F100030FFAE4
:1052B00088F203EB830308F1010A00EB430910466F
:1052C00002F080FD02900FFA8AF002F07BFD08F1F7
:1052D0005A01019008B202F075FD0AF15A010090DE
:1052E00008B202F06FFD0299C9F10A020346DDF827
:1052F00004C04FF00A0802FB01F000990CFB090002
:105300004A4303FB092190FBF8F091FBF8F1CBF83D
:10531000004042114911CBE90121DBE90132B5F925
:105320000010B7F5807FB5F9020034881BD002FB6E
:1053300001FC594303FB10C302FB00107B4378437D
:1053400004EBA3412980718801EBA0406880BDE88F
:10535000FE8F79433288784302EB212129805988D6
:1053600001EB2020F2E702FB01F7594303FB107326
:1053700002FB001104EBA3202880708800EBA12021
:10538000E4E700003402002430B5B0F90420B0F99D
:1053900000300D88D21A448802EBD272521098184D
:1053A0004B88291AA018181A11FB01F112FB02F2FE
:1053B00010FB0010904201D8012030BD002030BD0C
:1053C000114A104B1148D10410B5F4F7F2FF0F4801
:1053D0001C30F4F7FDFF0D484FF448724FF4F071A4
:1053E0001C30028041800A4941610849C16001695D
:1053F00021F0300141F0020120310161BDE810408F
:10540000F5F710B800DC050000B80BC02C1A022418
:1054100025DA009070B501230C46002110E0D50775
:1054200006D0A3FB005601FB006103FB04112B46D1
:10543000A0FB005604FB006600FB046452102846E3
:10544000002AECD1184670BD2DE9FC4100250E461E
:10545000143107462A46E4F7E1FC002826D0012152
:105460003046FEF7F8F800BB3046E5F740FCE0B9FF
:1054700000206A4612218DF8000030460197F8F7A7
:10548000DDFA9DF8000002280FD03046FCF7B0FE90
:10549000401E04000ED4B068006850F8241038464E
:1054A000FFF7D2FF050009D102E00020BDE8FC8132
:1054B000641EF0D59DF8000000B935462846F5E792
:1054C0002DE9FC41DFF8B48000254FE0294491F834
:1054D0003011E9BB002441E0011991F83011C1BB42
:1054E000A5423AD000EBC40100EBC50030303031AA
:1054F000E4F7E8FC68B37068B04600EBC40200EB68
:10550000C501684630313032E4F7DBFD6846F2F71A
:10551000F0FD0646D8F8040000EBC5003030F2F785
:10552000E8FD0746D8F8040000EBC4003030F2F77D
:10553000E0FD3844864210D2D8F804004646694659
:1055400000EBC5003030F2F75CFD7168012001E02E
:105550000BE002E0214481F83001641CD8F804001B
:105560004646B0F85011A142B6D86D1CD8F80410C8
:10557000B1F85021AA42A9D8BDE8FC81EC00002472
:1055800010B50C4691F82A10002021F00101A084EA
:10559000E0842085204684F82A101021FCF7F8F9D1
:1055A0004FF400712046FCF7F3F906482146FCF75A
:1055B00041F9FCF7B3F92046BDE81040002202A1F2
:1055C00000F00AB99C3F03904F7074696F6E2031F0
:1055D0000A4F7074696F6E20320A4F7074696F6E73
:1055E00020330A4F7074696F6E20340A4F707469EB
:1055F0006F6E203500000000F8B557480E46FCF7E6
:10560000CFFD01282ED13046F8F7D5F905463046B2
:10561000F8F70FFA2C2D04461CD02A2D23D0292D63
:105620002DD0012D2DD0022D37D0082D50D0032D97
:105630004ED00E2D50D00F2D5DD00D2D66D0132DD8
:105640007CD0152D01D0182D0CD13046BDE8F84086
:10565000EBF7EEBD3046F8F7EAF905462046F0F7DD
:105660003DFD2880F8BDF0F76AFA18B100222A2122
:10567000F8F7E4F92046FEF77EFF002141E0002123
:1056800040E0A06A20F400312046A162F0F757FA0A
:10569000BDE8F8403149F1F7D9BEF9F7DDFC6946BC
:1056A000F9F720FDBDF802000028DBD02046F0F716
:1056B00046FA0546FDF7A8FFBDF80210084401B2FE
:1056C0002846FFF718FDA06A40F40030A062F8BD3C
:1056D000BDE8F84005F072BAFCF744FEF8F7F4FDB7
:1056E0000546F9F7B9FCF9F7F8FC042800D115B123
:1056F000E08C2085F8BDE18C208D8142FAD001211B
:10570000E0842046BDE8F84005F0BEB83046F8F722
:105710008EF90078132812D0122810D0142801D046
:105720001128E7D1E08C0028E4D0258D401E81B2FD
:105730002046012200F0BBF82585F8BD06E0E08C8C
:10574000A18C401C8842F8D2258DF0E7F0F7F7F9DC
:10575000BDE8F840FEF7E3BE803F039065BA0290D3
:1057600070B50E460846F8F726F91528044605D008
:1057700018483146FCF714FD012823D13046F8F7CC
:1057800058F9132C054608D0292C1CD0152C19D1FA
:105790003046BDE87040EAF7E5BB3046F8F747F918
:1057A00004462846FCF724FEF0F798FC06462846F7
:1057B000FDF708FF0246B4F90000B11A884200DC88
:1057C0000846208070BDFCF713FEBDE87040002144
:1057D00005F05AB89C3F03902DE9F84F5FEA0109A4
:1057E000154604460DD02046F0F7A9F900904FF079
:1057F000000BA4F826B05846A4F828B0A4F824B0AA
:1058000006E0FEE70A2902D1A18C491CA184401CB4
:1058100019F800100029F5D1A08C00F10100A08436
:1058200094F82A00D5B340F00101484684F82A10C4
:10583000DCF7E3FF471CC7EBC7008246FBF714F811
:1058400000250646A0F10108494607FB0560DCF784
:1058500097FF6D1C0A2007FB05F1EDB2072D01F83B
:105860000800F1D30AEB060101F801BC31460098AB
:10587000FAF71CFD3046FBF743F8A08C00EB400123
:10588000E184C0EBC000A0842046F0F732FEE08C3B
:1058900020850098BDE8F84FFEF741BE20F00100DA
:1058A00084F82A0000984946FAF700FDEFE7F0B4C3
:1058B00090F82A30DC07838C1ED00724C58CB3FBFC
:1058C000F4F4B5FBF4F7A14216D207FB1455AEB2BF
:1058D0000FFA86FCACEB0105002D01DCA1EB0C05F9
:1058E000B5EB540F05D98E420D4601D9291900E0B8
:1058F000291B04FB071189B28B4200D8591EC184B1
:1059000001851146F0BC04F0BFBF10B5F4F73CFEB2
:10591000BDE81040F4F780BE70B50C4691F87400F5
:10592000002120F0030021674FF4407184F87400D7
:105930002046FCF72DF810212046FCF729F800201E
:10594000F4F728FE502505EBC000B0F5A07F08DB7A
:105950000020F4F71FFEA02105EBC00090FBF1F042
:1059600000E0012001B22046BDE87040FFF703B916
:105970002DE9F34F83B0FE480499FCF711FC012890
:1059800052D10498F8F717F805460498F8F751F83B
:10599000044600F061FA112D064617D0012D46D0BD
:1059A000022D78D0082D77D0032DFCD00E2D74D089
:1059B000292D73D0132D72D00D2D71D0152D33D10B
:1059C000049805B0BDE8F04FEAF70ABA0498F8F772
:1059D0002EF80546A06810B1B0F9147000E0002759
:1059E000684604F16801F2F754FB3A4668461146EE
:1059F000F2F7ACFB296800226846E4F7CFFA0028EA
:105A0000287111D1022E0FD104F160016846F2F71E
:105A100040FB3A4668461146F2F798FB2968002297
:105A20006846E4F7BBFA287105B0BDE8F08F204660
:105A3000FEF7D6F894F8740040F0010184F8741071
:105A40009EB1012E11D0022EEED1F9F705FB694669
:105A5000F9F718FB2046FDF7B5FD05462046FCF793
:105A600086FC854204DB012503E004F1240042E0CA
:105A7000002520460021FDF7B8F9DDB3012810D03C
:105A8000B4F96C10BDF900008842EEDCB4F9601086
:105A9000884240DB0FE067E0EFE01FE12DE132E1FB
:105AA000A2E1B4F96810BDF900008842DDDBB4F969
:105AB000641088422FDCB4F96420B4F96000BDF9A9
:105AC0000010121A02EBD27200EB6202501A002888
:105AD00000DC881AB4F9682003B2B4F96C00801AAB
:105AE00000EBD07002EB6002501A002800DC881A2C
:105AF00000B22BE005E0206796E7206784F8741079
:105B000092E7B4F96A20BDF902009042ADDBB4F926
:105B10006610884202DD04F13000ECE7B4F962302F
:105B2000C91A01EBD17103EB6103191A002900DCDA
:105B3000C11A0BB2B4F96E10891A01EBD17102EBE4
:105B40006102111A002900DC811A08B294F874105D
:105B5000984204DA04F1240021F00201CDE704F1B7
:105B6000300041F00201C8E7206F0028C4D0F9F7E7
:105B700073FA0546F9F7B1FA0128BDD169462846FE
:105B8000F9F780FAD4E90A010E1A2046F0F7AFFEC1
:105B900000284FF00001204633D0FDF792FA002193
:105BA00080462046FDF7D5FA07462046FDF70AFD58
:105BB000A0EB0800C01B05B220460021FDF715F937
:105BC000012818D0B4F91420BDF9001002EB080028
:105BD000081A05EBD571704300EB610090FBF5F0FE
:105BE000A16A04F13005226FAA420144D4E90A30C7
:105BF00023D1606A22E0B4F91810BDF90000C91B76
:105C0000E6E7FDF700FB002107462046FDF7F9F91E
:105C100005462046FCF7ABFBB4F91A20401BBDF942
:105C20000210C01B2A44891A00B2714300EBD072E3
:105C3000C1EB620191FBF0F0D2E7236B814201DA04
:105C40000E4600E006469E4201DA194602E0814215
:105C500000DB01461068884288D0AA424FF001025A
:105C6000204602D1F2F7C2FB01E0F2F7E4FB00228A
:105C700020461C21F7F7E2FED6E694F874000022D5
:105C8000226720F00101204684F87410FDF7A8FF78
:105C90002046FCF767FB0646F8F716FB0546F9F7C2
:105CA000DBF9F9F71AFA0428E6D1002DE4D02046F2
:105CB00000F0D2F802280AD194F87400810702D4C7
:105CC00040F0020016E020F0020084F8740005B0F5
:105CD00030460021BDE8F04FF8F764BBF9F7BCF996
:105CE000F9F7FBF9042801D00228C5D194F8740013
:105CF00020F0020084F8740096E605B02046BDE866
:105D0000F04FFEF70CBC4FF4403720463946FDF704
:105D1000D8F9814639462046FDF71BFA80463946B8
:105D20002046FDF770FA064639462046FDF769F928
:105D30006D22054620463946FDF77DFA00B2394608
:105D400000902046FDF75BFB834639462046FDF771
:105D50004AFB82462046FDF735FC00EB4B07204608
:105D6000FCF705FB00EB4A008742204607DA01E01A
:105D7000B83F0390FDF726FC00EB4B0003E0FCF777
:105D8000F6FA00EB4A00009942464010C14510FB6C
:105D900001F040F30F2001DD494600E01146B54215
:105DA00001DD2A4600E03246914207DDC145494601
:105DB000424601DD0D4604E0154602E0B54200DC36
:105DC000354605442046AD1C4FF44031FBF7AEFC90
:105DD000284405B20498F7F72AFEB0F90040AC4217
:105DE00000DC2C4604801FE60498F7F720FE0078BC
:105DF000132813D0112811D0142801D01228F2D161
:105E000094F874008007204617D4F2F7E1FA0122D3
:105E1000401E01462046F2F70EFB15E094F8740090
:105E20008007204604D4F2F7D3FA0122401CF0E7A1
:105E3000F2F7BFFA0122411C03E0F2F7BAFA411E61
:105E400001222046F2F7D2FA05B0204600221C219A
:105E5000BDE8F04FF7F7F2BD10B5F2F7A5FA01284B
:105E600002D0022800D0002010BD00000FB40A4666
:105E700008B505A9009101460348049BE5F7BEFB60
:105E800001B05DF814FB0000EFB5009070B50C4652
:105E9000B1F874000F4A643400210125534284E8AC
:105EA0002E0020F0FF002946401D24F8100F80B27C
:105EB00020F4E06000F5806024F87409204601F0C9
:105EC00001FC0121204601F084FB2046BDE8704022
:105ED00000F00AB99F860100D0E91B23416ECB1A5E
:105EE000934209DB002B03D5002901DD4A424266BB
:105EF000426E016F521A06E0B0F87430DB0502D52D
:105F0000914200D1826E426600F0EEB870B55648FC
:105F10000E46FCF745F901287DD13046F7F74BFDD9
:105F200005463046F7F785FD082D044617D00D2DA0
:105F300071D1F9F791F8F9F7D0F805463046F7F73F
:105F400076FD0068132867D0142866D011287ED00B
:105F5000122879D12046BDE87040FFF7BDBFF9F7A0
:105F60007BF8F9F7BAF8042820460CD001F028FB9A
:105F70000546DCF742FC616C6A5C2E2A32D0814215
:105F800034D1411E37E0FCF7EDF9F8F79DF9002810
:105F90005AD0B4F8740000F00F02012A54D9C0F3AB
:105FA000412002280ED00A200021521EFFF732FAAB
:105FB000226F0346D017D21A884150DB0A212046AF
:105FC000216703E0206F012804DD2046BDE8704012
:105FD00000F066B80A200021921EFFF71BFA206726
:105FE00020463DE0204601F0A4F907E031B9E06E1B
:105FF000002803DA0121204601F0F2FAB4F8741007
:10600000606C01F00F02C1F30313984280B2A2F159
:10601000010209D903E017E017E01DE017E011F0D5
:10602000F00F01D0401E80B2E36E111A002B00DA8F
:10603000491C0122002004E0401C02EB820280B2D5
:10604000520022678842F7D370BD042DBDD120468F
:10605000BDE8704000F00AB8042D3FF47BAF204645
:10606000BDE8704000F028B8D0050390036FD0E978
:1060700019120B44934209DC002B03DD002901DADD
:106080004A424266426E016F0A4406E0B0F874303C
:10609000DB0502D5914200D1C26E426600F024B801
:1060A000016F0A2291FBF2F1002901DD016701E095
:1060B0000122026700F018B8D0E91A31002901DA8C
:1060C0004A4200E00A46934201DD194602E00029F7
:1060D00000DA4942026F02EB820252008A4200DC7F
:1060E000026700F001B800002DE9F0418EB00546CE
:1060F000122108A8FAF714FDE86E002708AC002862
:1061000009DA686E002801DB2B2000E02D208DF8D5
:106110002000641C00E001276B6E002B00DC5B425A
:106120000E2137A202A8FFF7A1FE02A8DCF765FB4B
:10613000014695F874000DF1080800F00F00461AAA
:10614000002E13DD4046DCF758FB81B24FEA08020F
:1061500001EB060C535C491E02F80C30F8D5002008
:10616000302101E01154401CB042FBDBB5F8740053
:1061700010F0F00F04D0C0F303164146002006E0F3
:1061800000F00F06F9E700BF401C04F8012BB042F5
:1061900002DA0A5C002AF7D195F8742012F0F00FA9
:1061A00010D02E2204F8012B03E000BF401C04F89D
:1061B000012B95F8742002F00F02824202DD0A5C86
:1061C000002AF3D108A9284601F0B6FA95F87430F0
:1061D0000A22296F03F00F0003E091FBF2F1401E49
:1061E000C0B20A29F9DAB04201DD401CC0B2C01BBE
:1061F000C1B2284601F0F4F90EB0BDE8F08100000C
:106200002564000030B50C460221204691B0FBF712
:10621000BFFB6846F1F762F91548CDE900404FF63B
:10622000FF70ADF84000134801680B914268089276
:1062300002F5B470CDE909206846F1F7C3F90E48BC
:106240004FF4B475079000200890CDE909050B487C
:1062500001906846F1F7B6F900212A462046F1F789
:10626000BDFD4FF487712046F1F769FE11B030BDD6
:1062700009BF0090F4010024117501900FBF009038
:1062800000F052B870B514468288C379A2F57F45F4
:10629000FF3D07D07BB3012B35D90668002206EB02
:1062A00083052DE0002213E0056805EBC2052E886A
:1062B00026F440468E420AD12888010429D440049D
:1062C00001D5304614E068682060012070BD521C82
:1062D0009342E9D825E000BF35F8120020F4404091
:1062E00088420CD135F812100B0412D4490403D59E
:1062F00000F074F8E8E714E006EB82000FE0521CAF
:106300009342E9D80DE022F440438B4209D11104B5
:1063100001D5022070BD510401D51846E8E7006898
:10632000D2E7002070BD000070B514468288C379A2
:10633000A2F57F45FF3D07D07BB3012B35D9066819
:10634000002206EB83052DE0002213E0056805EB33
:10635000C2052E8826F440468E420AD128880104C0
:1063600029D4400401D5304614E06868206001203B
:1063700070BD521C9342E9D825E000BF35F81200E9
:1063800020F4404088420CD135F812100B0412D48E
:10639000490403D500F022F8E8E714E006EB820098
:1063A0000FE0521C9342E9D80DE022F440438B42A7
:1063B00009D1110401D5022070BD510401D5184640
:1063C000E8E70068D2E7002070BD0821FAF7A8BB13
:1063D000C07908B100207047012070471CB54528DE
:1063E0004FF000024FF0FF0155D01EDC302844D0A2
:1063F0000EDC222841D006DC032853D0062851D0D9
:10640000202830D135E0252845D029282BD142E05D
:10641000362832D004DC31283DD0332823D13CE06B
:10642000372838D044281ED127E0552825D00EDC47
:106430004E2830D006DC46282DD047281DD04D28C8
:1064400011D11AE0522818D053280CD123E060282B
:1064500021D004DC56281ED0572804D120E0612822
:1064600019D06D2802D0009200981CBD4FF48070A6
:1064700014E0FF221146104602E0002211461046A9
:10648000F3F7DBFB0190BDF804000190BDF80400B8
:10649000ADF80000E8E70091E6E70F200090E3E7A1
:1064A0000248FBE741F6FF70F8E70000A03B0390CD
:1064B00010B50C46E4F716FE204000D0012010BDB8
:1064C0002DE9F041154D0646154C286818B90022F3
:1064D00062607021218021884A1C12F4404F02D052
:1064E0000020BDE8F08162686F398A420AD21F310C
:1064F00031F01F0710D03946FAF738FA0028F0D0EB
:10650000286067602088401C80B22080296821B103
:10651000014401F8716CE4E7FEE7FEE75402002451
:10652000680200242DE9F0410F4681880446A1F558
:106530007F40FF3855D0E07900284DD0012804D0A5
:106540002668002106EB800549E021F44040B8426E
:1065500047D10020A080E0713DE000BF35F8112058
:1065600022F44042BA4239D1022813D0401E00EB37
:1065700040004000FAF74AF9010032D0E3790020E8
:10658000216002465B1E03F0FF0C84F807C001EB9C
:106590008C0319E00120E07121B12888A0803068C7
:1065A000206015E06888A0807068F9E735F810C0B1
:1065B000BC4508D056F820C041F822C035F810C0BC
:1065C00023F812C0521C401C94F807C08445EDD239
:1065D0003046FAF7A7F90120BDE8F081491C88424E
:1065E000BCD80020F8E710B504468088A0F57F41AC
:1065F000FF390BD0E079012802D92068FAF792F927
:106600002046BDE810400821FAF78ABA10BD0A46B4
:10661000652100F0D7B803B482B0BDF80C10ADF816
:1066200000105221009A04B000F0CCB80A46512163
:1066300000F0C8B80A46502100F0C4B803B482B0D4
:10664000BDF80C10ADF800102021009A04B000F045
:10665000B9B803B482B0BDF80C10ADF80010222117
:10666000009A04B000F0AEB80A46282100F0AAB89B
:106670000A46212100F0A6B803B482B0BDF80C1080
:10668000ADF800103021009A04B000F09BB80A4623
:10669000312100F097B80A46342100F093B80A4639
:1066A000332100F08FB80A46322100F08BB80A4639
:1066B000172100F087B80A46622100F083B80A4625
:1066C000632100F07FB80A46042100F07BB803B4D0
:1066D00082B0BDF80C10ADF800104D21009A04B046
:1066E00000F070B80A46492100F06CB80A4606214D
:1066F00000F068B80A46032100F064B803B482B021
:10670000BDF80C10ADF800103621009A04B000F06E
:1067100059B80A46372100F055B80A46382100F02A
:1067200051B80A46352100F04DB870B50C46054603
:1067300000F02CF82146284600F02CF82146284687
:1067400000F030F821462846BDE87040AFF30080E5
:106750000A46112100F036B80A46152100F032B879
:1067600070B50C46054600F019F821462846BDE8EC
:106770007040FFF7F1BF70B50C46054600F006F813
:1067800021462846BDE8704000F004B80A461221B0
:1067900000F018B80A46132100F014B80A46142174
:1067A00000F010B80A46102100F00CB870B50C4685
:1067B0000546FFF7F7FF21462846BDE87040FFF782
:1067C000C7BF0000014B00F007B80000D16702907E
:1067D00010801960704700002DE9F047044680885A
:1067E00089461D46A0F57F41FF3968D0E17929F43B
:1067F000404617464FF00108012936D9236808465C
:1068000003EB81020BE000BF32F810C02CF4404CC7
:10681000B44504D103EB800302EB40022CE0401EA0
:10682000F2D5491C01EB410041001846FAF79EF8E9
:10683000020044D0E079226002EB800106E000BF54
:1068400001EB400C31F81030ACF80430401EF7D5A5
:10685000E0793946401CC0B2E07102EB800303EBE3
:1068600040024846921E1B1F20E02AD120F44040DF
:10687000B04207D1221D234639464846AC46BDE802
:10688000F04760470C20F9F7C1FF002817D02168B6
:106890002060E279521CD2B2E271A38800EB82023E
:1068A00022F8023B031D016039464846A84730469E
:1068B000E4F712FCA27908FA00F10A43A271BDE8DC
:1068C000F087221D234684F80780EDE70A460B2156
:1068D000FFF778BF03B482B0BDF80C10ADF800101C
:1068E0004421009A04B0FFF76DBF0A464221FFF72A
:1068F00069BF0A464521FFF765BF0A464321FFF7F6
:1069000061BF0A464021FFF75DBF70B50C460546E2
:1069100000F029F821462846BDE87040FFF7D3BEB5
:106920000A465B21FFF74EBF03B482B0BDF80C10DE
:10693000ADF800105521009A04B0FFF743BF0A4696
:106940005721FFF73FBF0A465921FFF73BBF0A46D1
:106950006A21FFF737BF0A466921FFF733BF0A46AE
:106960006721FFF72FBF0A460121FFF72BBF000069
:106970002DE9F0471E4615460F4604461421DDE971
:106980000889FAF7CDF8276005B9044DC4F80490DA
:10699000083484E86001BDE8F08700007775019055
:1069A0004162FDF71DB900684FF0FF314162FDF70C
:1069B00017B910B50C464FF0FF3048621021204641
:1069C000FAF7E6FF08212046FAF7EFFB2046BDE87C
:1069D00010404FF48061FAF7E8BB08460021F0F759
:1069E00035BD00002DE9F04735488946FBF7D8FB57
:1069F00001285CD14846F6F7DEFF04464846F7F723
:106A000018F8132C804608D01C2C52D0152C4ED1CF
:106A10004846BDE8F047EAF7D4BC4FF44035294674
:106A2000FCF755FB074629464046FCF798FB06460F
:106A300029464046FCF7EDFB044629464046FCF754
:106A4000E6FAB74201DD394600E03146A04201DDF9
:106A5000024600E02246914205DDB74201DD38469C
:106A600004E0304602E0A04200DC20462946841CB7
:106A70004046FAF75BFE204405B24846F6F7D7FFDA
:106A80000446B0F90000A84200DD054640464FF438
:106A9000003625803146FAF749FE0146B4F9000078
:106AA000814203DB31464046FAF740FE2080BDE8D4
:106AB000F08700F007F84046BDE8F047FDF790B8D2
:106AC000D43F0390F0B500210646652291B0FCF753
:106AD000B2FB07002DD03046FCF744F9746A00F091
:106AE00001004FF48075611C01D038B905E008B190
:106AF000002403E02C46002503E00025601B00284D
:106B000001DD601B00E0281B00217843070A3046A6
:106B1000F0F79CFC6846F0F7E1FC074809A90894E7
:106B2000CDE9006005480390684681E8B000F0F7C1
:106B300049FD11B0F0BD0000A1690290A769029063
:106B400010B5012088840C46C8840220F9F75EFE47
:106B50002063E08C4000F9F759FEE0628220216B4F
:106B60000880E16A0880E18CA08C4143A06A89001A
:106B7000F9F7FCFEA0620021016010BD70B500268F
:106B80000C46354615E000BF50F8250078B1406846
:106B900028B1F9F7C7FEA06A50F825004660A06A40
:106BA00050F82500F9F7BEFEA06A40F825606D1C7C
:106BB000ADB2A08CE18C4843A842A06AE4DC08B1E5
:106BC000F9F7B0FEE06A08B1F9F7ACFE206B0028D7
:106BD00003D0BDE87040F9F7A5BE70BDF0B57148AF
:106BE00089B00F46FBF7DCFA012845D13846F6F7A5
:106BF000E2FE05463846F6F71CFF2A2D044615D05E
:106C00002C2D19D0012D39D0022D37D0082D4FF65B
:106C1000FF764BD00E2D68D00D2D6BD0152D2BD1BE
:106C200009B03846BDE8F040EAF77CBC09B0002165
:106C3000BDE8F04003F0B2BE3846F6F7F8FE00219A
:106C4000A28C0346084605E0256B35F81050401C21
:106C5000294409B28242F7D80020E58C024605E0BB
:106C6000E66A36F81260521C304400B29542F7D8FA
:106C7000491E1980401E588009B0F0BD01A96A461E
:106C8000EFF73FF80128F7D1A18EBDF8000081424F
:106C900004D1E18EBDF804209142EDD0A0862046BB
:106CA000BDF80410E186FCF79BFFE5E7FCF798FFD1
:106CB000F8F7D2F9F8F705FAA18EB1420AD0E18EC1
:106CC000B14207D030B9002220461C21F6F7B6FEAB
:106CD0000128D1D1F8F7C0F9F8F7FFF9012801D060
:106CE0000328C9D1A686E686C6E709B0BDE8F0400C
:106CF000FCF776BF3846F6F79AFE0246A18EE08E84
:106D0000B1420F461568844601D0B04207D1002039
:106D1000A086E086204604F08FFD2046E5E7A38CA0
:106D20008B4200DC0021E28C824200DC0020142D2A
:106D30000ED0132D0ED0112D0ED0122D9CD1401C33
:106D40008B420DDC511E814208DD0021401C0EE00B
:106D5000491EF5E7491CF3E7401EF1E7591E06E01E
:106D6000002904DA10B1591E401E00E000218242C1
:106D700001DC501E02E0002800DA00208F4201D121
:106D8000844592D0A186E0862046FCF729FF204664
:106D900004F052FD09B0204600221C21BDE8F0405D
:106DA000F6F74CBEF03F03902DE9F0414A4E0C46F9
:106DB000307881F82C00012849D0022849D00428D5
:106DC00002D0082806D101E0012100E00921204677
:106DD000FDF7F6FE42F26405204629462A46FDF7F5
:106DE000EFFF2046F1F70AFC07462046FAF760FE5F
:106DF000012180463846F2F723F80420F9F706FD12
:106E0000606236A101603846616AF1F741FF34499A
:106E100000231C223846FAF779F94FF480413846AE
:106E2000FAF7C3F900232F491A464046FAF76EF9DC
:106E300000214046FDF7B0FF94F82C00012815D042
:106E4000022813D0042806D008281DD103E0002111
:106E5000BDE70821BBE7B6F9022029463846FDF711
:106E6000AFFF29464046FEF71AF909E0B6F90210CD
:106E70002A463846FDF7A4FF29464046FDF7BCFEEA
:106E800001214046FDF7ACFEF7F718FA10B139467C
:106E9000F7F7AEF994F82C0010F00C0F08D0002191
:106EA0004046FDF78DFE03214046FDF75FFF07E0FA
:106EB00001214046FDF784FE03214046FDF761FFB6
:106EC00080214046FAF771F94046BDE8F0414FF4A1
:106ED0008061FAF75DBD0000FC01002400000000A5
:106EE00069C5009023D5009070B591F82C0000265C
:106EF0000C4610F00C0F0DD0002508E0606A50F829
:106F00002500F9F70FFD606A40F825606D1C208DA3
:106F1000A842F3D894F82C0080070DD0002508E093
:106F2000606A50F83500F9F7FDFC606A40F835609A
:106F30006D1C208DA842F3D8606AF9F7F3FC6662F5
:106F400070BD000070B50B480C46FBF729F901280D
:106F50000ED12046F6F72FFD05462046F6F769FDCF
:106F6000292D05D1418D0022BDE8704000F00AB8FE
:106F700070BD0000080603900121FBF727B900212E
:106F8000FBF724B92DE9F0470646408C91460C46A4
:106F9000C00447D4308DA04200D8441E3046FEF7CE
:106FA000F5F83046FFF7E8FF05003BD096F82C00D7
:106FB0004FF0000110F00C0F28461CD01522FCF7F2
:106FC0003AF907B22846FBF77FF9002180463046A0
:106FD000FBF705FF012804D007EB0800604301B26E
:106FE00004E0604207EB0801414309B24A462846E3
:106FF000FDF774FD0DE01422FCF71DF90746284645
:10700000FBF748F938444A46604301B22846FDF789
:107010007BFD3046FFF7B3FFA1B24FF48072F1F76A
:10702000DDFD7485BDE8F0872DE9F34383B090F86A
:10703000601004460498090703D50A2830D00D28AB
:107040002ED00027E9464946CDE900072046EFF754
:1070500093FA012824D1DFF8CC80002104A8D8F8C5
:1070600000209047A16B06462046254639B100F026
:10707000A7FA2D4909688847A96B884210D2686B26
:1070800088B1007878B1029705E0D8F8002002A90D
:107090009047B04207D0686B0299415C0029F4D157
:1070A00005B0BDE8F08394F86000400702D52046A3
:1070B00002F02EFFA06A38B1606AF8F70EFD007882
:1070C00010B92046FCF78CFD616C4A46606AF8F7FF
:1070D0000BFD204600F098F894F86000400714D5A6
:1070E000E06ADBF78AFB05464846DBF786FB291892
:1070F000E06A491CF9F73AFCE06288B1616C4A46E3
:10710000E4F7D6F82046E5F77DF8616C2046491C87
:1071100000F066FA002220461C21F6F78FFCBFE73C
:10712000FEE70000880200249C020024F8B50D0050
:10713000044609D094F86000400702D5204602F0CA
:10714000E7FE606B18B900E0FEE7A06B98B12B4E2C
:1071500000202B4F00900AE032686946284690478D
:107160003968884701462046FFF75EFF0098285C93
:107170000028F1D1F8BD29462046EFF7FDF9012896
:10718000F8D1A06A38B1606AF8F7A7FC007810B9A6
:107190002046FCF725FD616C2A46606AF8F7A4FCDE
:1071A000204600F031F894F86000400714D5E06AFA
:1071B000DBF723FB06462846DBF71FFB3118E06AA6
:1071C000491CF9F7D3FBE062B0B1616C2A46E4F7E1
:1071D0006FF82046E5F716F80A492846666C0968F4
:1071E00088473118204600F0FBF92046BDE8F840FA
:1071F00000221C21F6F722BCFEE7000088020024D2
:10720000900200249C02002470B50446406AF8F7FE
:1072100068FC4FF6FF75A84204D1606AF8F75FFC7E
:10722000A84209D0606A2946F9F7A2F8606A29469F
:10723000BDE87040F9F799B870BD000070B50C4614
:1072400091F8602091F85430002022F0040240F2BE
:10725000DC5184F8602043F0010294F86050D3B20E
:10726000E0620122206343F00203A18725F00A05B2
:1072700060636264A06384F85430A4F8400084F82A
:1072800060506062A0622046F8F78AF9606264206C
:10729000FDF7D8FF0146606AFDF701FF606A0BA1A8
:1072A000F9F704F800230A49606A1A46F9F72EFF35
:1072B0004FF480612046F9F778FF0021204600F066
:1072C0008FF92046BDE8704004F03EBE000000008B
:1072D0005F6E019038B5416C0446406A6A46F8F723
:1072E0000FFB00212046FCF772F8002105462046DE
:1072F000FCF73AF800896D1CBDF8021008442844D8
:10730000ADF80200B4F84000ADF80000606AFBF789
:107310002EF8BDF9021088420ADD606A6946F8F766
:10732000F1F90146204634F8405F00F059F9258014
:1073300038BD416C002902D0491E00F051B9704798
:10734000416C491C00F04CB938B5416C0446406AA8
:107350006A46F8F7D5FA00212046FCF738F80021F4
:1073600005462046FCF700F80189BDF802002944D3
:10737000401A6946401CADF80200B4F84000ADF870
:107380000000606AF8F7BEF9B4F8405001462046A4
:1073900000F026F9A4F8405038BD000038B5044686
:1073A000406C00283FD021A069460068009020462C
:1073B000EFF7E2F8012836D1606AF8F78EFB616CCE
:1073C00001220546491EE3F7BBFE606A2946F8F72D
:1073D0006DFF2046FFF718FFA06A38B1606AF8F722
:1073E0007CFB007810B92046FCF7FAFB94F86000AB
:1073F00040070ED5616C0122E06A491EE3F7A0FE4A
:10740000E06ADBF7FAF9411CE06AF9F7AFFAE062EB
:1074100050B1616C2046491E00F0E2F8002220467F
:107420001C21F6F70BFB38BDFEE700007F000000D3
:1074300070B5456C0446691C00F0D2F8606CA84237
:1074400004D02046BDE87040FFF7A8BF70BD70B5FE
:10745000C86A00250C4610B1F9F764FAE562206BA2
:1074600010B1F9F75FFA2563A06A002802D0F9F796
:1074700059FAA56270BD000070B540480E46FAF793
:107480008FFE012878D13046F6F795FA044630464B
:10749000F6F7CFFA0E2C054612D00D2C14D0012C85
:1074A00060D0022C5ED0032C5CD0082C5AD0152C56
:1074B0005DD0182C60D13046BDE87040E7F764BC61
:1074C000BDE8704004F040BD3046F6F7B0FA016800
:1074D000132910D0142913D0112916D0122919D02C
:1074E00008291CD07F291FD0022922D0032922D0AD
:1074F0000A2927D031E02846BDE87040FFF720BFB9
:107500002846BDE87040FFF714BF2846BDE870402C
:10751000FFF71ABF2846BDE87040FFF7DBBE2846DC
:10752000BDE87040FFF73ABF2846BDE87040FFF75E
:107530007FBF002101E047F6FF712846BDE870409B
:1075400000F04EB8284600F01DF830B12846BDE8DE
:10755000704000221F21F6F771BA2846BDE870403E
:10756000FFF762BD3046BDE8704007F070B93046A5
:10757000BDE87040EAF7F2BB70BD00000C4003901C
:10758000406C704790F86000C0F3C0007047000086
:107590001FB5016B11B1084604B010BD0021FBF707
:1075A000E3FE002342F222026946F6F7B4FA08B17C
:1075B00001A0F1E701A0EFE7E280A2002A000000AD
:1075C00090F86010490702D4406AF8F786BAC06A9A
:1075D000704790F8542061F3410280F854207047BE
:1075E000F8B50546406C0C46A04267D0686AF8F7CB
:1075F00074FA334909688847002C00DA044484424D
:1076000003DCA4F5FE41FF3900D1044628466C6432
:10761000FDF7BCFD00212846FBF7A6FE0646686A7A
:107620006A462146F8F76CF9B6F908402846FBF798
:1076300031F8BDF90210884203DD01222846FDF72A
:1076400063FA2846FAF726FE06462846FBF722F894
:10765000BDF902100A19101AB04206DD881B204439
:1076600001B228460122FDF74FFA2846FAF746FFF5
:10767000BDF90010884203DD01222846FDF72EFAED
:107680002846FAF721FE06462846FAF737FFBDF9E5
:1076900000100A19101AB04206DD881B204401B2FE
:1076A00028460122FDF71AFABDF800102846A5F871
:1076B000401004F049FC284602F0F4FDF8BD00003B
:1076C0009C0200242DE9F041044690F860000D462C
:1076D000C0F3C001A9422DD042F2D17865F3C300B6
:1076E00084F860002DB164204746FDF7ABFD0646E7
:1076F00004E06420FDF7A6FD00260746606A3946CF
:10770000FDF7CDFC606A00223146FDF78FFC25B104
:1077100041462046FDF770FA04E00022204604218D
:10772000FCF7E8FF2046BDE8F04100231A46194661
:10773000FDF7A9B9BDE8F081F8B50D00044606D003
:10774000FFF762FD606B47F6FF7618B900E0FEE7D1
:10775000A06B08B3606A27A1F8F7A8FD3146204660
:10776000FFF73EFF94F860100020490701D5E16A59
:107770000870214E214F009009E032686946284682
:1077800090473968884701462046FFF74DFC00982E
:10779000285C0028F1D107E0606A2946F8F786FDE9
:1077A00031462046FFF71CFFA06A38B1606AF8F73F
:1077B00094F9007810B92046FCF712FA94F86000AA
:1077C00040070ED52846DBF718F8411CE06AF9F7A8
:1077D000CDF8E06260B12946DAF7D2FF2046E4F73F
:1077E00011FD2046BDE8F84000221C21F6F726B91D
:1077F000FEE7000000000000880200249002002440
:1078000070B5044600F081F805000AD0054A002151
:107810002046FCF79EFF21462846BDE87040E4F76D
:1078200063BB70BDFFFF0F0000B500F059F80028E2
:1078300000D0014800BD0000D81B02242DE9FF47FD
:10784000994607460C9E00F04BF8214D40B90020A8
:1078500028704FF41270F8F7D9FF1E490860E860ED
:10786000F2F792FEF2F7A8FEB0F5A07F4FF0010804
:1078700001DC032007E0F2F787FEF2F79DFEB0F58A
:10788000347F02DA0220687001E085F80180124C32
:10789000A4F12800E760BDF804100187BDF80810C6
:1078A000418766610D48A6612060C4E9076904F05C
:1078B0009DFB27B13846F2F7BFFEA04202D100205F
:1078C000FCF7C4FF85F8008004B00348BDE8F087EA
:1078D0003001002448020024D81B022489D50290DC
:1078E00002480068002800D00120704748020024A8
:1078F00008B500F00AF808B1006902E01120FDF7B0
:1079000091FC0090BDF8000008BD10B510B1FAF769
:10791000FBFC01E0F2F738FEBDE81040F2F78CBE48
:1079200010B5044607F0E0FF001B10BD07F0DCBFF8
:1079300010B50C4642F264010A462046FDF740FAB3
:10794000002309491A462046F9F7E0FB802120462A
:10795000F9F72BFC03212046FDF708FA2046BDE885
:1079600010400321FDF70DBA19E302902DE9F04113
:107970000D460846FAF73CFD42F2640106460A4607
:107980002846FDF71DFA2846FDF700FC3046FAF7B9
:1079900081FC0E4C2189484307B23046FAF794FC2B
:1079A000A1883A46484301B22846FDF7C7F9217835
:1079B00085F82410D4E90102104304D13046BDE813
:1079C000F041FDF7C6B9BDE8F081000000020024D7
:1079D0002DE9F04115460E4607460B48E3F7C8F877
:1079E000040010D00021A7604FF0FF302660C4E9EA
:1079F0000401FFF79BFF054960600120E560087105
:107A00002046BDE8F081FEE7FC1B02247002002442
:107A100010B5044601460548E3F720F90449012062
:107A2000C8702046BDE81040F8F77CBFFC1B02245C
:107A30007002002401484078704700007002002462
:107A40002DE9F047494CA07810B10120BDE8F0873E
:107A50000120A0702078002628B1FFF767FF5FEAB9
:107A6000000902D007E0A670EFE72069401C206102
:107A7000642800D926614FEA06083D4D84F803804A
:107A80003C4884F80480E3F74EF8286037E0394832
:107A9000E3F75BF82E680746307DC0072ED182469B
:107AA000304600F078F888B93069B0F1000A01DD9D
:107AB000401E3061FFF73AFFB168706021B1BAF142
:107AC000000F01D0304688474FF0010AE07820B916
:107AD000306910B93046FFF79BFFBAF1000F0DD0A7
:107AE0002079E178084309D028680028C6D100BF72
:107AF00020484FF0FF36E3F716F811E02F602968B1
:107B00000029C4D1F4E7287DC00705D1284600F03C
:107B100042F8B04200D2064616482946E3F715F867
:107B20000500F0D14846FFF7FBFEE1680844E0603D
:107B3000A068FFF7F5FEB0F5FA7F13D3E168642281
:107B40005143B1FBF0F0C0B26070642801D900204D
:107B500001E0C0F1640060702546C4F80C80FFF7B6
:107B6000E5FEA860304684F802806FE770020024CA
:107B700044020024FC1B022401214161704710B51E
:107B80000446FFF7D3FE2168401A401E606010BD16
:107B900000214161704710B504464068FFF7C0FE00
:107BA0002168814201D8002010BD081A10BD0000D4
:107BB00070B5083A0C46034602F00300111AA007FC
:107BC00004D10E4AA1F10C00904201D3002070BDF7
:107BD0002078251F00F00300084320F0020040F049
:107BE0000101184621602946E4F74DFB2846E4F7D9
:107BF0007FFB017902214160204670BDF5FF0F0037
:107C000070B5810701D0002070BD00238060194647
:107C1000C0E9030300EB8105002200EBC1146B6196
:107C200004EB8206521C202AF064F9DB491C0E2961
:107C3000F0DB70BD70B50C460546FFF7E1FFA4F21E
:107C40004C72064605F24C71FFF7B2FF304670BD2C
:107C50002DE9F0414FF0000611B3083905460C46F6
:107C60004E68F00700D0FEE70846E4F797FB21795D
:107C7000284689070CD52768AFB13979C90713D0D1
:107C80003946E4F7F3FB21463846E4F7E1FA0446C7
:107C900028462146E4F79CFB01462846E4F7F3FA20
:107CA0003046BDE8F081FEE7FEE770B50A460546BE
:107CB00004211046E3F7EFFE044601462846E4F7A8
:107CC0001DFB014622462846BDE87040E4F7A6BBEE
:107CD0002DE9F05F0C00904681464FF0000521D061
:107CE000B8F1000F1AD0A4F108052846E4F78BFB81
:107CF00069688246406821F0030620F003003044A2
:107D000000F1040B40460421E3F7C5FEB0450746E9
:107D100000D967B12879C0070CD0FEE74846FFF7C5
:107D200097FF45E01146FFF7C0FF054640E0002001
:107D3000BDE8F09FB74216D99AF80400C00701D0F9
:107D40005F4510D941464846FFF7AFFF05002FD0E9
:107D50004645404600D30646214632462846F8F7B7
:107D60001DFE2146DAE7B74206D929464846E4F720
:107D70002FFB2846E4F71FFB28792E464D46C00707
:107D800000D0FEE739463046E4F773FA78B1394659
:107D90003046E4F77CFB0146406820F00200486072
:107DA0002846E4F715FB01462846E4F76CFA254619
:107DB0002846BDE75A3000B200F004B85A3000B28D
:107DC000AFF300804FF4B47190FBF1F201FB1200AD
:107DD000002802DA00F5B47000B20E495A2802DA1F
:107DE00031F910007047A0F15A025A2A03D2C0F1AB
:107DF000B40000B2F4E7A0F1B4025A2A01D210B2E2
:107E000002E0C0F5B47000B231F81000404200B298
:107E100070470000383D03902DE9FF4F83B05FEAC3
:107E20000009119F6FD099F8000000286BD00498CA
:107E3000002879D01098800702D541F6FF7006908F
:107E4000424A00240094A3460194254626464FF05A
:107E5000FF3852686946484690478246009801902C
:107E600058E03A4A01A9484652689047834610981C
:107E700006F10106C00709D012985146E3F742FA0D
:107E800020B1DDE90040DA46009043E004985A460C
:107E90005146F5F7EBFE00B229180DB2002802DDBD
:107EA0000598284405B2B8F1FF3F05D10598291A75
:107EB0000698814200DDA0465046BAF10A0F1AD05A
:107EC000BAF10D0F17D0014645F2A512A0F59C405E
:107ED000904210D9002005E01DA2125C8A420AD00F
:107EE000401CC0B21AA2125C002AF5D177B1B8F1D9
:107EF000FF3F0AD00AE024B9B8F1FF3F01D107B132
:107F00003D60761E0AE01FE00EE03D60DA46DDE9E6
:107F10000041009119F804000028A2D1B8F1FF3FF8
:107F200005D0139868B1404607B0BDE8F08F2EB178
:107F3000BAF10D0F03D1BBF10A0F00D1009C20460E
:107F4000F2E70FB1002038600020EDE78402002442
:107F5000202C2E3B3A2D5F002DE9FF4F83B00446C5
:107F60004FF0000093460F00DDF848A0DDF8409088
:107F70002080608049D0BBF1000F46D05FEA8A7054
:107F800002D541F6FF7011900025BBF80860A846A5
:107F900025E07819002100915946CDE901A0119BF7
:107FA000069AE3F705F98044B4F9020006EB0902EA
:107FB0008118B1F5004F28D230445A4648446080B9
:107FC000069BA8EB05010298CDF800A000F022F86E
:107FD000B4F90010814200DB084645462080785DF8
:107FE0000028D6D15DB1781910F8010C0A2801D00B
:107FF0000D2804D1618806EB090008446080B4F9BB
:10800000021029B1A1EB0900608007B0BDE8F08F34
:108010006680FAE72DE9FF4707001E4690460D46A9
:10802000DDF830900CD0B8F1000F09D03878002876
:1080300007D00020009004468DF80800EDB923E039
:10804000002004B0BDE8F08703AA6B4601A93846BA
:10805000E3F796F85FEAC97004D0019902A8E3F744
:1080600051F950B9039A40460199F5F7FFFD00B266
:10807000002802DD2044304404B20098A842E3D333
:10808000002C01DDA01B04B22046DAE730B58028C1
:1080900028D300F03F024FF00003B0F5006F42F02C
:1080A00080020BD2C0F3841040F0C004084664F391
:1080B000070062F30F2063F3174011E0C0F385144B
:1080C000B0F5803F44F080040DD2C0F3033040F09F
:1080D000E005084665F3070064F30F2062F31740DC
:1080E00063F31F6030BDB0F5881F11D2C0F3824327
:1080F00043F0F005C0F3053040F08003084665F317
:10810000070063F30F2064F3174062F31F6030BD74
:10811000002030BD2DE9F0410024DFF82C800F460F
:108120000646254607E0D8F800103019884700B900
:1081300001206D1C0444BD4202D2305D0028F2D102
:108140002046BDE8F081000084020024F8B507460F
:10815000074E00200D460446009004E07268694610
:1081600038469047641C0098A842F7D32046F8BDD3
:1081700084020024F8B50024074E054620460094EA
:1081800005E072686946284690470098641C285CA0
:108190000028F6D12046F8BD8402002478B50446B4
:1081A0004FF00005009501B969460A68A05C030616
:1081B00001D405463AE006260223B6EB501F09D14A
:1081C000521C0A60C006A45C400D2AE004F03F0384
:1081D0001D182BE00E26B6EB101F05D1521C0A60AD
:1081E0000007A55C000C12E01E26B6EBD00F1DD1D7
:1081F000521C0A604007A55CC00AB3EB951F13D15F
:10820000521C0A6005F03F06A55C00EB0630B3EB9C
:10821000951F09D1521C0A6005F03F05A45C00EBD4
:108220008510B3EB941FD1D0002078BD521C284696
:108230000A6078BDF8B50746086800250E4E401E56
:108240000C46086002E0042D13D2206831683844DF
:10825000884718B9216861B1491E21606D1C00284A
:10826000EDB2F0D0206869460090384672689047B9
:10827000F8BD0020F8BD000084020024007801064B
:1082800001D4012070470621B1EB501F01D102201B
:1082900070470E21B1EB101F01D1032070471E2142
:1082A000B1EBD00F01D104207047002070470000CF
:1082B00008B5009313460A4601460248E3F79EF9C3
:1082C00008BD0000EFB5009070B50D460846FAF7FE
:1082D0008FF80646FAF74BF804463046FBF772F97A
:1082E000014622462846FCF76BFD01212846FCF793
:1082F00067FC2846F9F7DCFB0446104842F26406A6
:108300003146B0F900202046FCF75AFD00212046F6
:10831000FCF756FC0223204600211A46FCF734FCE9
:108320002846F9F7C5FB01210446FCF759FC314604
:108330002046BDE87040FCF7B2BE00000C020024ED
:1083400072B66E486E4908600025DFF8B48108F106
:108350007C08C8F80050BFF34F8F694A0C32106890
:1083600020F480301060BFF34F8FA8F1040BDBF8CE
:10837000000043F6FF74DFF88CC1C0F34E31C0F348
:10838000C90604EA4117304647EA8073CCF800304A
:10839000401EF9D2491EF4D2BFF34F8FBFF36F8F47
:1083A000BFF34F8FBFF36F8FDFF858A19146104690
:1083B0001268AAF1240A22F4003251460260CAF877
:1083C0000050BFF34F8FBFF36F8FBFF34F8FBFF3DB
:1083D0006F8F0D60BFF34F8FBFF36F8FC8F80050E2
:1083E000BFF34F8FDBF80000464E143EC0F34E3112
:1083F000C0F3C90304EA4117184600BF47EA807278
:108400003260401EFAD2491EF4D2BFF34F8FBFF341
:108410006F8F62B63C493D48016000F01EFDD9F8FF
:1084200000004946800311D4BFF34F8FBFF36F8F15
:10843000CAF80050BFF34F8FBFF36F8F086840F446
:1084400000300860BFF34F8FBFF36F8F0868C00321
:108450001DD4C8F80050BFF34F8FDBF80000C0F305
:108460004E32C0F3C90304EA4215184645EA807744
:108470003760401EFAD2521EF5D2BFF34F8F086804
:1084800040F480300860BFF34F8FBFF36F8FDDF78C
:1084900023F9E0F769FCDFF77DFFDFF7DFFEE0F7A8
:1084A000E5F8DFF7F1FEDFF731FFE0F76BF8E0F713
:1084B00005F8E0F79BF8DFF7ADFEEEF7AFFD1448E7
:1084C00000220221DDF7EFF812A0DAF765F8154D6A
:1084D00000241E20DCF716FB2968601C6200C4B271
:1084E0008A63642CF5D900F0B5FEDFF743FF00F096
:1084F000C3FE0020EEF7D4FBFBE700000020009055
:1085000008ED00E074EF00E000004090000000245F
:108510000004025874657374207374617274200DC2
:108520000A000000F00400242DE9F0414FF48074AB
:108530000E4607462246F0F745FB054621463846DB
:10854000F0F73AF8002D06D0224631463846BDE80D
:10855000F041F0F743BBBDE8F08100002DE9FF4F8B
:108560008A881D460B888BB0CE8804464F88A2EBC4
:1085700003011C9801F10101A6EB0702DDF868A0D8
:1085800002F101020FB20FFA82F9012805D0022888
:1085900005D003284DD14F4802E04F4800E04F4836
:1085A00080465FEA0A002088ADF804002888ADF80C
:1085B000080005D09AF80000FD283DD319983EE048
:1085C000DDE901104346199A9847009000202DE0FC
:1085D000002621E035F81610BDF80800884205D1C4
:1085E00034F81610BDF8040088420FD004EB4600A2
:1085F000434605EB4601199A0088ADF80400088847
:10860000ADF80800DDE901109847009004EB460042
:10861000BDF80010761C0180BE42DBDB0D9804EB38
:108620004004189805EB40050AF1010048458246D0
:10863000CEDB0FB0BDE8F08F19994843000A0090D7
:1086400002464346DDE901109847099000203DE0CD
:1086500000262FE01AF8060058B3FD2801D3199818
:1086600002E019994843000A35F81620BDF80810B1
:10867000914208D134F81620BDF80410914202D17D
:108680000099814210D004EB4601434605EB4602B7
:108690000988ADF8041011880246ADF80810009062
:1086A000DDE901109847099004EB4601BDF824006C
:1086B0000880761CBE42CDDB0D981B9904EB40046C
:1086C00018988A4405EB40050BF1010048458346A4
:1086D000BEDBAEE76FD30090FBD20090DFD30090FB
:1086E0002DE9FF4F8BB0CC884F8806468A881D46FF
:1086F000DDE919BA0B885FEA0A00A4EB0700A2EBD8
:10870000030100F101000FFA80F8584601F1010160
:108710000FB205D0FD286ED90020A7F1040B33E17C
:10872000FD2813D37F0000240BE03A46294630464B
:10873000F8F734F90D98641C06EB4006189805EB21
:1087400040054445F1DB0FB0BDE8F08F002021E08B
:10875000002415E006EB440A5A4605EB4401BAF83A
:108760000000ADF818000888ADF81400DDE9050137
:10877000F1F776FA0590641CBDF81410AAF8001001
:10878000BC42E7DB0D9806EB4006189805EB400568
:1087900009F1010040458146DADBD4E70024D146E7
:1087A0001CE000BF99F80020AAB1FF2A1CD006EBFC
:1087B0004400069005EB44010088ADF824000888C9
:1087C000ADF82000DDE90801F1F74AFA07900698B4
:1087D000BDF81C100180641C09F10109BC427EDA5D
:1087E0005FEA8970DED17AE005EB440006EB4401D4
:1087F00000880880EFE7D3E0D9F80000F0B3401C10
:1088000072D099F80020AAB1FF2A79D006EB440073
:10881000099005EB44010088ADF820000888ADF808
:108820001C00DDE90701F1F71BFA06900998BDF875
:108830001810018009F10100059099F80120AAB1F2
:10884000FF2A64D006EB4400099005EB4401408800
:10885000ADF81C004888ADF82000DDE90710F1F7FD
:10886000FFF906900998BDF8181041800598401C42
:1088700005900278BAB1FF2A50D000E02CE006EB58
:108880004400089005EB44018088ADF824008888F6
:10889000ADF81C0009990798F1F7E2F906900898DD
:1088A000BDF81810818005984278AAB1FF2A3CD003
:1088B00006EB4400089005EB4401C088ADF81C00AD
:1088C000C888ADF81800DDE90601F1F7C9F905908F
:1088D000BDF814100898C180241D09F104095C45F5
:1088E0008ADB45E000E00BE005EB440106EB4400C9
:1088F0000A8802804A8842808A888280C988EAE79A
:1089000005EB440006EB44010088088092E705EB84
:10891000440006EB440140884880A7E705EB44008B
:1089200006EB440180888880BDE705EB440006EB38
:108930004401C088C880CFE799F80020AAB1FF2A77
:1089400027D006EB4400099005EB44010088ADF800
:1089500020000888ADF81C00DDE90701F1F780F977
:1089600006900998BDF818100180641C09F10109EE
:10897000BC42E1DB0D981B9906EB400618988A442F
:1089800005EB40050198401C01904045FFF606AFFD
:10899000D9E605EB440006EB440100880880E4E7D3
:1089A00000202CE000241EE01AF80400D0B1FD28BD
:1089B00001D35A4602E000FB0BF0020A06EB44002A
:1089C000039005EB44010088ADF818000888ADF865
:1089D0001400DDE90501F1F743F905900398BDF8AE
:1089E00014100180641CBC42DEDB0D9806EB4006CF
:1089F000189805EB40051B98824409F10100404599
:108A00008146CFDB9FE600002DE9FF4F85B09A46F7
:108A10000C46DDF850B0E2F74DFB0390BBF1000FC0
:108A2000A1882288E388A1EB0200658800F101009B
:108A3000A3EB050101F1010106B20FFA81F801D0A3
:108A400000204BE000271DE0002515E01398029060
:108A50000AEB4500079A0088ADF8040060883844A6
:108A600000B2009003982188294400680BB2059950
:108A7000D0F81CC0E0476D1CB542E7DB12997F1CA3
:108A80000AEB410A4745DFDB09B0BDE8F08F00255E
:108A90001BE000BF1BF80500B0B113994843000A62
:108AA00002900AEB4500079A0088ADF8040061883F
:108AB00001EB090000B20090039821882944006866
:108AC0000BB20599C769B8476D1CB542E2DB159931
:108AD00009F101008B4412990AEB410A8146404595
:108AE000D5DBD1E770B5802815460E46044605D281
:108AF000E117002004EB9171891006E005F070FC8D
:108B0000411FCC40801F84F020013060296070BD7F
:108B1000FD2902D2022901D80020704710FB01F084
:108B200000EBC01101EBC030C0F3C750704700002C
:108B30002DE9FF4F4FF00009164681B00F4604465D
:108B4000CB46D9F75AFE054631463846DAF7C6F81D
:108B50000646601910F8010C3F2806D1B81910F824
:108B6000010C3F2815D16D1E761E20785B2803D19D
:108B7000641C4FF001096D1E20783A2801D1641C55
:108B80006D1E38783A2808D1022E06D378782A2824
:108B900071D1002005B0BDE8F08F2946204600F0D5
:108BA0003DFC5EA280463146384603F009FA98B390
:108BB000C01BB8F1000F824605DD04EB080010F879
:108BC000010C23282BD0002053463A464146009002
:108BD000204600F0A5F800287DD0A5EB0805A6EBFF
:108BE0000A0644444FF0010855EA060057444CD0A9
:108BF00025B32EB3002D05DD20783978884201D1C8
:108C00003A2844D0012D55DD60783978884243D127
:108C100022785B2A3ED03FE0FFE73046C9E7049860
:108C200040B10E98834505D204980F9900EB8B0054
:108C3000016000E000200BF1010BC5E70EBB24E052
:108C40002946204600F0EAFB215C5B2902D05D2921
:108C500006D102E009F1010101E0A9F10101894613
:108C60002D1A0444641CB9F1000FA5F1010503D0CD
:108C7000002DE5D109E018E0002D03DD20785B2808
:108C8000DED000E00DB14FF00008404682E7641CE2
:108C90006D1E0AE03A2805D088420BD121785D2963
:108CA00006D007E009F1010018E0761E7F1C74E78A
:108CB0003A2811D0022DE6DDA07839788842E2D139
:108CC00021785D29DFD161785B29DCD13A28DAD1BE
:108CD000E41CED1EE9E705E0A9F10100A41C8146B2
:108CE000AD1EE2E74444A5EB080520785D2802D1DB
:108CF00061783A290CD0022DC5DD5D28C3D160789A
:108D00005B28C0D1A0783A28BDD1E41CED1E44E711
:108D1000A41CAD1EA9F101093FE700003A3F000085
:108D20002DE9F8430C001F4690460646089D04D0E6
:108D3000301910F8010C23280BD0304600F07EFBD0
:108D400005463B46424621463046E4F782FBF0B9F1
:108D500015E04C1E3046214600F070FB81463B4634
:108D60004246214630460095E4F780FB78B93B4601
:108D70004246494630460095E4F778FB05E03B461D
:108D8000424629463046E4F764FB002800D0012023
:108D9000BDE8F8832DE9F041F4F74BFE0746F9F7FB
:108DA00027FB0646F9F724FB0546F0F7E9F80468C7
:108DB00000213046F9F70AFAB84244F3074008D1D7
:108DC000012801D0401E07E00C2060F31744601E0C
:108DD0001FE00C2819D0401C60F317442846A1B2AC
:108DE00044F307420C461746F0F7CCF80121304611
:108DF000F9F7ECF90849224601EB870151F8043CE8
:108E000006A1BDE8F041F7F788BA012060F31744E6
:108E1000601C60F30F04E1E76C0100242564202549
:108E20007300000070B50546F4F703FE04462846BB
:108E3000F4F701FE05462046F4F786FB0446284673
:108E4000F0F79EF8641C018862B22846BDE87040C5
:108E500062F3174189B2F0F795B87FB50124002578
:108E600022460326009610212B46CDE901544806E0
:108E7000039400F049F812210096CDE90154002333
:108E800003940222480600F03FF803220096CDE941
:108E90000154002303941221100700F035F80096C6
:108EA0000023CDE90154042203940F214FF06050B8
:108EB00000F02AF800230295052203951921700776
:108EC000CDE9006500F020F806220096CDE90154B6
:108ED000002303941921500700F016F81B21029576
:108EE000012303950722C807CDE9006500F00CF8BF
:108EF00000960023CDE901540822039416214FF077
:108F0000104000F001F87FBD2DE9FF410AAC4FF0A1
:108F1000010E94E8E0100024029403948DF80810E8
:108F20008DF80C3000948DF809408DF80D608DF8A7
:108F300000E08DF80A408DF80E708DF80120019048
:108F40008DF80B508DF80FC0DCF784FD6846DCF718
:108F500053FD0420DCF78CFDBDE8FF8170B50D46A4
:108F600000212846FAF7A3FF00212846FBF728FE38
:108F70000023284602221946FBF706FE2846EFF793
:108F8000EBFA0022064628A1FCF714F842F264012D
:108F90003046FBF731FE3046FCF7F8F83046F9F77B
:108FA000E6F9044601463046FCF779F81F490023EC
:108FB00007223046F8F7AAF804213046F8F7E8FC13
:108FC0002846F6F7EDFA03210646F7F733F90022B3
:108FD00030460221FCF743F801213046FBF700FE42
:108FE0002846EFF7B9FA0022064611A1FBF7E2FF87
:108FF000224630461146FBF7E3FE0C4900230722C8
:109000003046F8F783F804213046F8F7C1FC0949E7
:1090100000231C222846F8F779F82846BDE870405E
:1090200000221C21F4F70ABDEF819300958D029078
:10903000EF8194004DEE02902DE9F0410F46084675
:10904000F9F7D6F9002104463846FAF730FF002137
:109050003846FBF7B5FD3846F4F7CCF9164D064611
:109060006968F4F700FC15491C2223463046F8F7DE
:109070004DF801213046FBF7B3FD3846F4F7BAF955
:1090800029680646F4F7EFFB0D491C2223463046BB
:10909000F8F73CF801213046FBF7A2FD094900230F
:1090A0001C223846F8F732F83846BDE8F041002275
:1090B0001C21F4F7C3BC00009C01002435FC029085
:1090C000258E029091EE029070B5094D04466868B5
:1090D000002808D044B12046ECF77AFAA968204469
:1090E000884200D3002070BD0248006870BD0000B7
:1090F000F800002450020024002902D00068091D55
:1091000042507047002901D000684250704700006B
:109110002DE9F041002204462121F4F78FFC0028BC
:109120007ED0608C40F48050608401E0FFF7F0FF57
:1091300000212046F9F74AF80028F7D12046F9F730
:1091400011F906460020F5F78DFF002705461CE0C3
:10915000A86AA04202D0E86AA04203D1214628466C
:10916000F5F7D0FF686BA04200D16F63686DB04225
:1091700007D1F5F781FFA04203D121462846F5F734
:10918000C1FF2846F5F76EFF0546002DE0D12046C9
:10919000E1F799FD606804260028204602D0F9F71F
:1091A000ECF82BE0F9F7B0F805460020EA68696AA8
:1091B00005E000BF52F82030A3420AD0401C814293
:1091C000F8D806E0E96806EB80028A5841F82020CA
:1091D000401C696A491E8142F4D8686A401E686270
:1091E000EA6881001046F7F7C1FBE8601CE00968F7
:1091F00006EB80028A5841F82020401C616889688B
:109200004A68521E8242F2D8606880684068401EF8
:1092100048606268810090680068F7F7A7FB00E08B
:1092200007E06168896808602046BDE8F041F7F70B
:1092300079BBBDE8F08110B5EFF3058111B16FF096
:10924000050404E04FF0000408B105F0F7FC2046E7
:1092500010BD0000EFF3058010B16FF005007047FE
:109260000449086810B14FF0FF30704701220A60CE
:10927000002070478C00002410B5EFF3058010B17A
:109280006FF0050010BD08480168012902D04FF0B9
:10929000FF3010BD054A002182F8141D0221016033
:1092A00005F034FD002010BD8C0000240BE000E030
:1092B00070B505464FF00004EFF3058050BB0DB1CB
:1092C000686800E00020C10701D0012600E0002608
:1092D00000071FD46DB1D5E9021021B1502819D370
:1092E0001EB1042002E020B114E0012005F00FFFC0
:1092F00005E00EB1042000E0012005F0FDFE0400B1
:1093000008D00DB1296800E0002105F061FC0EB124
:1093100044F00104204670BD3EB5040001D0002990
:1093200003DA6FF0030001902BE04FF0FF30019063
:10933000EFF30580D0B10025029502A82B4601224B
:109340000090204606F040FA0022204601AB11466C
:10935000009506F039FA029898B10B494FF0805009
:109360000860BFF34F8FBFF36F8F0AE000232046E2
:10937000012206F0B9F90022204601AB114606F0A1
:10938000B3F901983EBD000004ED00E02DE9FF4176
:109390004FEA01034FF00005EFF30581039561BB30
:1093A00058B34FF080064FF018014FF000044AB355
:1093B000176807B13C4697691FB139467F1E382FA1
:1093C00002D21779FF0703D0002004B0BDE8F08176
:1093D000576907B1BE08D2F808C0BCF1000F0DD024
:1093E000D568602D18D312693AB137B18DE80610EF
:1093F0003246214606F04DF903900DE0D7685FB97B
:1094000012694AB903AACDE90012B2B2214606F0A8
:1094100013F9012800D003950398D6E730B505A2CB
:109420000D46044602F0CCFD08B1001B30BD2846B5
:1094300030BD00003F3A5B5D000000002DE9F041C7
:1094400000240D46074606E0D9F726F80068805D3F
:10945000000705D4641CAC4202D23E5D002EF3D15D
:109460002046BDE8F081F0B58E1A4FF00007012BC1
:10947000DDE9054505DC03280CD004280AD00528C1
:1094800008D0891A09B2062827D2DFE800F026079B
:10949000031D110B06EBD6702F8011E02F80208862
:1094A000304418E05B1E18B291FBF0F02880F0BD4C
:1094B00091FBF3F02988084400B2288000EBD070BB
:1094C000218801EB600006E05B1C18B291FBF0F014
:1094D0002880218808442080F0BD2F80F0BD2DE930
:1094E000F05F0C460546A2F1010053B12188A1EBC3
:1094F000620121800844A080E88A6080688BE08057
:1095000009E06188A1EB620161800844E080A88ADB
:109510002080288BA0804FF4403631462846F9F74A
:10952000D0FD804631462846F9F713FE8246314683
:109530002846F9F768FE814631462846F9F761FD6D
:10954000834631462846F9F75AFF074631462846F2
:10955000F9F749FF268808EB070C0146A3886588C0
:109560005744B4F80680A6EB0C0609EB01002680F0
:109570000BEB0102D919A180281A60804244E280D5
:10958000BDE8F09F70B50446ECF7D2FA05001DD097
:10959000F8F7EDFE06462046F8F77CFE864215DD1C
:1095A00000212846F9F7D4FE068900212846F9F75C
:1095B000F6FEE18E304400224143606A09B2FBF7B7
:1095C000A3FA606ABDE87040FAF70ABB70BD0000FC
:1095D0002DE9F047026A00F11405816A0446D0F8CB
:1095E00010800126881810F8010C3F2804D00027AD
:1095F00094F8380010B107E00127F9E727B10122FC
:1096000020461CA105F0E0FC4FF0000984F83990D9
:10961000C4F83090C4F83490C4F89490D8F804108A
:10962000A9B120468847012894F8390006D030B9FE
:109630006FF0C7012046DFF788F900E008B1002687
:1096400005E094F8380010B10FB184F83890A9689B
:10965000D5E900020844904208D994F8390028B9A5
:109660006FF06B012046DFF770F900263046BDE849
:10967000F08700003B0000002DE9F041134C0F463D
:109680000546E6682068001D05F0A0F9681C07D1B2
:1096900037B12168BDE8F0410D48091D05F0EAB970
:1096A00020683544B5424560216805D2206C091D0B
:1096B000BDE8F04105F0C6B9E06B091D05F0C2F93F
:1096C000A06A854200D2A562BDE8F0813400002482
:1096D000400E00242DE9F041054605F0D7F92D4C48
:1096E0002D4FA068401CA060206810B1606930B3A5
:1096F0002BE02560A068012827D1002606EB860014
:1097000007EB800005F090F9761C382EF6D323483D
:1097100005F08AF92148143005F086F91F482830F1
:1097200005F082F91D483C3005F07EF91B485030A9
:1097300005F07AF91948E0631430206405E0E86A1E
:109740002168C96A814200D82560606A401C606255
:109750006864E86A2169884200D9206100EB8000D2
:10976000291D07EB800005F085F905F0AFF9606968
:1097700000280CD02068E96AC06A884207D20849EC
:109780004FF080500860BFF34F8FBFF36F8FBDE87D
:10979000F08100003400002490090024F00D002422
:1097A00004ED00E038B505F071F9104C2068C8B937
:1097B0000F4805F039F90E48143005F035F90C4919
:1097C0000020E16014312161A1F582730090A1F1C4
:1097D000B40210210A2005F0C8FC206010B105A1D8
:1097E00005F0F6F9BDE8384005F070B978000024BE
:1097F000440F0024546D72510000000030B4026C1C
:109800000B46002A0BD0D0E902411144C160A142AD
:1098100001D30168C160184630BCD9F70DB830BC1F
:1098200070472DE9F041856B1746026C044600260F
:1098300082B1C7B1E068D8F7FFFFE168206C226809
:10984000091AE160914202D2A168081AE060022F71
:1098500016D017E02068A8B9A06806F0AFF8064651
:109860000020A0600EE06068D8F7E6FFD4E90101AF
:10987000226C10446060884204D32068606001E07C
:1098800005B16D1E6D1CA5633046BDE8F08110B5B5
:10989000044690F85D0058B101280CD002280FD082
:1098A000502080F31188BFF34F8FBFF36F8FFEE717
:1098B000206B05F01FF92046BDE8104005F01AB9ED
:1098C00010BD000011484FF4003110B5420706D01A
:1098D0000E49C01D20F00700411AC1F500310C4CA3
:1098E000002301440839A4F1180221F00701C4E95A
:1098F00000030C1A11604B600B60C0E90014946007
:109900004FF000415460516110BD00002C1A00243A
:10991000A8000024144E4FF08058144CDFF85090EB
:10992000A6F29C4712E000BF05F0B0F8F068C568E9
:10993000281D05F04BF8A068401EA0606068401E1E
:10994000606005F0C3F82846FFF7A1FF60680028B3
:10995000EAD138680128F9D9C9F80080BFF34F8FE0
:10996000BFF36F8FF2E700002C0E002434000024B8
:1099700004ED00E0002807D00021816001600B4663
:109980000A46C16005F06EBC7047000070B51D4608
:10999000049C51B1C4F80020C4E90F010121204604
:1099A00005F016FC84F84C5070BD2460F4E72DE9F6
:1099B000F05F88469A4691001546DDE90B940A9EB1
:1099C000A5228346206BD8F7F0FF206B6FF00301D0
:1099D00001EB8501084420F00707780707D05020E5
:1099E00080F31188BFF34F8FBFF36F8FFEE7B8F19D
:1099F000000F4FF000050ED00020221818F80010BC
:109A000082F8341018F8001011B1401C1028F4D35B
:109A100084F8435001E084F83450382E00D33726C0
:109A2000E662201DC4E9136505F009F804F1180089
:109A300005F005F86565C6F13800A565A06184F8F4
:109A40005C505246246159463846646200F0A0FAE0
:109A5000B9F1000F206001D0C9F80040BDE8F09FC7
:109A600030B5114900E011460A688242FBD34B68C9
:109A70005C18844203D14468084623444B60436821
:109A80001D18954209D1084C183C2468A24209D0FF
:109A900052681A4442600A6812680260814200D02B
:109AA000086030BD0460F9E7A800002470B50D4DD2
:109AB000914241604FF00004006106D88169D21ADA
:109AC0008A4206D2011D286907E09A4203D29942D0
:109AD00001D3012403E0011DE86804F0B3FF204630
:109AE00070BD00007800002410B5044604F0CEFFDD
:109AF000A06B28B15FF0000404F0E8FF204610BD21
:109B00000124F9E730B53C4D89B06BE0049800289A
:109B100006DA059ADDE9060190470498002861DB22
:109B2000069C606910B1201D04F050FF03A800F0EE
:109B3000D5F8024604980A2854D2DFE800F005055B
:109B4000052D304705052D3094F8280040F0010020
:109B500084F82800A06905990B4601442046FFF7C8
:109B6000A5FF50B3216A2046884794F82800400793
:109B700038D50020009005980023A16942181946A5
:109B8000204606F023F8C0B9502080F31188BFF3B7
:109B90004F8FBFF36F8FFEE794F828001EE094F814
:109BA000280040F0010084F828000598A06128B141
:109BB000811813462046FFF779FF13E0502080F309
:109BC0001188BFF34F8FBFF36F8FFEE794F8280023
:109BD000810703D4204604F08DFF03E020F001004C
:109BE00084F828002868002204A905F04BFC00280E
:109BF0008CD109B030BD0000780000242DE9FC4173
:109C00000F46054605F0C8F801A800F067F80446BD
:109C1000019818B105F048FFBDE8FC81254EAFB1B1
:109C200030690068D0B300273068291B3A4604F039
:109C3000E3FF05F039FF0028EED11F494FF08050B7
:109C40000860BFF34F8FBFF36F8FE5E7A542EBD8F6
:109C500005F02AFFF0682746C068C468201D04F09C
:109C6000B5FE94F82800410719D5A0692B463A465D
:109C700041192046FFF71AFFA8B100202A460346E3
:109C800001460090204605F0A1FF60B9502080F306
:109C90001188BFF34F8FBFF36F8FFEE707E020F00F
:109CA000010084F82800216A20468847B4E701278C
:109CB000BAE700007800002404ED00E00648C16B1C
:109CC000096829B1C16BC968C96849688162704770
:109CD0004FF0FF31FAE700003400002470B505466C
:109CE00005F002FE064E0446B068844203D200F03E
:109CF00009F8012000E0002028602046B46070BD13
:109D000078000024F8B5194D20E0C068C4680668E2
:109D1000201D04F05BFE216A2046884794F8280045
:109D2000400713D5A0693044B04206D92461211DF3
:109D30006060E86804F086FE08E0002032460346D2
:109D400001460090204605F041FF38B1E8680168FF
:109D50000029DAD12969C5E90310F8BD502080F344
:109D60001188BFF34F8FBFF36F8FFEE77800002499
:109D700008484068401C4FF0500080F3118804D020
:109D8000BFF34F8FBFF36F8FFEE7BFF34F8FBFF36C
:109D90006F8FFEE7B0000024074CE068016841B116
:109DA000C0680021D0F80000FFF728FFFFF7AAFEE7
:109DB000F3E701210020F7E7780000242DE9F041C6
:109DC000044604F063FE94F9455004F1240609E0CA
:109DD000606A48B1304605F02FFE08B104F05CFF20
:109DE0006D1E6DB2002DF3DC4FF0FF3684F8456038
:109DF00004F06CFE04F04AFE94F9445004F110079C
:109E000009E0206948B1384605F016FE08B104F0B3
:109E100043FF6D1E6DB2002DF3DC84F84460BDE895
:109E2000F04104F053BE00002DE9F0410027044644
:109E300004F0B2FF354E306808B9FFF743FD706992
:109E4000044216D1ACB1083460070ED004F007000C
:109E5000C0F108000444600707D0502080F3118847
:109E6000BFF34F8FBFF36F8FFEE714B1706884426A
:109E700002D905F019FE39E02448183001460D6872
:109E800001E028460D466968A14202D229680029EE
:109E9000F7D131688D42ECD0076829680160083736
:109EA0006868011B10290ED92819420707D05020D5
:109EB00080F31188BFF34F8FBFF36F8FFEE74160D0
:109EC0006C60FFF7CDFD69687068401A7060B26819
:109ED000904200D2B060002072691143C5E90001D0
:109EE000F068401CF06005F0DFFD0FB904F09AFD4A
:109EF000780707D0502080F31188BFF34F8FBFF34E
:109F00006F8FFEE73846BDE8F08100009000002426
:109F10002DE9F047064690F8600040072FD5706A9B
:109F2000F5F7DBFD174909688847040027D030465C
:109F3000FDF72EFB8146D8F760FC074604FB07F0CF
:109F4000401CF6F791FC0025804606E005FB0780E3
:109F50003A464946F6F722FD6D1CA542F6D37D43ED
:109F6000002108F80510706A4146F6F79FF940464F
:109F7000F6F7C6FC3046BDE8F04700F093B9BDE8FF
:109F8000F08700009C02002470470068FFF7C0BF04
:109F900070B5041F094E231F4FF0807521F0010199
:109FA00025601C1F1960A0F120010B1F266044389A
:109FB0000A606FF002051D6070BD0000719D029087
:109FC0002DE9F04F544E054685B070680168CA68A7
:109FD000CC6B91682160016809698A0701D4C907BF
:109FE00023D0F0F72FFB401E07B27068F0F7E4FAB9
:109FF000401E009703B2002203A81146EEF7C2F8F4
:10A0000003A9616070680068027CC068920705D58A
:10A01000826942F002028261A16076E08169826910
:10A0200061F341028261A5606FE0A9882A88EB880C
:10A03000891A6F88491CDA1B521C0FFA81F90FFA32
:10A0400082F8F0F7FFFA0146B5F90600814203DC19
:10A050007068F0F7F7FA401E424607B2706849464A
:10A06000B246EBF7D7FD00268146B5F902000DF1A7
:10A07000040B28E02E88ADF80460AE88ADF80860C7
:10A08000ADF80600ADF80A10C4F804B0C4F808B082
:10A09000DAF804000168C96889682160BDF90A100E
:10A0A000B94201DDADF80A70BDF90A60B74205D1C9
:10A0B0000068C068816941F002018161204600F0BA
:10A0C0002DF80FFA88F000EB0908A8F10101B94258
:10A0D000D0DDB7421CD02B88ADF80430AB88ADF88A
:10A0E0000830ADF80600ADF80A70C4F804B0C4F842
:10A0F00008B0DAF804000168C9688968216000685E
:10A10000C068816941F002018161204600F006F8D3
:10A1100005B0BDE8F08F0000EC0000242DE9F0410F
:10A120005F4C94B007466068F0F742FAF96805465C
:10A1300009B1384688476068E96800680288408845
:10A1400012FB00F0884201D1012000E000202968C4
:10A1500059B1696831B128B907E060680068816A5F
:10A1600001B1884728690028F7D160680025F0F719
:10A1700053FA01467868FBF767F961680646496952
:10A1800019B17868FBF760F9054656EA050052D127
:10A190006068F0F757FA401E0FFA80F86068F0F731
:10A1A0000BFA411ECDF800800BB2002211A8114617
:10A1B000EDF7E8FF386BB0B103A8F1F74FFD606829
:10A1C00011AAC16A079190F829108DF82610418DC7
:10A1D000ADF8101003A990F829008DF80F0038464B
:10A1E0003B6B984727E06068C16AA1B108466946A1
:10A1F000F4F7AAFC01281ED103A8F0F799FC6068C7
:10A2000011AA90F829108DF8171003A9C36A3846CF
:10A21000F0F75AFC0FE003A8F1F720FD6068418DCC
:10A22000ADF8101003A990F829008DF80F003846FA
:10A230007A68F1F7FFFC606890F82810C9070CD025
:10A2400006B906693846314600F0E0FA60684069B0
:10A2500090B105B9054629460BE0406928B105B91A
:10A2600005463846294600F0D1FA0EB960680669FD
:10A270003146384600F0CAFA6068F0F7BBF901468B
:10A28000384600F0C3FA6068F0F7ACF9014638468A
:10A2900000F0BCFA606814B0BDE8F041E4F772BBAE
:10A2A000EC0000242DE9F04F0021044691B0F9F7AD
:10A2B0005BF8002104902046F9F789F80990606C5A
:10A2C0000690606AF5F709FC724A824606991268A0
:10A2D0009047DFF8C4B1064600210AEB060081462C
:10A2E000DBF800209047054607460498B0F908803F
:10A2F0003846ECF70AFB00B12027049800223946C3
:10A30000F3F7B4FC07B2606A06990DAAF5F7F8FAFC
:10A31000606AF5F7E2FB00210246606AF7F770FA1F
:10A32000616ABDF93420B1F91430B1F918101A443A
:10A330003A448A4228DD94F86010090724D403289F
:10A3400022D009990022ADF8342008EB0100BDF8B5
:10A3500036100844ADF836005DB1504948460968EA
:10A360008847DBF80020064400210AEB06009047EE
:10A3700005462846ECF7C9FA00B1202504980022CA
:10A380002946F3F773FC07B220464FF4E02B26650D
:10A390005946F8F775FD054659462046F8F745FF3A
:10A3A00000EB050A204611225946F8F744FF00EB5E
:10A3B000050959462046F8F796FE4619204613220D
:10A3C0005946F8F738FFBDF8342028447F1E931B08
:10A3D000ADF82C301318BDF83620A8F1010102EBBE
:10A3E0000905A2EB0A00ADF82E00DA19ADF830200D
:10A3F0002944ADF8321004F1480102A80D46EDF7EA
:10A4000051FE606ABDF80810828A1144ADF8081048
:10A41000C18ABDF80A000844ADF80A00616ABDF8B7
:10A420000C00898A0844ADF80C00616ABDF80E0082
:10A43000C98A0844ADF80E0002A92046F9F7F3FBDB
:10A440000BA92846EDF72EFE02A82946EDF72AFEB5
:10A45000606ABDF80810828A1144ADF80810C18AFC
:10A46000BDF80A000844ADF80A00616ABDF80C00A6
:10A47000898A0844ADF80C00616ABDF80E00C98AEB
:10A480000844ADF80E0002A92046F9F7CCFB11B044
:10A49000BDE8F08F8C02002488020024840200248E
:10A4A0002DE9F0412C4C002020606068B0F850513C
:10A4B000002D4ED0002703E0411991F83011D1B1A1
:10A4C0006D1EF9D50068416B01B1884760680026B0
:10A4D0000168C9688A6922F001028A610168C96855
:10A4E0008A6922F002028A6190F8281041F0040182
:10A4F00080F8281022E02F46E4E7811991F8301106
:10A50000D9B9BE4205D10168C9688A6942F0010221
:10A510008A610168C9688A6922F002028A6100EBD7
:10A52000C6003030FFF74CFD606800EBC6003030ED
:10A53000EDF7DFFD216808442060761C6068B0F804
:10A540005011B142D9DC90F8281021F0040180F8B4
:10A550002810BDE8F0810000EC0000242DE9F04156
:10A560000446ECF7FCF82046F9F72CF800210546E4
:10A570002046F8F710FC281A94F83C1000EBD07035
:10A5800001F0030140F34F066420012903D00229A2
:10A5900004D0A08C0BE094F8261001E094F827106A
:10A5A0004FF4B47211FB02F1B1FBF0F080B200B2D3
:10A5B0000746FDF707FC10FB06F0C113384621855E
:10A5C000FDF7F8FB10FB06F005EBD571228DC013EB
:10A5D00002EB6102228500EB610060852046BDE848
:10A5E000F041ECF7BCB800002DE9F04F0C46824674
:10A5F000012120468BB0F9F72EF800287ED12046A5
:10A60000E0F775FB050027D0002120466122F8F70E
:10A6100012FE00F0FF09B9F1020F6FD36B462A4614
:10A6200021465046ECF76BFC012867D101276846AC
:10A63000002204F11401DFF7F1FBA8B100208DF82E
:10A6400020001221204608AACDF824D0F3F7F6F90D
:10A650009DF8200038B107E00BB021465046BDE818
:10A66000F04FF9F7AFBC0027012D01D147F00207E9
:10A6700069463A465046F0F749FD05003ED00021B4
:10A6800020466F22F8F7D7FD00B20021804660F324
:10A690000F0620467022F8F7CEFD01B24FF064039A
:10A6A000C8F3413061F31F4601284FF4FA624FF4BA
:10A6B0007A7B17D128F4C040904213DCB4F818C05C
:10A6C0005845B4F81480ACEB080C0CF1010C0FFAEF
:10A6D0008CFC01DDC0F57A700CFB00FC9CFBF3F0F8
:10A6E00060F30F06C1F34130012813D121F4C040BB
:10A6F00090420FDC618BE28A891A00E080E0491CFD
:10A7000009B2584501DDC0F57A70414391FBF3F081
:10A7100060F31F4602A8F0F70BFA002120466E22D4
:10A720008DF81390F8F787FD00B2ADF80800B0F58A
:10A73000616F02DDA0F5616003E0002803DA00F537
:10A740006160ADF80800002120466D22F8F773FD26
:10A750000021ADF80A0068222046F8F76CFD8DF85C
:10A760001400B907284840680068007CC0F3C000A6
:10A770008DF81C003AD52868A860688A69896A68DB
:10A780000144B5F90600491EEA6009B2E981814237
:10A790002CDDE8812AE0B80705D53B462A4651461C
:10A7A0002046ECF779FB21465046F9F70BFCDAF826
:10A7B00004002946A28A32440088101AADF80C0021
:10A7C000DAF80420E08A00EB26405288801AADF8BF
:10A7D0000E0002AA5046F0F794FCB8070CD5E889A1
:10A7E000698A401C68810144491EE981B5F90A0063
:10A7F000BDF906108842CEDD29465046F0F7B7FC79
:10A800000BB0BDE8F08F0000EC0000242DE9F0470C
:10A810000C00814605D11B484068EFF7FDFE04009F
:10A820002AD021464846FFF7DFFE1FE00027F7F752
:10A83000DFFC0025064608E0A068006850F82510F7
:10A84000E7B14846FFF7D0FE6D1CB542F4D317219F
:10A850004A462046F3F7F2F818214A462046F3F715
:10A86000EDF819214A462046F3F7E8F8A04640469D
:10A87000F7F7BEFD0400D9D1BDE8F0874145E3D12B
:10A880000127E1E7EC0000242DE9F04792B088466B
:10A890000646EBF754F905006CD0F5F71EF90021D8
:10A8A00002462846F6F7ACFF012838D0022802D02D
:10A8B000032819D10CE03046F7F706FD0446284678
:10A8C000F8F780FE201A00EBD07040F34F0108E04B
:10A8D0003046F7F7F9FC04462846F8F773FE201ACD
:10A8E00001B22846FAF7F1FB00213046F8F736FDB1
:10A8F000002104463046F8F75EFDB4F90870824640
:10A900003046F7F7C7FC0021814665223046F8F74C
:10A9100092FC84B2B8F1000F03D014B104E000211E
:10A92000DFE73046EBF7E5FDF18C07EB0A0007EBBC
:10A93000D772484309EBD9714910A1EB6201A1EB31
:10A94000000006B2B8F1000F17D0B4B16846ECF7BA
:10A95000C5FD0F48CDE900502846F8F755FE0B9489
:10A960000890CDE909060B4803900B48079068460C
:10A97000ECF728FE12B0BDE8F08705492846ECF751
:10A9800065FD12B031462846BDE8F047FAF7B3BB83
:10A9900065BA029081B50290437501902DE9F04FA0
:10A9A0004FF4A0260C4689B005463146F8F795FBD2
:10A9B000314607902846F8F7D8FB834631462846AB
:10A9C000F8F72DFC824631462846F8F726FB8146EB
:10A9D00031462846F8F7D7FC314606902846F8F766
:10A9E000F0FC804631462846F8F7BBFC314605901E
:10A9F0002846F8F78DFA074631462846F8F782FAD6
:10AA000006461CE0079BA1B2CDF808B02846CDE968
:10AA10000083CDE903A9DDE90523EBF7A1FAB042F4
:10AA200001DA014600E03146B94201DA384602E077
:10AA3000B04200DB3046E96A21F81400641CE88C5F
:10AA4000A042DFD82846F9F796FD09B02846BDE8B0
:10AA5000F04FF9F7C5B800002DE9F04F464C8DB026
:10AA6000606801680A7CD2077ED0C96849680029FD
:10AA70007FD000F5AC70E0F7E8F8002879D1606885
:10AA80000168CA68936811680C938B4200D15168C1
:10AA90008946EFF791FD20210B9003A8D7F7AFFF70
:10AAA0000025A0463CE0411991F83011B9BB00F5F2
:10AAB000AC70E0F738F80646A0462EE0D8F804005F
:10AAC0003146444600F5AC70E0F73FF883466068D5
:10AAD000314600EBC502303203A8DFF7C7F807465E
:10AAE000401C19D000240DF10C0A09E0E0F75EF8D3
:10AAF0000AEBC401641C64B20A68026049684160E0
:10AB0000BC42D8F80400314600F5AC70EEDBE0F74B
:10AB1000A5F83046F5F706FF5E46002ECED16D1C37
:10AB2000D8F804004446B0F85011A942BBD800F54B
:10AB3000AC702546DFF7F7FF12E00B982346CDF8FF
:10AB40000090CDE901046868DDE90B210068C06B65
:10AB5000866BB0476868214600F5AC70DFF7F5FFFB
:10AB60000400EAD1686800E003E000F5AC70DFF7AC
:10AB7000C4FF0DB0BDE8F08FEC0000242DE9F041DA
:10AB80000746F7F735FB0024054612E0B868006871
:10AB900050F824603046F9F723F8002230462A2185
:10ABA000F2F74CFF3046F9F71BF83046FFF7E6FFA7
:10ABB000641CAC42EAD3BDE8F08100002DE9FE4FF1
:10ABC0000446EAF7BCFF060009D0F4F745FA8046D0
:10ABD000F4F783FA042805D0022803D011E00120FD
:10ABE000BDE8FE8FE18C04282046218509D1F7F7C6
:10ABF000B9FB0546F3F768FB18B100212846F3F7C7
:10AC0000D1FB4046F4F769FA012804D04046F4F736
:10AC100064FA032863D1A06A800331D40025694611
:10AC20004046F4F72FFABDF80200F18A401AADF859
:10AC30000200BDF80000B18A401A6946ADF8000074
:10AC40003046F4F75FFD07463046F4F746FF82468C
:10AC5000DFF89C9000200190804606460DE0D9F870
:10AC6000002001A9504690470A2803D1B84501D0D9
:10AC70006D1C2DB2DDF80480761CBE42EFD327E0B8
:10AC800000212046F8F76AFB002105462046F8F728
:10AC900092FB2989B4F91A200844B4F9161007B2B6
:10ACA000501A00EBD07001EB600005B240460C2159
:10ACB000F4F77EFAF18A084400B2281A90FBF7F004
:10ACC000002800DA0020A18C814200DC481E05B279
:10ACD000002D04DBA9B220460122FAF7E8FDE08C42
:10ACE0001C2102AA02902046F2F7A8FE78E7000095
:10ACF0008802002470B5D1E90245D5B1D4B100EB8A
:10AD0000C216E560AC6006EB8305EE6C8E420FD197
:10AD10008442EC640CD100EB820501216C6901FADC
:10AD200003F39C436C6103D1036991408B4303613E
:10AD300070BDFEE7FEE72DE9F0410C46498C064662
:10AD40000020C1F305110EE026B1E26852F8302070
:10AD5000B24207D14FF470214FF6FF722046F9F747
:10AD600021FC02E0401C8142EED82046F7F740FA71
:10AD70000025074607E0A068006850F82510304617
:10AD8000FFF7D9FF6D1CBD42F5D3BDE8F08100008F
:10AD90002DE9FF5FDDF840B0DDE90E54DDE91196E5
:10ADA000DDE9148AE0F786F900683146876B404692
:10ADB000F5F7DEFE0020034632E000BF0BFB00F19A
:10ADC00009FB00F205EB212104EB222209124FEAD4
:10ADD000222209D4DDF804C0614505DA002A03DB2C
:10ADE000DDF808C0624502DB08F800300BE0DDF852
:10ADF0000CC002FB0C1C0099139A01EB4C0102EBF6
:10AE0000400209881180BAF1060F07D11399BAB22E
:10AE100031F81010914201D108F80030401C00B206
:10AE2000B042CBDBBDE8FF9F2DE9F84F04464068F8
:10AE3000486000270D4680462321204600F0B9FFD8
:10AE40004FF01A0ABB46C0B32046EBF76FFD30BB8C
:10AE5000606881460678D7F71FFB00900068805D28
:10AE600020281CD1302E1AD0303E09F1010060603C
:10AE700012E02046EBF75AFD80B900996068096836
:10AE80000278895C202909D107EB8701401C6060AA
:10AE9000490030395718761E002EEADC76B120467C
:10AEA000EBF744FD48B100BF85F800A0C5F808B035
:10AEB000A16820680844606014E00DE0D4E9001047
:10AEC000A2683844606011448142EDD3C11BC5E9DA
:10AED00001170D20287005E085F800A06968616001
:10AEE000C5F808B0D5E90112A1EB08001044BDE88F
:10AEF000F88F70B5044640680D4648602046EBF771
:10AF000015FDF8B9D7F7C8FA0646606831680278C7
:10AF1000895C11F0980F15D0401C60602046EBF75B
:10AF200005FD10B10EE06068F6E7616830680978E9
:10AF3000405C10F0380FF6D15F212046EBF7EEFCB5
:10AF40000028F0D160686968401AA860002801DD17
:10AF5000092100E01A21297070BD10B50C46416826
:10AF600061602C2100F025FF00284FF0000003D085
:10AF70000121A160207002E0A0601A212170A06868
:10AF800010BD70B5044640680D464860204600F08C
:10AF90005DFF204600F044FF2E210646204600F0CB
:10AFA00008FF18B1204600F03BFF0644DEB166689A
:10AFB000204600F0B5FF2046EBF7B8FC88B9616881
:10AFC0000878652801D045280BD1491C20466160CE
:10AFD00000F0A6FF204600F039FF204600F020FFD9
:10AFE00018B9666001E06868606060686968401A66
:10AFF000A860002801DD0A2100E01A21297070BD37
:10B00000EBF794BC70B50546406848600C460D21CE
:10B01000284600F0CEFE0A21284600F0CAFE6968E4
:10B020006068091AA160002902DD0520207004E093
:10B030001A22227068600021A160084670BD2DE9C7
:10B04000F0410446406848600E462321204600F047
:10B05000B0FE00284FF0000769D02046EBF766FCF1
:10B06000002864D16068017868290AD0482908D08E
:10B0700071291ED051291CD0622939D0422937D0DC
:10B0800055E0401C6060002502E0401C60606D1CC3
:10B090002046EBF74BFC50B9D7F7FEF90146606844
:10B0A00009680278895C81EA81010906EDD40620ED
:10B0B0002CE0401C606000252046EBF737FC88B987
:10B0C0006168087830280FD031280DD032280BD095
:10B0D000332809D0342807D0352805D0362803D0A6
:10B0E000372801D0072011E0491C61606D1CE3E79F
:10B0F000401C606000252046EBF718FC28B9616809
:10B10000087830280FD031280DD00820307075B164
:10B110007068801C70606168081AB06000280BDDE0
:10B12000801CBDE8F081491C61606D1CE3E71A20BA
:10B13000307070686060B7600020F2E770B5054657
:10B1400040680C4648602846EBF7F0FB4FF00006DD
:10B1500070BB28212846EBF7E1FB48B3686811E093
:10B1600068680178A1F120025E2A12D8222910D045
:10B1700023290ED027290CD028290AD0292908D024
:10B180003B2906D0401C68602846EBF7CFFB00281F
:10B19000E6D02846EBF7CAFB80B929212846EBF711
:10B1A000BDFB58B16868401C68606168401AA060C7
:10B1B000A068002803DD1020207005E0A6601A209A
:10B1C000207060686860A660A06870BD2DE9F041DD
:10B1D0000C46416805461A20616020702846EBF74E
:10B1E000A5FB4FF00006E0B92A212846EBF796FBB5
:10B1F000B8B16868401C6860284600F038FE002836
:10B200000AD001DB01280ADB3F21284600F0D1FDEE
:10B21000012810DB16200FE02846EBF787FB1420EF
:10B220000AE0284600F0D7FD0746284600F01FFE3A
:10B23000012809DA0EE01320207013E0284600F000
:10B2400016FE002814DB08D0284600F0C4FD0028B4
:10B25000F4D10DE000280BDB0FB11220ECE72078D1
:10B260001A280FD068686168401AA060BDE8F081B4
:10B270003F21284600F09DFD012801DB1520DBE77A
:10B280001120D9E7A66060686860A068EEE710B595
:10B290000C46416861603B2100F08BFD10B101203C
:10B2A000A06002E00021A1601A202070A06810BDFB
:10B2B00070B5044640680D4648602046EBF736FB03
:10B2C00058BB60680178222902D027290ED027E0D8
:10B2D000401C60600F2120462970222100F0F7FDFC
:10B2E0002046EBF723FBC8B922210CE0401C60602C
:10B2F0000E2120462970272100F0E9FD2046EBF7BA
:10B3000015FB58B927212046EBF708FB30B16068E0
:10B31000401C60606968401AA86001E0686860606D
:10B3200060686968401AA860002804DC1A222A7044
:10B3300061600020A86070BD2DE9F04105464068BD
:10B3400048600C462F21284600F033FD284600F0C7
:10B3500019FD4FF00007E0B12D21284600F029FD2E
:10B36000284600F049FD2846EBF7E0FA88B92F217E
:10B370002846EBF7D3FA2E2106462846EBF7CEFAFD
:10B38000064306D06868401C6860284600F0FAFC56
:10B39000E2E769686068091AA160002902DD0C20F3
:10B3A000207003E01A2121706860A760A068BDE8E2
:10B3B000F08170B5054640680C464860284600F0AC
:10B3C000AFFD68686168401AA060002801DD1721A0
:10B3D00000E01A21217070BD2DE9F04186B00446CD
:10B3E00000260491039169460592866103A8FFF740
:10B3F000E0FF03A82146FFF7E9FE010004F10C0875
:10B4000017D403A86946FFF7D4FF002806DD04F12E
:10B410001802414603A800F03AF803E004994046B8
:10B42000EBF734F903A86946FFF7ECFD050006D0F9
:10B430000AE003992046EBF729F90399EFE703A8FF
:10B440006946FFF724FF054603A8FFF7D9FD4FF033
:10B45000010750B94DB904981921401C0490A76008
:10B46000404621700399EBF711F99DF8000001287F
:10B4700008D0052809D02677DDE9031006B0401A68
:10B48000BDE8F08102202077F6E72777F4E72DE981
:10B49000FE4380460C464FF0FF378F60182008703F
:10B4A000D8F804100025012016466160A168084400
:10B4B0006946A060404600F019F89DF800101A296E
:10B4C0000AD0A1686D1C08446946A0604046FFF799
:10B4D00044FD0028EAD104E01A21217000203D46F5
:10B4E000A06006B13560A068BDE8FE832DE9FE438B
:10B4F0000D4680466946FFF75CFF064629464046F2
:10B50000FFF79DFD04002ED129464046FFF7F1FCD0
:10B51000040028D129464046FFF733FD040011D02E
:10B5200069464046FFF745FF074669464046FFF734
:10B5300003FF002817DDA9683A180B2028708C1823
:10B54000AC6010D129464046FFF7B2FE04000AD194
:10B5500029464046FFF768FC040004D129464046CE
:10B56000FFF7ECFD044669464046FFF722FF3044F2
:10B570002044BDE8FE83002200680A21F2F75EBA8B
:10B5800010B50068F6F734FFBDE81040EAF7B1BF28
:10B590002DE9FF4F85B091460C460846F6F728FF87
:10B5A00010210646F8F757F8002877D03046F6F70E
:10B5B0007DFF002583463046F7F765F81434CDE962
:10B5C000024000B9059C00213046F7F741FC0021FC
:10B5D00000903046F7F7E7FD0146009808440FFA5F
:10B5E00080F830460021F7F7E2FC01460098728BA4
:10B5F0000844F18A00B20190101AE78801EB080CA8
:10B60000B9F802106388C01B081AACEB03020FFAEA
:10B6100080FA3046521A17B2F6F7A9FEA0EB0801DD
:10B620000198002FA1EB000000B204900BDBBAF1EF
:10B63000000F14DA002F06DD3D463046F7F72AF8F2
:10B64000401B0BD40BE0BAF1000F08DDCAF100007B
:10B6500005B23046F6F7D8FEE84200D5002503983B
:10B66000012804D0022809D003280FD117E0F28A5C
:10B67000618802EB08002944401A05E0718B0198AB
:10B68000E288091A50191BE0284405B2304600240C
:10B69000F6F7F2FF0190A8B1029F14E0C4E004980D
:10B6A000F18A00EBD07208EB6200E2880144608806
:10B6B000121A521C12B202EBD27205EB6202104453
:10B6C000081AE1E7059F00213046F7F7D0FC009902
:10B6D00008440FFA80FA30460021F7F710FDB28ACD
:10B6E0000099B6F818C052443B88084401B2009152
:10B6F000B7F80480ACEB0101B9F80000D21AA1EB55
:10B700000801411A121A10B209B200280ADB0029F6
:10B7100012DA002806DD04463046F6F7EFFE001B7D
:10B7200009D409E0002907DD484204B23046F6F7A3
:10B7300045FFE04200D500243046F7F743FFA0EB79
:10B740000A0200980199A2EB000000B2012904D07E
:10B75000022908D003290ED123E0B28A398802EBEE
:10B760000A0021442DE0318B0098BA88091A10197B
:10B77000081A204404B22E493046EBF767FE2D49E3
:10B7800007463046EBF762FE384306D000223046CB
:10B790000A21F2F753F9012846D15FEACB7012D0A3
:10B7A00014E000EBD072B18A0AEB62003A880844D8
:10B7B000B988891A491C09B201EBD17104EB610106
:10B7C0001144401AD5E7002C00DA00245FEA8B70A0
:10B7D00002D4002C00DD00245FEA4B7002D4002D5F
:10B7E00000DA00255FEA0B7002D4002D00DD002591
:10B7F0000898B9F90010002800D02046B9F90220B5
:10B800000844A9F8000002D14FF0000000E02846EB
:10B8100021461044A9F80200089B09B02A46304688
:10B82000BDE8F04FF9F72EB809B0BDE8F08F000081
:10B83000C5B80290ADB802901CB5828E0446C18E88
:10B840006B46E9F7CEFEBDF90000002801DA404260
:10B850000CE02046F7F7B6FEBDF9041088420BDA7B
:10B860002046F7F7AFFEBDF80410401A01B220469B
:10B8700001230022F9F796F8BDF90200002801DA49
:10B8800040420CE02046F6F772FDBDF906108842F2
:10B890000BDA2046F6F76BFDBDF80610401A02B22F
:10B8A000204601230021F9F77DF81CBD034610B5A1
:10B8B000F6F7F7FE084401B21846BDE81040002232
:10B8C000DFF71BBA034610B5F6F7F2FE084402B2E2
:10B8D0001846BDE810400021DFF70FBAF8B505465D
:10B8E0000C460846F0F7BAF94FF480362846314640
:10B8F000F7F794FA0228E07008D92022314628464A
:10B90000F7F799FC0090BDF80000A080312228468E
:10B910003146F7F790FC0027C0B284F822000228D5
:10B9200014D9322228463146F7F785FC00B220842C
:10B93000002809DD302231462846F7F77CFC0090CC
:10B94000BDF80000E08301E084F82270452228461B
:10B950003146F7F770FCC0B284F8360002281AD9D5
:10B96000402228463146F7F766FC00B2E085002801
:10B970000FDD432228463146F7F75DFC442231466D
:10B98000A0862846F7F757FC0090BDF80000A08578
:10B9900001E084F8367031462846F7F7C5FAFD28ED
:10B9A0000AD2E17811FB00F1090AE1704843000A6C
:10B9B00084F8220084F83600E07830B994F8220048
:10B9C00018B994F83600002805D031462846F7F714
:10B9D0007CFC20800120F8BD2DE9FF4100264FF6B8
:10B9E000FF7710251A4801243A46CDE90246CDE9F1
:10B9F00000456946DBF738FC0120D9F783F80220BF
:10BA00003A46CDE9000512486946CDE90246DBF722
:10BA10002BFC08210396032000900D483A46CDE9FF
:10BA200001516946DBF720FC4FF408713A460420C7
:10BA3000CDE90005CDE9024105486946DBF714FC74
:10BA4000034840F29631DBF7F7FBBDE8FF810000C9
:10BA5000C8030024A0F84410F8F7C2B8A0F84610B4
:10BA6000F8F7BEB809B2F9F746BB00002DE9F84F68
:10BA70004FEA610791464FEA610A0D460446C8073E
:10BA800000D17F1E60008346F4F7EEFE06464B466B
:10BA9000002029E003EB44010091601E31F8021CF4
:10BAA00001FB05F118D400BF00EB0A024FF0000CB7
:10BAB000A24226F8101001DA33F812C0C21B012A84
:10BAC000A1EB0C0101D51A8803E003EB420232F826
:10BAD000022C401E1144E7D55A4631461846F4F769
:10BAE0005DFF009B08F10100A0428046D2DB4FF4CD
:10BAF0007F51B1FBF5F2002014FB04F31FFA82FC26
:10BB00000DE000BF39F8102042B18A4202D129F875
:10BB100010C003E092FBF5F229F81020401C83428C
:10BB2000F0D800203FE000BF09EB400300219B4616
:10BB30001A886A4329E0002A02DA4FF0000C01E07B
:10BB40004FEAA21CA1EB0A08B8F1000F26F811C0B9
:10BB500002DCB3F800C003E008FB040839F818C0A1
:10BB600001EB070808F10108A045A2EB0C0202DA7C
:10BB700008FB040803E0A4F1010C0CFB0408491CB9
:10BB800003EB440339F818C06244A142D3DB00211F
:10BB90005A4605E036F81130491C138002EB440286
:10BBA000A142F7DB401CA042BEDB3046BDE8F84FA7
:10BBB000F4F7A6BE2DE9F0478AB01F460E4615469B
:10BBC000D41980469146014607A8ECF73EFA05EBEA
:10BBD000D57045F3000107EB6002511A891EADF8DC
:10BBE0002010012101EB6000ADF81E004046ECF78B
:10BBF0009BFABDF82010081AADF81C004046ECF77F
:10BC00005AFABDF81E1000233A460844ADF8220047
:10BC100007A901A8EFF74EFFB9F1010F4D4601D07A
:10BC20004FEA69052046F4F71FFE00278246B0461A
:10BC300036E021465046F4F79BFFDDF804C023B2FE
:10BC40003AB2002101A800905046E04740B19AF86E
:10BC50000000810191FBF5F10120A8F800101AE025
:10BC600061004046F4F75CFF17E000BF0AEB0002FA
:10BC70001AF8001012F8012C914206D108EB40018D
:10BC800031F8022C28F8102004E0890191FBF5F12D
:10BC900028F81010401CA042E8DB7F1C08EB440889
:10BCA000A742C6DB5046F4F72BFE01A8EFF77AFC5B
:10BCB000012D14D020B2324629460746FFF7D6FEA2
:10BCC00009F00100284401B2012926DD4FF47F501C
:10BCD00090FBF1F304FB04F200209DB217E06443F3
:10BCE000002004E036F810108A093254401C8442C7
:10BCF000F8DC0AB0BDE8F08736F8103033B1FF2B1E
:10BD00000ED09B0193FBF1F326F81030401C8242C9
:10BD1000F2D832463846FFF7A9FE6443002007E018
:10BD200026F81050F2E700BF16F810103154401CEE
:10BD30008442F9DCDDE7F0B597B014460D460746BE
:10BD400001A8EFF78BFFFF2211461046EDF71BFF0E
:10BD500000900026BDF8000001A900902A46BDF819
:10BD60000000ADF808003846EFF764FF0FA8EFF7C2
:10BD70009DF90FA923462A4638460096EEF7F2FEB3
:10BD800017B0F0BD70B50024054602E0401C6860A5
:10BD9000641C2846EAF7CAFD48B9D6F77DFB014680
:10BDA000686809680278895C11F0980FEED1204626
:10BDB00070BD70B50D460446EAF7B8FD48B929468E
:10BDC0002046EAF7ABFD20B16068401C60600120AE
:10BDD00070BD002070BD10B50446EAF7A7FD48B954
:10BDE0003A212046EAF79AFD20B16068401C606065
:10BDF000012010BD002010BD10B50446EAF796FDE5
:10BE000040B9D6F749FB0146606809680278895C49
:10BE1000202901D0002010BD401C6060012010BD11
:10BE200070B50024054602E0401C6860641C28468A
:10BE3000EAF77CFD40B9D6F72FFB01466868096830
:10BE40000278895C2029EFD0204670BD10B50446E9
:10BE5000EAF76CFD28B9606801782B2903D02D29F9
:10BE600001D0002010BD401C6060012010BD70B5E5
:10BE700045680446EAF75AFDF8B9D6F70DFB0646C1
:10BE8000606831680278895C11F0980F15D0401C09
:10BE900060602046EAF74AFD10B10EE06068F6E700
:10BEA000616830680978405C10F0380FF6D15F2186
:10BEB0002046EAF733FD0028F0D12046EAF736FDA8
:10BEC0000028606801D0281A70BD401B70BD70B595
:10BED0000D4604461AE0606800787F2804D8294699
:10BEE0002046EAF71BFD70B160680178A94212D1C3
:10BEF000401C60602046EAF719FD68B929462046D3
:10BF0000EAF70CFD40B16068401C60602046EAF72B
:10BF10000DFD0028DFD070BD6068401E606070BD00
:10BF200070B5002405462846EAF700FD28B9686880
:10BF30000178202903D0092901D0204670BD401C7A
:10BF40006860641CEFE7000030B56522054691B0DB
:10BF50004FF4E021F7F76FF9040017D06846EBF7CC
:10BF6000BDFA104800210B940E94CDE90050012039
:10BF70000890CDE909010C4807904FF6FF70ADF825
:10BF800040006846EBF71EFB11B030BD054928465E
:10BF9000EBF75CFA95F8540040F0010085F8540086
:10BFA000F2E700009FD700909B75019038B50C46D2
:10BFB00005466946D6F7ACFB20600098401B38BDAB
:10BFC00030B5451809E0114603E0A34201D1401EF7
:10BFD00030BD11F8013B002BF7D1854203D010F89A
:10BFE000014B002CEFD1002030BD00002DE9FC47B3
:10BFF000FD4DFE4C95F82000C00703D0FC48EDF73E
:10C0000046FD03E004211220F9F7F2F80090BDF894
:10C010000000608095F82000C00704D005211220A0
:10C02000F9F7E6F803E004211220F9F7C9F80090C7
:10C03000BDF80000A08095F82000C00703D0ED48AF
:10C04000EDF725FD01E0EDF7DFFE0090BDF8000003
:10C05000E08095F82000C00703D0E748EDF717FD12
:10C0600003E002211220F9F7C3F80090BDF80000A8
:10C070002081E068D03001F07DFAE068D83001F02E
:10C0800079FA0026DD4A4620DD495023CDE9000635
:10C09000D5482838FAF76CFCD3485023D74AD849FA
:10C0A000143800960196FAF763FCCF49E068283906
:10C0B000D030FAF754FCCC49E0681439D830FAF79C
:10C0C0004EFCE068083001F055FA95F82000C007F2
:10C0D00004D002211220F9F773F802E01220F9F7D8
:10C0E000A1F80146E0680830FAF7A8FAE06847F6D8
:10C0F000FF7A51460830FAF7E9FBE8680721EEF7C6
:10C100003DF90146E0680830FAF70FFBE8680521C1
:10C11000EEF734F90146E0680830FAF724FCE068ED
:10C1200066210830FAF7A4FAAF49E06814390830FC
:10C13000FAF715FCE068103001F01CFAE068FF2106
:10C140001030FAF795FAE06801F014FAE068FF2180
:10C15000FAF78EFA6088ADF800000099E068FAF707
:10C160006DFAA088ADF800000099E068FAF7DCFBF2
:10C17000607801287ED00228E8687CD05FF00A0150
:10C18000EEF7FCF80146E068FAF708FB6078012852
:10C1900072D00228E86870D05FF00A01EEF7EEF87E
:10C1A0000146E068FAF7D8FAE068183001F0E2F9E1
:10C1B00060780128E8687DD05FF00801EEF7DEF8CE
:10C1C0000146E0681830FAF781FBE068FF2118307B
:10C1D000FAF74EFAE088ADF80000E06800991830F0
:10C1E000FAF72CFA2089ADF80000E06800991830C1
:10C1F000FAF742FAE8680221EEF7C0F80146E06873
:10C200001830FAF750FAE06801211830FAF743FACB
:10C21000A088ADF80000E06800991830FAF784FBB8
:10C22000607801287ED00228E8687CD05FF0100199
:10C23000EEF7A4F80146E0681830FAF776FA60786D
:10C24000012871D00228E8686FD00A21EEF796F82D
:10C250000146E0681830FAF7A1FA6078012865D045
:10C260000228E8687ED00A21EEF788F80146E068E7
:10C27000183003E083E085E086E088E0FAF76CFAA6
:10C280001220F8F7CFFF0146E0681830FAF71FFADE
:10C29000E8680121EEF772F80146E0681830FAF715
:10C2A00021FAE068A03001F065F9DFF83C81A8F1DF
:10C2B000280800E06DE0E0684646D8F83810A03065
:10C2C000FAF71CFAE8680321EEF758F80146E0682F
:10C2D000A030FAF726FAE8680321EEF74FF8014696
:10C2E000E068A030FAF719FAE0687F21A030FAF789
:10C2F00010FAE068A83001F03DF9708FADF8000049
:10C30000E0680099A830FAF7F9F9E8680321EEF738
:10C3100035F80146E068A830FAF703FAE0687F21B3
:10C32000A83004E037E039E03AE03CE03DE0FAF7DD
:10C33000F0F9E068203001F01DF96078012839D06B
:10C340000228E86839D00821EEF718F80146E068BD
:10C350002030FAF7BBFAE068FF212030FAF788F9BD
:10C36000208900E024E0ADF80000E068009920306A
:10C37000FAF764F995F82000C00720D06FE0E8686C
:10C380000E21FDE60C21FBE6E8680E2106E70C21F4
:10C3900004E70C2112E7E868182149E7142147E770
:10C3A000E8680E2152E70C2150E7E8680E215BE7B0
:10C3B0000C2159E7E8681021C6E70C21C4E71220D8
:10C3C000F8F730FF0146E0682030FAF783FA0020E2
:10C3D000EEF7E0F800EB4000A02650304FF4A079D3
:10C3E000484517DB00200DE0D81B02243001002453
:10C3F0001A171500302B280037322F00777501905F
:10C40000BCFF0290EEF7C6F800EB4000503090FB06
:10C41000F6F000E0012001B2E0682030FAF771FA8E
:10C42000E0687F212030FAF764FA0020EEF7B2F8D6
:10C43000502707EB8000484507DB0020EEF7AAF8FD
:10C4400007EB800090FBF6F000E0012001B2E86805
:10C45000EDF794FF0146E0682030FAF746FAA0882D
:10C46000ADF80000E06800992030FAF75DFA6078D6
:10C4700001287DD00228E8687BD01021EDF77EFFEF
:10C480000146E0682030FAF776F96078012871D02B
:10C490000228E8686FD00A21EDF770FF0146E068D6
:10C4A0002030FAF783F9E8680521EDF767FF0146C8
:10C4B000E0682030FAF750F9E8680521EDF75EFFF3
:10C4C0000146E0682030FAF769F9FF49FD48086045
:10C4D0000831FE480860E068583001F04BF8E06829
:10C4E000F9495830FAF7E7F8E06823215830FAF7AD
:10C4F000E6F8E068603001F03DF8F349E0680831A3
:10C500006030FAF7D8F8E0687F216030FAF7D7F8A2
:10C51000E068C03001F02EF8E0680121C030FAF781
:10C52000C6F8E0680121C030FAF7B5F8E06880305D
:10C5300001F020F8607801287ED00228E8687CD0DD
:10C540005FF01001EDF71AFF0146E0688030FAF75E
:10C55000ECF86078012871D00228E8686FD01021CB
:10C56000EDF70CFF0146E0688030FAF717F903E0B9
:10C57000ECE3ECE3ECE3ECE3607801287ED0022806
:10C58000E8687CD05FF01001EDF7F8FE0146E06846
:10C590008030FAF7E1F8E068783000F0EBFF60787F
:10C5A00001286DD00228E8686BD00A21EDF7E6FE7D
:10C5B0000146E0687830FAF7B8F8607801287CD056
:10C5C0000228E8687AD00A21EDF7D8FE0146E06833
:10C5D0007830FAF7C5F8E068883000F0CBFFE868FB
:10C5E0000A21EDF7CBFE0146E0688830FAF7D6F86D
:10C5F000E8680A21EDF7C2FE0146E0688830FAF7E4
:10C60000ABF8E068903000F0B5FFE8681421EDF772
:10C61000B5FE0146E0689030FAF795F9E068983089
:10C6200000F0A8FFE06802219830FAF779F9E06895
:10C63000683000F09FFF03E0FEE3FEE3FEE3FEE36D
:10C64000E06800216830FAF770F8E068002168308F
:10C65000FAF7A4F8E06800216830FAF77DF8E0689E
:10C66000703000F087FF607801287CD00228E868ED
:10C670007AD00221EDF782FE014603E0FEE3FEE3FD
:10C68000FEE3FEE3E0687030FAF74FF860780128C7
:10C690006BD00228E86869D05FF00201EDF76EFE0A
:10C6A0000146E0687030FAF779F8607801287DD0AB
:10C6B0000228E8687BD0022101E0E6E3E6E3EDF73B
:10C6C0005DFE0146E0687030FAF746F8E068283011
:10C6D00000F050FFE0684646D8F838102830F9F7E7
:10C6E000ADFFEDF791FB0146E0682830FAF71CF941
:10C6F000E068FF212830F9F7BBFFE068303000F038
:10C7000039FFE068B16B3030F9F798FFE068B16B42
:10C710003030FAF709F9E06833213030F9F7A8FF33
:10C72000E068383000F026FF708FADF80000E06858
:10C7300000993830F9F782FFEDF766FB0146E068B3
:10C740003830FAF7F1F8E068FF213830F9F790FF58
:10C75000E068403000F00EFF708FADF80000E06838
:10C760000099403003E0FDE3FDE3FDE3FDE3F9F76D
:10C7700065FF708FADF80000E06800994030FAF76F
:10C78000D3F8E06833214030F9F772FFE0684830B1
:10C7900000F0F0FE2089ADF80000E0680099483014
:10C7A000F9F74CFFE068FF21483001E0FDE3FEE3CC
:10C7B000F9F75EFFA088ADF80000E0680099483006
:10C7C000FAF7B2F8E068503000F0D4FEE088ADF837
:10C7D0000000E06800995030F9F730FFE068FF2171
:10C7E0005030F9F745FFA088ADF80000E0680099E7
:10C7F0005030FAF799F8E068B03000F0BBFEE0681E
:10C8000057465146B030FAF761F8E068B83000F0AA
:10C81000B1FEE0680021B830FAF758F8E068C83097
:10C8200000F0A8FEE8680321EDF7A8FD0146E068E6
:10C83000C830FAF790F8E8680321EDF79FFD01464C
:10C84000E068C830FAF783F8E068F03000F092FE54
:10C85000E068B16BF030F9F7F1FEE068FF21F030ED
:10C86000F9F706FFE8680621EDF788FD0146E06864
:10C87000F030F9F75AFFE0683946F030FAF726F859
:10C88000E068E03000F076FEE068C821E030F9F7BB
:10C89000BEFEE068E83000F06DFEE0687821E83028
:10C8A000F9F7B5FEE06800F5807000F063FE2089BE
:10C8B000ADF80000E068009900F58070F9F7ABFE74
:10C8C0000F2105E00DD80090400100240162019085
:10C8D000E868EDF753FD0146E06800F58070F9F770
:10C8E000A9FEE068012100F58070F9F79FFEE0687D
:10C8F00000F5847000F03EFEE068B16B00F58470D6
:10C90000F9F789FEE06800F5987000F033FEE06802
:10C910004FF4827100F59870F9F7E8FEE06800F5D1
:10C920009C7000F027FEE8680321EDF727FD014623
:10C93000E06800F59C70F9F7F8FEE8680221EDF771
:10C940001DFD0146E06800F59C70F9F7ACFEE0685B
:10C95000B16B00F59C70F9F78FFEE088ADF8000030
:10C96000E068009900F59C70F9F768FEE068FF2127
:10C9700000F59C70F9F77CFE60780128E8687CD0AF
:10C980005FF00801EDF7FAFC00EBD0704110E068B1
:10C9900000F59C70F9F79AFFE06800F5A07000F0D0
:10C9A000E9FDE068FCA100F5A070F9F75DFEEDF788
:10C9B0002BFA0146E06800F5A070F9F7B5FFE068D2
:10C9C000696900F5A070F9F7BAFFE06800F5A47096
:10C9D00000F0D0FDE8680421EDF7D0FC404201B240
:10C9E000E06800F5A470F9F7A0FEEDF70DFA014636
:10C9F000E06800F5A470F9F721FEE06800F5A87082
:10CA000000F0B8FDE068012100F5A870F9F76AFEB2
:10CA1000A088ADF80000E068009900F5A870F9F76B
:10CA200056FEE06800F5947000F0A4FDE068002177
:10CA300000F59470F9F72FFEE8680A21EDF79EFCE7
:10CA40000146E06800F59470F9F786FE2089ADF89C
:10CA50000000E068009900F59470F9F738FEE0688E
:10CA600000F5887000F086FDE8680321EDF786FC8C
:10CA70000146E06800F5887000E019E3F9F732FE3E
:10CA8000E8680321EDF77AFC0146E06800F588705C
:10CA9000F9F71CFFE8680821EDF770FC0146E06833
:10CAA00000F58870F9F731FFE8680221EDF766FCC0
:10CAB0000146E06800F58870F9F74EFEE06800F581
:10CAC0008C7000F057FDE068394600F58C70F9F77E
:10CAD000FDFEE8680821EDF751FC0146E06800F52D
:10CAE0008C70F9F712FFE068B16B00F58C70F9F704
:10CAF000A5FDE068FF2100F58C70F9F7B9FDE0684D
:10CB000000F5907000F036FDE8680121EDF736FC85
:10CB10000146E06800F59070F9F7E4FDA088ADF8F3
:10CB20000000E068009900F59070F9F7D0FDE86822
:10CB30000221EDF723FC0146E06800F59070F9F75B
:10CB4000F4FD1220F8F76EFB0146E06800F59070E6
:10CB5000F9F7EAFEE06800F5D07000F00BFDE06840
:10CB6000002100F5D070F9F7E0FDE068002100F544
:10CB7000D070F9F7F5FDE068002100F5D070F9F705
:10CB8000A5FEE068012100F5D070F9F790FDE0689E
:10CB9000002100F5D070F9F782FDE06800F5EC7037
:10CBA00000F0E8FC60780128E8687CD05FF00801BC
:10CBB000EDF7E4FB0146E06800F5EC70F9F786FE5E
:10CBC000E068012100F5EC70F9F771FDE068FF21E4
:10CBD00000F5EC70F9F74CFDE088ADF80000E06876
:10CBE000009900F5EC70F9F729FDA088ADF8000078
:10CBF000E068009900F5EC70F9F796FEE06800F542
:10CC0000D47000F0B7FC607801287DD00228E86875
:10CC10007BD00A21EDF7B2FB0146E06800F5D47045
:10CC2000F9F7A9FD6078012870D00228E8686ED075
:10CC30005FF00A01EDF7A2FB0146E06800F5D47051
:10CC4000F9F7B4FD607801287ED00228E8687CD02E
:10CC50005FF00A01EDF792FB0146E06800F5D47041
:10CC6000F9F77EFDE8680121EDF788FB0146E068F1
:10CC700000F5D470F9F717FDE068192100F5D470BC
:10CC8000F9F705FDA088ADF80000E068009900F50F
:10CC9000D470F9F7F1FCE068002100F5D470F9F7E1
:10CCA000FEFCE06800E005E200F5D87000F062FCF0
:10CCB000E068002100F5D870F9F737FDE068002141
:10CCC00000F5D870F9F74CFDE8680121EDF756FB47
:10CCD0000146E06800F5D870F9F7E5FCE068192135
:10CCE00000F5D870F9F7D3FCA088ADF80000E06833
:10CCF000009900F5D870F9F7BFFCE068082100F54D
:10CD0000D870F9F7CCFC03E0D6E1D8E1D9E1DBE15A
:10CD1000E06800F5DC7000F02DFCE068002100F513
:10CD2000DC70F9F702FDE068002100F5DC70F9F72E
:10CD300017FDE06800F5E47000F01CFC6078012845
:10CD40007ED00228E86805E0C0E1C2E174E177E145
:10CD500078E17BE175D00A21EDF710FB0146E06830
:10CD600000F5E470F9F707FD607801286AD0022821
:10CD7000E86868D05FF00201EDF700FB0146E0686B
:10CD800000F5E470F9F712FD607801287AD00228E6
:10CD9000E86878D00A2101E0EF808C00EDF7EEFA28
:10CDA0000146E06800F5E470F9F7DAFCE06800F5A8
:10CDB000E87000F0DFFB6078012865D00228E868A1
:10CDC0007DD00221EDF7DAFA0146E06800F5E8705F
:10CDD000F9F7D1FC6078012872D00228E86870D099
:10CDE0005FF00201EDF7CAFA0146E06800F5E8706D
:10CDF000F9F7DCFCE068002100F5E870F9F779FD4F
:10CE0000E068002100F5E870F9F732FCA088ADF881
:10CE10000000E068009900F5E870F9F785FDE0682A
:10CE200000F5E07000F0A6FBE068002100F5E0707E
:10CE3000F9F7A1FC002107E00AE10DE10EE111E1A3
:10CE400049E14BE14CE14EE1E06800F5E070F9F7B3
:10CE500087FCE06800F5F07000F08CFBE06833219F
:10CE600000F5F070F9F704FC1220F8F7DBF9014641
:10CE7000E06800F5F070F9F7E1FB08E0F4E0F7E0B6
:10CE8000F8E0FBE031E133E134E1F9E0FCE0E068B7
:10CE900000F5F47000F06EFBE068002100F5F4701E
:10CEA000F9F7E6FB607801287ED00228E8687DD09B
:10CEB0005FF00201EDF762FA0146E06802E01CE172
:10CEC0001DE11FE100F5F470F9F770FCE06800F572
:10CED000B07000F04FFBE8680521EDF74FFA01460E
:10CEE000E06800F5B070F9F7FDFBA088ADF8000030
:10CEF000E068009900F5B070F9F7E9FBE8681421E3
:10CF0000EDF73CFA0146E06800F5B070F9F7FDFC7A
:10CF1000E8680F21EDF732FA0146E06800F5B070DD
:10CF2000F9F734FCE06800F5B47000F023FBE0682A
:10CF3000394600F5B470F9F7C9FCA088ADF80000D7
:10CF4000E068009900F5B470F9F778FBE068FF211C
:10CF500000F5B470F9F78CFBE8680F21EDF70EFAD5
:10CF6000014603E092E095E096E099E0E06800F584
:10CF7000B470F9F7CAFCE06800F5AC7000F0FAFA9A
:10CF8000E8680121EDF7FAF90146E06800F5AC70B8
:10CF9000F9F789FB2089ADF80000E068009900F5F9
:10CFA000AC70F9F769FB03E0AEE07BE0B0E07DE058
:10CFB000E068032100F5AC70F9F771FBE06800F55B
:10CFC000B87000F0D7FAA088ADF80000E0680099CA
:10CFD00000F5B870F9F750FBE8680221EDF7CEF9DB
:10CFE0000146E06800F5B870F9F75DFBE8680121DB
:10CFF000EDF7C4F9404201B2E06800F5B870F9F706
:10D00000C5FBE068042100F5B870F9F748FBE0685B
:10D010004FF4C87100F5B870F9F7F9FAE06800F557
:10D02000BC7000F0A7FA95F82000C00772D002216A
:10D030001220F8F7C5F871E0E8681821FFF71EBA6A
:10D040001421FBE7E8680E21FFF726BA0C21FBE765
:10D05000E8681821FFF776BA1421FBE7E868182181
:10D06000FFF77EBA1421FBE7E8681821FFF78CBAB6
:10D070001421FBE7E8680E21FFF798BA0C21FBE7C3
:10D08000E8680E21FFF7A0BA0C21FBE7E868082149
:10D09000FFF7F0BA0621FBE7E8680821FFF7FEBAC0
:10D0A0000621FBE7E8680821FFF706BB0621FBE73E
:10D0B0000C2167E40C217BE5E8680E21AAE50C2130
:10D0C000A8E5E8680E21B5E50C21B3E5E8680E2176
:10D0D000C0E50C21BEE5E8680E213DE60C213BE6EB
:10D0E000E868082148E6062146E6E8680E2152E68F
:10D0F0000C2150E6E868082164E6062162E6E8684B
:10D1000008216FE606216DE6E8680821D2E601E015
:10D110000621CFE601211220F8F76AF80146E068FF
:10D1200000F5BC70F9F700FCE06800F5C07000F095
:10D1300021FA607801287DD00228E8687BD00A2196
:10D14000EDF71CF90146E06800F5C070F9F7EDFA5B
:10D150006078012870D00228E8686ED05FF00A017C
:10D16000EDF70CF900EBD0704110E06800F5C070ED
:10D17000F9F7F6FAE06800F5C47000F0FBF9E8682A
:10D180000121EDF7FBF80146E06800F5C470F9F7FE
:10D190008AFA2089ADF80000E068009900F5C470B3
:10D1A000F9F76AFAE088ADF80000E068009900F548
:10D1B000C470F9F743FAE068332100F5C470F9F759
:10D1C00057FAE06800F5C87000F0D4F960780128DB
:10D1D0007DD00228E8687BD05FF00A01EDF7CEF839
:10D1E0000146E06800F5C870F9F7C5FA60780128D3
:10D1F0006FD00228E8686DD05FF00A01EDF7BEF845
:10D200000146E06800F5C870F9F7CCFA60780128AB
:10D210007DD00228E8687BD05FF00201EDF7AEF820
:10D220000146E06800F5C870F9F792FA60780128C5
:10D230006FD003E05BE160E161E163E10228E8684F
:10D2400068D00A21EDF79AF80146E06800F5C87049
:10D25000F9F786FAE06800F5CC7000F08BF9E86821
:10D260000A21EDF78BF80146E06800F5CC70F9F77C
:10D27000E1F9E06800F5FC7000F07CF9E868042151
:10D28000EDF77CF80146E06800F5FC70F9F74DFA1F
:10D29000E06800F5F87000F06DF9E06842F26401B2
:10D2A00000F5F870F9F726FAE06800F5007000F074
:10D2B00061F91220F7F7B6FF0146E06800F500704B
:10D2C000F9F7BCF9E0687F2100F5007003E01BE18D
:10D2D0001EE11FE121E1F9F7CBF9E06800F50270EA
:10D2E00000F048F9E068002100F50270F9F709FB49
:10D2F000607803287ED00128E8687CD05FF00801C0
:10D30000EDF73CF80146E06800F5027003E006E145
:10D3100008E109E10DE1F9F7D9FAE06800F50E70CE
:10D3200000F028F9E068B16B00F50E70F9F7A4F988
:10D33000E8680221EDF722F8400001B2E06800F54C
:10D340000E70F9F7B0F9E068012100F50E70F9F7F9
:10D35000A6F9E06800F50C7000F00CF9E86802210D
:10D36000EDF70CF8404201B2E06800F50C70F9F7F7
:10D37000D4F9E06800F5047000F0FCF8607801284A
:10D380007ED00228E8687CD05FF01001ECF7F6FF51
:10D390000146E06800F50470F9F7EDF9E068002156
:10D3A00000F50470F9F702FAE068002100F5047056
:10D3B000F9F7D6F9E068012100F50470F9F777F97B
:10D3C000E06800F5067000F0D5F8E8680121ECF798
:10D3D000D5FF0146E06800F50670F9F764F9208989
:10D3E000ADF80000E068009900F50670F9F744F91F
:10D3F000012101E09FE0A6E0E06800F50670F9F782
:10D400004EF96078012875D00228E86873D00A21A7
:10D41000ECF7B4FF0146E06800F50670F9F785F90E
:10D420006078012868D00228E86870D05FF00A01AF
:10D43000ECF7A4FF0146E06800F50670F9F78CF9F7
:10D44000E06800F5087000F095F8607801286ED06B
:10D450000228E8686CD01021ECF790FF0146E068E4
:10D4600000F50870F9F777FAE06800F5107000F041
:10D4700081F8E068FF2100F51070F9F7F9F801E094
:10D4800063E065E0ECF7C0FC0146E06800F5107071
:10D49000F9F7D4F81220F7F7C5FE0146E06800F569
:10D4A0001070F9F7D6F8E068394600F51070F9F712
:10D4B0000DFAE8680F21ECF761FF0146E06800F51E
:10D4C0001070F9F71EFAECF79FFC0146E06800F5D2
:10D4D0001070F9F7FFF9E8680521ECF74FFF0146F6
:10D4E000E068BDE8FC4700F51070F9F706BAE86897
:10D4F0000E2125E62EE030E031E00C2120E6E86840
:10D500000E212DE60C212BE6E8680E2166E629E0C7
:10D510000C2163E6E8680E2170E60C216EE6E868EF
:10D5200008217BE6062179E6E8680E218AE61BE001
:10D530001DE00C2186E6E8680821ECF71FFF00EBF0
:10D54000D0704010DEE60C21DAE6E86818211DE70D
:10D5500014211BE7E8680E215AE70C2158E7E86818
:10D560000E2165E70C2163E7E868182174E71421B0
:10D5700072E700000349097809B1F9F734B8F8F700
:10D5800024BF0000300100242DE9F35F0198F4F777
:10D590002FFFFF4C00287DD0FE490198F4F740F999
:10D5A00000284BD00198F4F723FFFB490546F4F718
:10D5B00037F900286FD12846F4F71AFFF649F4F737
:10D5C0002FF930B1E168002201988031F3F73AFE7B
:10D5D000F7E30198F4F7D1FE88B90198F4F708FF52
:10D5E000EE49F4F71DF950B1E16800220198483185
:10D5F000F3F728FEE16800220198703144E20198B7
:10D60000F4F7BBFE01280CD10198F4F7F1FEE349D1
:10D61000F4F706F928B1E16800220198F3F712FE49
:10D62000D0E70198F4F7E4FEDD49F4F7F9F80028B3
:10D63000C0D1E168002201981831C7E7D9490198A3
:10D64000F4F7EEF8002854D0E16800220198203168
:10D65000F3F7F8FDE168002201982831F3F7F2FDB5
:10D66000E16800220198D031F3F7ECFDE168202257
:10D6700001985831F3F7E6FDE16820220198D8318E
:10D68000F3F7E0FDE16804220198A031F3F7DAFD39
:10D69000202201E0FEE39CE0E1680198C831F3F745
:10D6A000D1FDE168012201983831F3F7CBFDE16843
:10D6B000802201986031F3F7C5FD0198F4F798FED8
:10D6C000B949F4F7ADF838B90198F4F791FEB749C4
:10D6D000F4F7A6F800287CD0E1680022019801F553
:10D6E000E871F3F7AFFDE1682022019801F5F071D0
:10D6F00084E7AF490198F4F793F828B1E168002274
:10D70000019801F5A87179E7AA490198F4F788F81A
:10D710004FF4A028002808F1010908F1040A70D08C
:10D720000198F4F765FEA449F4F77AF820B3E168AC
:10D730000022019801F5FC71F3F784FDE1680022F5
:10D7400001988831F3F77EFDE16842460198203167
:10D75000F3F778FDE168994A01985831F3F772FDC3
:10D76000964AE168019860326031F3F76BFDE16839
:10D770004A4601982831FDE30198F4F739FE8649BD
:10D78000F4F74EF830B3E168002201985031F3F716
:10D7900059FDE16804220198A031F3F753FDE168D7
:10D7A0000422019801F50C71F3F74CFDE168834AFE
:10D7B00001985831F3F746FDE1684D4601984A4615
:10D7C0003031F3F73FFDE1682A46019801F50E710B
:10D7D00001E0F5E316E0F3F735FDE1685546019801
:10D7E0005246A031F3F72EFD744AE1680198183AC9
:10D7F000A831F3F727FDE1682A46019801F50C717D
:10D80000FCE662E00198F4F7F3FD6549F4F708F8E7
:10D81000E168002801984FF0000222D001F5C071A4
:10D82000F3F710FDE16804220198A031F3F70AFD37
:10D83000E16808220198A831F3F704FDE168424647
:10D84000019801F5C471F3F7FDFCE1685B4A0198AA
:10D850005831F3F7F7FC594AE168603201986031BA
:10D8600025E01831F3F7EEFCE16804220198A031BD
:10D87000F3F7E8FCE16808220198A831F3F7E2FC2D
:10D88000E168424601982031F3F7DCFC4B4AE1683D
:10D89000019860326031F3F7D5FCE168474A01989E
:10D8A0005831F3F7CFFCE1684A4601982831F3F785
:10D8B000C9FCE16852460198A031F3F7C3FC3F4A26
:10D8C000E168183A0198A83198E63D490198F3F7C4
:10D8D000A7FF4FF4003510B3E16800220198303102
:10D8E000F3F7B0FCE16800220198B031F3F7AAFC2D
:10D8F000E16804220198A031F3F7A4FCE168082252
:10D900000198A831F3F79EFCE1682A460198283176
:10D91000F3F798FCE1682A460198B031B4E0294950
:10D920000198F3F77DFF4FF4403678B3E1680022A9
:10D9300001983031F3F786FCE16800220198B0319C
:10D94000F3F780FCE16804220198A031F3F77AFC38
:10D95000E16808220198A831F3F774FCE1682A46CF
:10D9600001982831F3F76EFCE1682A460198B0313E
:10D97000F3F768FCE16832460198F031F3F762FC96
:10D98000114DE16801982A46C8311FE025E00000EA
:10D990003001002458FE0290080603905C060390B4
:10D9A000D4FF0290A03E0390440503902805039005
:10D9B000643F0390BC3E03907C050390200005006B
:10D9C000843E0390B83F039020000300F3F73AFC35
:10D9D000E16832460198D031F3E0FA490198F3F753
:10D9E0001FFFE8B3E168002201981831F3F72AFC21
:10D9F000E168002201986831F3F724FCE168002215
:10DA00000198B831F3F71EFCE16804220198A031B7
:10DA1000F3F718FCE16808220198A831F3F712FC2B
:10DA2000E1684FF4803201980831F3F70BFCE168AC
:10DA3000E54A01981031F3F705FCE1684546019885
:10DA400042465031F3F7FEFBE1682A46019801F5A2
:10DA5000AC71F3F7F7FBE1682A460198803100E0EA
:10DA600013E0F3F7EFFBE168D84A01985831F3F778
:10DA7000E9FBE168524601982831F3F7E3FBD34A0A
:10DA8000E168183A0198383128E2D1490198F3F752
:10DA9000C7FEDFF840B3D04FF0B3E1680022019831
:10DAA0008831F3F7CFFBE16804220198A031F3F746
:10DAB000C9FBE1685A4601986031F3F7C3FBE1689E
:10DAC0002A46019801F59C71F3F7BCFBE1683A46E0
:10DAD00001982831F3F7B6FBE1683A46019801F561
:10DAE000A071F3F7AFFBBC4EE1681F3601985831C7
:10DAF0003246F3F7A7FBE16832460198C831F3F7E5
:10DB0000A1FBE16832460198D831F3F79BFBE1684D
:10DB10002A460198D031EBE3FFE7B0490198F3F7CB
:10DB20007FFEE8B3E168002201984831F3F78AFBF1
:10DB3000E16800220198B031F3F784FBE16800222C
:10DB40000198E831F3F77EFBE168802201986031AB
:10DB5000F3F778FBE16804220198A031F3F772FB38
:10DB6000E1683A4601982831F3F76CFBE1682A46F0
:10DB70000198B031F3F766FBE1685A4601986031CD
:10DB8000F3F760FBE16832460198F031F3F75AFB96
:10DB9000E168324601985031F3F754FB324600E019
:10DBA00016E0E168019801F5A471F3F74BFBE16819
:10DBB0008B4A01986031F3F745FBE1683A460198DA
:10DBC000D831F3F73FFBE1682A460198D8318FE35B
:10DBD00084490198F3F724FE4FF4E02BD8B3E168B1
:10DBE000002201981831F3F72DFBE168002201981B
:10DBF0007831F3F727FBE1680022019801F5947171
:10DC0000F3F720FBE1684FF4803201980831F3F715
:10DC100019FBE1686C4A01981031F3F713FBE168D6
:10DC20004246019801F58871F3F70CFBE1682A463A
:10DC3000019801F58C71F3F705FBE1684FF4C02200
:10DC4000019801F59071F3F7FDFAE1685A460198E1
:10DC500001F588714CE3FFE763490198F3F7E0FDB4
:10DC60004FF4802728B3E168002201981831F3F7B8
:10DC7000E9FAE16800220198E031F3F7E3FAE1689C
:10DC8000002201989031F3F7DDFAE1680022019853
:10DC90009831F3F7D7FAE16804220198A031F3F73D
:10DCA000D1FAE16808220198A831F3F7CBFA3A4695
:10DCB0001EE24E490198F3F7B3FD40B3E16800223C
:10DCC00001981831F3F7BEFAE16800220198783123
:10DCD000F3F7B8FAE16800220198D031F3F7B2FA0D
:10DCE000E16820220198D831F3F7ACFAE1682022EC
:10DCF00001985831F3F7A6FAE16804220198A0319F
:10DD0000F3F7A0FAE16808220198A83159E73849E9
:10DD10000198F3F785FDA0B3E1680022019818315E
:10DD2000F3F790FAE16800220198C031F3F78AFA1C
:10DD3000E168002201989031F3F784FAE16800224B
:10DD4000019801F59871F3F77DFAE1684FF480329C
:10DD500001980831F3F776FAE1681B4A019810310F
:10DD6000F3F770FAE1683A4601985031F3F76AFA2E
:10DD7000E168204A01982831F3F764FA1D4A1F32FE
:10DD80006BE1FFE71C490198F3F74AFDB0B3E16886
:10DD90000022019801F58071F3F754FAE1682A46F0
:10DDA000019801F58071F3F74DFAE1682A46019870
:10DDB00001F58471F3F746FAE16832460198F031D3
:10DDC00096E248E2F03F0390400001002000050089
:10DDD000D83E03908000020001000200D43F03906F
:10DDE0008000030028000390803F0390F43E0390DE
:10DDF000103F039001000400683E0390FFE7F949DB
:10DE00000198F3F70DFD98B1E1680022019801F542
:10DE10008071F3F717FAE1682A46019801F58071DD
:10DE2000F3F710FAE1682A46019801F584715FE280
:10DE3000ED490198F3F7F4FC88B1E16800220198FC
:10DE40001831F3F7FFF9E16800220198B031F3F7D8
:10DE5000F9F9E1682A46019801F5B47148E2E3490D
:10DE60000198F3F7DDFCD0B3E16800220198183186
:10DE7000F3F7E8F9E168002201987831F3F7E2F965
:10DE8000E168802201986031F3F7DCF9E16804224F
:10DE9000A03100E0A1E10198F3F7D4F9E16808228C
:10DEA0000198A831F3F7CEF9E1684FF48032019878
:10DEB0000831F3F7C7F9E168CD4A01981031F3F75B
:10DEC000C1F9E168CB4A019801F5B871F3F7BAF9E5
:10DED000E1684FF40022019801F5BC7108E2FFE708
:10DEE000C5490198F3F79CFC20B1E1680022019834
:10DEF0001831C4E1C1490198F3F792FC28B1E168F7
:10DF00000022019801F5C871F2E1BD490198F3F7CB
:10DF100087FC0028F3D1BB490198F3F781FC50B38B
:10DF2000E16800220198F3F78DF96078E168012833
:10DF300047D0703101980022F3F784F9E168042298
:10DF40000198A031F3F77EF9E16808220198A83121
:10DF5000F3F778F9E1684546019842462031F3F736
:10DF600071F9E168A84A01986031F3F76BF9E1684B
:10DF70002A4601E016E026E001985031F3F762F9F5
:10DF8000E1682A46019801F50271F3F75BF99E4AB0
:10DF9000E1680198603A5831F3F754F9E1684A466C
:10DFA00001984831F3F74EF9E16852460198303153
:10DFB000F3F748F9944AE168783A0198403197E1DB
:10DFC0009BE17831B6E791490198F3F729FC60B1FC
:10DFD000E168002201981831F3F734F9E168002272
:10DFE000019801F50471FFF7F1BA89490198F3F737
:10DFF00017FC58B1E168002201984831F3F722F983
:10E00000E1680022019801F5087171E181490198E8
:10E01000F3F706FC28B3E168002201985031F3F7CA
:10E0200011F9E1680022019801F50671F3F70AF988
:10E03000E168042201982831F3F704F9E168042229
:10E04000019801F50871F3F7FDF8E16820220198C5
:10E0500001F50871F3F7F6F82022E16801985831CC
:10E0600046E16D490198F3F7DBFB58B1E168002206
:10E0700001981831F3F7E6F8E1680022019801F5FC
:10E08000D07135E165490198F3F7CAFB28B1E16821
:10E090000022019801F5D871A5E761490198F3F7CD
:10E0A000BFFB28B1E1680022019801F5DC719AE715
:10E0B0005C490198F3F7B4FBF0B1E16800220198E4
:10E0C00001F5D471F3F7BEF8E1682022019801F55B
:10E0D000F071F3F7B7F8E168212201983031F3F7D6
:10E0E000B1F8E168012201983031F3F7ABF804226E
:10E0F000E16801982831FBE04B490198F3F790FB68
:10E1000020B94A490198F3F78BFB28B1E168002256
:10E11000019801F5E471EBE045490198F3F780FBC4
:10E1200028B1E1680022019801F5E0715BE74149FF
:10E130000198F3F775FB28B1E1680022019801F519
:10E14000EC71D5E03C490198F3F76AFB28B1E1682E
:10E150000022019801F5F471CAE038490198F3F7FB
:10E160005FFB58B1E168002201981831F3F76AF8B3
:10E17000E1680022019801F5F871B9E03049019891
:10E18000F3F74EFB28B1E1680022019801F5007118
:10E19000AEE02C490198F3F743FBC8B1E1680022D7
:10E1A00001981831F3F74EF8E168002201987831B0
:10E1B000F3F748F8E16804220198A031F3F742F838
:10E1C000E16808220198A831F3F73CF85A468FE736
:10E1D0001D490198F3F724FB18B1E168002201986A
:10E1E00001E733E0EC050390600503900C400390D9
:10E1F0004000010002000700D4FF0290F0FF0290EF
:10E200000C00039060000390800005001004039050
:10E21000480403902C04039064040390F0040390DA
:10E220000C0503909C04039044050390280503907B
:10E2300080040390B8040390D40403907C050390F9
:10E24000B4050390D0050390240603902C4901984F
:10E25000F3F7E6FA58B1E1684FF4803201980831DB
:10E26000F2F7F0FFE168274A0198103140E02649B3
:10E270000198F3F7D5FA48B1E16800220198F2F766
:10E28000E1FFE16800220198683131E01F490198FF
:10E29000F3F7C6FA20B1E16800220198C03127E007
:10E2A0001B490198F3F7BCFAB8B1E1680022019864
:10E2B00001F5CC71F2F7C6FFE168002201988031C8
:10E2C000F2F7C0FFE168324601985031F2F7BAFF29
:10E2D000E1683246019880310AE00E490198F3F76F
:10E2E0009FFA002809D0E1680022019801F5107119
:10E2F00002B0BDE8F05FF2F7A5BFBDE8FC9F0000EB
:10E300004006039040000100080603905C0603905D
:10E3100044000390F40303902DE9F84F0546EFF70E
:10E320004AFB04462846EFF784FB0A2C05464DD1EC
:10E33000F0F792FE10B10079012847D02846F3F794
:10E34000C3FF06462846F3F7A5FF0446694628465C
:10E35000F4F7B4F8BDF9002006EBD670BDF9021051
:10E3600002EB600090FBF6F070430F2607B204EB5F
:10E37000D47001EB600090FBF4F0604300240FFACE
:10E3800080F81AE021462846F3F720FF8146F5F78A
:10E390001FF982464846F5F737F9BA4501460BD1D1
:10E3A000414509D1C5F82490002299F824601C2128
:10E3B0002846EFF743FB05E0641C2846F3F718FFF7
:10E3C000A042DFD831462846F6F7C3FCBDE8F88FF7
:10E3D00020B190FAA0F0B0FA80F0401C401E7047C7
:10E3E00018B1B0FA80F0C0F12000401E7047000064
:10E3F000FEB504220668002504460BE0F06802EB37
:10E40000C503C058830104D5A36820F07F4098421B
:10E4100006D06D1C708CC0F30510A842EED8FEBD6E
:10E42000A388442B5BD00EDC332B4BD006DC202B97
:10E4300055D0222B53D0302B13D150E0342B41D068
:10E44000362B0ED14BE0622B3FD006DC472B46D05B
:10E45000552B44D0572B04D134E0672B32D0682B96
:10E4600030D059B3FF292BD0D4E90302121A4A4302
:10E4700000EB22200090F068012701AA194650F80D
:10E480003500F7F7FDFE50B1DDE90001884206D105
:10E49000BDF80000BDF80410884200D10027F068E4
:10E4A000A188009A50F83500F8F78CF9002FB6D003
:10E4B000A288A1682068F6F775F8FEBDE068D9E784
:10E4C0002069D7E7FF29FBDAF8E7E0680028F7D0F2
:10E4D0002269002ACED08029CCDB0092CBE700292C
:10E4E00001DCA0891EE0FF2901DB208A1AE0A08957
:10E4F000CAB2278A121D0D4980B2BFB240EA00405D
:10E5000047EA074708400F40D2083F1A574300EB3D
:10E510005710084040EA1040ADF8080080B2029061
:10E52000BDF80800ADF80000A5E700001FF8E007FF
:10E530002DE9F04104682648A6882568DCF7F3FA3F
:10E5400010E0A1420BD008682268904207D1886889
:10E55000A268904203D18888A288904236D01C4895
:10E56000DCF7F3FA0100ECD1698C04200027C1F339
:10E57000051129E0EA6800EBC703D258930122D5C0
:10E58000A36822F07F429A421DD111482146DCF750
:10E5900065FB2046F2F7C6F9E868314600EBC70490
:10E5A0002068F7F7BFFFE86850F83700F7F710FF6B
:10E5B00000280BD0D4E9001020F07F422846BDE8A7
:10E5C000F041F6F7C6B87F1CB942D3D8BDE8F08158
:10E5D000501C022470B50468A068A28800F47F066D
:10E5E00020683146F4F727FEE0600020A588234626
:10E5F000A080314620682A4600F00CF8A580A1686A
:10E600002068E7F7A7FD0068A188E268BDE87040D0
:10E61000F8F7D8B82DE9FF5F00259A460E46074661
:10E620002548DCF799FA4FF4702804464FF00409A6
:10E630003CE054453CD020482146DCF78AFA83462A
:10E640002068B84231D1A068B04201D046452CD1F3
:10E65000A1880298814203D0A0F57F41FF3924D1DF
:10E66000002511E0F86809EBC50141588A010AD577
:10E67000464503D021F07F41B14204D150F8350026
:10E68000A188F7F74FFF6D1C788CC0F30510A842E6
:10E69000E8D800212046E8F7D9FE07482146DCF7F4
:10E6A000DDFA2046F2F73EF901255C46002CC0D188
:10E6B00004B02846BDE8F09F501C02242DE9F84F15
:10E6C00092468B46002104466E22F4F7B4FD06B252
:10E6D000204600216D22F4F7AEFD05B216B9B5F55E
:10E6E000807F63D0002120466F22F4F7A4FD002133
:10E6F000ADF8000070222046F4F79DFDADF8020051
:10E700006427BDF900004FF4FA684FF47A79C0F33A
:10E710004131012915D120F4C040404511DC04F1FC
:10E720001400E9F7F5FC0146BDF9000020F4C040F3
:10E73000484501DDC0F57A70414391FBF7F0ADF833
:10E740000000BDF90200C0F34131012911D120F4CC
:10E75000C04040450DDC618BE28A891A491C09B230
:10E76000484501DDC0F57A70414391FBF7F0ADF803
:10E770000200BAF1000FA18ABDF8002001EB0200EF
:10E78000ADF80000E08ABDF802100844ADF80200C0
:10E7900006D04FF4803090FBF5F071420EB205B216
:10E7A0006B462A4631465846F6F754FDBDE8F88FC9
:10E7B000F0B5D0E906464FF48077059D36B9BC42E6
:10E7C00004D10802186011022960F0BDB0F928E0F8
:10E7D000B0F92AC0A1EB0E01A2EB0C029EB1BC4223
:10E7E0001AD1D0E90464076A4C4306FB124407EBD4
:10E7F000A4041C60D0E90434406A4B4304FB02319A
:10E8000000EBA1001DE0066A01FB04611960416A8A
:10E81000806902FB001014E0D0E90476D0F820C033
:10E820004E4307FB126666430CEBA6241C6000F106
:10E830001006406A58CE4B4304FB0231714300EB93
:10E84000A1202860F0BD00880988401A70472DE992
:10E85000F04186B00646F0F7FFFB050071D0304668
:10E86000EFF7E7F8044690F85400800769D528468A
:10E87000F0F733FC022864D02846F0F72EFC042879
:10E880005FD0606A6946F3F739FD03A92846F0F7BF
:10E89000F9FB04A92846F0F725FCBDF90C10002966
:10E8A0004FDBBDF90E0000284BDBBDF80020891AB4
:10E8B000ADF80810BDF80210401AADF80A00304655
:10E8C000EFF779F80646606AF4F77CFEBDF90810A8
:10E8D0000027656A002901DA01200FE0814202DB8E
:10E8E00047F6FF77F8E702A92846F0F70BFF87B253
:10E8F000606A02A9F1F72CF980F0010094F8601029
:10E900004FF6FF788A0723D550EAC1724FF4407062
:10E9100001D1012E08D0C9071ED0022E12D0032E1D
:10E9200012D0082E10D019E094F860300146C4E9E6
:10E93000167843F00102204684F86020F3F728F8A7
:10E9400006E040E0E76503E001462046F2F72DFCD3
:10E9500094F86000C00701D1012E34D13946204619
:10E96000F8F73EFE94F86000C0072CD0D4E91610EA
:10E97000814208D9EA6B824202D12A6C8A4218D0BD
:10E98000E863A06D11E008D2EA6B8A4202D12A6CDA
:10E9900082420ED0E963E06D07E0E96B40468142B8
:10E9A00002D1296C814204D0E86328642046F5F73F
:10E9B00017F9032E01D0082E05D194F8600020F03D
:10E9C000010084F8600006B0BDE8F081D0E90132B2
:10E9D00001699A60D0E901235A604A68824201D1F4
:10E9E00082684A60002202610868401E0860086868
:10E9F0007047000010B5044C8023046004F16000EF
:10EA00000860136010BD00006C0F002410B5044CAA
:10EA10004FF40073046004F160000860136010BDDF
:10EA2000CC110024704770474FF0FF3300F108010C
:10EA30000022C0E901130260C1600161704700213A
:10EA40000161704730B50B685A1C02D000F1080212
:10EA500002E0026904E02246546825689D42FAD922
:10EA600053684B6099608A60516008610168491C75
:10EA7000016030BD42684A6093688B60936859605A
:10EA8000916008610168491C01607047502080F363
:10EA90001188BFF34F8FBFF36F8F0A494868401C3E
:10EAA000486001280CD10848006810F0FF0F07D01B
:10EAB000502080F31188BFF34F8FBFF36F8FFEE7B5
:10EAC00070470000B000002404ED00E008494868E9
:10EAD00028B1401E486001D180F311887047502052
:10EAE00080F31188BFF34F8FBFF36F8FFEE70000F5
:10EAF000B000002470B500282AD0164DA0F10804FB
:10EB000061686869014207D1502080F31188BFF322
:10EB10004F8FBFF36F8FFEE722683AB1502080F32A
:10EB20001188BFF34F8FBFF36F8FFEE781436160A2
:10EB300000F032F960686968084468602046FAF7B6
:10EB40008FFF2869401C2861BDE8704000F0ACBF11
:10EB500070BD0000900000244FF0E0200021016112
:10EB60004FF47A728161072303490968B1FBF2F11E
:10EB7000491E4161036170472800002410B5D3F796
:10EB800061FC114910280ED300F1E0200A7890F8BA
:10EB9000F003904207D2502080F31188BFF34F8FCB
:10EBA000BFF36F8FFEE709488968006800F4E060F2
:10EBB000884207D9502080F31188BFF34F8FBFF3ED
:10EBC0006F8FFEE710BD0000B00000240CED00E0E8
:10EBD000084B5FF0000210B553F832401CB1521CD4
:10EBE000082AF9D310BD03EBC20443F83210606069
:10EBF00010BD00005009002470B515460E460446AD
:10EC0000FFF744FF94F944100020491C01D184F817
:10EC1000440094F94510491C01D184F84500FFF7E0
:10EC200055FFA06B28B904F124002A46314600F0B4
:10EC300051F82046BDE87040FBF7C0B8020010B59F
:10EC400014D00F48006B38B1502080F31188BFF307
:10EC50004F8FBFF36F8FFEE700F09EF80021104644
:10EC6000FAF70AFD00F020FF002807D105494FF010
:10EC700080500860BFF34F8FBFF36F8F10BD00004F
:10EC80003400002404ED00E002490A6A0260C96809
:10EC9000416070473400002401490120C861704779
:10ECA0003400002410B50C4650B1094909681831E8
:10ECB000FFF7C8FE2046BDE810400121FAF7DCBC92
:10ECC000502080F31188BFF34F8FBFF36F8FFEE7A3
:10ECD0003400002470B514460D4668B10A4909682D
:10ECE0001831FFF7C7FE0CB14FF0FF35214628461B
:10ECF000BDE87040FAF7C0BC502080F31188BFF324
:10ED00004F8FBFF36F8FFEE73400002430B587B01C
:10ED1000002405AA04A9039403A80494FFF76AFE3B
:10ED2000DDE9030100940023CDE90110184816A184
:10ED3000059A00F0AEFC174D0028E86221D000F0E3
:10ED400015FF012809D0401C1BD1502080F31188E9
:10ED5000BFF34F8FBFF36F8FFEE7502080F3118812
:10ED6000BFF34F8FBFF36F8F01214FF0FF30A862C9
:10ED70006961EC60DEF7D4FB07B0BDE8304000F01D
:10ED80002BB907B030BD000049444C4500000000DD
:10ED900015990290340000240248016B491C01635C
:10EDA000704700003400002410B5264C206B10B1D1
:10EDB0000120E06110BD0020E061E6F703FBA063E5
:10EDC000616B884204D9421A21684B6D1A444A6526
:10EDD00060634FF0A5312068006B02688A4208D159
:10EDE00042688A4205D182688A4202D1C06888425C
:10EDF00004D0216820683431FFF715FE12492069DC
:10EE000001E0B8B1401E00EB800251F82220002A38
:10EE1000F7D000EB800201EB820101F108034A68A0
:10EE200052684A609A4201D152684A60D1682160B2
:10EE3000206110BD502080F31188BFF34F8FBFF3C6
:10EE40006F8FFEE7340000249009002470B5EEF7C0
:10EE5000F0FD0546F3F7CCFAEAF792F801210446F3
:10EE60002846F3F7B3F9054694F9020005492288CC
:10EE700001EB800004A150F8043C2846BDE8704036
:10EE8000F1F74BBA6C0100242564202573000000C3
:10EE90002DE9F041EEF7CDFD0646F3F7A9FAEAF7C2
:10EEA0006FF8002104463046F3F790F90546EEF777
:10EEB00043FB01786423427830398778C07801EBCE
:10EEC000410C12FB03F2CCEBC11107EB870300EB03
:10EED000C10002EB430101442088A1F5A051D039C3
:10EEE000081A81B22846EEF733FD01213046F3F7C8
:10EEF0006DF9024694F90200BDE8F041401E81B26E
:10EF00001046EEF725BDF8B50446B0F92E0010F511
:10EF1000004F58D0A18D658D0BB2A94202D201F5E8
:10EF2000B4710BB294F83410C1F34101D1B301298B
:10EF30000DD0022947D10095B4F93220B4F9301030
:10EF4000F1F746FC05B2A28DA9B2204637E0E918D8
:10EF5000B4F93070B4F9322001EBD17141F34F06AE
:10EF6000B91801EBD17141F34F0188420CDA2B46FD
:10EF70000A4639460096F1F72BFC05B22046A9B2A5
:10EF8000E8F7E0FFB1B209E000933346F1F720FC67
:10EF900005B22046B1B2E8F7D5FFA9B22046E8F79E
:10EFA00095FF0EE0FFE700932B46B4F93220B4F949
:10EFB0003010F1F70DFC05B2618DAAB22046E8F7DA
:10EFC00001FFA4F84050F8BD1AB111B1C36A5B68E3
:10EFD000184700207047000037481CB537490268C1
:10EFE0008A4207D1502080F31188BFF34F8FBFF3BF
:10EFF0006F8FFEE731490068491E884207D15020D3
:10F0000080F31188BFF34F8FBFF36F8FFEE72C495A
:10F01000FF200A780192087008788DF800009DF8AA
:10F0200000209DF8000002F0F002824207D050203C
:10F0300080F31188BFF34F8FBFF36F8FFEE79DF80A
:10F04000002007201F4C02F050022270A06005E053
:10F050009DF8002052008DF80020401E9DF80020F1
:10F060001206F5D40328A06007D0502080F3118841
:10F07000BFF34F8FBFF36F8FFEE74FF44070A06078
:10F08000019808700C482030016841F4700101605B
:10F09000016841F070410160FFF75EFD0020606093
:10F0A000D3F798F90848016841F040410160D3F76F
:10F0B0007DF900201CBD000000ED00E071C20F4191
:10F0C00000E400E0B000002434EF00E0502010B570
:10F0D00080F31188BFF34F8FBFF36F8F00F00AFCEE
:10F0E00018B104494FF080500860002080F3118867
:10F0F00010BD000004ED00E000210246012010B523
:10F1000000F012F80446FAF735FC204610BD38B579
:10F1100000220B4611460090012000F026F804461C
:10F12000FAF728FC204638BDF8B5050017460E460C
:10F1300013D005FB06F05030FAF776FE04000AD033
:10F14000002084F8460004F150023B463146284630
:10F150000094FAF71BFC2046F8BD502080F311887C
:10F16000BFF34F8FBFF36F8FFEE7F8B5069D18B161
:10F1700053B1CAB181B120E0502080F31188BFF3B0
:10F180004F8FBFF36F8FFEE7502080F31188BFF3DE
:10F190004F8FBFF36F8FFEE7502080F31188BFF3CE
:10F1A0004F8FBFF36F8FFEE739B1502080F3118886
:10F1B000BFF34F8FBFF36F8FFEE750241C4601262D
:10F1C00083F8466000932B46FAF7E0FB2046F8BD33
:10F1D0002DE9F04704008A4629D0FFF757FC216843
:10F1E0000025D4E90F23D4F840C004F110081046DC
:10F1F0000E46401E4FF0FF3902FB031200FB0C10BD
:10F20000BAF1000FA563666084F8449084F84590D5
:10F21000C4E9022013D04046FFF706FC04F12400A5
:10F22000FFF702FCFFF752FC0120BDE8F0875020F9
:10F2300080F31188BFF34F8FBFF36F8FFEE7206914
:10F240000028EFD0404600F0F7FB0028EAD0044940
:10F250004FF080500860BFF34F8FBFF36F8FE1E72F
:10F2600004ED00E02DE9FF4704001D4682B08A4608
:10F270004FF0000803D0BAF1000F08D011E0502081
:10F2800080F31188BFF34F8FBFF36F8FFEE7206CC1
:10F2900038B1502080F31188BFF34F8FBFF36F8FC9
:10F2A000FEE7022D0AD1E06B012807D0502080F341
:10F2B0001188BFF34F8FBFF36F8FFEE700F006FB9F
:10F2C0003F4F4FF080564FF0000948B9049838B1CD
:10F2D000502080F31188BFF34F8FBFF36F8FFEE78D
:10F2E000FFF7D4FBA06BE16B884207D3022D05D05A
:10F2F0000498D0B1B8F1000F1AD01EE02A4651464A
:10F300002046FAF78EFA616A19B104F1240000F080
:10F3100093FB20B13E60BFF34F8FBFF36F8FFFF7BA
:10F32000D5FB012006B0BDE8F087FFF7CFFB22E058
:10F330006846FFF7A9FC4FF00108FFF7C7FBFFF78E
:10F340002BFDFFF7A3FB94F94400401C01D184F886
:10F35000449094F94500401C01D184F84590FFF792
:10F36000B5FB04A9684600F02BF930B12046FAF746
:10F3700025FD00F099FB0020D4E7FFF787FBA06B89
:10F38000E16B884213D1FFF7A1FB049904F110004F
:10F39000FFF788FC2046FAF711FD00F085FB0028F6
:10F3A0009ED13E60BFF34F8FBFF36F8F98E7FFF79B
:10F3B0008DFB2046FAF702FD00F076FB90E7000097
:10F3C00004ED00E02DE9F04704001F469046894611
:10F3D00003D0B9F1000F08D011E0502080F311885C
:10F3E000BFF34F8FBFF36F8FFEE7206C38B1502013
:10F3F00080F31188BFF34F8FBFF36F8FFEE7022FAB
:10F400000AD1E06B012807D0502080F31188BFF3A8
:10F410004F8FBFF36F8FFEE7FFF7B0FB5020EFF386
:10F42000118680F31188BFF34F8FBFF36F8FA06BEE
:10F43000E16B884206D3022F04D0002086F31188A6
:10F44000BDE8F08794F94550A06B3A4649462046FE
:10F45000FAF7E7F9681C04D06D1C84F845500120C8
:10F46000ECE7606A0028FAD004F1240000F0E4FA26
:10F470000028F4D0B8F1000FF1D00121C8F8001035
:10F48000EDE700002DE9F74704008A4683B04FF00E
:10F49000000603D0BAF1000F08D011E0502080F32D
:10F4A0001188BFF34F8FBFF36F8FFEE7206C38B129
:10F4B000502080F31188BFF34F8FBFF36F8FFEE7AB
:10F4C00000F004FADFF8F4804FF080574FF00009A5
:10F4D00048B9059838B1502080F31188BFF34F8F99
:10F4E000BFF36F8FFEE7FFF7D1FAA56BC5B15146A9
:10F4F0002046FAF783F96D1EA563206950B104F127
:10F50000100000F099FA28B1C8F80070BFF34F8FCF
:10F51000BFF36F8FFFF7DAFA012006B0BDE8F0877E
:10F52000059808B11EB106E0FFF7D0FA27E068465B
:10F53000FFF7AAFB0126FFF7C9FAFFF72DFCFFF73B
:10F54000A5FA94F94400401C01D184F8449094F940
:10F550004500401C01D184F84590FFF7B7FA05A992
:10F56000684600F02DF8002820460AD0FAF726FC5D
:10F5700000F09AFA2046FAF7B7FA0028B3D0002034
:10F58000CBE7FAF7B1FA90B1059904F12400FFF73F
:10F5900089FB2046FAF712FC00F086FA0028A2D177
:10F5A000C8F80070BFF34F8FBFF36F8F9BE7204603
:10F5B000FAF704FC00F078FA95E7000004ED00E0AB
:10F5C0002DE9F04105000C4612D0CCB1FFF75EFAF0
:10F5D000184E2068F268471C6B68A2EB030117D035
:10F5E0002F68366AB74215D0934213D801251CE024
:10F5F000502080F31188BFF34F8FBFF36F8FFEE76A
:10F60000502080F31188BFF34F8FBFF36F8FFEE759
:10F6100000250AE0884205D9401A20602846FFF7F5
:10F6200033FBF5E7002020600125FFF74FFA28465D
:10F63000BDE8F081340000242DE9FF5F99461646AD
:10F640008A4683469000DDE90E87FAF7EDFB050058
:10F650001CD06020FAF7E8FB040014D000202563DA
:10F6600084F85D004B46CDE90087CDE90240324683
:10F6700051465846FAF79BF92046FAF72BF8012035
:10F6800004B0BDE8F09F2846FFF734FA4FF0FF3092
:10F69000F6E7F0B585B0DDE90B740A9DA7B1DCB1E2
:10F6A00060262763022684F85D60002703970DF12A
:10F6B000100C0095CDE901C4FAF779F92046FAF764
:10F6C00009F8049805B0F0BD502080F31188BFF30D
:10F6D0004F8FBFF36F8FFEE7502080F31188BFF389
:10F6E0004F8FBFF36F8FFEE72DE9F0411F46904625
:10F6F0000D464FF0010690B10446FFF7C7F90FB170
:10F70000A06D3860022294F85C0084F85C20B8F1A7
:10F71000050F19D2DFE808F0230B0E141200502059
:10F7200080F31188BFF34F8FBFF36F8FFEE7A16D9A
:10F73000294301E0A16D491CA16510E0022801D018
:10F74000A5650CE0002634E0A16D491C07D05020CF
:10F7500080F31188BFF34F8FBFF36F8FFEE701284F
:10F7600027D1201DFFF732F9144DE06A296988423C
:10F7700000D9286100EB8000114901EB8000211DB8
:10F78000FFF778F9A06A38B1502080F31188BFF3F1
:10F790004F8FBFF36F8FFEE72868E16AC06A81422E
:10F7A00007D908494FF080500860BFF34F8FBFF36F
:10F7B0006F8FFFF78BF93046BDE8F08134000024ED
:10F7C0009009002404ED00E02DE9F04704001F46F5
:10F7D00092460D46DDF820904FF001081AD0FFF751
:10F7E000CDF95020EFF3118680F31188BFF34F8FCE
:10F7F000BFF36F8F0FB1A06D3860022294F85C00E8
:10F8000084F85C20BAF1050F1AD2DFE80AF0240B65
:10F810000E141200502080F31188BFF34F8FBFF3F6
:10F820006F8FFEE7A16D294301E0A16D491CA16521
:10F8300011E0022801D0A5650DE04FF000083AE084
:10F84000A16D491C07D0502080F31188BFF34F8F62
:10F85000BFF36F8FFEE701282DD1A06A38B1502089
:10F8600080F31188BFF34F8FBFF36F8FFEE7144D06
:10F87000286B18B1134804F118010DE0201DFFF7A3
:10F88000A5F8E06A2969884200D9286100EB800068
:10F890000D4901EB8000211DFFF7ECF8E06A2968B3
:10F8A000C96A884207D9B9F1000F4FF0010001D0B1
:10F8B000C9F80000E86186F311884046BDE8F0878A
:10F8C00034000024180E00249009002405484169E2
:10F8D00019B1006B18B10020704701207047022059
:10F8E00070470000340000240148C06870470000E1
:10F8F000340000242DE9F0412E4C206B002728B164
:10F90000A069401CA0613846BDE8F081E668761C1D
:10F91000E66013D1E06B006838B1502080F31188A5
:10F92000BFF34F8FBFF36F8FFEE7E06B216CE16396
:10F930002064206A401C2062FAF7C0F9DFF8788062
:10F94000A06A864209D3E06B0068A0B1E06BC06892
:10F95000C5686868864211D2A0622068C06A00EB60
:10F96000800158F82100012800D90127E06900280A
:10F97000C9D00127C7E74FF0FF30EDE7281DFFF79B
:10F9800025F8A86A18B105F11800FFF71FF8E86A12
:10F990002169884200D9206100EB800108EB8100D9
:10F9A000291DFFF767F82068E96AC06A8142CAD357
:10F9B0000127C8E7340000249009002470B50446EC
:10F9C0004FF0000190B31A4D2868844207D05020B0
:10F9D00080F31188BFF34F8FBFF36F8FFEE7206D69
:10F9E00038B1E36C401EE26A20659A421ED040B1F5
:10F9F0001CE0502080F31188BFF34F8FBFF36F8F4F
:10FA0000FEE7201DFEF7E2FFE06CC0F13801A161C6
:10FA1000E0622969884200D9286100EB800005492D
:10FA200001EB8000211DFFF725F80121084670BD7C
:10FA3000340000249009002470B5C068C46854B133
:10FA400004F118000646FEF7C1FF144D286B50B1B3
:10FA50001348314615E0502080F31188BFF34F8FD3
:10FA6000BFF36F8FFEE7201DFEF7B0FFE06A296944
:10FA7000884200D9286100EB80000A4901EB800030
:10FA8000211DFEF7F7FFE06A2968C96A884203D999
:10FA90000121E961084670BD002070BD34000024DA
:10FAA000180E0024900900242DE9F0472C4D286BF6
:10FAB0000024274638B1FEF7E9FF286B401E286373
:10FAC000286B40B147E0502080F31188BFF34F8F7F
:10FAD000BFF36F8FFEE7234E0120A968D9B3A6F5C7
:10FAE000916980463068E0B1F068C46804F118009C
:10FAF000FEF76CFF201DFEF769FFE06A2969884266
:10FB000000D9286100EB800109EB8100211DFEF77F
:10FB1000B1FFE06A2968C96A8842E3D3C5F81C804E
:10FB2000E0E70CB1FAF7CAF8AC694CB14FEA080645
:10FB3000FFF7E0FE00B1EE61641EF9D10020A8617C
:10FB4000E86940B1084901274FF080500860BFF3D1
:10FB50004F8FBFF36F8FFEF7B9FF3846BDE8F087D0
:10FB600034000024180E002404ED00E010B586B027
:10FB7000F9F718FE114C2068B8B10020039005AACF
:10FB8000049004A903A8FEF741FFDDE90321022048
:10FB900000238DE807000C4809A1059AFFF779FDBD
:10FBA000606010B106B0012010BD502080F31188B4
:10FBB000BFF34F8FBFF36F8FFEE700007800002484
:10FBC000546D722053766300999D02902DE9FF4198
:10FBD0001E46134602004FF000000A9D16D0144C3A
:10FBE0002768002F0FD006290292CDE9001317DAFB
:10FBF000FFF76CFE02284FF000030FD000222068B0
:10FC00006946FFF72FFB04B0BDE8F081502080F378
:10FC10001188BFF34F8FBFF36F8FFEE72A46EEE7E1
:10FC20000023324669463846FFF7CCFBEBE700007D
:10FC3000780000242DE9F0410446EDF7FAFE07466E
:10FC40002046EDF7F8FE06463846EDF77DFC044603
:10FC50003046E9F795F905683846EDF76DFC01780F
:10FC60006427437830398278C07813FB07F301EBBF
:10FC70004107C7EBC11102EB820200EBC10003EBAD
:10FC800042010144A1F5A051D039081B81B2304690
:10FC900045F30742BDE8F041E9F774B910B5002912
:10FCA0000AD00878002807D005487844D2F7CEFE5D
:10FCB000002801D0002010BD0248784410BD00008B
:10FCC000924800008A4800004FF04070E1EE100AB0
:10FCD0007047000028400390000000000000000072
:10FCE00000000000000000000010000018000000EC
:10FCF00000000000000000003040039003000000FE
:10FD0000000000000000000000061016000610169B
:10FD10000001020304050607080C101418203040E7
:10FD200000000000000000000000000000000000D3
:10FD300000000000010000000200000003000000BD
:10FD400004000000000000000500000000000000AA
:10FD5000000000000000000006000000000000009D
:10FD60000000000000000000070000000100020089
:10FD70000400060008000A000C00100020004000EB
:10FD800080000001010101030701000008040204D2
:10FD90000801010100000000010203040102030444
:10FDA000060708099CFF39FF200038FFD5FE100028
:10FDB000D4FE71FE08000100FF7F080070FE0DFEFA
:10FDC00004000CFEA9FD8000A8FD45FD400044FD97
:10FDD000E1FC0200E0FC7DFC0100000001000201EA
:10FDE00003010202030204020203030304030001ED
:10FDF0000B0B0B0B000002030B0B0B002000040588
:10FE0000060B0B0080000708090B0B000800000020
:10FE10003C400390000000004040039001000000BF
:10FE200000000000FFFFFFFF1A00000000000000BC
:10FE300000000000444003900000000000000000AB
:10FE40000000000000000000000400001800000096
:10FE50000000000000000000000000003D1A0290B9
:10FE6000211B029000000000651E029082008200AB
:10FE70004A020000000001E001E0000000FF005520
:10FE8000AAFF00112233445566778899AABBCCDDBE
:10FE9000EEFF000102030405060708090A0B0C0D1A
:10FEA0000E0F101112131415161718191A1B1C1DFA
:10FEB0001E1F202122232425262728292A2B2C2DEA
:10FEC0002E2F303132333435363738393A3B3C3DDA
:10FED0003E3F404142434445464748494A4B4C4DCA
:10FEE0004E4F505152535455565758595A5B5C5DBA
:10FEF0005E5F606162636465666768696A6B6C6DAA
:10FF00006E6F707172737475767778797A7B7C7D99
:10FF10007E7F808182838485868788898A8B8C8D89
:10FF20008E8F909192939495969798999A9B9C9D79
:10FF30009E9FA0A1A2A3A4A5A6A7A8A9AAABACAD69
:10FF4000AEAFB0B1B2B3B4B5B6B7B8B9BABBBCBD59
:10FF5000BEBFC0C1C2C3C4C5C6C7C8C9CACBCCCD49
:10FF6000CECFD0D1D2D3D4D5D6D7D8D9DADBDCDD39
:10FF7000DEDFE0E1E2E3E4E5E6E7E8E9EAEBECED29
:10FF8000EEEFF0F1F2F3F4F5F6F7F8F9FAFBFCFD19
:10FF9000FEFF808080818182828384858687898A32
:10FFA0008C8D8F91939597999B9EA0A2A5A7AAADA2
:10FFB000AFB2B500FF1FFF1F01E001E021002000EC
:10FFC00069006A006C006B006D006E0063006200E7
:10FFD0000000000058FE0290798E019000000000A1
:10FFE0000000000000000000C300C300041C00006B
:10FFF00058FE02905D8F029000000000000000009B
:02000004900367
:100000000000000064202B000000000058FE029059
:100010003990029000000000000000000000000085
:100020006420D1270000000058FE0290CB90019080
:100030004591019000000000A99101906420040105
:10004000C008000058FE0290319E019000000000A0
:10005000000000007D9E01900401040101040000E5
:10006000BC3E039065F2019000000000000000001B
:100070000000000064203220010400006843039067
:10008000BC430390D443039094430390C043039034
:10009000C8430390DC430390CC430390A0430390F8
:1000A000B4430390B8430390F0430390604303903C
:1000B0007C43039084430390C44303909043039094
:1000C000984303909C43039074400390A44303908F
:1000D000A84303907C400390F8430390604303904F
:1000E0008043039070430390E0430390D843039010
:1000F0008C430390D043039088430390B043039014
:10010000AC430390744303906C4303907843039093
:1001100060430390F4430390E843039064430390E7
:10012000EC430390E4430390FC4303902503040451
:10013000040404040404040404040404040404047F
:100140000404070126030304030403040304030453
:10015000030403040304030407010105010501046A
:100160000104010401040104010401040105010565
:1001700001052203020106000201220368430390E5
:100180004044039058440390104403904444039027
:100190004C440390604403905044039020440390E7
:1001A000384403903C440390F04303906043039031
:1001B0006844039000440390484403900C44039027
:1001C00014440390184403901C4403902444039067
:1001D000284403902C440390F84303906043039019
:1001E0008043039070430390644403905C44039005
:1001F000084403905444039004440390344403900F
:1002000030440390744303906C430390784303900D
:1002100060430390F4430390E843039064430390E6
:10022000EC430390E4430390FC4303902503040450
:10023000040404040404040404040404040404047E
:100240000404070126030304030403040304030452
:100250000304030403040304070101050105010469
:100260000104010401040104010401040105010564
:10027000010522030201060002012203A0440390AB
:10028000A4440390A8440390AC440390B04403906A
:10029000B4440390B8440390BC440390C04403901A
:1002A0009C440390F04303906043039068440390A0
:1002B00094440390804403909844039090440390A6
:1002C000CC4403907C4403906C440390D44403904A
:1002D00074440390C8440390D04403906043039057
:1002E000E0440390D84403907844039088440390FA
:1002F0008C440390E8440390EC440390DC44039066
:10030000E4440390C44403907044039084440390F5
:1003100060430390F4430390E843039064430390E5
:10032000EC430390E4430390FC4303900104010475
:100330000104010401040104010401040104010495
:100340000201220301040104010401040104010467
:100350000104010401040104010401040104010475
:100360000104010401040104010401040104010465
:10037000010422030201060002012203A0440390AB
:10038000A4440390A8440390F44303906043039073
:10039000AC440390B0440390B4440390E44303900E
:1003A00060430390B8440390BC440390C04403905E
:1003B000F043039060430390F04403909C44039007
:1003C00074430390E8430390EC430390FC43039091
:1003D00001000100010022030100010001002203CD
:1003E0000100010001000200010001000100010004
:1003F0000100000058FE0290E5030290000000009A
:1004000000000000010402901A001A00800200009F
:1004100058FE0290000000000000000000000000F4
:1004200000000000C300040100000000A03E039093
:1004300000000000000000000000000000000000BC
:100440000000000000000000483F03900000000092
:10045000000000000000000000000000000000009C
:100460000000000058FE02908D0C0290F10D0290E9
:100470000000000000000000C3000401400600006E
:1004800058FE0290F90D02902D0E0290000000001F
:10049000000000006420D1278002000058FE029076
:1004A000CD0D0290000000000000000000000000E0
:1004B0006420D1270000000058FE0290B50E029083
:1004C0000000000000000000000000006420D127B0
:1004D0000000000058FE0290000000000000000034
:1004E0000000000000000000D127D127000000001C
:1004F00058FE029000000000000000000000000014
:1005000000000000000000000000000058FE029003
:1005100000000000000000000000000000000000DB
:10052000000000000000000058FE029000000000E3
:1005300000000000000000000000000000000000BB
:100540000000000058FE02900000000000000000C3
:10055000000000000000000000000000000000009B
:1005600058FE0290031002901F100290000000003D
:100570003910029000000000C003000058FE0290F5
:10058000000000000000000000000000000000006B
:100590000401D1278003000058FE029000000000F3
:1005A0000000000000000000000000006420D127CF
:1005B0004002000058FE0290000000000000000011
:1005C00000000000000000006420642040020000E1
:1005D0000C4003908D5E02900000000000000000BF
:1005E0000D5F02908200000081070000683E0390CA
:1005F0000562029000000000000000000000000002
:10060000000000000000000058FE0290A96D02905A
:10061000E96E029000000000456F029064206420A3
:100620000003000058FE02903179029000000000A3
:100630000000000000000000000000008002000038
:1006400058FE02906D79029000000000000000004A
:1006500000000000000000008002000058FE029030
:10066000C9820290000000000000000000000000AD
:1006700064206420400200000EA0D90D90C80C80B8
:10068000B70A60110B80D91F0991F0881F0880F00C
:1006900088000000000D203C00000F0069002FFFC3
:1006A000FFFFF7015C11A610006900C3000088007D
:1006B000D2009FFFFFFFF012C523E22000D203C04B
:1006C0000000F004B0000000700000000E00000008
:1006D00000E0000019EFEA300CD6E6A702F40E00A5
:1006E000001F80E000006FEF50000016FFE50000E3
:1006F0000E0AF00100E05F13F85E6EB005CFFE91C8
:1007000000000E0000000070000008DD3000A700AF
:100710004B02D004C0007700D01D20004B03D0A7AF
:10072000000007DC34C4CC3000001D2D22D00000B6
:10073000A63B00B30005C03A00A3001D200D00D069
:1007400000A60004CC40004DFC300000F718C000AB
:1007500001F205D00000BB6E4000005FF30000070F
:10076000E6DB03802F301DBAA05F0001DF401FB41D
:1007700048FEC003BFFC40B200000000001F01F0B3
:100780001F00F0000003F10B900F404F007D009B15
:1007900000AA00AA009B007D004F000F400B9003B1
:1007A000F15E000E6008C004F001F300F500E60001
:1007B000E600F501F304F008C00E605E000093004F
:1007C00088A6C209FE404DDDB142935000520000A0
:1007D0000450000008A0000008A0001FFFFFF30362
:1007E00039B3300008A0000008A0000103F61E6025
:1007F000E12C00000003FFF90333100003F52E4045
:1008000000000E400004E000009A00000E400004CA
:10081000F000009A00000E400003F000009A000073
:100820000E500003F000009A00000E500003F0008C
:1008300000004CFE70004FB68F900DB0005F32F498
:100840000000E74F20000CA4F20000CA2F40000E69
:1008500070DB0005F204FB68F90004CFE700EFFB52
:1008600044CB00AB00AB00AB00AB00AB00AB00ABCC
:1008700000AB07DFEA108E857EC0010006F10000A4
:1008800006F000000D900000CC00001CC00001DB51
:1008900000001DE544427FFFFFF97FFFFFF0244485
:1008A0005F900000BC000009E100003FD810000488
:1008B0006DD0000002F4100002F4BD757DD019DF88
:1008C000EA1000000DA0000000AC00000007E100ED
:1008D00000004F40100002F600F5001DA000F500DA
:1008E0007FFFFFFFF3133333F730000000F5000004
:1008F0000000F50009FFFFF00AB444400C8000003E
:100900000E7000000FFFFC4003345CF2000000F7A3
:10091000100000F78E856CF108DFFB30002AEFD560
:10092000003FD657400CC0000002F40000004F5BAF
:10093000FFA104FE845DD03F80003F30E80003F259
:1009400006F845DC0005DFE9109FFFFFFD9D4444EC
:10095000E99C0004F200000BB000002F400000AD45
:10096000000001F6000008E000000E8000006F109B
:1009700000019EFE9100BE636EC00F60006F00CC50
:10098000202BC002EFFFE200DC424CD05F20001FB2
:1009900055F20002F50ED535DE001AEFEA1003BF5E
:1009A000EA202FA44BE18E0000E99D0000DD4F718D
:1009B00029FF07FFFC9E000210AC000002F607654D
:1009C0008FB00AEFD7002E53F50000000000003F63
:1009D00052E42E53F50000000000002E52F60D21C7
:1009E000D001000000003100006CF2018ED6000F33
:1009F000C300000AFB40000017EE70000005C300B2
:100A00000000001FFFFFF30333333000000000003D
:100A10000000001FFFFFF303333330040000000E1B
:100A2000D71000005CF92000002AF20003AFB106E5
:100A3000DE82001C6000000000000007DFEA109E5C
:100A4000746EC0010006F0000009C000008E200096
:100A500006F2000008700000000000000B8000009B
:100A60000C900000006CEFDA4000003DA41016D995
:100A70000001E509EE98CA900A80BD43AFC0D30FCC
:100A800013F2000CC0693C06D00007C03B4B06D0F7
:100A90000007C02C3C03F2000CC04A0F10BD439E5F
:100AA000E3C50A8009EE91CF9001E5000000000047
:100AB000003DA41028000000007CEFD910000000C9
:100AC0000CF1000000003FD700000000B96E0000EC
:100AD0000002F20E50000009A007D000001F3000F5
:100AE000F400007FFFFFFB0000E733334F2005F0E9
:100AF00000000C900C90000006F18FFFFEC408E38C
:100B0000334BF28E00001F58E00018F18FFFFFF802
:100B100008E33337F68E000009C8E000009D8E33ED
:100B2000347F78FFFFFD700007CFFB4000CF966A4F
:100B3000F50AE20000301F600000004F20000000B6
:100B40004F200000001F600000000AE2000030019A
:100B5000CF966AF50007DFFB408FFFFEA4008E44AE
:100B600046CF708E000007F38E000000DA8E000082
:100B7000009D8E0000009D8E000000DA8E000007B0
:100B8000F38E4446BF708FFFFEA4008FFFFFF68EEA
:100B90004444418E0000008E0000008FFFFFC08E95
:100BA0003333208E0000008E0000008E4444428FBC
:100BB000FFFFF98FFFFFF68E4444418E0000008E48
:100BC0000000008E0000008FFFFFC08E3333208EA8
:100BD0000000008E0000008E0000000007CFFC50D7
:100BE00000CF966AF60AE20000201F600000004F66
:100BF000200000004F200000B91F600000B90AE388
:100C00000000B900CF966AF80007DFFC608E000094
:100C100008E8E000008E8E000008E8E000008E8FFB
:100C2000FFFFFFE8E333339E8E000008E8E000009A
:100C30008E8E000008E8E000008E8E8E8E8E8E8EE6
:100C40008E8E8E8E02FFFFC00444BC000009C000DF
:100C5000009C000009C000009C000009C02000BAF0
:100C60000EB58F603CFE808E00004F508E0004F663
:100C7000008E003F70008E03F800008E2EC0000032
:100C80008EECF600008FB07F30008E000AE1008EFF
:100C90000000CC008E00001EA08E0000008E000020
:100CA000008E0000008E0000008E0000008E00000C
:100CB000008E0000008E0000008E4444408FFFFF35
:100CC000F28E00000008E8F7000002FE8FF100003D
:100CD000BFE8DCA0004F9E8D2F300D87E8D09C062A
:100CE000E07E8D01E7E507E8D006FC007E8D000A76
:100CF0002007E8D00000007E8E100008E8FC00000D
:100D00008E8FF90008E8E6F6008E8E09F308E8E019
:100D10000CE18E8E001EB8E8E0003FEE8E00006F02
:100D2000E8E00000AE0007CFEB500000CF966BF973
:100D3000000AE200005F601F6000000AD04F200040
:100D40000006F04F20000006F01F6000000AD00AE5
:100D5000E200005F6000CF966BFA000007DFEB5007
:100D6000008FFFFD7008E4458FB08E00005F38E013
:100D70000001F58E00003F48E0014DD08FFFFFB22B
:100D800008E33310008E00000008E00000000007B8
:100D9000CFEB500000CF966BF9000AE200005F60D5
:100DA0001F6000000AD04F20000006F04F20000016
:100DB00005F01F6000000AD00AE200005F6001DF5A
:100DC000855AFA000008DFFC5000000001EC219475
:100DD0000000001BFFC10000000012008FFFFD702B
:100DE00008E4458FB08E00005F38E00001F58E000A
:100DF000003F38E0014DD08FFFFFC208E333DA0037
:100E00008E0002F608E00005F3019EFDA200CE640C
:100E10006B702F40000001F800000006FD950000F7
:100E2000016AEE500000009F00200005F13FA54739
:100E3000EB004BEFE910FFFFFFFF2444BD444000EF
:100E400009C00000009C00000009C00000009C00D8
:100E5000000009C00000009C00000009C000000064
:100E60009C00009C00000BA9C00000BA9C00000B75
:100E7000A9C00000BA9C00000BA9C00000BA8E00F7
:100E8000000D94F40003F50CF868FD0009EFE9107B
:100E90000CB000000AC05F200001F500E900008EE0
:100EA0000008F0000E70001F6005F10000AD00C9E1
:100EB000000003F43F3000000CBAC00000005FF5F2
:100EC00000000000EE00006F10000DB00002F21FE5
:100ED00060003FF10008D00BB0008BE6000D7006FB
:100EE000F000E69B002F2001F503F14F108D00006C
:100EF000CA09B00E60D800006F0E6009B2F300009E
:100F00001F9F1004F9D000000CFB0000EF800000D0
:100F100007F600009F30003F50000DA008F2009D32
:100F20000000CC04F300002F9E70000006FC0000BF
:100F30000009FE1000004F4DB00001E802F7000B61
:100F4000D0007F207F20000BD00CB000009C002F31
:100F500050002F30009E000C900000E805F10000CA
:100F600005F3E60000000CFD000000003F4000001B
:100F70000002F3000000002F3000000002F3000028
:100F80004FFFFFFF9144444AF3000003F6000001C5
:100F9000EA000000CC0000009E1000006F4000003E
:100FA0003F7000001ED4444436FFFFFFFC8FF68DD7
:100FB000318D008D008D008D008D008D008D008D98
:100FC000008D008D008D318FF65D000000F2000075
:100FD0000B8000006D000001F200000B8000006D2E
:100FE000000001F200000B7000006D000001F20033
:100FF000000B7000006D000001F2BFF325F302F357
:1010000002F302F302F302F302F302F302F302F338
:1010100002F325F3BFF300AD00001EC4000885A055
:1010200000E20E105B00970B5002E0EEEEEEE00BDC
:10103000C00009B004CFEA100B745DB0000004F0EA
:1010400004CEEEF21F8214F24F1004F21F703DF234
:1010500004DFD7F2BA000000BA000000BA000000B6
:10106000BA8EFC30BFD54BF3BE1000CABA00007E6A
:10107000BA00007EBE1000CABFD55BF3B98EFC304B
:10108000007DFD6009F748F42F5000205F0000004C
:101090005F0000002F50002009F748F4007DFD603C
:1010A0000000001F40000001F40000001F4008EF96
:1010B000C4F40AF748FF42F50007F45F00002F452B
:1010C000F00001F42F50006F40AE637EF4008EFC00
:1010D0004F40008EFC400AD538F42F20008C5FEE84
:1010E000EEFF5F2111112F70001009F846E4007D1A
:1010F000FE80009EE305F44108C000CFFFF029D335
:101100002008D00008D00008D00008D00008D00087
:1011100008D000007EFC4E60AF747FF62F50005F59
:1011200065F00000F65F00000F62F60006F609F7B2
:1011300047FF5007EFC4F50000003F20CB646EB0BE
:1011400003AEFD8000BA000000BA000000BA000043
:1011500000BA8EFB20BFC56DD0BE0003F2BA0000FE
:10116000F4BA0000F5BA0000F5BA0000F5BA0000C4
:10117000F5BAA800BABABABABABABABA000AB0008E
:101180009900000000AB000AB000AB000AB000AB51
:10119000000AB000AB000AB000AA064E71DFA0BA88
:1011A000000000BA000000BA000000BA001CC0BA7B
:1011B00001CC00BA1CD100BBCF6000BFDBE100BD99
:1011C00011DC00BA003F70BA0007F3BABABABABA73
:1011D000BABABABABABAB99EFA15DFD40BFB45ED62
:1011E000E64AF2BE0006F6000E7BA0004F2000C9C2
:1011F000BA0003F1000C9BA0003F1000C9BA000325
:10120000F1000C9BA0003F1000C9B99EFB20BFB4A9
:101210005DD0BE0003F2BA0000F4BA0000F5BA00D7
:1012200000F5BA0000F5BA0000F5007DFD60009FF2
:10123000748F702F50007F05F00001F35F00002FC6
:1012400032F50007F009F748F70007DFD600B98E3E
:10125000FC30BFC43AF3BE1000CABA00007EBA0028
:10126000007EBE1000CABFD55BF3BA7EFC30BA0068
:101270000000BA000000BA000000008EFC3F40AF42
:10128000748EF42F50007F45F00001F45F00002FB2
:1012900042F50007F40AF748FF4008EFC4F40000E5
:1012A000001F40000001F40000001F40B98E4BFDFC
:1012B00071BE100BB000BA000BA000BA000BA0006A
:1012C00005DFEA13F735A06F000001EE9610016A02
:1012D000EF300000D96C646F62AEFD7008D000087A
:1012E000D000CFFFF029D32008D00008D00008D0CC
:1012F0000008D00005F551009FE3C80002F3C800C4
:1013000002F3C80002F3C80002F3C90003F3AB0004
:1013100007F35F837EF306DFC5F30D90000AA06E2E
:101320000001F300F5007D0009C00E60003F24F0CD
:101330000000C8B9000006FF3000000FC000C80060
:1013400006F1000D56D000CF6003F01F302F9C0037
:101350009A00B807B2F10E4005E0D60C74E0000F19
:101360006F007C990000AFA001FF400005F4000B66
:10137000E0004F3007E109D02F4000D9D900003FED
:10138000D000004FE10001E7BB000BB01E707E10E3
:1013900005F30D90000AA06F0001F300F6007D0038
:1013A00009C00D60002F34F00000C9A9000005FF3E
:1013B0002000000EC0000000E5000094AD00001BFE
:1013C000FC2000005FFFFFA13337F40001E70000BD
:1013D000CB00008E10004F40001EA33326FFFFFC01
:1013E000006EA00F9201F4001F4001F4003F303F57
:1013F000C0006F3001F4001F4001F4001F4000FAEC
:101400002005EA8B8B8B8B8B8B8B8B8B8B8B8B8BBE
:101410008BBE5002AE0005F0005F0005F0004F10DB
:1014200000DF104F5005F0005F0005F0005F002A5C
:10143000E00BE40007EC40B41E25DFC00100000013
:1014400004CC302B01C05700932B01C005CC3006D3
:10145000A10FF60BE20000000000000000000000F9
:1014600000027BFB000000049DFFFFD00003AFFFE4
:10147000FFFFFD0000AFFFFFFFDFD0000AFFFFB658
:1014800010ED0000AF9400000ED0000AF100000043
:10149000ED0000AF1000000ED0000AF1000045FD85
:1014A0000000AF1001EFFFD0179DF1005FFFFC0EB1
:1014B000FFFF1000AFFD31FFFFE00000010003BDA2
:1014C000A3000000000050188888888405FABFDD5A
:1014D000DDDDFDAFE47F100000CA4EE04F100000DC
:1014E000C80EFEEF100000CFEFE03FEEEEEEF80E7C
:1014F000F68F766666EB6FF8AF100000CC8FE03F9A
:10150000100000C80EFCDF655555EECFC25FFFFF2F
:10151000FFF92C57750577777775FFFF1FFFFFFFE2
:10152000FFFFFF2FFFFFFFFFEFFF0EFFFFFFFE019B
:10153000100011111110EFFE0EFFFFFFFEFFFF2F35
:10154000FFFFFFFFFFFF1FFFFFFFFF688707888880
:10155000888668870788888886FFFF1FFFFFFFFF50
:10156000FFFF2FFFFFFFFFDFFD0DFFFFFFFD00006F
:10157000000000015000000000001DF80000000005
:1015800001DFFD000000001DFFE22D600001DFFE15
:1015900020DFF7001DFFE2008FFF71DFFE20000853
:1015A000FFFEFFE20000008FFFFE2000000008FFAA
:1015B000E200000000007D200000000000000000AC
:1015C0007F60000BE2EFF600BFF84FFF6BFFD10426
:1015D000FFFFFD10005FFFE10000BFFFF6000BFF03
:1015E000DFFF60BFFD14FFF5CFD1004FF6171000ED
:1015F000036000000011000000000000FF00000078
:10160000006F21FF12F70006FF61FF16FF601FF950
:1016100001FF109FF16FE001FF100EF6AF8001FF98
:101620001008FACF6001FF1006FCAF8000AA000886
:10163000FB7FD00000000DF71FF80000008FF107BE
:10164000FF91002AFF70009FFFEEFFF9000005CF19
:10165000FFFD5000000002442000000000000000D8
:10166000000000000AFFA0000000000CFFC0000006
:1016700003D6DFFFFD6D300EFFFFFFFFFFE05FFFD2
:10168000FFAAFFFFF51AFFF4004FFFA103FFD000F0
:101690000DFF3004FFF0000FFF404FFFFB22BFFFA4
:1016A000F42FFFFFFFFFFFF209FEFFFFFFEF9000A7
:1016B000505EFFE5050000000CFFC00000000004C4
:1016C0007740000000000003100341000000009F6D
:1016D000F50DF50000001BFDFF8DF5000002DFB1E8
:1016E0002DFFF500004FF83EC2BFF50007FF55FF84
:1016F000FE39FE409FE38FFFFFF56FF6AC2AFFFF38
:10170000FFFF73E6005FFFFFFFFFF100006FFFD7F1
:101710007FFFF200006FFF900DFFF200006FFF905F
:101720000DFFF200004FFF700BFFE10000000033DF
:1017300000000000000BFFB0000000000CFFC00024
:101740000000000CFFC0000000000CFFC000000003
:10175000000CFFC00000008FFFFFFFF800002EFF0D
:10176000FFFFE2000002EFFFFE200000002DFFE27D
:101770000000799982DE289997FFFFFB22BFFFFFC7
:10178000FFFFFFFFFFFFFFFFFFFFFFFAB3CFACCC70
:10179000CCCCCCCCCA0006BBBBBBBA3000004FFFE0
:1017A000FFFFFFE10000EF30000006FB0009F8003A
:1017B000000000CF504FD0000000002FE1DF844236
:1017C0000000344BF9FFFFFD0001FFFFFBFFFFFFAF
:1017D000988BFFFFFCFFFFFFFFFFFFFFFCFFFFFFFA
:1017E000FFFFFFFFFB9FFFFFFFFFFFFFF600000073
:1017F0000000003300018DFFC600EF004EFFFFFF29
:10180000E4DF04FFB3004CFFFF0EF90000008FFF80
:101810006FC00001FFFFFF8E500001DEEEED000003
:10182000000000000022222200000021FFFFFF1024
:101830000008F8FFFBBC10001EF4FFFC100001DFE5
:10184000C0FEEFE8448EFE10FE1AFFFFFFC100FD50
:101850000028BB940000000002700002EF0002EFBD
:10186000FDFFFFFFFFFFFFFFFFFFFFFFFFFFFFFF8A
:10187000FFFF3447FFF00005FF000005C000000037
:101880000000027000000002EF00000002EFF00014
:101890000DFFFFFF0220FFFFFFF08E1FFFFFFF0085
:1018A000E7FFFFFFF03F5FFFFFFF08903447FFF0C7
:1018B00000000005FF0000000005C000000000005F
:1018C000000000000000000770000000027000052A
:1018D000FA0000002EF000814F600002EFF001DD01
:1018E00007F0DFFFFFF0321E80F6FFFFFFF08E27CC
:1018F000E0B9FFFFFFF00E73F19BFFFFFFF03F54D5
:10190000F09AFFFFFFF0890AC0D83447FFF0007F4C
:1019100043F300005FF002F60CB0000005C00000C9
:10192000BF10000000000009E300000000000002FA
:10193000100037888888888873EFFFFFFFFFFFFE5D
:10194000FE32DFFFFFFFFFF9007FFFFDFFFFFD100D
:10195000CFFFA07FFFFFFFFFFA0007FFFFF35FA0AD
:101960000000CFFF3003000000CFFC0000000000AB
:10197000CFFFCCCCCCCCCCFFAFFFFFFFFFFFF900FB
:10198000002000000001FA00000006FF1000000D1A
:10199000FF7000006FFFF10001EFFFFA000BFFFF87
:1019A000FF605FFFFFFFE0CFFFFFFFF6FEBFFFFF1F
:1019B000F9FD4FFFFFF9BF49FFFFF53FE52EFFD0CF
:1019C00006FFFFFD200028BA600004300000311F30
:1019D000E00006F91FE0007FFA1FE009FFFA1FE0B0
:1019E000AFFFFA1FEBFFFFFA1FFFFFFFFA1FFFFF1A
:1019F000FFFA1FE6FFFFFA1FE05FFFFA1FE004FF98
:101A0000FA1FE0003EFA0FD00002D70000000000ED
:101A10000200000000000CFB2000000000FFFF900F
:101A20000000000FFFFFE6000000FFFFFFFC30009A
:101A30000FFFFFFFFF9100FFFFFFFFFFE60FFFFF1C
:101A4000FFFFFFF2FFFFFFFFFFFD0FFFFFFFFFF8AC
:101A500000FFFFFFFFB2000FFFFFFD400000FFFF90
:101A6000F70000000FFFA1000000006A4000000026
:101A700000001444200144420DFFFF10DFFFF1FF7E
:101A8000FFF30FFFFF3FFFFF40FFFFF4FFFFF40FE7
:101A9000FFFF4FFFFF40FFFFF4FFFFF40FFFFF4F7B
:101AA000FFFF40FFFFF4FFFFF40FFFFF4FFFFF407A
:101AB000FFFFF4FFFFF40FFFFF4FFFFF30FFFFF3C7
:101AC0009FFFC009FFFC001444444444420DFFFF43
:101AD000FFFFFFF1FFFFFFFFFFFF3FFFFFFFFFFFE4
:101AE000F4FFFFFFFFFFFF4FFFFFFFFFFFF4FFFFCC
:101AF000FFFFFFFF4FFFFFFFFFFFF4FFFFFFFFFFB1
:101B0000FF4FFFFFFFFFFFF4FFFFFFFFFFFF4FFF50
:101B1000FFFFFFFFF39FFFFFFFFFFC00021000002D
:101B2000420FE20003FB0FFE3004FB0FFFF404FB47
:101B30000FFFFF54FB0FFFFFFAFB0FFFFFFFFB0F31
:101B4000FFFFFFFB0FFFFFD6FB0FFFFD14FB0FFF97
:101B5000C104FB0FFB0004FB0CA00003FA00000013
:101B6000000000000012000000000003FF60000001
:101B700000002EFFF500000001EFFFFF4000001DF8
:101B8000FFFFFFF30000CFFFFFFFFE200AFFFFFF74
:101B9000FFFFE00EFFFFFFFFFFF20399999999996C
:101BA00050058888888888700FFFFFFFFFFFF30FBC
:101BB000FFFFFFFFFFF40BFFFFFFFFFFD10000005F
:101BC000000000003F9000003FFC00003FFD1000BF
:101BD0003FFD10003FFD10001FFD100000CFF4007E
:101BE0000000CFF4000000CFF4000000CFF40000AC
:101BF00000CFE0000000A4000000000000CD1000B5
:101C0000001FFD1000003FFD1000003FFD10000010
:101C10003FFD1000003FFD000008FF900008FF900E
:101C20000008FF900008FF900002FF90000007806E
:101C3000000000000004500000000002FF600000EF
:101C400000003FF70000000003FF70000000003FAD
:101C5000F7000006999AFFC99980FFFFFFFFFFFF79
:101C60003DFFFFFFFFFFF201113FF71110000003DE
:101C7000FF70000000003FF70000000003FF70004D
:101C80000000000CD30000006999999999980FFF02
:101C9000FFFFFFFFF3DFFFFFFFFFFF20000000005B
:101CA000000000000156640000000003BFFEEFF9D1
:101CB0001000007FFA1003DFE40008FFA009B41E43
:101CC000FF504FFF200BFF26FFE1EFFF09CFFF631F
:101CD000FFFABFFF09FFFF54FFF61EFF51DFFB09AC
:101CE000FFB003EFE204305FFC10002CFF956AFFA9
:101CF0009000000049DFFD9200000000000000009D
:101D0000000000CD20000000000000008FF500144E
:101D1000664000000004EFACFFEFFF910000001CE4
:101D2000FFA1004DFE300000009FF5AB31EFF40045
:101D300007B105FFFFE17FFE100FFE302DFFF54FCD
:101D4000FF900CFFE000AFF65FFF6002FFF40006BB
:101D5000FFEFFB00004FFD10003EFFC0000002DF60
:101D6000E85401BFE300000005AEFF6007FF60001C
:101D70000000000000004EF600000000000000011E
:101D8000A10000000000000000000000003ED000A4
:101D900000000000000CFF80000000000006FFFFB4
:101DA000200000000000EFFFFB00000000008FFC9F
:101DB000CFF4000000002FFB00FFD00000000BFF5D
:101DC000C00FFF70000004FFFD01FFFF100000DFE7
:101DD000FFE02FFFFA00007FFFFF9BFFFFF3001FD4
:101DE000FFFFB00EFFFFC00AFFFFFE24FFFFFF60F2
:101DF000FFFFFFFFFFFFFFFA06CCCCCCCCCCCCCB57
:101E0000300000000000360000000000007F80DD90
:101E1000DB00008DEFF8FFFFB007FFFFFD556FF40B
:101E20006FF8AFE2000574FF907E2000003FFA00DB
:101E300000000002EFB2504A00012EFD1DF48FB0E9
:101E4000FFFFD10BFFFFFBFFFE2000CFFFFB1221A6
:101E50000000029FC000000000005B00000007A01F
:101E60000000000008FFB000000008FFFFB0000005
:101E700008FF95FFB00008FF9005FFB007FF900036
:101E800005FFB09F90000005FD004000000003101A
:101E90004C20000000B60BFE200000CFF02EFE20EC
:101EA00000CFF4002EFE20CFF400002EFECFF40071
:101EB00000002EFFF4000000002EF40000000000DF
:101EC0001300000000083000000000000000BFF315
:101ED00008BBBBBB90000BFFFF39FFFFFFF1008F7A
:101EE000CFCFF000000AF100382F948000000AF1F3
:101EF00000002F900000000AF100002F9000000366
:101F00000AF130002F9000001FCBF8F8002FEBBB38
:101F1000BB39FFFFE2001FFFFFFFB09FFD20000065
:101F20000000000008D10037888700000000EFFFA4
:101F3000FFA0000000FFFFFFFDCCCCB6FFFFFFFFBE
:101F4000FFFFFFFFFFFFFFFFFFFFFFFFFFFFFFFFA1
:101F5000FFFFFFFFFFFFFFFFFFFFFFFFFFFFFFFF91
:101F6000FFFFFFFFFFFFFFFFFFFFFFFFFFAFFFFFD1
:101F7000FFFFFFF900000000000000000001DD107D
:101F8000000000001DFFD100000001DFFFFD100078
:101F9000001DFFFFFFD100009FFFFFFFF9000001C0
:101FA0001CFFC1100000000CFFC0000000000CFF6F
:101FB000C0000000000CFFC0000079993BFFB399FE
:101FC00097FFFFB2442BFFFFFFFFFEDDEFFFFFFF98
:101FD000FFFFFFFAB3CFACCCCCCCCCCCCA00000016
:101FE00000000200000000000004FFC70000000025
:101FF00000AFFFF0000000001FFFFD000000000622
:10200000FFFFC00000000008FFF700000000000C08
:10201000FF300000000004FFC00000000001EFF3EB
:1020200000004A3002DFF80005DFFE15EFFB00007C
:10203000EFFFFFFFFA00000BFFFFFFF70000007F3C
:10204000FFFFA200000002BA850000000000048625
:102050000000001006FFFA0002DFD1EF3CF101DFC3
:10206000FA0EE0AF21DFFA009FEFF6DFFA00008DF5
:10207000FFFFFB00000006FFFD00000048EFFFF639
:1020800000006FFFFBFFF6000EF3CF23FFF600EE1C
:102090000AF204FFF609FEFC0004FFF108DA100062
:1020A00002620000000000000000006FFFF98700DE
:1020B0000008FFFF98F708A68FFFF95990FFA8FFC7
:1020C000FFFCCC0FFA8FFFFFFFF1FFA8FFFFFFFF20
:1020D0001FFA8FFFFFFFF1FFA8FFFFFFFF1FFA8F1F
:1020E000FFFFFFF1FFA8FFFFFFFF1FFA7FFFFFFFCA
:1020F000F0FFE3122222210FFFFFFFF90000ACCC1A
:10210000CCCB5000004999999995000EFFFFFFFF35
:10211000F600FD2222224FF60FC0000001FFF3FC63
:102120000000001FFF6FC0000002FFF6FFFFFFFF6F
:10213000FFFF6FFFFFDCFFFFF6FFFFB005FFFF6F44
:10214000FFF6000FFFF6FFFFC006FFFF6FFFFFED7A
:10215000FFFFF69FFFFFFFFFFD10CDDDDDDDDDDDC5
:102160002FFFFFFFFFFFF312222222222200000096
:10217000000000000000000000000FFFFFFFFFFF55
:10218000F3DEEEEEEEEEEE200000000000000000B8
:10219000000000000DEEEEEEEEEEE2FFFFFFFFFFAF
:1021A000FF3000000000000037888888888873EFBF
:1021B000FFFFFFFFFFFEEFFFFFFFFFFFFE1CFFFF24
:1021C000FFFFFFC1D28FFFFFFFF82DFF64EFFFFE7F
:1021D00045FFFFFA2BFFB2AFFFFFFFD3553DFFFFD7
:1021E000FFFFFFBBFFFFFFFFFFFFFFFFFFFFAFFF93
:1021F000FFFFFFFFF9000000000001FFFFF00004F7
:10220000FFFFD00006FFFF800008FFFF30000AFF3D
:10221000FFAAA60CFFFFFFF80EFFFFFFE10BDDDFBB
:10222000FF6000004FFD0000007FF3000000BFA032
:10223000000000FF10000003F800000003C00000D1
:102240000000200000000455EFB5520000FFFD1F04
:10225000FFB0000FFFFFFFFC0000FFFF5333200023
:102260000FFF97FFFB5700FFF8AFFFC6F80FFF8A7D
:10227000FFFC4AA1FFF8AFFFE3220FFF8AFFFFFF39
:10228000F4FFF8AFFFFFFF4FFF8AFFFFFFF4355267
:10229000AFFFFFFF40000AFFFFFFF400007FFFFFDA
:1022A000FE20000001100000000000AF0000000050
:1022B000018FFA30000002EFFFFF500000BFFFFF68
:1022C000FF10001FFFFFFFF50003FFFFFFFF70007F
:1022D0005FFFFFFFF90008FFFFFFFFC000DFFFFF08
:1022E000FFFF209FFFFFFFFFFD0EFFFFFFFFFFF23D
:1022F000022222222221000008FFC0000000000963
:10230000A20000005BBBBBBBBBBBBBA3FFFFFFFFCF
:10231000FFFFFFFBFC0C30E11D0D11FCFC0B30E05E
:102320001D0D10FCFFFEFFEFFEFEEFFCFFF15A0853
:1023300070A05FFCFFF37B2992C27FFCFFBFCBBB89
:10234000BBBFCBFCFC0B2000000D00FCFFCFCCCCB6
:10235000CCCFCCFB9FFFFFFFFFFFFFF6000000008C
:1023600000000200000000000005DFB000000000D7
:1023700007EFFFD000000018FFFFFF70000029FFEB
:10238000FFFFFF00003BFFFFFFFFF8000AFFFFFF1A
:10239000FFFFF1000FFFFFFFFFFFA000049AAAAFAD
:1023A000FFFF20000000000EFFFB00000000000EF9
:1023B000FFF400000000000EFFC000000000000E4F
:1023C000FF5000000000000DFD00000000000004B0
:1023D000B300000035555502000FFFFFF2F400FF77
:1023E000FFFF2FF40FFFFFF2FFF3FFFFFF32221F6B
:1023F000FFFFFFFFF7FFFFFFFFFF8FFFFFFFFFF86C
:10240000FFFFFFFFFF8FFFFFFFFFF8FFFFFFFFFF53
:102410008FFFFFFFFFF8FFFFFFFFFF8FFFFFFFFFB3
:10242000F88AAAAAAAAA30000000245531000000A8
:102430000003AFFFFFFFC7000002BFFFFEDEFFFF8C
:10244000F6005FFFB51000038EFFB0DFD300000081
:1024500000008FF5180005AEFEC81004600002DF12
:10246000FFFFFFF80000000CFF95347DFF400000E7
:1024700002A20000007700000000000296000000A9
:10248000000000000DFF500000000000000EFF6083
:1024900000000000000005DA000000005BBBBBBBD1
:1024A000BBBBBBBA20FFFFFFFFFFFFFFFF90FC128B
:1024B00022222222220FF7FC5FFFFFFFFFFF2CFAF0
:1024C000FC5FFFFFFFFFFF21FAFC5FFFFFFFFFFF45
:1024D00027FAFC2666666666661FFAFEBBBBBBBBB8
:1024E000BBBBBFB1AFFFFFFFFFFFFFFF500000000E
:1024F0000000000000005BBBBBBBBBBBBBBA20FF46
:10250000FFFFFFFFFFFFFF90FC1222222221000F9E
:10251000F7FC5FFFFFFFF8000CFAFC5FFFFFFFF81E
:102520000001FAFC5FFFFFFFF80007FAFC26666671
:102530006663000FFAFEBBBBBBBBBBBBBFB1AFFF4B
:10254000FFFFFFFFFFFF5000000000000000000041
:102550005BBBBBBBBBBBBBBA20FFFFFFFFFFFFFFEB
:10256000FF90FC1222221000000FF7FC5FFFFFD04B
:1025700000000CFAFC5FFFFFD0000001FAFC5FFFD7
:10258000FFD0000007FAFC2666665000000FFAFE36
:10259000BBBBBBBBBBBBBFB1AFFFFFFFFFFFFFFFC1
:1025A000500000000000000000005BBBBBBBBBBBD9
:1025B000BBBA20FFFFFFFFFFFFFFFF90FC122200CE
:1025C0000000000FF7FC5FFF300000000CFAFC5F1A
:1025D000FF3000000001FAFC5FFF3000000007FA46
:1025E000FC2666100000000FFAFEBBBBBBBBBBBBEA
:1025F000BFB1AFFFFFFFFFFFFFFF50000000000073
:10260000000000005BBBBBBBBBBBBBBA20FFFFFF36
:10261000FFFFFFFFFF90FC0000000000000FF7FC31
:102620000000000000000CFAFC00000000000001A7
:10263000FAFC00000000000007FAFC0000000000A7
:10264000000FFAFEBBBBBBBBBBBBBFB1AFFFFFFF05
:10265000FFFFFFFF5000000000000000000000002E
:10266000000007B20000000000000ADFFA000000CE
:10267000000000A93DF5000000044002E000100049
:102680000000AFF80B600000006C30FFFFFFFFFFA1
:10269000FFFFFFF4AFF9000C5000006D4005500043
:1026A00004C00000100000000000C43EE80000006C
:1026B0000000002EEFFA000000000000004FFA00BA
:1026C00000000000000000000000000001100000F9
:1026D0000007EFFFB30000AFFD8FFF2004FFFD09EF
:1026E000FFB00AFEFD12AFF00EF55D2C0EF30FFFEA
:1026F00033129FF50FFFF307FFF60FFFE206FFF619
:102700000FFE24137FF50DF57D2C0DF30AFFFD114F
:10271000BFF003FFFE0BFFA0007FFEBFFE10000313
:10272000ACDC810000003443000005667FFFF966E1
:1027300050FFFFFFFFFFFF356666666666501CCCE4
:10274000CCCCCCC402FFFFFFFFFF602FF3FB7F6DFB
:10275000F602FF2FB7F5DF602FF2FB7F5DF602FF79
:102760002FB7F5DF602FF2FB7F5DF602FF2FB7F585
:10277000DF602FF3FB7F6DF601FFFFFFFFFF5007C8
:10278000BCCCCCCC90000000000000012000000078
:10279000000004FF500000000002FFFF5000000096
:1027A0000439FFFE00000004FF39FFA0000004FF11
:1027B000FF39B0000004FFFFFF20000004FFFFFF0F
:1027C000B0000004FFFFFFB0000004FFFFFFB000F7
:1027D0000004FFFFFFB0000000BFFFFFB0000000DB
:1027E0000DFFFFB000000000FFFFB0000000000977
:1027F000A8600000000000000017888888888740D3
:102800000002EFFFFFFFFFFFF4003EFFFFCFFFCF0F
:10281000FFF703EFFFF908F809FFF83EFFFFFE207E
:10282000402EFFF8DFFFFFFFE101EFFFF89FFFFF02
:10283000FF80008FFFF809FFFFF902C209FFF800CF
:102840009FFFFE4EFE4EFFF80009FFFFFFFFFFFF58
:10285000F700008FFFFFFFFFFFC100000000000036
:1028600003EFFFFFE203FBFBCEBFA4FF1D03A1FAB2
:10287000FFF1D03A1FAFFFFFFFFFFAFFFFFFFFFF9F
:10288000AFFFFFFFFFFAFFFFFFFFFFAFFFFFFFFFFD
:10289000FAFFFFFFFFFFAFFFFFFFFFFAFFFFFFFFA2
:1028A000FFADFFFFFFFFF829AAAAAAA800000000B9
:1028B0000000000300000000000004F100082000F8
:1028C0000001FF100BF70000002FF10CFF944444AF
:1028D00045FF1BFFFFFFFFFFFFF18FFFFFFFFFFF24
:1028E000FD007FF70000000000006F6000000000A6
:1028F00000003000000000000000000000000000A8
:102900000000C003000000000000C003030A000034
:102910000F008005050500051C00D0090A0A00000B
:102920004E00B008090F00FE9200D00B0C0A000008
:10293000CE00A0090A0B00FF0501F0020305000507
:102940000D01B004040E01FD2901C004040E00FDB8
:102950004501A005060600055701200808070002EA
:1029600073013003030500FE7B01600505030003CE
:1029700083013003030300008801F004070EFFFF0A
:10298000B9015009090A0000E6013005040A0000F7
:10299000FA011008080A000022020008080A0000D4
:1029A0004A0260090A0A00007C021008080A0000B6
:1029B000A402A008090A0000D1026008080A000069
:1029C000F9020009090A00002603A008080A00000D
:1029D0004E033003030800005A033003030B00FDCD
:1029E0006B032008080800018B032008080600027A
:1029F000A303200808080001C3030008080A000018
:102A0000EB03800E0E0D00FD4604400A0C0AFF0089
:102A10008204A00A090A0100AF04200A0A0A000081
:102A2000E104900B0A0A010013056009080A01007D
:102A30003B05E008080A01006305D00A0A0A000005
:102A40009505600B090A0100C2055004020A010045
:102A5000CC053007070AFF00EF05100A0A0A01003B
:102A600021065008080A01004906600D0B0A010002
:102A70008006600B090A0100AD06C00B0C0A0000BD
:102A8000E906200A090A01001607C00B0C0D00FD1B
:102A90006407300A090A01009107B008090A00001A
:102AA000BE073008090A0000EB07100B090A0100F5
:102AB0001808F0090B0AFF004F08C00F100A0000A9
:102AC0009F0870090A0A0000D10810090B0AFF00CC
:102AD00008093009090A00003509B004040E01FD97
:102AE0005109F004070EFFFF8209B004040E00FD37
:102AF0009E09300807060102B3090007070100FF1D
:102B0000B709600805020109BC096008080800004F
:102B1000DC099009080B0100080A000808080000F9
:102B2000280A9009090B00005A0A900808080000BA
:102B30007A0AF004060B00009B0AB009090B00FD9D
:102B4000CD0A9009080B0100F90AE003020B01000D
:102B5000040B0004050EFEFD270BA008080B010066
:102B6000530BE003020B01005E0BD00E0D080100B9
:102B7000920B900908080100B20BE0080908000058
:102B8000D60B9009080B01FD020C9009090B00FD02
:102B9000340CC00505080100480C000707080000B8
:102BA000640CD005060A0000820C800908080100A8
:102BB000A20CD0070908FF00C60C900C0D080000FD
:102BC000FA0CC007080800001A0DD007090BFFFD1A
:102BD0004C0D500707080000680DF004050E00FDBD
:102BE0008B0D3004020E01FD990DF004050E00FD61
:102BF000BC0D200808030003C80DE005060500060B
:102C0000D70D600404030003DD0D000E0F0FFFFE5F
:102C10004E0E000E0E0B00009B0E000E0E0D00FF60
:102C2000F60E000E0E0B0000430FA0090A0B000069
:102C30007A0F000E0E0F00FEE30F000E0E0F00FEC7
:102C40004C10C00F100D00FFB410000E0E0F00FE50
:102C50001D11C00F100B00007511000E0E0F00FEAD
:102C6000DE110007070C00FF0812800A0B0C00FFA2
:102C70004A12C00F100E00FEBA12000E0E0B00001A
:102C80000713A0090A0F00FE5213400C0A0E01FEA2
:102C90009813400C0D0F00FEFA13400C0D0D00FFB1
:102CA0004F14400C0D0D00FFA414400C0A0E01FE41
:102CB000EA14400C0E0DFFFF4515C008090D00FF7A
:102CC0008015C008090D00FFBB15400C0D0D00FF5D
:102CD0001016400C0D0400032A16C00F100B000044
:102CE00082168011120F00FE0917C00F110FFFFE90
:102CF0008917000E0E0D00FFE417400C0D080001AF
:102D00001818400C0D0800014C188011120B00001F
:102D1000AF18000E0E0B0000FC18000E0E0F00FE88
:102D20006519000E0F0FFFFED619400C0D0D00FFA8
:102D30002B1A400C0D0F00FE8D1A400C0D0D00FFDC
:102D4000E21A400C0D0C00FF301B000E0E0B0000B1
:102D50007D1BC0080A0FFFFEC81B400C0D0F00FEB4
:102D60002A1C400C0D0F00FE8C1CC00F100B000025
:102D7000E41C000E100FFFFE5C1D800A0B0F00FE0E
:102D8000AF1D8011120D00FF241E8011120A0000D9
:102D90007E1E8011120A0000D81E8011120A000047
:102DA000321F8011120A00008C1F8011120A0000CD
:102DB000E61F8011120C00FF5220400C0C0F00FE89
:102DC000AC20400C0D0F00FE0E21000E0F0FFFFE79
:102DD0007F218011120B0000E221800A0B0F00FE00
:102DE0003522100E0F0A00000000721F51EF58EF3D
:102DF0005BEF5CEF5DEF61EF63EF65EF69EF6CEF49
:102E000071EF76EF77EF78EF8EEF93EF98EF9BEF20
:102E10009CEF9DEFA1EFA2EFA3EFA4EFB7EFB8EF08
:102E2000BEEFC0EFC1EFC4EFC7EFC8EFC9EFCBEF04
:102E3000E3EFE5EF14F015F017F019F030F037F08C
:102E40003AF043F06CF074F0ABF03BF190F191F19B
:102E500092F193F194F1D7F1E3F13DF254F2AAF437
:102E600012F7F2F7200000005F00010000000000F0
:102E70000000000000000200B0000000F3F7600056
:102E8000E82D0390000000003E0003000000010256
:102E90000003040502060708090A090A0B0C000DC5
:102EA0000E0F101112130C14140000001516171831
:102EB00019161A1B1C1D1D1E1F201D1D1621222345
:102EC00003241E2525262728292A2B002C002D2EF9
:102ED0002F303132332D343435302D2D2E2E3637E0
:102EE0003839333A3A3B3A3C290000093D090000A1
:102EF00000000000000000000000000000000000D2
:102F000000000000000000000000000000000000C1
:102F100000000000000000000000000000000000B1
:102F2000000000000000000000000000010200039B
:102F3000040502060708090A090A0B0C0D0E0F10FA
:102F4000110C121314151500000016171819171973
:102F500019191719191A1919191917191719031BFA
:102F60001C1D1D1E1F20212223002400252627278B
:102F700027002726282926262A2A272A272A2B2CF3
:102F80002D2E2E2F2E3000002309310900000000C5
:102F90000000000000000000000000000000000031
:102FA0000000000000000000000000000000000021
:102FB0000000000000000000000000000000000011
:102FC0000000000000000000000100000000000000
:102FD00000010000020000000002000000000000EC
:102FE00000000000000000000000010000000000E0
:102FF000000000000000000000010A0006FB0000C5
:103000000000F4F3020B0504F7020B0109020700AC
:10301000000000000000000000000D02FE000000A3
:103020000000000000000000000400F900000000A3
:1030300000FC04040000FE00FE0200FE00FEFFFC97
:1030400000000000FE0000FDFD0000FE00FC00008E
:1030500000000000000000FEFE00FD00FA00E50098
:1030600000FC0004070000FC02020704FC0400004E
:10307000F30000000000000000000000F800000065
:103080000000000000000000000000FAFDF500F75D
:10309000FE00000000000900F9FEFF0100FC000036
:1030A000FEEF0000000000000000000000EEFE093E
:1030B000000000000000000000000000F700000019
:1030C000000000000000000700020000FC000000FB
:1030D00000000000000000000000000000000902E5
:1030E00001000000000000000000000000000000DF
:1030F00000000000000000000000000000000000D0
:103100000000000000000000F800000000000000C7
:1031100000000000000000000000000000000002AD
:10312000040207FE000004FEF9E102060400FD00AF
:10313000080007000700EB00FD070007FE0402007F
:103140000001FE0000FC1200120007000903040742
:10315000000000F80000000001FE0002FCFDFC027F
:1031600000FE000000F7000000000000000000006A
:1031700000F100000000000000000000000000005E
:103180000001F400F200000000FE0016FDFD020246
:10319000FE00FD020000F40000000000000000003E
:1031A0000000EA0002000000000000000000000033
:1031B00000F2000D0000F8000700F1EAF1FC070042
:1031C00000F10003FB00FD00000000000000000013
:1031D0000000000607E500000000000000000000FD
:1031E00000000B000200000000000202FDFC00FFD6
:1031F000FFFE0000FE000000FC00FE00FBFC00FAE9
:10320000F9F9FC00FC00FC00000000FE00000200D8
:1032100002FE000100000002FE000000FE0202FFAC
:10322000000000FC00FF0000000000010003FE00A1
:10323000FD00FC0000FE00070000FE000000000092
:10324000FF01FEFE0000FE00FE0000000000000086
:103250000000FFFF00FEFD0000000000010000FE76
:1032600000FEFEFE000000000000000000FF000065
:103270000000FEFD00FD00F9FEF9040000FC020460
:103280000600FAFFFD00FFF502FE02F40200000155
:10329000F400F4FEEDFE00F500040600030000005B
:1032A000000000FCFD00F9000000FE000000FE0030
:1032B00000000000FFFF00FFFD0000000000000014
:1032C000FEFE00FEFDFE0000FE000000000000000B
:1032D00000000000FEFE00FD00FE00FC020000FDFC
:1032E000010202000000000000FE000000000002D9
:1032F0000000FE00FEFEFD000000000000000200D5
:10330000FE00000000FEFD00FC0007FE01F90000C9
:1033100006F5F4F7FC0200FEF1FC00FC00FC03FCE7
:10332000F200FA000001FF02FE000200F9F700F5CA
:10333000FBFBFBF9FDFA00FCFA01000100FE0000B6
:10334000000200020000000000000000000000FE7B
:1033500000FF00FFFE00FCFBFBFF00F90000000087
:103360000000FE0000000001FF000000020000005D
:1033700000000000000B0000000000000200000040
:10338000FE0000000000000000000000FC00020041
:10339000000000000000000000000000FE0000002F
:1033A000FC00000000F5F9000000FDF50000FE0241
:1033B00000FA00000000000000000000FC0000FC1B
:1033C0000000000000000000000000000200FC00FF
:1033D000000000030002FCFC00FEFEFD00000000F7
:1033E0000000F900FE00FDFE00FBFAF9FE00FC0003
:1033F000F900000000120000010000FD000200F6CC
:103400000000000000EBFC0707FEF70002FD00F5DE
:10341000FFFD02F0FE030003F8FDF8F9F70000F3EA
:10342000000D0000FF000000FFFFFEFAF900EB00B6
:10343000000000000000000001000000000000008B
:10344000000000000000000000FE00FFFEFD000084
:10345000FC00FE0000000000000000000000000072
:103460000000FF00FC000004FF0300FB02FEFFFA67
:10347000FE00FDFEFE00FDFC0000FEFFFEFCFD0068
:1034800000FE0002FE00FB000000FC00FC00FCFC53
:10349000020000000000000000FC0200FD00FEFD34
:1034A000F9FEFEFEFFFEFDFF0000000000FEFEFE36
:1034B0000000000003FE00FE000000FEFDFEFEFD19
:1034C000FE000209FF00FA00FE0400FEF7FD030003
:1034D00000F5FC02FC0200FEFEF900FD010000FC0C
:1034E0000000000202FCFC00FCFEFDFEFE00FC01F0
:1034F000FCFC0700000000000000000002000000CB
:1035000000000000000000000000000000000000BB
:1035100000000000FC0000000000000000000000AF
:10352000000000000000000000000000000000009B
:10353000000000000000000000000000000000008B
:10354000FE0000000000000000000000000000007D
:103550000000000000000000000000000000FEFE6F
:10356000000000000000000000000000FD0000FD61
:103570000000FEFE00000000FE00000000FF000052
:10358000000000FE00000000FD00FC000000F9004B
:1035900002FB0400FEF50000FBFE00F7FAFA000053
:1035A000F6FEF7F7F500FA00020FFD00FBFEFFFE46
:1035B000FCFAFCF8F7FBFE0000FE00010000F0FE44
:1035C0000705FBF80001F900F5FEFE04EBFD010024
:1035D00000F1FDF4FEF00000F0000D0100FE00001F
:1035E0000000FFFEF7FE00F100000000F900FE0001
:1035F000FFFAF50000FFFDF9FE00FE00000000F6F6
:10360000FEF9F9FEFCFAFEFC00FCFEF9FD00FDFCF3
:10361000FEFC000100FEF9000400FC0000000003B5
:103620000002FC0900FEFEFD000000000000F900A1
:10363000FE00FDFE00FBFAF9FE00FC02090000009E
:1036400000120000010000FD000200000000000068
:103650000000000000000000FEFC0000000000FF71
:10366000000000FEFE0000FCFE0000FC0004FF0065
:1036700000000000000100000000030402FE00F949
:10368000FC0007F9F9FCFC090402EDFE04FE00FE53
:1036900002FEF800FE02FDFEF9FE0000070400FA3B
:1036A00000F4FD06FDF701FDF9F9FE090200FD0039
:1036B000FA000207FBF8F7FA070001F0FE02FCFE31
:1036C000FB00FBF8FDFDFE0000FBFBFE000705FE16
:1036D000F400F4FD00F8F3FFF9FCF9FA060000FD30
:1036E00000FCFE00FEFC0004F9020000F400FEFBFA
:1036F000FCFEF9FAF9FB00F9FEFBFCF9FE00000103
:103700000BFC00F9FE00FEFCFBFAFAF7FDFC0400DE
:10371000FD00F5FD0104F9F8FCF907FE01EBFC04DE
:10372000FBFCF800F9F7FDFEFEFEFBF9FF000007C9
:1037300006FEF100F3FB05F7F1FCF8F7F5F90400DC
:10374000000000FD000002FD0402FC040000F9FF7F
:1037500000FF000101FE000000000000FE0000006C
:103760000002070000FD00000000FEFEFD0000005A
:103770000102000000000200FE000900040101FD3A
:103780000004000000020000000000000000000033
:10379000000700060000000000000000000000001C
:1037A0000000F300FE04000700001603FCFC020208
:1037B000FE01F500000BF300000000000000000017
:1037C0000000F1091F0000000000000000000000E0
:1037D00000F30000000000000000000000000000F6
:1037E000000000000000000000000000FC0000FCE1
:1037F000FE000000000000000000000000000000CB
:1038000000000000FE00FA0000010000021DFCFEA6
:103810000706FA0200000202FD000000000000009E
:1038200000000000E30600000000000000000000AF
:1038300000000000000000FA000000FA0000000094
:10384000FBFF000000FB00FD00F500000000000091
:103850000000000000F10000000001000000000076
:1038600000FE0000FC00FD00FA000000FC02FD006C
:1038700000FAFEFB0000FA00FE00F500FE0000EE7C
:10388000FCF7FEF80000F100FAFF00000000000065
:103890000000FDFCFEFC00000000FB00FB03FE043A
:1038A00000FEFBFEFCFC00FDFFFE02FAFF00000034
:1038B000ECFEFD00FB00FEF5FE0000FEFE00000039
:1038C000000200FEFCFE04000000000000000000FA
:1038D00000000000000000000000000000000000E8
:1038E00000000000000000000000000000000000D8
:1038F000000003000000000000FB00FE000000FCD0
:1039000002000000FAFEFC0000FA00FE00F50000D4
:103910000000EA00FCF8F50000F100FEFD000000E8
:103920000000000000FEFDFFFD01000004FD000797
:103930000BFEFEF9030B0405FA0309030605060056
:10394000000000000000000000000E0BFCFE00FE66
:10395000120A12000000020000080000FC00000033
:10396000000000000000FE00000000000000000356
:1039700000000000EDFDFEF7F50000F10000000082
:1039800000000000000000000000000000FC00003B
:1039900000000000000000FE000000000000000029
:1039A0000300000000EDFDFEF7F50000F700000049
:1039B0000000000000000000000000000000000007
:1039C000FE000000FB0200FE020402F90000FE02FD
:1039D000000200000000FA00FEFEFC00FEF7000EF0
:1039E000FE00FBFE00FEFC00FEFAFCFD000000FCF9
:1039F000000000000000000000FE000000000000C9
:103A000000000300000000EDFDFEF7F50000F100EE
:103A100000000000000B000000000000000000009B
:103A2000FC00F9FDFE07FEFEF701FF01FEFA0005AE
:103A300000020102FBF7FD00F7FCFAF7F700FCFCBF
:103A4000FDFDFEFEFDFE00FEFF030003FE0007007D
:103A50000000000000000000000000FEFEFE00006C
:103A6000FA00FF00FC000000000000000000000061
:103A7000F30000000000000000000000FEFE00FD5A
:103A800000000000FE0000FCFE0200FCFCFE00FA4C
:103A9000FEFBFEFD00FC0000000000000000000036
:103AA00000F100070000FC00000000FD00FE000027
:103AB000FF0000FE00FB000009FDF9F90202020010
:103AC000FA020302070207FEFA0000F70000F9FA03
:103AD0000000FC00FDFC00FD00FD00FE0300FEF9FF
:103AE000FE080000FE00FC000003FB0002FE0200D6
:103AF00000F900FEFF00FE02FE000000F7FDFB00E3
:103B0000F90000F50008FE00FC000100FE00FEF9CF
:103B100000FE0200000000FE000002FD010000FDAA
:103B2000FE00FD000000000000000000000000009A
:103B300000000000F200050000FE00000000000090
:103B4000FEFE0000000400050000000000F2F3018A
:103B50000A0704F702090008000400000000000042
:103B600000000000000C0000000000000000000049
:103B70000000000000000000C82F03908C2E03906E
:103B80002A2F03903D31000078060390F828039017
:103B9000642E0390783B039010000228100200244A
:103BA000C1DB0190E1DA01901000030000FF010089
:103BB000883B0390000000000000000006F2ECE8E3
:103BC0003699D661963ABE245E05FA05B1046A4D6F
:103BD000098EE7CE47FF00FEC0FCA4FAA97AF16384
:103BE000F39C8AEA8EE3D3EC7AFE5DFF0FEA12F3D0
:103BF00076F4DAFD3DFF37AA59BB9BCCFCE53EF7D6
:103C0000B87AB993FBB43DD63EEF585B397C5B9DE7
:103C10005DC65EEF3E45BE655F96FFBE9FE7BE2D6B
:103C20001E4EBF863FB7BFE73B269C4EFD865EB764
:103C3000BFE73325B54D5886FBB69EE7CD65308688
:103C4000B4A639CFBDEF6C9EB0AE14C779DFDDF7F7
:103C50000AD72EDF73E7B8F7DCFF6BFF8EFFB3FFE9
:103C6000D8FFFCFF45FEA9FE10FF76FFDCFF24FD18
:103C7000A9FD70FE16FF9CFF88FB4CFC52FD77FEF1
:103C80005CFF6C8B4FA454BD79D65DEF937C35956A
:103C9000F8B5DBCE7EEFF7BD1CE77DEFBEF7DFFFAB
:103CA000C6E165D145C1E3B0CCD8CBC0AAA869882C
:103CB0003589F478D368B148B65975513441D2305A
:103CC000553AF331B2290F195C1CBA1B3813340A68
:103CD000DC045A04B703B3027805B40411040C03DE
:103CE0004F04CD034B0368020845673CE62BE41AFA
:103CF000887DE76C4554433346C6A5ADE49CA2835A
:103D0000C6FE05FE44FDE2F380FD00FD60FC60FBA5
:103D100060FCE0F360EB80E283F243E202DAA1B9F7
:103D2000686A065AA54924396F53CC422932872143
:103D3000AE730C630842042100003C027804B30611
:103D4000EE08280B610D990FD01106143A166C1865
:103D50009D1ACB1CF71E212148236C258E27AC29E8
:103D6000C72BDF2DF32F0332103418361C381C3AC2
:103D7000173C0E3EFF3FEC41D443B64593476A499A
:103D80003C4B084DCD4E8D504652F953A5554B57DF
:103D9000EA58825A135C9C5D1F5F9A600D627963DA
:103DA000DD6439668D67D9681D6A596B8C6CB76D97
:103DB000D96EF36F04710C720B730174EE74D275CB
:103DC000AD767F7747780679BB79677A0A7BA27BE5
:103DD000327CB77C337DA57D0D7E6C7EC07E0B7FF3
:103DE0004B7F827FAF7FD27FEB7FFA7FFF7F000028
:103DF000000000000004040404040404040404009B
:103E00000000000006060606060605000000000089
:103E100000000000000000000000000002000000A0
:103E20000000000000000400000200020200000088
:103E30000000000002020202000200000002000076
:103E40000000000002000000000101050505010559
:103E50000000000000100101000000001002020C30
:103E60000C1212000000000058FE0290EF76019044
:103E70000000000000000000217901900000000017
:103E80004104000058FE02906D820190BB820190B7
:103E900000000000D982019004010D00000600001E
:103EA00058FE02903F8501900000000000000000D5
:103EB00000000000D127D1274402000058FE0290E4
:103EC000D985019015860190000000002D86019093
:103ED000040182008503000058FE02907D95019048
:103EE000B59501900000000081970190D127D1275E
:103EF000C402000058FE029075D301900DD40190C9
:103F00000000000031D401908200D1270504000098
:103F100058FE02907DD90190AFD9019000000000B9
:103F2000BDD50190000000008002000058FE029004
:103F30004DE4019083EC019000000000ADEC019095
:103F4000D127D127C003000058FE029045F501900B
:103F5000B9F5019000000000FDF50190D127D127AF
:103F6000C004000058FE02903D06029000000000D0
:103F70000000000051060290D127D127C0020000A6
:103F800058FE0290815502900000000000000000E1
:103F9000F9550290D1278200C5020000483F0390E6
:103FA00000000000000000000000000061570290C7
:103FB00000000000C0040000843E039019590290E4
:103FC0000000000000000000715902900000000095
:103FD0008507000058FE0290B3690290DB690290E9
:103FE00000000000E569029034001E008402000019
:103FF00058FE0290416B02907D6B02900000000021
:10400000DD6B0290D127D1278503000058FE029076
:104010003D7202904F74029000000000797402908B
:1040200004018200440600004755495461736B0047
:10403000646D6132644D7574657800004F464600CA
:104040004F4E00004C65645461736B005361000077
:1040500057650000546800004D6F00004672000074
:1040600053750000547500004A756E65000000002D
:104070004D61726368000000417072696C0000005D
:10408000446563656D62657200000000536570747D
:10409000656D6265720000004E6F76656D626572D7
:1040A000000000004F63746F6265720041756775B0
:1040B000737400004D6179004A756C79000000004E
:1040C0004A616E75617279004665627275617279D6
:1040D00000000000323032330A323032320A3230DD
:1040E00032310A323032300A323031390A3230312C
:1040F000380A323031370A323031360A323031350F
:104100000A323031340A323031330A323031320A35
:10411000323031310A323031300A323030390A32FD
:104120003030380A323030370A323030360A3230E6
:1041300030350A323030340A323030330A323030DF
:10414000320A323030310A323030300A31393939BE
:104150000A313939380A313939370A313939360AA9
:10416000313939350A313939340A313939330A317B
:104170003939320A313939310A313939300A31396C
:1041800038390A313938380A313938370A3139384B
:10419000360A313938350A313938340A3139383349
:1041A0000A313938320A313938310A313938300A6E
:1041B000313937390A313937380A313937370A3125
:1041C0003937360A313937350A313937340A313916
:1041D00037330A313937320A313937310A31393711
:1041E000300A313936390A313936380A31393637F9
:1041F0000A313936360A313936350A313936340A18
:10420000313936330A313936320A313936310A31E9
:104210003936300A313935390A313935380A3139C8
:1042200035370A313935360A313935350A313935BC
:10423000340A313935330A313935320A31393531B9
:104240000A313935300A313934390A313934380ACA
:10425000313934370A313934360A313934350A3193
:104260003934340A313934330A313934320A313984
:1042700034310A313934300A313933390A3139337A
:10428000380A313933370A313933360A313933355F
:104290000A313933340A313933330A313933320A86
:1042A000313933310A313933300A313932390A314F
:1042B0003932380A313932370A313932360A31392E
:1042C00032350A313932340A313932330A3139322E
:1042D000320A313932310A313932300A3139313921
:1042E0000A313931380A313931370A313931360A30
:1042F000313931350A313931340A313931330A3102
:104300003931320A313931310A313931300A3139F2
:1043100030390A313930380A313930370A313930D9
:10432000360A313930350A313930340A31393033CF
:104330000A313930320A31393031000030310A3037
:10434000320A30330A30340A30350A30360A303710
:104350000A30380A30390A31300A31310A31320034
:104360000A00000020000000312300002C000000A3
:104370002D0000002E0000003A00000041424300E2
:104380005F000000610000006200000063000000A8
:104390006400000065000000660000006700000087
:1043A000690000006A0000006B0000006D00000062
:1043B0006E0000006F00000070000000710000003F
:1043C000720000007300000074000000750000001F
:1043D00076000000770000007800000079000000FF
:1043E0007A000000EF808C00EF819300EF81940051
:1043F000EF959A00EF849C00EFA2A200000000005D
:1044000041000000420000004300000044000000A2
:104410004500000046000000470000004800000082
:10442000490000004A0000004B0000004C00000062
:104430004D0000004E0000004F0000005000000042
:104440005100000052000000530000005400000022
:104450005500000056000000570000005800000002
:10446000590000005A000000616263002100000052
:1044700022000000230000002400000025000000AE
:10448000260000002700000028000000290000008E
:104490002A0000002B0000002F0000003000000068
:1044A0003100000032000000330000003400000042
:1044B0003500000036000000370000003800000022
:1044C000390000003B0000003C0000003D000000FF
:1044D0003E0000003F000000400000005B000000C4
:1044E0005C0000005D0000007B0000007D0000001B
:1044F0002B2F2D0042746E310000000042746E328A
:104500000000000042746E330000000042746E34FC
:104510000000000042746E35000000004C4603901D
:1045200000000024C0020000D42200901047039035
:10453000C0020024982102003023009010010000E6
:1045400043000000F8FFFFFF004040404040404073
:104550004040414141414140404040404040404056
:1045600040404040404040404005020202020202FA
:104570000202020202020202022020202020202049
:10458000202020020202020202029090909090905D
:10459000101010101010101010101010101010101B
:1045A000101010100202020202028888888888888F
:1045B000080808080808080808080808080808087B
:1045C0000808080802020202400000000000000083
:1045D00000000000000000000000000000000000DB
:1045E00000000000000000000000000000000000CB
:1045F00000000000000000000000000000000000BB
:1046000000000000000000000000000000000000AA
:10461000000000000000000000000000000000009A
:10462000000000000000000000000000000000008A
:10463000000000000000000000000000000000007A
:10464000000000000000000000000000011C32011A
:1046500082102C90D00304291401801AAA0181022F
:10466000272D0966B81E6040039058041A64041A86
:1046700050041A54041A5C041A4C041AC0041AC8D0
:10468000041A70041A78041AB4041A68041AB804D4
:104690001AAC041A8C041AA4041A98041A80041E72
:1046A0003C430390D4082132FF14FFFF7C1D03908C
:1046B0007C01041A02041A030429109904411A2CDB
:1046C000201A2C201A2C201AD004391099040147E2
:1046D000022080C5D4C3B2A1021B70180A7D8202D9
:1046E000909D81029015041E8D80029035101A4D08
:1046F0000C1A75041EF4440390FC04180A044503C4
:1047000090604303900C081A14041AFC0C4100003A
:0400000590002299AC
:00000001FF
