:0200000490006A
:102000002822022471230090BB850090DB7E009083
:10201000B9850090592B0090A59A0090000000000F
:10202000000000000000000000000000B12200904D
:10203000F52F0090000000000D230090258C0090EB
:102040008F2300908F2300908F2300908F23009088
:102050008F2300908F2300908F2300908F23009078
:102060008F2300908F2300908F2300905D2B009092
:102070008F2300908F2300908F2300908F23009058
:102080008F2300908F2300908F23009019300090B1
:102090008F230090253000908F2300908F23009095
:1020A0008F2300908F2300908F2300908F23009028
:1020B0008F2300908F2300908F2300908F23009018
:1020C0008F2300908F2300908F2300908F23009008
:1020D0008F230090999A00908F2300908F23009077
:1020E0008F2300908F230090000000008F2300902A
:1020F0008F2300908F2300908F2300908F230090D8
:102100008F2300908F2300908F2300908F230090C7
:102110008F2300908F230090E18D00908F230090FB
:102120008F2300908F2300908F2300908F230090A7
:102130008F2300908F2300908F23009031300090E8
:10214000000000000000000000000000000000008F
:102150008F2300908F2300908F2300908F23009077
:102160008F2300908F2300908F2300908F23009067
:102170008F2300908F2300908F2300908F23009057
:102180008F2300908F2300908F2300908F23009047
:102190008F2300908F2300908F2300908F23009037
:1021A0008F2300908F230090692B00908F23009045
:1021B0008F2300908F2300908F2300908F23009017
:1021C0008F2300908F2300908F2300908F23009007
:1021D0008F2300908F2300908F2300908F230090F7
:1021E0008F2300908F2300908F2300908F230090E7
:1021F0008F2300908F2300908F2300908F230090D7
:102200008F2300908F2300908F2300908F230090C6
:102210008F2300908F2300908F2300908F230090B6
:102220008F2300908F2300908F23009000000000E8
:102230008F2300908F230090000000008F230090D8
:102240008F2300908F2300908F2300908F23009086
:102250008F2300908F2300908F2300908F23009076
:102260008F2300908F2300908F2300908F23009066
:102270008F2300908F2300908F2300900000000098
:102280008F2300908F2300908F2300900000000088
:10229000000000008F230090DFF810D000F0F4FB66
:1022A000004800476DA50290AFF300802822022469
:1022B0002C4B19680868B0E8F04F80F30988BFF329
:1022C0006F8F4FF0000080F311887047000000000E
:1022D00008480068006880F308884FF0000080F329
:1022E000148862B661B6BFF34F8FBFF36F8F00DF04
:1022F00000BF00BF08ED00E0DFF80C00016841F40A
:1023000070010160704700BF88ED00E0EFF30980C5
:10231000BFF36F8F134B1A681EF0100F08BF20ED2C
:10232000108A20E9F04F106009B44FF0500080F39C
:102330001188BFF34F8FBFF36F8F2FF07DF84FF0F1
:10234000000080F3118809BC19680868B0E8F04FF4
:102350001EF0100F08BFB0EC108A80F30988BFF39D
:102360006F8F704734000024EFF305807047000042
:10237000074880470748804707480047FEE7FEE7D1
:10238000FEE7FEE7FEE7FEE7FEE7FEE7FEE7FEE725
:10239000FD2F0090E98C0090992200902DE9F05FCC
:1023A0000546002092469B468846064681464024C4
:1023B0001BE0284641464746224600F0EBF85346CC
:1023C0005A46C01A914110D311461846224600F0D1
:1023D000D2F82D1A67EB01084F4622460120002152
:1023E00000F0C9F817EB00094E41201EA4F10104CA
:1023F000DFDC484631462A464346BDE8F09F0000F0
:10240000004870470467039010B5431A934209D2FD
:102410008318881803E010F8011D03F8011D521EEF
:10242000F9D210BD40EA01039B0703D009E008C9B7
:10243000121F08C0042AFAD203E011F8013B00F889
:10244000013B521EF9D210BDD2B201E000F8012BBF
:10245000491EFBD270470022F6E710B513460A4624
:1024600004461946FFF7F0FF204610BD421C10F845
:10247000011B0029FBD1801A704710B5002200E033
:10248000521C835C8C5CA34201D1002BF8D1D8B2E2
:10249000E1B2401A10BD034611F8012B00F8012BE0
:1024A000002AF9D1184670472DE9F0410546002071
:1024B00090460E46044600E0641C44450BD2285D5D
:1024C00000F078F80746305D00F074F8381A02D151
:1024D000295D0029F0D1BDE8F0812DE9F047914652
:1024E0000F4680460446002614F8015B2DB1FFF725
:1024F00087FF0068405DC007F6D12B2D02D02D2D3F
:1025000018D0641E4A463946204600F059F827B1D3
:102510003968A14201D1C7F8008071054FF002046B
:102520000BD54042002803DD07F0E0FA0460A00765
:10253000BDE8F08746F48066E4E70028F8DA07F0A3
:10254000D5FA04606FF00040F2E730B50B46014663
:1025500000202022012409E021FA02F59D4205D342
:1025600003FA02F5491B04FA02F52844151EA2F1EC
:102570000102F1DC30BD202A04DB203A00FA02F12E
:10258000002070479140C2F1200320FA03F3194361
:1025900090407047202A04DB203A21FA02F0002103
:1025A000704721FA02F3D040C2F120029140084363
:1025B00019467047A0F14101192900D82030704711
:1025C0002DE9F05F82460078002715468B460AF118
:1025D0000104B946302801D09DB113E014F8010B75
:1025E0000127782803D0582801D045B10AE00DB161
:1025F000102D07D10027102514F8010B02E0082543
:1026000000E00A250026B0460EE005FB080005FBA9
:1026100006F1012701EB10461FFA80F8B6F5803F5E
:1026200000D3B94614F8010B294600F051FA0028EE
:10263000EBDABBF1000F05D00FB1641E00E0544689
:10264000CBF80040B9F1000F06D007F04FFA022195
:102650000160C81EBDE8F09F48EA0640FAE710B5E1
:10266000141E73F1000408DA401C41F100019218B5
:102670005B411A4301D120F0010010BD2DE9F04D5E
:1026800092469B4611B1B1FA81F202E0B0FA80F2B3
:1026900020329046FFF76FFF04460F4640EA0A00DB
:1026A00041EA0B0153465A46084313D0114653EAF8
:1026B000010019D0C8F140025046FFF76BFF0546F4
:1026C0000E46504659464246FFF755FF084305D08F
:1026D000012004E020463946BDE8F08D0020054386
:1026E00046EAE0762C4337430A986305E40AA0EBF8
:1026F00008000022FD0A44EA47540A3002D50020AF
:102700000146E9E7010510196941DDE908450019AD
:102710006941BDE8F04DA2E72DE9FE4F804681EA10
:102720000300C00F0C46009021F0004123F000454B
:10273000B8EB0200A94105D24046214690461C460E
:102740000B46024623F00040104347D0270DC7F345
:102750000A00C3F30A510290401A019040286BDA34
:10276000C3F3130040F4801B0098924620B100236D
:10277000D2EB030A63EB0B0B01985946C0F1400200
:102780005046FFF7F8FE06460D4650465946019A58
:1027900000F08CF910EB08006141002487EA115227
:1027A00084EAE7731A4340D0009A62B3019A012A7F
:1027B0004FEA075215DC001B61EB02014FF00042AB
:1027C00002EA0752CDE90042001C41F58011324671
:1027D0002B46FFF753FF03B0BDE8F08F404621467C
:1027E000F9E7001B61EB0201001C41F580130018A2
:1027F0005B412018A2F5001747EB030140EAD570B2
:10280000B6196D4111E06D084FEA360645EAC0750C
:102810004FEA0752001B61EB0201001C41F58011D9
:1028200049084FEA30000019514132462B4603B0A7
:10283000BDE8F04FFFF713BF0098012240000023CE
:10284000D0EB020263EBE073009821464FEAE0749C
:10285000B8EB000061EB0401E9E783F000435BE7BC
:1028600081F0004158E72DE9FE4F81EA030404F0AE
:10287000004421F0004100944FF0000B23F000438E
:1028800050EA01045ED052EA03045BD0C3F30A5459
:10289000C1F30A552C44A4F2F3340194A0FB025472
:1028A000C1F3130141F48011C3F3130343F4801304
:1028B00001FB024400FB034E840A970A44EA815458
:1028C00047EA8357A4FB076802958D0A05FB078535
:1028D0004FEA932C04FB0C542705029D4FEA06583F
:1028E00047EA1637B5EB08056EEB070C870E920E1C
:1028F00047EA811742EA8312A7FB0201B6EB0B01FC
:1029000064EB00042B0D43EA0C335E1844EB1C50BF
:10291000DA465146E7FB0201C5F313044FEA0B33D5
:1029200043EA14534FEA0432019C43EA0603A4F13C
:102930000C040294009CCDE900B4FFF79FFE03B0A5
:10294000BDE8F08F00200146F9E72DE9F04D81EA5E
:10295000030404F0004B21F0004514464FF0000A38
:1029600023F0004150EA050220D054EA01021DD0B4
:10297000C5F30A570246C5F31303C1F31300C1F3AD
:102980000A5640F4801543F48013A7EB0608101B89
:10299000D64608F2FD3873EB050002D308F10108B2
:1029A00001E092185B41B8F1000F03DA0020014604
:1029B000BDE8F08D00204FF48011064684460EE0FD
:1029C000171B73EB050705D3121B63EB05030643C7
:1029D0004CEA010C49084FEA300092185B4150EA7A
:1029E0000107EDD152EA030012D082EA040083EA23
:1029F0000501084305D0101BAB4106D2012200237C
:102A000006E000224FF0004302E06FF00102531095
:102A10001AEB06004CEB085110EB0A0041EB0B01DE
:102A2000BDE8F04DFFF71BBEC1F30A52C1F313011D
:102A300040F2FF3341F480119A4202DA002001464D
:102A4000704740F233439A42A2F2334202DC5242D0
:102A5000FFF7A0BDFFF78FBD30B5041E71F1000474
:102A600004DB4FF00044404264EB0101141E73F19B
:102A7000000405DB1C464FF00043524263EB0403A5
:102A8000994208BF904230BD064C074D06E0E06811
:102A900040F0010394E8070098471034AC42F6D3A5
:102AA000FFF7FEFBFC6B03901C6C0390202A06DBF7
:102AB000CB17203A41FA02F043EAE07306E041FA0C
:102AC00002F3D040C2F120029140084319467047FA
:102AD0003A2800D2303820F02002412A01D3A2F156
:102AE0003700884201D34FF0FF30704770B58C1823
:102AF00010F8015B15F0070301D110F8013B2A1112
:102B000006D110F8012B03E010F8016B01F8016BFE
:102B10005B1EF9D12B0705D40023521E0DD401F8FA
:102B2000013BFAE710F8013BCB1A921C03E013F8C3
:102B3000015B01F8015B521EF9D5A142D8D30020F8
:102B400070BD0246002004E01378002B03D0401C27
:102B5000521C8842F8D37047FEE70000014801F09C
:102B600069B80000DC060024094810B541688907EF
:102B700009D50849826842F002028260086810B1F3
:102B8000012128F0CFFCBDE81040034800F06EBCE6
:102B90000010005208000024CC0200241FB5054B91
:102BA0000FCB8DE80F00684628F088FC024948608A
:102BB0001FBD00005023039008000024294A01682B
:102BC00091423AD0274A1832914236D0254A3032C3
:102BD000914232D0234A483291422ED0214A60326B
:102BE00091422AD01F4A7832914226D01D4A903213
:102BF000914222D01B4AA83291421ED01A4A9142D9
:102C00001BD0194A1832914217D0174A30329142DC
:102C100013D0154A483291420FD0134A6032914284
:102C20000BD0114A7832914207D00F4A903291422C
:102C300003D00D4AA832914211D1CAB21823103ADA
:102C4000B2FBF3F26FF30901032A02F00703074A0C
:102C5000D25CC26500D9091D81650846704721F024
:102C6000FF01F9E7100002401004024060230390C6
:102C700030B5224A012301689142CAB21BD01F4CD1
:102C80001434A14217D01D4C2834A14213D01B4C40
:102C90003C34A1420FD0194C5034A1420BD0174CF8
:102CA0006434A14207D0154C7834A14203D0134CB0
:102CB0008C34A1420CD11421114C083AB2FBF1F131
:102CC0000F4A803201F01F0504EB8101AB4010E098
:102CD0000C4D1824103A0D44B2FBF4F1A82D00D885
:102CE0000831094A01F01F0402EB8101064AA340A2
:102CF0008032603080E80E0030BD00000854025879
:102D000000580258F0FBFDBF0008024010B50279E0
:102D1000531E072B2DD8174C0168A1421BD0154C10
:102D20001434A14217D0134C2834A14213D0114CB3
:102D30003C34A1420FD00F4C5034A1420BD00D4C6B
:102D40006434A14207D00B4C7834A14203D0094C23
:102D50008C34A14203D10849074C443102E00749B1
:102D6000064C443104EB8202C0E91B210121994049
:102D7000416710BD08540258FC580258FC08024034
:102D800010B583694FF0C074826A0146002053B1C8
:102D9000B3F5005F15D072B1012A0CD0022A0AD017
:102DA000032A09D104E01AB1012A06D0022A03D16C
:102DB000C96AC90100D5012010BDC96AA142FAD073
:102DC00010BD002AF7D0012AF2D0022AF3D0032A3C
:102DD000F3D010BD2DE9F04F804E804FDFF8FC910D
:102DE0001836DFF8F8A148370468856D0AF1300A13
:102DF000DFF8ECB14C45DFF8ECC1DFF8ECE16DD069
:102E0000B4426BD0544569D0BC4267D0DFF8D08162
:102E1000A8F11808444561D05C455FD064455DD099
:102E200074455BD0DFF8C481444557D0DFF8BC81DE
:102E300008F11808444551D0DFF8B08108F1300896
:102E400044454BD0DFF8A48108F14808444545D0FB
:102E5000DFF8988108F1600844453FD0DFF88C81A5
:102E600008F17808444539D0DFF8808108F19008EE
:102E7000444533D0DFF8748108F1A80844452DD0CB
:102E8000DFF86C81444529D0DFF8648108F114082B
:102E9000444523D0DFF8588108F1280844451DD067
:102EA000DFF84C8108F13C08444517D0DFF8408139
:102EB00008F15008444511D0DFF8348108F1640866
:102EC00044450BD0DFF8288108F17808444505D047
:102ED000DFF81C8108F18C08444509D1D0E9194874
:102EE000C4F80480C46E1CB1D0E91C48C4F8048046
:102EF00004684C452ED0B4422CD054452AD0BC4254
:102F000028D0374E183EB44224D05C4522D06445C8
:102F100020D074451ED0354EB4421BD0334E1836E7
:102F2000B44217D0314E3036B44213D02F4E48360B
:102F3000B4420FD02D4E6036B4420BD02B4E7836B3
:102F4000B44207D0294E9036B44203D0274EA8365B
:102F5000B44215D190F85C603F2406F01F06B440DF
:102F6000AC600468256825F4802525602EE09A6011
:102F70000068C160BDE8F08F99600068C260F9E741
:102F80001B4EB4421BD01A4E1436B44217D0184E02
:102F90002836B44213D0164E3C36B4420FD0144EED
:102FA0005036B4420BD0124E6436B44207D0104EA5
:102FB0007836B44203D00E4E8C36B442DAD190F853
:102FC0005C60012406F01F06B4406C600468636016
:102FD0008368402B0368CFD1C9E70000100002408E
:102FE00088000240A0000240B800024010040240E5
:102FF00008540258704772B6FEE7000005480549BC
:103000000839026842F00202026008688004FCD5B8
:10301000704700000C480258014801F08DBD0000C7
:1030200034030024014801F087BD0000340300246C
:10303000014801F081BD000034030024F0B50368AD
:103040004FF6FC716D4C426BD3F884508D4345EACA
:103050008205C3F88450036853F8845F068F25F413
:103060007F0545EA06451D60836B654D9F18026824
:10307000D2F888308B4343EA8703C2F8883002686D
:1030800052F8883F868F23F4FE0343EA0643136019
:10309000066856F8A03FC26B8B4307EB420243EA37
:1030A00082033360076857F8A03FB0F8406023F40C
:1030B000FE0343EA06433B60D0E9103603FB0622D9
:1030C0000368D3F8B0608E4346EA8206C3F8B06066
:1030D0000368B0F84860D3F8B07027F4FE0747EAF9
:1030E0000646C3F8B060D0E91267036806FB072202
:1030F000D3F8AC608E4346EA8206C3F8AC60D0E9F0
:103100001467036806FB0722D3F8F0608E4346EA93
:103110008206C3F8F0600368B0F85860D3F8F07026
:1031200027F47C1747EA0646C3F8F0600368876D0A
:1031300053F8C06F02EB47028E4346EA82011960E2
:103140000168B0F85C20D1F8C03023F47C1343EA66
:103150000242C1F8C020016890F86020D1F8C03068
:1031600023F07C5343EA0262C1F8C020416B04EBB8
:103170008101C166826B01EB82020267C36B02EBC5
:10318000C3024267D0E91034634302EB83028267D3
:10319000D0E91234634302EB8302C267D0E91434EE
:1031A000634302EB8302C0F88020836D02EBC3030C
:1031B000C0F88430C46D826E544303EB8403C0F8BE
:1031C0008830046E544303EB8402C0F89020AA4276
:1031D0000AD9D0F89C20032142F02002C0F89C209C
:1031E00080F898100120F0BD002200E004C1D0F862
:1031F00090308B42FAD80020F0BD000000AC0040B7
:10320000FCD30040F0B5D1E90843CD690A68C2B1EA
:103210000268254322F4F84213431D430560D1E9B7
:103220000125D1E903364C692A434568334389694E
:103230001A43EB0B2243DB030A431A43426000208C
:10324000F0BDD1E9012ED1E9036CD1E9057142EA63
:103250000E0246EA0C0632433A430A4301682A4307
:1032600022431A436FF30E010A430260E7E7426903
:1032700043F6FE739A4342EA4101416100207047E0
:1032800070B591E81C00C9686FF01F0506691A4304
:1032900005EB441444EA41210A4306EA45431A4334
:1032A0000261002070BD00002DE9F04F8B8A6FF0A5
:1032B0000F05264C4FF07F4BD1F80C9004EB0353D5
:1032C0006FF0FF044FEA042A1AB386684FEA093206
:1032D0001F4FA2F580521A433E4032438260D1E92B
:1032E00000278E68521E05EB07150F8A2A43C56812
:1032F00004EB06240E7E0AEB074322431A430BEB32
:1033000006610A4305F070431A43C2600020BDE81D
:10331000F08F91E804110F4E521E0F8A05EB08152D
:103320002A4304EB0C2C06EB09350E7E42EA0C0214
:103330002A4385680AEB074422431A430BEB0661D4
:103340000A4305F070431A438260DFE70000F0FF94
:10335000FF0F0FFF00F0FFFFFFF720FC0C4A0021DA
:103360000C4828F019F90C4948601DF0F1FF24F0D1
:103370002DF924F055F909480168C82088632DF01B
:1033800071FD00BF26F072FC052028F05AF8F9E71D
:103390008C240390098C0090BC000024FC040024C1
:1033A00070470000F0B590F86020012A22D0C1EBF0
:1033B000C102012780F86070022380F8613000EBC1
:1033C0008202284D138F168EB2F83CC0D46A1B05BA
:1033D000283244EA064643EA4C530A2C46EA0306DE
:1033E0000AD0092C08D0137B46EA036349B10B2CA1
:1033F0001AD01DE00220F0BDD36803F07F433343B1
:10340000F4E701684C6AAC431C434C6201681368E2
:103410008B6151680A2901D009291BD1D168026842
:1034200021F07F41916215E0118B0F4D43EA8143FA
:103430000168CC69AC431C43CC61016813680B6123
:1034400051680A2901D0092904D1D168026821F004
:103450007F411162002180F8617080F86010084699
:10346000F0BD00000F0033FF0F003FFF2DE9F047D4
:103470000446006800274FF004084FF00109466831
:103480000568F10714D0E90512D5036823F48073A9
:103490000360606E40F0010060662068C0F808902C
:1034A00084F8618084F86070616A09B120468847B9
:1034B000B00615D5A80413D520682022036823F48C
:1034C0000053036020688260606E40F00200606616
:1034D00084F8618084F86070616A09B12046884789
:1034E000300715D5280513D520680822036823F472
:1034F0000063036020688260606E40F004006066D4
:1035000084F8618084F86070616A09B12046884758
:1035100070070CD568050AD52068026822F480621D
:1035200002602068C0F80880204600F071F8B007FB
:1035300013D5A80511D520680222036823F400736F
:10354000036020688260606E606684F8619084F831
:103550006070216A09B120468847F00612D5E80458
:1035600010D52068016821F4805101602268102183
:103570009160616E616684F86190204684F86070A5
:10358000FFF70EFFBDE8F0872DE9F041040004D0FD
:1035900094F86100002518B107E00120BDE8F08132
:1035A000204684F8605000F035F8184E022084F868
:1035B00061000123D4E90010D4F81CC040F20712C6
:1035C0000F6840EA0C003740384308602068A7695C
:1035D000A168466B39439643314341632068E268F2
:1035E000016C6FF30F01114301642068218AA28AE4
:1035F000466B090541EA425126F4401211434163EA
:10360000656684F861300020C8E70000BFFFF8FF5E
:103610007047000008B500680B49884212D10B487A
:10362000016841F01001016000680022052100F0EE
:10363000100000905A2002F089F9BDE808405A2095
:1036400002F076B908BD000000100052D4440258C0
:103650002DE9F84F044601F06DFF00903CB194F85D
:103660003500022806D0802161650020E4E00120B9
:10367000BDE8F88FC74DC74EC649183520683036AB
:10368000DFF81483DFF814938842DFF814A3DFF81F
:1036900014B32ED0A8422CD0B0422AD0404528D016
:1036A000484526D0504524D0584522D0BD4A18322E
:1036B00090421ED0BC4A90421BD0BB4A1832904266
:1036C00017D0B94A3032904213D0B74A48329042AC
:1036D0000FD0B54A603290420BD0B34A7832904254
:1036E00007D0B14A9032904203D0AF4AA8329042FC
:1036F00009D1026822F01E0202602068426922F0AD
:103700008002426103E0026822F00E020260276834
:103710008F4238464DD0A8424BD0B04249D04045A8
:1037200047D0484545D0504543D0584541D09D4AA3
:10373000183290423DD09C4A90423AD09A4A183270
:10374000904236D0984A3032904232D0964A48322F
:1037500090422ED0944A603290422AD0924A7832D7
:10376000904226D0904A9032904222D08E4AA8327F
:1037700090421ED08D4A90421BD08C4A1432904207
:1037800017D08A4A2832904213D0884A3C3290425D
:103790000FD0864A503290420BD0844A6432904215
:1037A00007D0824A7832904203D0804A8C329742C6
:1037B00004D1206E026822F480720260754920688C
:1037C000884228D0A84226D0B04224D0404522D0FA
:1037D000484520D050451ED058451CD0714918315D
:1037E000884218D07049884215D06F4918318842F4
:1037F00011D06D49303188420DD06B494831884233
:1038000009D069496031884205D0674978318842DA
:1038100001D065499031016821F0010101600EE09D
:1038200001F088FE0099401A052808D92022626517
:103830000321002084F8351084F8340017E7386835
:10384000C007EDD1534A0121206890422ED0A842F2
:103850002CD0B0422AD0404528D0484526D05045EB
:1038600024D0584522D04F4B183398421ED04E4B8F
:1038700098421BD04C4B1833984217D04A4B3033E8
:10388000984213D0484B483398420FD0464B603390
:1038900098420BD0444B7833984207D0424B903338
:1038A000984203D0404BA833984208D194F85C70FA
:1038B0003F23A06D07F01F07BB40836007E094F82B
:1038C0005C30A06D03F01F0301FA03F3436020682E
:1038D00090424DD0A8424BD0B04249D0404547D04D
:1038E000484545D0504543D0584541D02D4A18321F
:1038F00090423DD02C4A90423AD02B4A1832904206
:1039000036D0294A3032904232D0274A483290424B
:103910002ED0254A603290422AD0234A78329042F3
:1039200026D0214A9032904222D01F4AA83290429B
:103930001ED01E4A90421BD01C4A1432904217D00F
:103940001A4A2832904213D0184A3C3290420FD083
:10395000164A503290420BD0144A6432904207D03B
:10396000124A7832904203D0104A8C3290420BD1E6
:10397000D4E919024260E06E30B1026822F480722C
:103980000260D4E91C024260002084F8351084F8FB
:1039900034006DE610000240580002407000024002
:1039A00088000240A000024010040240085402585F
:1039B0002DE9F05F28B190F83510022904D080215C
:1039C00041650120BDE8F09F904C904B0168183C88
:1039D00018338E4ADFF83C92A1428D4CDFF838E272
:1039E0008E4FDFF83CB2DFF83CA28F4D8F4E31D0C6
:1039F00091422FD099422DD0A1422BD0494529D0B8
:103A0000714527D0B94225D0DFF810C20CF1180C4F
:103A100061451FD0DFF808C2ACF1600C614519D0D8
:103A2000DFF8FCC1ACF1480C614513D0DFF8F0C100
:103A3000ACF1300C61450DD0DFF8E4C1ACF1180CED
:103A4000614507D0594505D0514503D0A94201D061
:103A5000B1422CD1DFF8B4C14FF0040880F83580B2
:103A6000ACF1180C61451DD091421BD0994219D080
:103A7000A14217D0494515D0714513D0B94211D094
:103A80006648183081420DD065486038814209D0BF
:103A900063484838814205D061483038814201D0BE
:103AA0005F481838086820F001000860ABE0D1F8E2
:103AB00000C02CF00E08DFF854C1C1F80080ACF152
:103AC000180C0168614527D0914225D0994223D036
:103AD000A14221D049451FD071451DD0B9421BD00C
:103AE000DFF838C10CF1180C614515D0DFF830C192
:103AF000ACF1600C61450FD0DFF824C1ACF1480C8B
:103B0000614509D0DFF818C1ACF1300C614503D034
:103B1000DFF80CC1ACF1180CD1F800C02CF0010C8E
:103B2000C1F800C0DFF8E4804FF0010C0168A8F193
:103B30001808414546D0914244D0994242D0A14212
:103B400040D049453ED071453CD0B9423AD0334A85
:103B50001832914236D0324A603A914232D0304ADD
:103B6000483A91422ED02E4A303A91422AD02C4ADD
:103B7000183A914226D0594524D0514522D0A94225
:103B800020D0B1421ED02A4A91421BD0284A14327A
:103B9000914217D0264A2832914213D0244A3C320F
:103BA00091420FD0224A503291420BD0204A6432C7
:103BB000914207D01E4A7832914203D01C4A8C327F
:103BC000914218D1016E0A6822F480720A6090F85E
:103BD0005C20816D02F01F020CFA02F24A60D0E90B
:103BE00019124A60C16E31B10A6822F480720A600B
:103BF000D0E91C124A600022016D80F835C080F8BF
:103C0000342001B188470020DCE600002800024093
:103C1000580002407000024088000240A0000240AC
:103C20007004024088040240A0040240B80402402C
:103C3000085402582DE9FC5F0446F74E0020DFF8D7
:103C4000D88300904FF41652F44808F11808A56D77
:103C5000DFF8C493DFF8C0A3016809F130092068D8
:103C60000AF1480AB1FBF2F1B04201912F68D5F890
:103C700000C0DFF8ACB335D04146884232D0484569
:103C800030D050452ED058452CD0E54918318842C7
:103C900028D0E3493031884224D0E1494831884274
:103CA00020D0E04988421DD0DE491831884219D021
:103CB000DC493031884215D0DA494831884211D088
:103CC000DFF860E30EF1600E70450BD0D54A783214
:103CD000904207D0D34B9033984203D0D149A831BA
:103CE00088427DD194F85C20082102F01F0201FA7D
:103CF00002F23A424AD0B04232D0404530D0484534
:103D00002ED050452CD058452AD0C54A1832904262
:103D100026D0C34A3032904222D0C14A4832904223
:103D20001ED0C04A90421BD0BE4A1832904217D0D3
:103D3000BC4A3032904213D0BA4A483290420FD037
:103D4000B84A603290420BD0B64A7832904207D0DF
:103D5000B44A9032904203D0B24AA832904203D182
:103D6000026802F0040202E0026802F008026AB18E
:103D7000026822F00402026094F85C0000F01F0068
:103D80008140A960606D40F00100606594F85C00BE
:103D9000012100F01F008140394240D02068B0422C
:103DA00034D0404532D0484530D050452ED05845CB
:103DB0002CD09B4A1832904228D0994A30329042F7
:103DC00024D0974A4832904220D0964A90421DD043
:103DD000944A1832904219D0924A3032904200E010
:103DE000AFE113D08F4A483290420FD08D4A6032F3
:103DF00090420BD08B4A7832904207D0894A903259
:103E0000904203D0874AA83290427DD1406910F099
:103E1000800F04D0A960606D40F00200606594F8E6
:103E20005C00042100F01F00814039423ED0206830
:103E3000B04232D0404530D048452ED050452CD0ED
:103E400058452AD0764A1832904226D0744A3032E9
:103E5000904222D0724A483290421ED0714A90421B
:103E60001BD0704A1832904217D06E4A30329042BE
:103E700013D06C4A483290420FD06A4A6032904266
:103E80000BD0684A7832904207D0664A903290420E
:103E900003D0644AA83290424ED1006810F0020F5D
:103EA00004D0A960606D40F00400606594F85C0087
:103EB000102100F01F008140394258D02068B042E4
:103EC00034D0404532D0484530D050452ED05845AA
:103ED0002CD0534A1832904228D0514A3032904266
:103EE00024D04F4A4832904220D04E4A90421DD0B2
:103EF0004C4A1832904219D04A4A3032904215D07A
:103F0000484A4832904200E014E00FD0454A6032FF
:103F100090420BD0434A7832904207D0414A9032C7
:103F2000904203D03F4AA832904207D1006800F087
:103F3000080006E0006872E70068B7E7006800F074
:103F40000400A0B1A96020680168490304D5006895
:103F5000000308D5A16C07E00168C90503D4016816
:103F600021F008010160216C09B12046884794F8CE
:103F70005C00202100F01F008140394279D0206888
:103F8000B04232D0404530D048452ED050452CD09C
:103F900058452AD0224A1832904226D0204A303240
:103FA000904222D01E4A483290421ED01D4A904272
:103FB0001BD01C4A1832904217D01A4A3032904215
:103FC00013D0184A483290420FD0164A60329042BD
:103FD0000BD0144A7832904207D0124A9032904265
:103FE00003D0104AA832904203D1006800F01000BC
:103FF00002E0006800F00200B0B3A96094F8350058
:104000000428206801680FD049037ED500680003AA
:104010002BD4616C2AE0000010000240280000242C
:10402000700002401004024021F016010160206877
:10403000416921F080014161206C08B9A06C20B178
:104040002068016821F00801016094F85C303F218C
:10405000012003F01F0300229940A96084F8350075
:1040600084F83420216D65E003E0E16B09B120465E
:104070008847606D00287DD0606DC00759D02068EA
:10408000042184F83510B0422BD0404529D0484552
:1040900027D0504525D0584523D09D49884220D06F
:1040A0009B49183188421CD099493031884218D038
:1040B0009849884215D097491831884211D09549BE
:1040C000303188420DD093494831884209D0914916
:1040D0006031884205D08F497831884201D08D49BE
:1040E0009031016821F00101016020680099019A76
:1040F000491C0091914202D80168C907F6D10068B5
:10410000C00710D003200FE0FFE70168C905ACD459
:1041100003680121002223F01003036084F83510A6
:1041200084F83420A1E7012084F83500002084F8C9
:104130003400E16C00291DD002B02046BDE8F05FDC
:104140000847754988421DD073491431884219D0F7
:1041500071492831884215D06F493C31884211D0CD
:104160006D49503188420DD06B496431884209D085
:10417000694900E084E07831884203D066498C3197
:1041800088427DD194F85C800427016808F01F08FC
:1041900007FA08F717EA0C0F009746D04F0744D5E7
:1041A00000980F04686003D5C8033CD4A16CC1E734
:1041B000880638D42068B0422DD0554960398842ED
:1041C00029D0484527D0504525D0584523D05049BF
:1041D000884220D04E49183188421CD04C49303199
:1041E000884218D04B49884215D04A491831884234
:1041F00011D04849303188420DD046494831884273
:1042000009D0704507D0904205D0984203D041496B
:10421000A831884203D1016821F0080102E0016859
:1042200021F004010160216C84E7022707FA08F7F6
:1042300017EA0C0F00974ED08F074CD500980F044B
:10424000686003D5C80344D4616C73E7880640D422
:104250002068B0422FD02E49603988422BD0484583
:1042600029D0504527D0584525D02949884222D009
:104270002749183188421ED025493031884200E054
:1042800044E018D02349884215D022491831884289
:1042900011D02049303188420DD01E494831884222
:1042A00009D0704507D0904205D0984203D01949F3
:1042B000A831884203D1016821F0140102E00168AD
:1042C00021F00A010160012184F83510002084F8F2
:1042D0003400E16B2EE7082202FA08F212EA0C0F12
:1042E00014D0090712D5016821F00E01016094F87D
:1042F0005C100120002201F01F0100FA01F1696049
:10430000606584F8350084F8342012E7BDE8FC9F2E
:104310008800024010040240085402582DE9F05F62
:10432000044601F007F9002C07467DD0E34E022138
:1043300020684FF00308DFF888934FF00005DFF89E
:1043400084A3B042DFF880B334D0DC4A1832904204
:1043500030D048452ED050452CD058452AD0DA4A86
:104360001832904226D0D84A3032904222D0D64AD3
:10437000483290421ED0D54A90421BD0D34A1832C0
:10438000904217D0D14A3032904213D0CF4A4832AF
:1043900090420FD0CD4A603290420BD0CB4A783257
:1043A000904207D0C94A9032904203D0C74AA832FF
:1043B00090427DD184F83510B04284F834502ED02C
:1043C000BE49183188422AD0484528D0504526D0C9
:1043D000584524D0BC491831884220D0BA493031E0
:1043E00088421CD0B8494831884218D0B749884221
:1043F00015D0B6491831884211D0B44930318842BD
:104400000DD0B2494831884209D0B0496031884264
:1044100005D0AE497831884201D0AC49903101686D
:1044200021F00101016008E027E100BF01F082F8FE
:10443000C01B052801D920211CE120680068C007A5
:10444000F4D104F108002168D4E9053C8E4685C802
:1044500009681043D4E907281F43636A38439C4F17
:1044600040EA0C001043394040EA0800042B40EABF
:10447000010003D1D4E90B1211430843954909689F
:104480006FF30F01B1F1005F0FD36168A1F1290251
:10449000052A08D9163A032A05D9083A012A02D969
:1044A0004F39032901D840F48010CEF8000000E015
:1044B00023E02068676A4069042F20F0070047EA7C
:1044C00000070DD1D4E90A01074349B12046FEF7A0
:1044D00057FC28B140206065012184F83510CCE0FC
:1044E000206847612046FEF769FB94F85C203F2175
:1044F00002F01F029140816054E0774A90421BD045
:10450000754B1433984217D0734B2833984213D00D
:10451000714B3C3398420FD06F4B503398420BD0C5
:104520006D4B6433984207D06B4B7833984203D07D
:10453000694B8C3398427DD184F8351084F834501F
:10454000664B0168A26801EA030E402A73D0802AF4
:1045500072D00022D4E90378D4E9053142EAD702C7
:1045600042EAD8085C4AD4E9077C48EAD30848EA1A
:10457000D10141EAD701524241EA1C11142341EA18
:104580000E01016020681044B0FBF3F08000E0658C
:104590002046FEF713FB94F85C20012102F01F0275
:1045A000914041602068B04257D044491831884258
:1045B00053D0484551D050454FD058454DD0424931
:1045C0001831884249D040493031884245D03E496F
:1045D0004831884241D03D4988423ED03B4918315C
:1045E00088423AD039493031884236D0374948314B
:1045F000884232D03549603188422ED033497831F3
:1046000088422AD031499031884226D02F49A8319A
:10461000884222D0304988421FD02F491431884225
:104620001BD02D492831884217D02B493C31884274
:1046300013D002E01DE017E018E02749503188420E
:104640000BD025496431884207D02349783188420C
:1046500003D021498C31884229D12046FEF708FB3E
:10466000A06880280CD00CE0102273E74FF4804241
:1046700070E74021616584F835800120BDE8F09F36
:104680006560216E20790860D4E919014160606895
:10469000401E072808D82046FEF738FBE06E05606C
:1046A000D4E91C01416002E0E566256765670120E9
:1046B000656584F835000020E0E700001000024046
:1046C00040000240580002407000024010040240C6
:1046D0003F8010FE0010005C085402580F00FEFFDF
:1046E0002DE9F84F04008C464FF00000009014D0E4
:1046F00094F83400012812D094F83550012000219C
:1047000084F83400012D0CD0C002606501200090B7
:1047100084F834100098BDE8F88F0120FBE70220F0
:10472000F9E78C4D0226206884F83560A8428A4D4E
:1047300061658A4E8A4FDFF82C82DFF82C92DFF811
:104740002CA2DFF82CB226D0A84224D0B04222D02E
:10475000B84220D040451ED048451CD050451AD004
:10476000584518D08349884215D08249183188426B
:1047700011D08049303188420DD07E49483188427D
:1047800009D07C496031884205D07A497831884225
:1047900001D078499031016821F001010160614642
:1047A0002046FEF717FB6B49206888422CD0A842B0
:1047B0002AD0B04228D0B84226D0404524D048451F
:1047C00022D0504520D058451ED06A4A90421BD076
:1047D000684A1832904217D0664A3032904213D05D
:1047E000644A483290420FD0624A603290420BD005
:1047F000604A7832904207D05E4A9032904203D0AD
:104800005C4AA83290420CD1026822F01E0242F0AB
:1048100016020260206C88B12068026842F008022B
:104820000BE0026822F00E0242F00A020260206CE5
:1048300020B12068026842F00402026020688842C9
:104840004BD0A84249D0B04247D0B84245D04045AD
:1048500043D0484541D050453FD058453DD0454ACA
:1048600090423AD0434A1832904236D0414A3032D0
:10487000904232D03F4A483290422ED03D4A603278
:1048800090422AD03B4A7832904226D0394A903220
:10489000904222D0374AA83290421ED0364A9042E7
:1048A0001BD0354A1432904217D0334A28329042F6
:1048B00013D0314A3C3290420FD02F4A50329042AE
:1048C0000BD02D4A6432904207D02B4A7832904266
:1048D00003D0294A8C3290420DD1206E0268D20357
:1048E00003D5026842F480720260E06E18B102687B
:1048F00042F4807202602068884226D0A84224D008
:10490000B04222D0B84220D040451ED048451CD0ED
:1049100050451AD0584518D01649884215D0154927
:104920001831884211D01349303188420DD01149D5
:104930004831884209D00F496031884205D00D497D
:104940007831884201D00B499031016841F0010172
:104950000160DFE6100002402800024040000240F3
:10496000580002407000024088000240A00002404F
:10497000B8000240100402400854025870B50446C2
:1049800000F0D8FD0546601C02D0044800780444BD
:1049900000F0D0FD401BA042FAD370BD1C000024E3
:1049A0007047704770470000F0B590F898500024A9
:1049B000022D04D0D0F89C1041F0080129E04029D4
:1049C00005D0412929D0056D8D4219D942E00568ED
:1049D000D5F8A06016F4FE0F12D0D5F8A4607606C4
:1049E00013D0D5F8A460F60105D5D5F8A06016F06F
:1049F000004F00D50124D5F8A470466F456C24E023
:104A0000D0F89C1041F0200103E0D0F89C1041F454
:104A10008071C0F89C100120F0BD0568D5F8B06029
:104A200016F4FE0FECD0D5F8B4607606EDD0D5F8CC
:104A3000B460F60105D5D5F8B06016F0004F00D58A
:104A40000124D5F8B470866FC56CC7F305273C44C4
:104A5000654302E0456DC66F4D4306EB85052E6844
:104A600016F0804656602E6836D026F060461660F6
:104A7000D5F800C000262E4F0CF0005CC2F808C02C
:104A8000D5F800C00CF0004CC2F810C0B5F804C056
:104A90001FFA8CFCC2F81CC0D5F804C0CCF3034C40
:104AA000C2F80CC0D5F804C00CF4801CC2F814C0C5
:104AB000D5F804C00CF4001CC2F818C0D5F804C026
:104AC000CCF3066CC2F820C0D5F804C008354FEA14
:104AD000DC7CC2F824C008E0C6F38A46C7E700BF02
:104AE00015F806C003F806C0761CD2F80CC017F8FB
:104AF0000CC0B445F4D840290AD041290CD0202953
:104B00004FF001020CD200688A40C0F898200DE0F6
:104B10000068C0F8A84009E00068C0F8B84005E0A7
:104B2000006801F01F018A40C0F89C200020F0BD01
:104B300068230390704700002DE9FF5FDFF80CB396
:104B400004460BF10401DBF8000025680F68AA4653
:104B50008007D5F85090696DD5F850806E6D2A6D3C
:104B6000D5F854C02B6D00EA8770009009F47049A5
:104B70006F6D286D01EA09010191DAF85410DAF835
:104B80005490DAF8505008F00F0806EA080602962A
:104B900002F0F00203F071536FEA09061F4000F0C3
:104BA00060700CEA020CCDF80CC0F20501EA0009B5
:104BB0000CD4E843C00509D400214FF48073CAF82F
:104BC0005030CBF800102046FFF7B4FF700512D428
:104BD000E84340050FD4206800234FF48068D0F8E4
:104BE000DC20D0F8E410C0F85080CBF80030114041
:104BF000204600F0DBFADFF858A2009850B1226896
:104C0000830F00EA0A001065CBF8003020460099B7
:104C1000FFF7C6FE019850B12268830F00EA0A0030
:104C20001065CBF800302046019900F0C1FA0298D7
:104C300050B12268830F00EA0A001065CBF80030FB
:104C40002046029900F087FA039850B12268830F3A
:104C500000EA0A001065CBF800302046039900F006
:104C600085FA30050CD4E843000509D423680020F8
:104C70004FF400621A65CBF80000204600F099FA64
:104C8000B00512D4E84380050FD4206800234FF408
:104C90000078D0F8D820D0F8E010C0F85080CBF8D9
:104CA00000301140204600F082FA30030CD4E84373
:104CB000000309D4236800204FF400221A65CBF8C2
:104CC0000000204600F046FAF0030CD4E843C0038D
:104CD00009D4236800204FF480321A65CBF8000015
:104CE000204600F062FA70030CD4E843400309D474
:104CF000226800204FF480231365CBF80000204683
:104D000000F052FAB0030FD4E84380030CD42368B8
:104D100000204FF400321A65CBF80000D4F89C0054
:104D200040F08000C4F89C00B9F1000F0BD022685D
:104D30004FEA997309EA0A001065CBF8003049463A
:104D40002046FFF72FFE5FB12268BB0F07EA0A007B
:104D50001065CBF80030D4F89C003843C4F89C00B0
:104D60003C492068884268D1606881468068800735
:104D700063D0D9F82060D9F82410D9F82080D9F868
:104D80002400D9F820C0D9F82470D9F82030D9F8F7
:104D90002450D9F8202003F4FC4306F00F0AD9F878
:104DA00024601D40D9F824B008F030080CF4C07C11
:104DB00002F4F02211EA0A0100EA080807EA0C07E7
:104DC00006EA0206D9F820A004D0C9F8201020462F
:104DD00000F0E7F9B8F1000005D0616808624146CB
:104DE000204600F0E0F96FEA0B0040060ED46FEAAF
:104DF0000A0040060AD460684021C36BC26B01629E
:104E00002046190C02F03F0200F0CCF92FB1606887
:104E100007623946204600F0C3F935B16068056283
:104E2000D4F89C002843C4F89C0036B16068066240
:104E3000D4F89C003043C4F89C00D4F89C000028AF
:104E400002D02046FFF7ADFDBDE8FF9F10A800404F
:104E5000FFFFCF3F00A000402DE9F04194B08D4905
:104E60004C2204466846FDF7CFFA64B18A4D2068AB
:104E7000A84202D100F58070606094F898004FF06D
:104E8000000820B108E0012014B0BDE8F081204600
:104E900084F8998000F002F92068816921F01001FE
:104EA000816100F047FB0327064604E000F042FB67
:104EB000801B0A2811D8206880690007F6D4206872
:104EC000816941F00101816100F034FB06460DE08B
:104ED00000F030FB801B0A2808D9D4F89C0040F071
:104EE0000100C4F89C0084F89870CCE720688069C1
:104EF000C007EDD02068816941F002018161207C0A
:104F000001282068816937D041F040018161607CCF
:104F100001282068816932D021F480418161A07C20
:104F20000128206881692DD041F480518161206879
:104F3000A268816921F4407111438161206881690F
:104F400021F0A40181612068016921F01001016153
:104F5000E068012819D010B302281BD020688169AD
:104F600041F0800181612068016941F01001016117
:104F7000E06803280ED012E021F04001C6E741F4BA
:104F80008041CBE721F48051D0E72068816941F06E
:104F9000040103E02068816941F020018161207EE5
:104FA0006FF0FF02D4E90773A68A1102400602EBF4
:104FB0000727A0F10070384327685B1E184301EBF8
:104FC00006463043F861A068B0F5407F11D104F186
:104FD0002800A68C6FF00F0C89C801EB0641401E1B
:104FE00002EB0322104322680CEB0713184308431B
:104FF000D060206E30B12068626ED0F8C0101143CE
:10500000C0F8C010D4E917126846D14209D021680F
:10501000A36E51F8C82F50F8233022F007021A432C
:105020000A60216C49B12168626C51F8BC3F50F8AC
:10503000226023F0070232430A60A16C51B121685B
:10504000E36C51F8BC2F50F8233022F0700242EA92
:1050500003120A60216D51B12168626D51F8BC3FA5
:1050600050F8220023F4E06242EA00200860206841
:10507000A84204D16068816821F003018160C4F80E
:1050800094800121C4F89C8084F898102046FDF794
:10509000D5FFF9E67823039000A0004010B5B6B024
:1050A0000446142130A8FDF7D6F9C0216846FDF763
:1050B000D2F925492068884244D100201C904FF441
:1050C0000041CDE90010684600F0F2FD08B1FDF79F
:1050D00092FF1E48016841F480710160006800F48D
:1050E0008070359019480C38016841F00101016069
:1050F00000680DF1C00C022100F001003590012282
:10510000032309244FF4C0508CE81F00104830A935
:1051100000F0E2F800220521132000F017FC132014
:1051200000F006FC00220521152000F00FFC1520E0
:1051300000F0FEFB002205213F2000F007FC3F208D
:1051400000F0F6FB36B010BD00A00040EC44025861
:1051500000000258704700B5C9078DB004D0402147
:105160006A460AABFFF720FC0DB000BD704790F80F
:105170009810012907D0D0F89C1041F00401C0F824
:105180009C1001207047022180F8981000220168CD
:105190008B6923F001038B61C0F89C201046704797
:1051A0007047704770477047704770477047704747
:1051B000704770472DE9F043B7B014216846FDF7FA
:1051C0004AF93C480168002970D14FF00108C0F845
:1051D0000080C02106A8FDF73EF9002018904FF08E
:1051E00080710746CDE9061006A800F061FD08B100
:1051F000FDF701FF3048016841F48051016000680B
:1052000002250C26694600F48050059040F2FF60AC
:105210008DE8A10003242948CDE9034600F05CF89D
:10522000DFF89C9069468DE8B000CDE9034648461A
:1052300000F052F84FF47F4069468DE8A100214804
:10524000CDE9034600F048F8474648F237108DE8AC
:10525000A1001D486946CDE9034600F03DF84CF237
:10526000037069468DE8A1001848CDE9034600F0B7
:1052700033F84FF63F0069468DE8A1001448CDE9A8
:10528000034600F029F80D2069468DE8A100114879
:10529000CDE9034600F020F84FF6807069468DE8AE
:1052A000A100CDE90346484600F016F837B0BDE846
:1052B000F083000010000024D4440258002002585B
:1052C00000100258001C025800180258000C025826
:1052D00000140258000802582DE9F84F03247D4DB0
:1052E00000234FF001094FF0B04B4FF00F0AE9E0F7
:1052F00009FA03F73A4076D00E7906F00306012E3C
:1053000001D0022E18D1D0F808C04FEA430ECE6863
:1053100004FA0EF82CEA080C06FA0EF646EA0C0619
:105320008660D0F804C00E792CEA070CC6F300168C
:105330009E4046EA0C0646600E79F643B6070BD04F
:10534000C6684FEA43088F6804FA08FC26EA0C0690
:1053500007FA08F73743C7600E7906F00306022EF6
:1053600012D1DE080F694FEA437C00EB8606B64691
:10537000366A4FEADC6C0AFA0CF807FA0CF726EAF0
:1053800008063743CEF820700F7906684FEA4308C5
:1053900007F0030704FA08FC07FA08F726EA0C06E8
:1053A000374307604E6816F4403F1CD04A4E3768BA
:1053B00047F00207376036689F0706F0020600963E
:1053C00023F0030606F1B046B6463F0FD6F8086450
:1053D000DFF808810AFA07FC404526EA0C0603D1EB
:1053E0004FF0000C41E06CE0DFF8F4C0604502D102
:1053F0004FF0010C39E0DFF8ECC0604502D14FF00E
:10540000020C32E0DFF8E0C0604502D14FF0030C3F
:105410002BE0DFF8D8C0604502D14FF0040C24E047
:10542000DFF8CCC0604502D14FF0050C1DE0DFF87D
:10543000C4C0604502D14FF0060C16E0DFF8B8C0DA
:10544000604502D14FF0070C0FE0DFF8B0C06045B7
:1054500002D14FF0080C08E0DFF8A4C0604502D18B
:105460004FF0090C01E04FF00A0C0CFA07FC4CEA73
:10547000060CCEF808C44F68DBF80060FF0226EA8D
:10548000020600D516435F46CBF80060D1F804C091
:10549000DBF804605FEA8C2C26EA020600D516438E
:1054A0007E606E684F6826EA0206BF0300D5164389
:1054B0006E602E684F6826EA0206FF0300D5164389
:1054C0002E605B1C0A6832FA03F67FF411AFBDE868
:1054D000F88F000080000058F44402580000025881
:1054E0000004025800080258000C0258001002582C
:1054F0000014025800180258001C025800200258DC
:10550000002402580069084000D001207047426919
:1055100021EA02030A4043EA0241816170470AB16D
:10552000816170470904FBE701480068000C70477F
:105530000010005C01488068704700001C000024D7
:105540000248816802781144816070471C00002481
:10555000032010B500F01AFA01F022FA0F4A1049A0
:1055600014681368C4F3032203F00F038A5CC95C58
:1055700002F01F0201F01F01D0400A4A20FA01F197
:105580001160094908600F2000F010F808B10120EF
:1055900010BD00F0BBF9002010BD000018440258F7
:1055A000EC2303902C0000242800002410B51028C0
:1055B00004468AB02CD200220146362000F0C6F9FB
:1055C000362000F0B5F9174804601748016841F02B
:1055D00010010160006809A900F0100008906846F9
:1055E00001F06AF90598B0B101F0B6F940000F4931
:1055F00000220F4CB0FBF1F10E4840F2E73304609B
:10560000C0E90332491EC0E9011201F0DDFD28B1F5
:1056100001200AB010BD01F09FF9E8E7054801F04C
:1056200017FEF6E720000024E844025840420F002D
:1056300000100040540700242DE9F041044690F882
:10564000A00016460F4601281DD0012584F8A05061
:10565000022084F8A10006EB860000EBC60034228D
:1056600004EB80003830FCF7CFFE32463946204646
:1056700002F034FC216800204D6284F8A15084F8C7
:10568000A000BDE8F0810220FBE72DE9F041040015
:1056900004D094F8A100002518B107E00120BDE86E
:1056A000F081204684F8A05000F050F8022084F8E1
:1056B000A10020680123816921F070418161D4E952
:1056C0000010D4E902722669384332438E691043D0
:1056D000304388612268A08AA16941EA0041916053
:1056E0002268A08B216A41EA0041D1602268A08C27
:1056F000A16A41EA004111612268A08D216B41EA53
:1057000000415161226894F8351094F83600D66A49
:10571000000406F07F46D662226840EA012094F831
:105720003460D16A31430143D1622068416B41F05A
:10573000060141632068816941F001018161C4F87B
:10574000A45084F8A1300020A9E70000F0B5B7B05C
:105750000446142130A8FCF77EFEC0216846FCF701
:105760007AFE2D492068884254D10DF1280C40045E
:10577000002102240D46052278238CE81C008714A2
:10578000CDE90F7114261191CDE900016846CDE9EC
:105790000D4600F08DFA08B1FDF72DFC1F48016899
:1057A00041F008010160006800F0080035901B48D6
:1057B000001F016841F480610160016801F48061AB
:1057C0003591016841F400710160016801F40071D4
:1057D0003591016841F480710160006830A90326A9
:1057E00000F4807035900E27FF2081E8F1000C480E
:1057F000FFF772FD30A94FF6FF7081E8F10009480C
:10580000FFF76AFD30A94FF4704081E8F1000648C7
:10581000FFF762FD37B0F0BD00100050E4440258BD
:1058200000280258002402580020025870B504468F
:1058300090F8A0000B46012818D002EB820000EB84
:10584000C201012584F8A050022084F8A10004EBD5
:1058500081012046CB65383102F040FB21680020F1
:105860004D6284F8A15084F8A00070BD022070BD84
:10587000154BF0B5083B427813491A600B680A1FB4
:1058800023F001030B6043681360057BC67A827ABC
:10589000437B2D07847B45EA0665C77B90F809C0EA
:1058A000067A90F800E045EAC24040EA834040EAC8
:1058B000444040EA074040EA0C2040EA460040EA03
:1058C0000E000860F0BD0000A0ED00E0BFF35F8FA8
:1058D000044800210368034A23F4803303607032D4
:1058E0001160704724ED00E0074A40F001000649CE
:1058F00070321060086840F480300860BFF34F8F4A
:10590000BFF36F8F7047000024ED00E0074882B0BE
:10591000016841F002010160006800220F2100F0DF
:1059200002000090901E02B000F010B8F44402583B
:10593000002809DB410900F01F028900012001F164
:10594000E0219040C1F80001704700000E4BF0B418
:105950001B680D46C3F30223C3F10706042E00D9CA
:105960000426191D072901D2002300E0DB1E0124B3
:1059700004FA06F19C40491E2940641E99401440D7
:105980002143F0BC04F0A0B80CED00E0064900F0A3
:10599000070210B54FF6FF040868044B204040EAA8
:1059A00002201843086010BD0CED00E00000FA056D
:1059B000134970B50A68D243520705D5096801F04A
:1059C0000701814213D118E00A6822F0070202435E
:1059D0000A60FFF7AFFD0A4D4FF47A760446083DA2
:1059E00007E000BFFFF7A6FD001BB04201D9012070
:1059F00070BD2868C0438004F4D4002070BD00004E
:105A00000C48025810B500F085FF05490968054AA1
:105A1000C1F30211515C01F01F01C84010BD00002C
:105A200020440258EC230390494930B5484C0B1DE3
:105A30000A68143409681D68246802F00303C5F37A
:105A40000012C1F30531C4F3CC04002914FB02F2A7
:105A500000EE102AF8EE400A75D03F4A9FED3D1A3D
:105A6000B7EE000A6BB1DFED3D1A012B01D0022B1E
:105A700064D002EE101A1168F8EE422A81EEA22AD2
:105A800021E0334C283C23689B0612D5344B246814
:105A900001EE901A1168C4F3C104F8EE612AE340E4
:105AA00001EE903AC1F30801F8EE611A81EEA22AE4
:105AB0000BE001EE901ADFED2B2A00BFF8EE611A21
:105AC000116882EEA12AC1F3080101EE901A116853
:105AD000F8EE611A40EE811A71EE800A62EE200A39
:105AE000C1F3462101EE101AB8EE411A31EE001A48
:105AF000C0EE811ABCEEE11A80ED001A1168C1F304
:105B0000064101EE101AB8EE411A31EE001AC0EE4D
:105B1000811ABCEEE11A80ED011A1168C1F3066129
:105B200001EE101AB8EE411A31EE000A80EE801A2A
:105B3000BCEEC10A80ED020A30BD04E001EE901A0D
:105B4000DFED092ABAE70021016041608160F3E7D7
:105B50002844025800000039384402580024744A8E
:105B60000090D0030024744C20BCBE4B494930B592
:105B7000484C0B1D0A681C3409681D68246802F033
:105B80000303C5F30022C1F30551C4F3CC0400297B
:105B900014FB02F200EE102AF8EE400A75D03F4ADC
:105BA0009FED3D1AB7EE000A6BB1DFED3D1A012BF8
:105BB00001D0022B64D002EE101A1168F8EE422ACE
:105BC00081EEA22A21E0334C283C23689B0612D5A3
:105BD000344B246801EE901A1168C4F3C104F8EE46
:105BE000612AE34001EE903AC1F30801F8EE611A30
:105BF00081EEA22A0BE001EE901ADFED2B2A00BF06
:105C0000F8EE611A116882EEA12AC1F3080101EED3
:105C1000901A1168F8EE611A40EE811A71EE800A4E
:105C200062EE200AC1F3462101EE101AB8EE411AC5
:105C300031EE001AC0EE811ABCEEE11A80ED001AB6
:105C40001168C1F3064101EE101AB8EE411A31EEA7
:105C5000001AC0EE811ABCEEE11A80ED011A11683B
:105C6000C1F3066101EE101AB8EE411A31EE000AD6
:105C700080EE801ABCEEC10A80ED020A30BD04E05D
:105C800001EE901ADFED092ABAE7002101604160B8
:105C90008160F3E72844025800000039404402586C
:105CA0000024744A0090D0030024744C20BCBE4BE6
:105CB0002DE9FE4F0546DFF8E48350F8081B002469
:105CC000F64FC943019005F12800264608F1240843
:105CD000009008011DD4A86E50B1B0F5801F0CD003
:105CE000B0F5001F0ED0B0F5401F1ED001240FE00C
:105CF000386840F40030386017E00198022102F063
:105D00005DFC03E00098022102F0E8FC04000CD0E6
:105D100026462888C043C00523D4A86D05281ED276
:105D2000DFE800F00C11161B1B00AA6ED8F800105B
:105D300021F440111143C8F80010EAE7386840F434
:105D40000030386009E00198002102F037FC03E0E0
:105D50000098002102F0C2FC044674B100E0012466
:105D600026462888C043800528D4E86D80281ED0A8
:105D70000CDC90B140280ED114E0AA6DD8F80010C8
:105D800021F007011143C8F80010EAE7C02813D03A
:105D9000B0F5807F10D001240FE0386840F4003067
:105DA000386009E00198002102F008FC03E0009847
:105DB000002102F093FC04469CB126462888DFF8B7
:105DC000DC92C04309F12C0940052CD4D5F8A80079
:105DD000B0F5800F20D00DDCA0B1B0F5001F0FD1C1
:105DE00015E0EA6DD8F8001021F4E0711143C8F80D
:105DF0000010E3E7B0F5C00F13D0B0F5000F10D0DE
:105E000001240FE0386840F40030386009E0019860
:105E1000002102F0D3FB03E00098002102F05EFCB9
:105E200004467CB126462888C04300052DD4D5F809
:105E3000AC00B0F1007F21D00EDCA8B1B0F1807FC2
:105E400010D116E0D5F8A820D9F8001021F460018F
:105E50001143C9F80010E6E7B0F1407F13D0B0F16C
:105E6000806F10D001240FE0386840F400303860B3
:105E700009E00198002102F0A1FB03E00098002155
:105E800002F02CFC044674B126462868C043800109
:105E90001FD4E86CD8B110280FD0202812D0302899
:105EA00015D0012414E0D5F8AC20D9F8001021F069
:105EB000E0611143C9F80010E7E7386840F40030AA
:105EC000386004E00198022102F078FB044674B1C6
:105ED00026462888C043C0042BD4286EB0F5005F46
:105EE00020D00DDCA0B1B0F5805F0FD115E06B487C
:105EF000EA6C2030016821F0300111430160E8E7CD
:105F0000B0F5405F13D0B0F5804F10D001240FE002
:105F1000386840F40030386009E00198002102F050
:105F20004DFB03E00098002102F0D8FB04468CB141
:105F300026462888C043800429D4686EB0F5403FC7
:105F400023D010DC08B3B0F5803F14D0B0F5003F8B
:105F50000FD115E02A6ED8F8001021F4E04111436A
:105F6000C8F80010E5E7B0F5802F0ED0B0F5A02FEF
:105F70000BD001240AE00198012102F01FFB03E08D
:105F80000098012102F0AAFB044694B12646288815
:105F9000C04340042AD4D5F8B000B0F1405F23D00C
:105FA00010DC08B3B0F1805F14D0B0F1005F0FD106
:105FB00015E06A6ED8F8001021F4E0211143C8F80A
:105FC0000010E4E7B0F1804F0ED0B0F1A04F0BD03D
:105FD00001240AE00198012102F0F0FA03E00098A0
:105FE000012102F07BFB044674B126462888C04399
:105FF00000041FD4286FD8B1B0F1805F0ED0B0F18B
:10600000005F10D0012414E0D5F8B020D9F80010BA
:1060100021F0E0411143C9F80010E7E7386840F487
:106020000030386004E00198012102F0C7FA04460C
:1060300074B126462868C043C0011ED4A86CD0B1F4
:1060400001280ED0022811D0032814D0012413E017
:106050002A6FD8F8001021F040511143C8F8001001
:10606000E8E7386840F40030386004E00198022125
:1060700002F0A4FA0446ACB126462868DFF81CB04A
:10608000C043ABF11C0B400252D40548016841F4F7
:1060900080710160FFF74EFA824611E02C440258ED
:1060A00000480258FA48AA6C016821F00301114324
:1060B0000160E2E7FFF73EFAA0EB0A00642835D85A
:1060C000F4480068C005F5D58CBBDFF8C4A3B5F86B
:1060D000B4100AF1240ADAF8000001F4407100F467
:1060E0004070884211D0DAF80010DAF8002021F46C
:1060F000407142F48032CAF80020DAF8002022F41D
:106100008032CAF80020CAF80010D5F8B400B0F503
:10611000807F1AD1FFF70EFA029012E0FFF70AFA19
:106120000299411A41F2883081420AD90324264655
:106130002878DFF85CA3C0430AF1080AC00721D021
:106140003CE0DAF800008007E8D5D5F8B410C1F3D8
:106150000120032858460DD0016821F47C510160CC
:10616000B5F8B420DAF80010C2F30B021143CAF8F4
:106170000010DDE7C84A036802EA111223F47C51DB
:106180001143ECE7E86F182816D005DCA0B1082809
:1061900008D0102804D10AE020280DD028280BD0E0
:1061A00001240AE00198012102F008FA03E00098B6
:1061B000012102F093FA044664B126462878C043D0
:1061C00080071ED4A86F062819D2DFE800F0160C4D
:1061D00011161616EA6FDAF8001021F03801114393
:1061E000CAF80010EAE70198012102F0E7F903E09C
:1061F0000098012102F072FA04467CB100E001240B
:1062000026462878C04340071FD4D5F894000628B6
:1062100019D2DFE800F0160C11161616AA6FDAF87C
:10622000001021F007011143CAF80010E9E70198B6
:10623000012102F0C3F903E00098012102F04EFAB7
:106240000446A4B100E0012426462878C043800615
:106250002BD4D5F89000B0F1405F24D011DC10B3FE
:10626000B0F1805F15D0B0F1005F10D116E0D5F825
:106270009420D9F8001021F007011143C9F800104B
:10628000E3E7B0F1804F0ED0B0F1A04F0BD0012466
:106290000AE00198002102F091F903E00098022140
:1062A00002F01CFA044694B126462878C043400602
:1062B0002BD4D5F89C00B0F5406F24D011DC10B37E
:1062C000B0F5806F15D0B0F5006F10D116E0D5F89D
:1062D0009020DAF8001021F0E0411143CAF80010D4
:1062E000E3E7B0F5805F0ED0B0F5A05F0BD00124DE
:1062F0000AE00198002102F061F903E00098022110
:1063000002F0ECF9044694B126462878C043000612
:106310002BD4D5F8A000B0F5C04F24D011DC10B3B9
:10632000B0F5005F15D0B0F5804F10D116E0D5F86C
:106330009C20D9F8001021F4E0511143C9F8001055
:10634000E3E7B0F5004F0ED0B0F5204F0BD001249D
:106350000AE00198002102F031F903E000980221DF
:1063600002F0BCF9044654B126462878C043000721
:106370001ED4D5F88400B0F5805F0AD00FE0D5F8C0
:10638000A020D9F8001021F460411143C9F8001091
:10639000EBE70098022102F0A1F900B10126D5F83F
:1063A0008420DAF8001021F440511143CAF800109B
:1063B0002878C043C00613D4D5F89800B0F5807F84
:1063C00005D10098022102F089F900B10126D5F823
:1063D0009820D9F8001021F440711143C9F8001039
:1063E0002868C043000316D4D5F8A40038B1B0F52E
:1063F000803F09D0B0F5003F0BD001240AE001989E
:10640000002102F0DBF803E00098022102F066F9B7
:1064100004468CB126462868C043400322D4D5F8F0
:106420008800B0F5801F11D0B0F5001F13D0B0F573
:10643000401F15D0012414E0D5F8A420D9F800108D
:1064400021F440311143C9F80010E4E7386840F402
:106450000030386004E00098012102F03FF9044662
:106460005CB126462868C043C00323D4286DA8B178
:10647000B0F5803F17D001241BE0D5F88820DAF86A
:10648000001021F440111143CAF80010EAE700009F
:106490004C44025800480258CFFFFF00386840F4CF
:1064A0000030386004E00198022102F087F80446C9
:1064B000E4B126462868C043800005D40098022134
:1064C00002F00CF900B101262868C04380031BD4F8
:1064D000D5F88000B0B1B0F5807F0FD0B0F5007F67
:1064E00010D0B0F5407F0DD001240CE05A482A6D41
:1064F000016821F4803111430160DBE7386840F422
:1065000000303860ECB326462868C043C00207D488
:106510006A6FD8F8001021F000411143C8F800104C
:106520002868C043C00008D4D5F8B820DBF80010B4
:1065300021F480411143CBF800102868C043800249
:1065400007D4EA6ED8F8001021F080711143C8F822
:1065500000102868C04340000CD4DBF8001021F480
:106560000041CBF80010DBF80010D5F8BC20114337
:10657000CBF800102868C04308D437486A6D01681A
:1065800000E018E021F04051114301602868C04349
:10659000000208D4D5F88C20DAF8001021F440016C
:1065A0001143CAF8001028790024C04300F001000C
:1065B00020430AD00FE0D5F88020DAF8001021F44B
:1065C00040711143CAF800109EE70198002101F0C4
:1065D000F5FF00B106462879C04300F002002043D1
:1065E00005D10198012101F0E9FF00B106462879A3
:1065F000C04300F00400204305D10198022101F0BE
:10660000DDFF00B106462879C04300F008002043B2
:1066100005D10098002102F061F800B10646287902
:10662000C04300F01000204305D10098012102F082
:1066300055F800B106462879C04300F02000044315
:1066400004D10098022102F049F800B916B10120E6
:10665000BDE8FE8F0020FBE74C4402582DE9F05FB7
:1066600004000F467ED0DFF83882D8F8000000F032
:106670000F00B8420CD2D8F8001021F00F013943B6
:10668000C8F80010D8F8000000F00F00B84269D137
:106690002078844D40070AD52069296801F07001EF
:1066A000884204D9296821F07001014329602078CB
:1066B0007C4E361D00070AD56069316801F0700113
:1066C000884204D9316821F070010143316020789B
:1066D000C0060AD5A069316801F4E061884204D996
:1066E000316821F4E061014331602078DFF8B4B112
:1066F00080060BF1080B0CD5E1695846DBF8002049
:1067000002F07002914204D9026822F070020A433A
:106710000260207880070AD5E068296801F00F013F
:10672000884204D9296821F00F01014329602078AB
:10673000C0073ED05B49A2682868183920F4706011
:10674000104328606068022818D0032819D009680F
:10675000012819D0490700294ADADFF848A1AAF12F
:10676000080A00E044E0DAF8002022F007020243C1
:10677000CAF80020FEF7DEFE814612E009688903B0
:10678000E9E709688901E6E7C905E4E7FEF7D2FE13
:10679000A0EB090141F28830814202D90320BDE813
:1067A000F09F6168DAF8000000F03800B0EBC10F2C
:1067B000ECD1207880070AD5E068296801F00F0144
:1067C000884204D2296821F00F0101432960D8F8DA
:1067D0000010404601F00F01B9420BD9016821F0C9
:1067E0000F0139430160006800F00F00B84201D08A
:1067F0000120D4E7207840070AD52069296801F0F4
:106800007001884204D2296821F070010143296097
:10681000207800070AD56069316801F0700188426C
:1068200004D2316821F07001014331602078C00644
:106830000AD5A069316801F4E061884204D2316868
:1068400021F4E06101433160207880060CD5E169D4
:106850005846DBF8002002F07002914204D2026830
:1068600022F070020A43026000F09AF80E492A688A
:106870002B68C2F3032203F00F038A5CC95C02F0A9
:106880001F0201F01F01D040084A20FA01F11160F7
:106890000749086007480068BDE8F05FFEF786BE5C
:1068A0000020005218440258EC2303902C000024CE
:1068B000280000242000002470B5144C3F22026000
:1068C000124A24680832131D114D04F00704446075
:1068D00016681C1D06F470668660166806F00F06C2
:1068E000C660126802F0700202611A6802F070025B
:1068F00042611A6802F4E0628261226802F070026A
:10690000C261286800F00F00086070BD1044025892
:106910000020005230B500F043F80B4A0B490C4BF5
:1069200015681468C5F3032204F00F048A5C095D3E
:1069300002F01F0201F01F01D040064A20FA01F1C7
:1069400019601060084630BD18440258EC230390CB
:106950002C0000242800002400B5FFF7DBFF0549C8
:106960000968054AC1F30211515C01F01F01C840DA
:1069700000BD00001C440258EC23039000B5FFF753
:10698000C9FF05490968054AC1F30221515C01F0BC
:106990001F01C84000BD00001C440258EC230390B6
:1069A000454970B545480968434B103B11F0380222
:1069B00008D00111082A03D0102A0BD0182A0BD0B6
:1069C000084670BD19688906FBD51968C1F3C10175
:1069D000C84070BD3A4870BD3749374D18310C1D5D
:1069E00024350A68096826682D6802F0030406F059
:1069F0000102C1F30511C5F3CC0515FB02F200EE4F
:106A0000102AB8EE400AE9B32F4ADFED2E0AB7EE9E
:106A1000001A6CB1DFED2D1A012C01D0022C43D0ED
:106A200002EE101A1068F8EE422A81EEA22A1EE049
:106A30001C68A40611D51B6801EE901A1168C3F3F7
:106A4000C103F8EE612AD84001EE900AC1F30800B4
:106A5000F8EE611A81EEA22A0BE001EE901ADFED4A
:106A60001C2A00BFF8EE611A106882EEA12AC0F35A
:106A7000080001EE900AF8EE611A40EE201A31EE9D
:106A8000810A00E015E022EE000A1068C0F34620FB
:106A9000401C00EE900AF8EE600A80EE201ABCEE70
:106AA000C10A10EE100A70BD01EE901ADFED092A3E
:106AB000D8E7002070BD0000104402580090D003B9
:106AC00040787D0100000039304402580024744AA7
:106AD0000024744C20BCBE4B2DE9F05F04007DD037
:106AE000FF4F2078FE4D1837DFF8F493103DC007B4
:106AF00048D0D9F80000396800F03800102815D0C7
:106B0000182803D101F0030002280FD06068B0F507
:106B1000803F12D010B1B0F5A02F18D0286820F413
:106B200080302860286820F4802009E028688003ED
:106B300028D560680028D2D024E0286840F480304E
:106B40002860606888B1FEF7F5FC064609E0286811
:106B500040F480202860F0E7FEF7ECFC801B6428FE
:106B60006FD828688003F7D50CE0FEF7E3FC0646F3
:106B700005E000BFFEF7DEFC801B6428F0D8286823
:106B80008003F7D4207841F20308D54E0C3E8007ED
:106B900069D5D9F80000396810F038000ED01828EF
:106BA00001D188070AD0E06890B3296821F0190163
:106BB00001432960FEF7BEFC824631E028684007A9
:106BC00002D5E06800288AD0E168286820F0190022
:106BD00008432860FEF7AEFC824607E0DFE000BF16
:106BE000FEF7A8FCA0EB0A000228B9D828684007E5
:106BF000F6D500BFFEF798FC40451BD82069402819
:106C000012D0316821F47C3141EA003030602AE052
:106C100018E000BFFEF78EFCA0EB0A0002289FD808
:106C200028684007F6D5E5E7306820F47C3040F46A
:106C30000030EBE7207C316821F0FE4141EA006042
:106C4000E4E70DE1286820F001002860FEF772FCFF
:106C5000824605E0FEF76EFCA0EB0A0002288DD804
:106C600028684007F6D42078C0065DD5D9F8000022
:106C7000DFF86CB2396800F03800ABF1040B08287B
:106C800010D0182803D101F0030001280AD0E069D0
:106C90000028286838D040F080002860FEF74AFCC1
:106CA000824623E02868C00523D5E069802876D194
:106CB0001FE0206A202821D0316821F0F84141EA04
:106CC0008060306030E000BF94F82010DBF80020D6
:106CD00022F07C5242EA0161CBF8001024E000BFB0
:106CE000FEF728FCA0EB0A00022898D82868C00507
:106CF000F6D5FEF719FC4045E6D8DAE7306820F013
:106D0000F84040F08040DCE720F080002860FEF78B
:106D100011FC064605E000BFFEF70CFC801B0228B4
:106D20009DD82868C005F7D42078000729D56C487D
:106D30006169643000298046016811D041F0010189
:106D40000160FEF7F7FB064605E000BFFEF7F2FB29
:106D5000801B0228C9D8D8F800008007F6D510E0BB
:106D600021F001010160FEF7E5FB064605E000BFEA
:106D7000FEF7E0FB801B022872D8D8F800008007DD
:106D8000F6D42078800623D5A0690028286810D082
:106D900040F480502860FEF7CDFB064605E036E162
:106DA000FEF7C8FB801B02285AD828688004F7D554
:106DB0000EE020F480502860FEF7BCFB064604E09D
:106DC000FEF7B8FB801B02284AD828688004F7D455
:106DD000207840074FD5DFF80C81D8F8001041F437
:106DE0008071C8F80010FEF7A5FB064605E000BF5D
:106DF000FEF7A0FB801B642832D8D8F80000C0053D
:106E0000F6D5374EA068603601280AD008B10528AB
:106E100013D0306820F001003060306820F00400AA
:106E200002E0306840F001003060A06841F2883A2A
:106E300090B1FEF77FFB80460AE0306840F0040026
:106E40003060EEE7FEF776FBA0EB0801514507D86E
:106E500030688007F6D50EE0FEF76CFB804607E051
:106E600084E000BFFEF766FBA0EB080151457DD82A
:106E700030688007F6D4606AB0B3DFF86480D9F870
:106E8000001008F120084FF6F87B08F10409C1F35F
:106E9000C2010329A8F1040A69D00228286820F059
:106EA0008070286003D0FEF745FB044684E0FEF7BF
:106EB00041FB064605E000BFFEF73CFB801B0228B5
:106EC00077D828688001F7D4E26A40F2F331386855
:106ED00054F8283F884340EA02101843386004E021
:106EE0001044025800480258B5E0217B43462289ED
:106EF0004FF4FE0C208A4FF0FE474902267D521EB9
:106F0000401EA1F50071C2F308088AB2761E0CEA91
:106F1000004042EA08020243504607EA06610A437B
:106F20001A60DAF8002022F00102CAF80020D9F82D
:106F30000020266A22EA0B0242EAC602C9F80020B3
:106F4000DAF80010A26921F00C011143CAF8001010
:106F50000168E26921F0020111430160016841F416
:106F600080310160016841F4003101E021E027E057
:106F70000160016841F480210160016841F0010174
:106F80000160286840F080702860FEF7D3FA04465C
:106F900005E000BFFEF7CEFA001B022809D82868DA
:106FA0008001F7D557E000BFFEF7C4FA001B0228A6
:106FB00002D90320BDE8F09F28688001F4D44AE09C
:106FC00039680128D8F8000021D0A26A01F0030333
:106FD00093421CD1E26AC1F305118A4217D1216B99
:106FE000C0F30802491E8A4211D1616BC0F34622E8
:106FF000491E91420BD1A16BC0F30642491E91423A
:1070000005D1E16BC0F30660491E814201D0012029
:10701000D0E7A16C4E46D9F80000C0F3CC00814205
:1070200019D0DAF80000554620F00100CAF8000037
:10703000FEF780FA4FEA0007FEF77CFAB842FBD071
:10704000A26C306820EA0B0040EAC2003060286879
:1070500040F0010028600020ACE7000070B504009B
:107060000D4603D094F82C0010B107E0012070BD4C
:10707000002084F82D00204600F018F8022084F843
:107080002C002068211DFCF7BDF8D4E90002294638
:10709000FCF70AF904480121026842F0004202604C
:1070A00084F82C10002070BD00400052FEF782B81A
:1070B00010B5044690F82C00022804D094F82C0057
:1070C000012801D0012010BD022084F82C00206886
:1070D000FCF7CDF8012084F82C00002010BD000042
:1070E00070B5044690F82C000D46022804D0012803
:1070F00003D0052801D0012070BD022084F82C00A7
:107100002068FCF7BDF82868022805D05FF0010070
:1071100084F82C00002070BD0520F9E77047704707
:1071200070470000F0B590F83C20012A3BD01F4E7C
:10713000012480F83C40022280F83D2002681C4D6A
:107140005368B242D2F808C001D0AA4203D14F68B6
:1071500023F470033B430F6823F070031F43576011
:107160000268B24213D0B2F1804F10D0114B9A4254
:107170000DD0114B9A420AD0104B9A4207D0AA4226
:1071800005D00F4B9A4202D00E4B9A4204D1896827
:107190002CF0800319439160002180F83D4080F875
:1071A0003C100846F0BD0220F0BD00000000014088
:1071B000000401400004004000080040000C0040B2
:1071C000001800400040014010B5040003D094F8BE
:1071D0003D0010B107E0012010BD002084F83C0004
:1071E000204600F023F8022084F83D002068211D8D
:1071F00001F0FCFD012084F8480084F83E0084F88A
:107200003F0084F8400084F8410084F8420084F88C
:10721000430084F8440084F8450084F8460084F86C
:10722000470084F83D00002010BD000008B500684C
:10723000B0F1804F08D10548016841F001010160BB
:10724000006800F00100009008BD0000E84402580A
:1072500090F83D10012901D001207047174A022102
:1072600080F83D100168CB6843F00103CB600068F3
:10727000904214D0B0F1804F11D0114988420ED005
:10728000104988420BD01049884208D00F498842E3
:1072900005D00F49884202D00E49884207D1816843
:1072A0000D4A1140062906D0B1F5803F03D0016890
:1072B00041F0010101600020704700000000014022
:1072C0000004004000080040000C004000040140A1
:1072D00000180040004001400700010070B504465E
:1072E00090F83C000025012814D03A4B012684F880
:1072F0003C60022084F83D0022689068184020F429
:107300007F409060086870282FD010DC10F00F0FBD
:1073100003D022E04FF0020070BD4FEA2012072A8E
:107320001BD2DFE802F0535353534B394100B0F105
:10733000101F4BD009DCB0F5805F0FD0B0F5005FB7
:107340001ED0B0F5801F08D140E0A0F58011203993
:107350003CD010293AD0202938D0012584F83D604E
:10736000002084F83C00284670BD4A682068D1E9B6
:10737000021301F0AEFD2068816841F0770109E059
:107380004A682068D1E9021301F0A3FD20688168F2
:1073900041F480418160E1E7CA684968206801F0F2
:1073A00045FF2068502106E0CA684968206801F05E
:1073B0004EFF2068602101F095FDCFE7CA6849685B
:1073C000206801F033FF20684021F4E7226801467D
:1073D0001046F0E788FFCEFF70472DE9F0410446E4
:1073E00000680027C6680569A90713D5B10711D53C
:1073F000FA1E0261012121772068806980072046FA
:1074000002D0FFF7E9FF04E000F0B4F8204600F0F6
:1074100089F92777680716D5700714D522680220E6
:107420006FF00401116120772068806910F4407FBB
:10743000204602D0FFF7D0FF04E000F09BF8204682
:1074400000F070F92777280715D5300713D5226883
:1074500004206FF00801116120772068C06980075F
:10746000204602D0FFF7B8FF04E000F083F8204682
:1074700000F058F92777E80616D5F00614D52268EB
:1074800008206FF01001116120772068C06910F4A6
:10749000407F204602D0FFF79FFF04E000F06AF82B
:1074A000204600F03FF92777E80708D0F00706D01C
:1074B00021686FF001000861204600F0BDF9280640
:1074C00001D4A80408D5300606D521686FF402500F
:1074D00008612046FFF723FEE80508D5300606D5EB
:1074E00021686FF4807008612046FFF717FE680678
:1074F00008D5700606D521686FF040000861204667
:1075000000F0A4F9A8060AD5B00608D521686FF0E6
:10751000200008612046BDE8F041FFF701BEBDE84C
:10752000F081000010B586B0044614216846FAF7D1
:1075300092FF0D492068884214D10C48016841F03F
:107540000201016000680021202200F00200059085
:1075500002200092CDE90101CDE9031004486946FB
:10756000FDF7BAFE06B010BD00040040E04402582A
:1075700000040258704770B5044690F83C0000269D
:107580000D4601280BD0012084F83C000C2A4AD07B
:1075900007DC82B1042A20D0082A06D131E002207B
:1075A00070BD102A53D0142A63D00126002084F81D
:1075B0003C00304670BD206801F09EFC2068816967
:1075C00041F0080181612068816921F00401816135
:1075D00020682A698169114311E0206801F0DEFC0E
:1075E0002068816941F4006181612068816921F42A
:1075F0008061816120682969826942EA0121816193
:10760000D4E7206801F016FD2068C16941F0080147
:10761000C1612068C16921F00401C16120682A6943
:10762000C169114311E0206801F050FD2068C16973
:1076300041F40061C1612068C16921F48061C161C8
:1076400020682969C26942EA0121C161AEE7206868
:1076500001F078FD2068416D41F008014165206826
:10766000416D21F00401416520682A69416D114393
:1076700011E0206801F0A0FD2068416D41F4006137
:1076800041652068416D21F4806141652068296968
:10769000426D42EA0121416588E710B5040003D03C
:1076A00094F83D0010B107E0012010BD002084F8DF
:1076B0003C00204600F022F8022084F83D002068BB
:1076C000211D01F093FB012084F8480084F83E005E
:1076D00084F83F0084F8400084F8410084F84200B8
:1076E00084F8430084F8440084F8450084F8460098
:1076F00084F8470084F83D00002010BD08B50068FC
:107700000649884208D10648016841F0020101603B
:10771000006800F00200009008BD00000004004076
:10772000E84402587047000030B504464FF00202AA
:1077300069B1042912D0082917D00C291CD01029AE
:1077400021D094F84300012824D0012030BD94F8C2
:107750003E000128F9D184F83E201DE094F83F0056
:107760000128F2D184F83F2016E094F84000012867
:10777000EBD184F840200FE094F841000128E4D1D7
:1077800084F8412008E094F842000128DDD184F813
:10779000422001E084F843200122206801F08CFBA4
:1077A0001B4B20681B491C4A984209D0884207D0CD
:1077B000904205D0194DA84202D0194DA84203D1DC
:1077C000456C45F4004545642068984212D0B0F1FC
:1077D000804F0FD0134B98420CD0134B984209D0D6
:1077E000124B984206D0884204D01149884201D0F9
:1077F000904207D181680F4A1140062906D0B1F5A1
:10780000803F03D0016841F001010160002030BDDC
:1078100000000140000401400040014000440140DC
:10782000004801400004004000080040000C0040F7
:10783000001800400700010000680349884201D198
:10784000FDF77EBE7047000000100040704730B565
:1078500090F88410012918D0012280F88420242176
:10786000C0F888100022202401680B680D6823F0FE
:10787000005325F001050D60426601680B60C0F8F9
:10788000884080F88420104630BD022030BD10B5FD
:107890000446D0F88C00202801D0022010BD61B130
:1078A0005AB10123E36600202067204602F056F813
:1078B0000028F3D1E16E012901D0012010BD22681A
:1078C00010211162226852E8001F41F0100142E8C5
:1078D0000013002BF6D110BD10B50068154A904278
:1078E00027D11548941500F01F0303F58073BFF3EB
:1078F0004F8F124A10602030203B002BFADCBFF380
:107900004F8FBFF36F8F0C4AFF294FF0000001D853
:10791000505401E082F8FF000A460749084800F089
:10792000D7FF05492246BDE8104001F58070FFF7FA
:10793000AEBF10BD00100140480500245CEF00E020
:10794000C4080024704770B5044690F884000128EC
:107950001DD0012284F884202420C4F888002068E7
:107960000568026822F0010202602068826822F045
:1079700060620A438260204601F07CFC226820217C
:1079800000201560C4F8881084F8840070BD0220BF
:1079900070BD70B5044690F8840001281DD0012206
:1079A00084F884202420C4F88800206805680268D0
:1079B00022F0010202602068826822F060420A43DD
:1079C0008260204601F056FC2268202100201560CC
:1079D000C4F8881084F8840070BD022070BD704720
:1079E000704770472DE9F04107680025044640F6CE
:1079F0000F030226F8693968BA6818420AD183066B
:107A00007ED501F0200302F0805C53EA0C0377D0AE
:107A1000616F7EE1D44BDFF854C3134001EA0C0CD4
:107A200053EA0C0C6CD05FEAC07C0CD05FEAC15CFE
:107A300009D54FF0010CC7F820C0D4F8907047F07A
:107A40000107C4F89070870709D5D70707D02768C2
:107A50003E62D4F8906046F00406C4F89060460791
:107A60000AD5D60708D0276804263E62D4F890606D
:107A700046F00206C4F8906006070CD501F0200617
:107A80001E4308D0266808233362D4F8903043F0B0
:107A90000803C4F8903003050BD54B0109D52668BF
:107AA0004FF400633362D4F8903043F02003C4F8FD
:107AB0009030D4F89030002B3DD0800609D501F0ED
:107AC000200002F08051084303D0616F09B12046C5
:107AD00088472168D4F890008968490602D410F0DC
:107AE000280F2AD0204601F021FD2068806840063A
:107AF0001ED52068083050E8001F21F0400100E04A
:107B000021E040E80012002AF3D1D4F8800078B1D7
:107B100097490165D4F88000FBF74AFF00280AD096
:107B2000D4F88000016D00E02046BDE8F041084730
:107B30002046FFF756FFBDE8F0812046FFF751FFD2
:107B4000C4F89050F7E7D4F86CC02023BCF1010FC3
:107B50007ED15FEAC06C7BD55FEAC16C78D510201E
:107B6000386220688068400673D5D4F88020814947
:107B70001068884234D07F491831884230D07D491E
:107B8000303188422CD07B494831884228D079490D
:107B90006031884224D077497831884220D07549B5
:107BA000903188421CD07349A831884218D072495C
:107BB000884215D070491831884211D06E49303151
:107BC00088420DD06C494831884209D06A496031F9
:107BD000884205D068497831884201D066499031A1
:107BE00040684FF480770004000C40D0B4F85C107B
:107BF00081423CD9A4F85E00D069B8422FD02168F8
:107C000051E8000F20F4807041E80002002AF6D10C
:107C10002068083050E8001F21F0010140E8001200
:107C2000002AF5D12068083050E8001F21F04001FB
:107C300040E80012002AF5D1C4F88C30E5662068CF
:107C400050E8001F21F0100140E80012002A01E076
:107C50004AE019E0F3D1D4F88000FBF7F9FC26677D
:107C6000B4F85C00B4F85E10401A81B208E0B4F8D1
:107C70005C1081427FF466AFD069B842FAD12667C2
:107C80002046FFF729FE56E7B4F85C00B4F85E1012
:107C9000B4F85E20401A81B2002AF4D00029F2D054
:107CA000226852E8000F20F4907042E80007002F8D
:107CB000F6D1324F206800F1080050E8002F02EAA8
:107CC000070240E8002CBCF1000FF3D1C4F88C305F
:107CD000E5666567226852E8000F20F0100042E870
:107CE0000003002BF6D1CAE7C60209D5560207D514
:107CF0004FF4801038622046BDE8F041FFF770BEB7
:107D000006060AD501F0800602F40002164304D0EC
:107D1000A16F00297FF408AF0DE7420611D54A068E
:107D20000FD52046016851E8002F22F0400241E8BB
:107D30000024002CF6D1C0F88830856700F0CCF81C
:107D4000F9E6020206D54A0004D52046BDE8F04116
:107D5000FFF745BEC00196D5002994DA2046BDE85C
:107D6000F041FFF7EFBD000001000010200100040A
:107D70002B9400901000024010040240FEFFFFEF21
:107D800010B5040003D0D4F8880010B107E001203A
:107D900010BD002084F88400204600F027F824203D
:107DA000C4F888002068016821F001010160A06A20
:107DB00010B1204601F080FA204601F0F9FB0128BD
:107DC000E6D02068416821F49041416020688168D4
:107DD00021F02A0181602068016841F00101016001
:107DE0002046BDE8104001F0CBBA00002DE9F04379
:107DF000B7B00646142130A8FAF72DFBC02168461B
:107E0000FAF729FB2E493068884256D100201F908E
:107E100001210546CDE900106846FDF749FF08B18C
:107E2000FBF7E9F82748016841F01001016000689C
:107E300000F01000359023481038016841F001012E
:107E40000160006807244FF00208DFF87C9000F022
:107E500001000121CDE93215CDE934404FF48067AE
:107E60004846CDE9307830A9FDF736FA79103091DF
:107E7000CDE93185CDE9335430A94846FDF72CFAD8
:107E8000124C2921124884E82300C4E90357656194
:107E90002046A561E56125626562FCF73FFA08B1FD
:107EA000FBF7A9F8C6F8804000220521A66325202B
:107EB000FDF74CFD2520FDF73BFD37B0BDE8F08315
:107EC00000100140F044025800000258DC06002473
:107ED00010000240704770477047FEE72DE9FC4FE5
:107EE00082468D88894693468820DAF800108C23D4
:107EF00000EBCB149422A646C868C0F30B4028447C
:107F00000D59040403EBCB1005F47045CDE90004D2
:107F100041F80E509C23D9F8004003EBCB164FF0EC
:107F2000AC0C982340F2077702EBCB11A02503EBB2
:107F3000CB1205EBCB13DAF800500CEBCB1CD5F8C9
:107F40000C80C8F30B4808F10108A044019C48EAE2
:107F5000040845F80E80DAF80040B9F80C50D4F85F
:107F60000C802058C8F30A08454400F47048009873
:107F700044F80080DAF80040D9F80800D4F80C8002
:107F8000C8F30A0808F101088044009848EA054847
:107F900044F80080DAF80000445824F00704445004
:107FA000DAF80040D9F81000605099F8310099F8DB
:107FB0001810040299F83200000440EA016099F8B0
:107FC000301021430143DAF800008151DAF8000053
:107FD000815821F0FF018150DAF80000D9F814101F
:107FE0008150DAF80000C158B943C150DAF80010E6
:107FF000D9E907021043C850DAF80010D9F8240074
:1080000041F80C00D9F81000C8B301283AD0042870
:108010003AD0022838D0032836D0072834D001209F
:10802000DAF80030B02505EBCB11B42284245D587A
:1080300002EBCB1205F0E0255D50D9E9003504EBE9
:10804000CB14EB1AB9F8285043434543DAF8000043
:10805000DB1D43EA05434350DAF8000081586FF313
:108060000A018150DAF80000D9F82C108150DAF8B2
:108070000000015941F001010151BDE8FC8FFFE70B
:108080000420CDE70320CBE70220C9E710480222F5
:108090000E4B002110B50360C0E90112C160C0E9B8
:1080A0001112C164016541658165C165FBF76CFA18
:1080B00008B1FAF7A0FF06480121FBF773F9002881
:1080C00003D0BDE81040FAF796BF10BD0010005273
:1080D000CC020024094808B5016841F001010160A3
:1080E00000680022052100F0010000900B20FDF740
:1080F0002DFCBDE808400B20FDF71ABCD8440258FF
:108100002DE9F0411E4800211C4F012300F1180801
:108110004FF0120C1F268160102507600327C160F5
:1081200004220374202441748174436188E8481058
:1081300043623E2300F12808C0E90D1388E8E000FF
:108140000823C563C0E910428464C0E91323C0E971
:108150001521C0E91714C0E91912FCF77DFE08B11A
:10816000FAF749FF0648FDF702F8002803D0BDE8FA
:10817000F041FAF740BFBDE8F081000000A00040E8
:1081800034030024F0B587B01C216846FAF763F980
:10819000154800220823134D02214FF0400C012600
:1081A000C0E90052C0E9026320270761CD01C0F891
:1081B00014C0C0E906528E020662CF020724C0E94D
:1081C00009728DE81A0005250394CDE90451069142
:1081D0006946FEF743FF08B1FAF70DFF25F034FDBD
:1081E00007B0F0BD40410052D4030024044A0021EE
:1081F000044810B523F0D0F90349086010BD000011
:108200002C23039059330090040000242DE9F047FB
:1082100086B014216846FAF71EF95E48016841F4F9
:1082200080710160016801F480710591016841F07D
:1082300002010160016801F002010591016841F449
:1082400080610160016801F480610591016841F07D
:1082500004010160016801F004010591016841F029
:1082600010010160016801F010010591016841F4FD
:1082700000710160016801F400710591016841F02D
:1082800001010160016801F001010591016841F0FF
:1082900080010160016801F080010591016841F0F1
:1082A00040010160016801F040010591016841F061
:1082B00008010160016801F008010591016841F0C1
:1082C0002001016000684FF48076334F002200F0F7
:1082D0002000314605903846FDF721F9DFF8BC80D3
:1082E000002280214046FDF71AF9DFF8B490012200
:1082F00003214846FDF713F9DFF8A8A0002240212A
:108300005046FDF70CF900256946012402946003EC
:10831000CDE900052448FCF7DFFF00966946CDE96A
:10832000014538460395FCF7D7FF01AA6946802727
:1083300000970226112082E851004046FCF7CCFF4E
:108340000C206946CDE9000550460294FCF7C4FFB5
:108350008DE8700015486946FCF7BEFF03206946AA
:10836000CDE90004CDE902454846FCF7B5FF4020C1
:108370006946CDE90004CDE902465046FCF7ACFF62
:10838000CDE90075694650460295FCF7A5FF06B099
:10839000BDE8F087E0440258002002580018025857
:1083A00000040258001C025800080258000002583D
:1083B000F0B58DB034216846FAF74DF82648002410
:1083C000244B2F21022540F2A736872240F20227B4
:1083D0000360222344604FF4017E846040F2CF3C6E
:1083E0008561C460C0E9044100F11C0181E8CC5002
:1083F00080F8344080F8354080F83640FDF745F984
:1084000008B1FAF7F8FD4FF4487004954FF4F07195
:10841000FF22CDE90040CDE90A0107A8CDE90241DC
:1084200005264F066946CDE905244FF4806380E8B0
:10843000C8008DF8304000228DF8314006488DF894
:108440003240FDF7F9F8002801D0FAF7D4FD0DB05D
:10845000F0BD0000001000500804002410B588B0E2
:1084600016480024164BEF2200944FF080410194EF
:108470000294039404940594069480E81600C0E9DD
:1084800003348461FEF7A0FE08B1FAF7B4FD4FF49F
:108490008050009009486946FEF720FF08B1FAF7BE
:1084A000AAFD064804A904940694FEF73BFE0028A2
:1084B00001D0FAF7A0FD08B010BD0000B004002400
:1084C000FFC99A3B30B58BB0002468461C21079445
:1084D00008940994F9F7BFFF184DEF211848C722F7
:1084E000802385E81300AB612846C5E90324FFF724
:1084F000D4F808B1FAF77FFD104807A9079409944A
:10850000FEF710FE08B1FAF776FD60206946CDE966
:1085100000040A48042202940494FFF72CF808B1DE
:10852000FAF769FD2868846304210448FFF7FCF822
:108530000248FEF7F7FF0BB030BD0000FC0400243A
:10854000000400401A48002110B5184C0C224FF4CA
:10855000E1330460C0E90131C160C0E90412816106
:10856000C161016241628162FFF70AFC08B1FAF75A
:1085700042FD0F480021FFF70CFA08B1FAF73BFD66
:108580000B480021FFF7DFF908B1FAF734FD08487E
:10859000FFF75DF908B1FAF72EFDBDE81040054977
:1085A0004FF480720248FFF772B9000000100140DA
:1085B0004806002448050024FEE7FEE72DE9F047C1
:1085C000454D044689464FF0000A2868C04380079D
:1085D0000AD0414E283E306820F080603060FCF7C1
:1085E000A9FF0746B04608E00120BDE8F08700BFBC
:1085F000FCF7A0FFC01B022867D8D8F800000001D4
:10860000F6D4206829684FF4FE0721F47C313E023D
:1086100041EA00302860207AA389B4F804C04002FF
:108620002D4D2D495B1E227CACF1010C1035091D2E
:10863000A0F5007080B2521ECCF3080C07EA034389
:1086400040EA0C00184306EA0262104328600868FA
:10865000626920F0C000104308600A68A06922F037
:10866000200202430A60281D0A6822F010020A60F4
:1086700002684FF6F873E4699A4342EAC402026062
:108680000868B9F1000F40F010020A6011D00868C4
:10869000B9F1010F11D040F400100860D8F80000C3
:1086A000444640F08060C8F80000FCF743FF0546F0
:1086B0000DE0086840F40020EFE740F48010ECE79C
:1086C000FCF738FF401B022801D903208DE7206802
:1086D0000001F5D5504688E7284402582DE9F047B7
:1086E000454D044689464FF0000A2868C04380077C
:1086F0000AD0414E283E306820F080503060FCF7B0
:1087000019FF0746B04608E00120BDE8F08700BF2A
:10871000FCF710FFC01B022867D8D8F800008000C3
:10872000F6D4208829684FF4FE0721F07C713E02C0
:1087300041EA00502860207AA389B4F804C04002BE
:108740002D4D2D495B1E227CACF1010C1835091D05
:10875000A0F5007080B2521ECCF3080C07EA034368
:1087600040EA0C00184306EA0262104328600868D9
:10877000626920F44060104308600A68A06922F42E
:10878000007202430A60281D0A6822F480720A609F
:1087900002684FF6F873E4699A4342EAC402026041
:1087A0000868B9F1000F40F480720A6011D00868BF
:1087B000B9F1010F11D040F080700860D8F80000C6
:1087C000444640F08050C8F80000FCF7B3FE054670
:1087D0000DE0086840F48000EFE740F40000ECE7AB
:1087E000FCF7A8FE401B022801D903208DE7206872
:1087F0008000F5D5504688E72844025870B5042219
:108800000D460021044600F0F3F9E06A002807D085
:108810000268002A04D029462046BDE8704010476F
:1088200070BD00231A4600F001B800002DE9F84F92
:108830000C46054622B11BB9FF211046FAF781F913
:1088400005F13C0069460646ADF800400CF06DFFAE
:10885000DFF874A04FF0010948B34846DFF86C8098
:108860005FF0000680F0010706EB460138F91120A1
:10887000A2420ADB08EB4100B0F90210A14204DC7D
:1088800082880221284600F0B3F9761C092EEBDB22
:1088900021462846FFF7B2FF1FB151462846FFF791
:1088A000ADFF002D01D085F83990BDE8F88F6946FD
:1088B00030460CF069FF69463046ADF800A00CF078
:1088C00034FF0020CAE70000A2FEFFFFFC23039054
:1088D0002DE9F04704464FF0000617004FF001095C
:1088E0003546D4E902200ED063689B1A5B1E9F4276
:1088F00012DDA6606FF4B57106702046FFF791FF98
:108900000020BDE8F0878654D4E90221204600F01B
:1089100037F88146A66031E010443A46F9F774FD15
:10892000D4E9020104F164083844A06001F8006051
:10893000D4E902104A1B4119404624F053FE94F832
:1089400080100544012904D094F864001A2811D03D
:1089500011E0E1682A46204600F012F88146D4E989
:1089600002104A1B4119F9F74FFDA068401BA06097
:108970000025DDE711B1A068A842D9D84846C0E774
:108980002DE9F04F04004548904689468DB04FF0E0
:10899000010AD0E90621006A0292CDE903101CD039
:1089A00001210020206304F1640584F83810424658
:1089B0004946284624F016FE06462878192810D085
:1089C000A868002852DD02A8294605F043FB686824
:1089D00000270790A86806902DE000200DB0BDE8A4
:1089E000F08F6FF064012046FFF71BFF3CE0002191
:1089F000009103EB820B0B460191DDE9062122F089
:108A00009DF9B8B1C4F810B0002128696061A06177
:108A10006869E0616868C4E90910A86820622046B6
:108A200022F0DCFE00EA0A0A95E88C0002A880E841
:108A30008C001BE07F1C236807EB470253F82200E1
:108A40000028D4D1334600E05B1E3BB109EB0300A4
:108A500010F8010C0D28F7D00A28F5D06FF070013E
:108A60004A462046FFF7E2FE4FF0000A464503DA89
:108A7000B144A8EB06089AE794F8380058B90222E6
:108A8000204607A128F0E8FD200004D0C16A11B1FA
:108A9000C96801B188475046A0E7000068240390E8
:108AA0000D0A00000A2905D220B100EB4100B0F800
:108AB00048007047002070472DE9F05F0A291446EE
:108AC0000E46054677D2002D75D0DFF8208108F1DB
:108AD000140900BF08EB460105EB46034F78B3F8D5
:108AE000482018F8161009EBC707A24238687F68BB
:108AF00079D00729A3F8484070D2DFE801F00404D8
:108B000023743F747400B5F84A00B5F8481020F09B
:108B1000400321F04000184211D024EA0200204214
:108B200041F04002A5F8482058D028004FF001013C
:108B300054D0C36AF3B39B68E3B398474EE0A5F8FB
:108B400048004BE0C0F307210B2903D02846FFF76C
:108B5000A9FF01E04FF6FF70044201D0012200E0BE
:108B600000222846C7F307210E46FFF79BFF12B1EC
:108B700040EA174432E020EA17402EE0010E0B29AC
:108B8000C6B202D1F8B20B2821D04FF0000A0B294F
:108B9000D34603D02846FFF785FF8246F9B20B295A
:108BA00003D02846FFF77EFF8346624002EA0403B3
:108BB0009A4301E012E016E031462846FFF772FFC3
:108BC00003EA0A0302EA0B021343184305E03146A5
:108BD0002846FFF767FF944320430446C7F3072066
:108BE0000B287FF477AFBDE8F09F0000322403909C
:108BF00010B50B460446FFF755FF02432046BDE87B
:108C000010401946FFF758BF054C4FF4FA75022182
:108C10002046FCF77CFC284622F013FCF7E7000016
:108C2000000402584FF0E02010B5006929F096F9D1
:108C3000012803D0BDE8104028F090BD10BD000011
:108C400070B59CB04C216846F9F705FC202113A8AB
:108C5000F9F701FC0220FCF7ABFE21480024214972
:108C6000026842F44042026002680A6842F001026F
:108C70000A60096801F001011B9101688904FCD5B3
:108C80000DF1280C0825022009900523C0268CE848
:108C90004900CDE90D05C2030F9001216846CDE9D9
:108CA0001054CDE900121294FDF716FF08B172B608
:108CB000FEE740201A903F210301CDE91650032220
:108CC000CDE9180313AB13A883E816000421FDF7C0
:108CD000C5FC002801D072B6FEE71CB070BD0000D4
:108CE000184802582C0400583348F0B5334A01683C
:108CF00041F470010160106800F00F00072804D2F1
:108D0000106820F00F00C01D10602D4900202C4C71
:108D100010340B682B4D43F001030B6020600B688F
:108D20002B400B60136803F00F03072B04D9136863
:108D300023F00F03DB1D1360214C234A1834234B0F
:108D4000261D371D20601E4C214D28343060261D05
:108D50003860371D23603B1D35601C1D3A60251DA2
:108D60002E1D1860331D22602860326018600A686A
:108D7000134B184C22F4802260330A60186020687C
:108D80006FF30F00B0F1005F03D213490120C1F867
:108D900008010B48D4300168C9040BD4026843F2BF
:108DA000D2010E4B42F4805202601960016821F436
:108DB00080510160F0BD000088ED00E0002000520D
:108DC000004402587FEDF6EA80020101000202022F
:108DD0000000FF010010005C0080005100400052C4
:108DE0000148FEF7FABA0000540700242DE9F047C5
:108DF000294B4FF0804A294D02689842284E294F4E
:108E0000294C09D0504507D0A84205D0B04203D024
:108E1000B84201D0A04205D1D1F804C022F07002BE
:108E20004CEA0202DFF884C0DFF884809842DFF861
:108E300084900FD050450DD0A8420BD0B04209D03D
:108E4000B84207D0A04205D0604503D0404501D0CC
:108E5000484503D1CD6822F440722A438E684D699B
:108E600022F08002C6620E682A439842866207D0CA
:108E7000A04205D0604503D0404501D0484501D10E
:108E8000096901630368012143F004030360416140
:108E90000260BDE8F08700000000014000040040CF
:108EA00000080040000C0040000401400040014068
:108EB000004401400048014010B5046A012301F05C
:108EC0001F018B409C4304628A40016A1143016286
:108ED00010BD42EA032283680A4323F47F410A4318
:108EE00082607047034B82681A400A4342F00701D0
:108EF000816070478FFFCFFF2DE9F04FDFF884804E
:108F0000214EDFF88890DFF888B0026A036AB04229
:108F1000DFF880A022F0020C1F4F23F00102026252
:108F2000426885698B680C6805EA080525F0030529
:108F300043EA0C0344EA050407D0484505D05845E8
:108F400003D0504501D0B84205D1CD6823F00803C5
:108F50001D4325F00403B04207D0484505D05845CD
:108F600003D0504501D0B84205D122F44076D1E972
:108F7000055235432A434260846149684163036274
:108F8000BDE8F08F8FFFFEFF0000014000040140AC
:108F9000004001400044014000480140F0B5DFF8C6
:108FA0007CE01F4C1F4D026A036AA04222F020069B
:108FB00023F01003036242688369D1F808C00F6888
:108FC00003EA0E0323F4407E46EA0C134EEA07261A
:108FD00001D0A84206D1CF6823F0800343EA0713EB
:108FE00023F04003A0420AD0A84208D00E4CA04271
:108FF00005D00E4CA04202D00D4CA04207D1D1E9C1
:10900000054522F4406242EA840242EA8502426057
:109010008661496881630362F0BD0000FF8FFFFE37
:1090200000000140000401400040014000440140B4
:1090300000480140F0B5DFF87CE01F4D1F4E026A8A
:10904000036AA84222F4007723F480730362436822
:10905000C269D1F808C002EA0E020C6822F0030EC1
:1090600047EA0C2244EA0E0401D0B04206D1CF6890
:1090700022F4006242EA072222F48062A8420AD067
:10908000B04208D00E4DA84205D00E4DA84202D0E5
:109090000D4DA84207D1D1E9055623F4405343EAC8
:1090A000051343EA06134360C4614968C163026261
:1090B000F0BD00008FFFFEFF0000014000040140F2
:1090C000004001400044014000480140F0B5046AFE
:1090D000026A22F4805202624268C36924F4005496
:1090E000DFF848C08E680D6803EA0C03104F23F4C4
:1090F000407344EA0634B84243EA05230BD00D4DD1
:10910000A84208D00C4DA84205D00C4DA84202D070
:109110000B4DA84204D14D6922F4804242EA8512E7
:109120004260C361496801640462F0BDFF8FFFFEC5
:1091300000000140000401400040014000440140A3
:1091400000480140F0B5164F164B026A046A984277
:1091500022F4003524F4803303624268436D0E89A3
:109160000C6803EA070344EA030445EA06430BD00C
:109170000D4DA84208D00D4DA84205D00C4DA84277
:1091800002D00C4DA84204D14D6922F4803242EA4B
:10919000052242604465496881650362F0BD0000B4
:1091A0008FFFFEFF0000014000040140004001402D
:1091B0000044014000480140F0B5164F164B026ACA
:1091C000046A984224F48013036222F40014426873
:1091D000436D0E890D6803EA070344EA065443EA27
:1091E00005230BD00D4DA84208D00D4DA84205D047
:1091F0000C4DA84202D00C4DA84204D14D6922F476
:10920000802242EA8522426043654968C165046262
:10921000F0BD0000FF8FFFFE000001400004014090
:1092200000400140004401400048014010B5036A7D
:10923000046A23F00A0324F00104046284690B43E6
:1092400024F0F00141EA02118161036210BD10B502
:10925000036A046A23F0A00324F010040462846902
:1092600043EA011124F4704343EA0232826101624D
:1092700010BD000030B5416EB9B101680D4B03F16E
:1092800008048A688968C2F34262490F5D5C615CC8
:109290002D01B5FBF1F1A0F86A10995CA25C0901FF
:1092A000B1FBF2F1A0F8681030BD0121A0F86A10FE
:1092B000F8E70000DC23039090F82810090706D592
:1092C0000168836B4A6822F400421A434A6090F8AE
:1092D0002810C90706D00168C36A4A6822F4003220
:1092E0001A434A6090F82810890706D50168036B75
:1092F0004A6822F480321A434A6090F828104907DD
:1093000006D50168436B4A6822F480221A434A60FA
:1093100090F82810C90606D50168C36B8A6822F444
:1093200080521A438A6090F82810890606D5016891
:10933000036C8A6822F400521A438A6090F828105D
:10934000490611D50168436C4A6822F480121A4319
:109350004A60416CB1F5801F06D10168836C4A6890
:1093600022F4C0021A434A6090F82810090606D574
:109370000168C26C486820F40020104348607047C0
:109380002DE9F84300250446C0F89050FCF7D2F8C8
:109390008046206820266FF07E470068000713D5BE
:1093A0000022434631042046009700F02BFB58B1C1
:1093B000216851E8000F20F0800041E80002002AF7
:1093C000F6D1C4F8886021E020680068400722D503
:1093D000002243464FF480012046009700F012FB24
:1093E000C8B1206850E8001F21F4907140E80012D5
:1093F000002AF6D12068083050E8001F21F0010152
:1094000040E80012002AF5D1C4F88C60032084F8EB
:109410008450BDE8F883C4F88860C4F88C60E566C1
:109420002567002084F88450F3E710B5806B002195
:10943000A0F85E10FEF7D5FA10BD70B5846B00255C
:109440002168D4F88800D4F88C608968090606D5AC
:10945000212804D1A4F85650204600F091F8206845
:109460008068400606D5222E04D1A4F85E5020461E
:1094700000F05CF8D4F8900040F01000C4F89000C0
:109480002046FEF7AEFA70BD10B5C1690022806BB0
:10949000B1F5807F2DD0A0F85E20036853E8001F4F
:1094A00021F4807143E80014002CF6D101680831E2
:1094B00051E8003F23F0010341E80034002CF5D1CE
:1094C0000168083151E8003F23F0400341E80034CF
:1094D000002CF5D12021C0F88C10C16E012908D1D3
:1094E000016851E8003F23F0100341E80034002CEC
:1094F000F6D10267C16E012902D0FEF7EBFC10BD68
:10950000B0F85C10FEF7E8F910BD10B5806B0121D2
:109510000167C16E012902D0FEF7DDFC10BDB0F875
:109520005C104908FEF7D8F910BD000010B50268BC
:1095300052E8001F21F4907142E80013002BF6D18D
:109540000E4B0268083252E8001F194042E800142E
:10955000002CF6D1C16E012908D1026852E8001F23
:1095600021F0100142E80013002BF6D10021202247
:10957000C0F88C20C166416710BD0000FEFFFFEF00
:10958000026852E8001F21F0C00142E80013002BDE
:10959000F6D10168083151E8002F22F4000241E8B9
:1095A0000023002BF5D12021C0F88810704700005F
:1095B0002DE9F04304468068D84E87B0D84B216827
:1095C000D4E90427D4F81CC010430A68002547EAF0
:1095D0000C073843324002430A602068E268416861
:1095E00021F44051114341602268A1699A4201D09F
:1095F000206A01439768DFF82CC3CB4ECB4807EABB
:109600000C070F4397602168676ACA6A22F00F024D
:109610003A43CA622268B2420ED1006800F03800B4
:10962000182873D047DCB8B3082879D010286FD138
:1096300078E028287ED17BE0BD498A4209D10068C4
:1096400000F00700062875D2DFE800F0546A6C6E5F
:109650007072B8498A4209D1006800F007000628F4
:1096600068D2DFE800F0475D5F616365B2498A4216
:1096700009D1006800F0070006285BD2DFE800F09F
:109680003A5052545658AD498A420BD1006800F006
:10969000070006284ED200E010E0DFE800F02B4182
:1096A00043454749A6498A420AD1006800F038007C
:1096B000182839D0B7DD2028BBD13CE001203AE0A2
:1096C000A0498A4209D1006800F00700062831D27B
:1096D000DFE800F01026282A2C2E9B498A420BD165
:1096E000006800F00700062824D2DFE800F0031924
:1096F0001B1D1F2100201EE09A421BD18B48001D1C
:10970000006800F00700062814D202E00CE007E031
:1097100010E0DFE800F0030507090B0D02200AE066
:10972000042008E0082006E0102004E0202002E0E9
:10973000402000E080208549DFF814829A42854A63
:109740004FF400434FEA21174FF000064ED1102886
:109750001AD006DC022809D004280BD008287CD1B6
:109760000DE020283ED0402877D13DE0FCF74AF9B3
:10977000014610E06846FCF757F901990BE003A891
:10978000FCF7F4F9049906E01068800605D5106826
:10979000C0F3C100C140002970D0606A676838F822
:1097A000102007EB4703B1FBF2F0834255D8B0EB32
:1097B000073F52D8002308461946F8F7EFFD024646
:1097C0007808130E120243EA012110183A4671413B
:1097D0000023F8F7E3FD604AA0F5407191423CD8C0
:1097E00021688FE03946D8E71946D6E7D4F81CC07F
:1097F0004FF6EF799C4546D1082819D005DC58B1C1
:1098000001280CD0042875D10DE0102815D020288F
:1098100035D040286ED134E0FDF79EF801E0FDF729
:10982000ADF8014610E06846FCF7FEF801990BE040
:1098300003A8FCF79BF9049906E01068800604D59C
:109840001068C0F3C100C140C1B1636A606838F8F4
:109850001330B1FBF3F1490000E04BE001EB5001A4
:10986000B1FBF0F0A0F11001494543D84FF6F07379
:109870002168C0F342021840104343E043E03946F8
:10988000E3E71946E1E7082819D005DC58B10128BB
:109890000CD004282ED10DE0102815D020282BD074
:1098A000402827D12AE0FDF757F801E0FDF766F8D8
:1098B000014610E06846FCF7B7F801990BE003A8F1
:1098C000FCF754F9049906E01068800604D5106886
:1098D000C0F3C100C140B1B1636A606838F81330A9
:1098E000B1FBF3F101EB5001B1FBF0F0A0F110017D
:1098F000494505D9012506E03946EDE71946EBE76C
:10990000216880B2C8600120A4F86A00A4F8680049
:1099100028466667A66707B0BDE8F083F369FFCF06
:10992000000C0058FFF4FF1100100140544402588D
:109930000044004000480040004C004000500040FF
:109940000014014000780040007C00400090D003EB
:10995000C423039000440258FFFC0F0070B5044676
:10996000D0F8800000232225A165A4F85C20C4F86B
:109970009030C4F88C50F0B11F49C163D4F8801006
:109980001E480864D4F880101D48C864D4F88000CC
:1099900003651346A56D2168D4F880002A4624315A
:1099A000FAF79EFE38B11021C4F890102020C4F8B8
:1099B0008C00012070BD206940B1216851E8000F82
:1099C00040F4807041E80002002AF6D12068083097
:1099D00050E8001F41F0010140E80012002AF5D1D3
:1099E0002068083050E8001F41F0400140E80012B4
:1099F000002AF5D1002070BD899400900B9500904D
:109A00003B9400902DE9F047994617460D460446D1
:109A1000089E4FF0000833E0701C31D0FBF78AFD40
:109A2000A0EB0900B04218D8BEB120680168490710
:109A300026D5802D24D0402D22D0C169C9430907E5
:109A40000DD4082505622046FFF770FDC4F890503C
:109A5000012084F88480BDE8F0870320FBE7C0691B
:109A6000C04300050CD421684FF400600862204612
:109A7000FFF75CFD2021C4F8901084F88480ECE7A7
:109A80002068C06935EA000004D00020B842C3D085
:109A90000020E0E70120F9E70148FDF7A3BF00003F
:109AA00048060024FEE700000FB4054B10B503A9DB
:109AB000044A029801F0DEFF10BC5DF814FB0000C0
:109AC0008D67019018000024090700284FEA1161F2
:109AD00004DB00F1E02080F80014704700F00F0074
:109AE00000F1E02080F8141D704700000048704726
:109AF000C802002402E008C8121F08C1002AFAD1D7
:109B000070477047002001E001C1121F002AFBD1FD
:109B1000704770B5002504466FF02F0608E02068F6
:109B200005EB8502411C216006EB42020078851896
:109B30002068007800F0C6F80028F0D1284670BDF3
:109B40002DE9FF5F82B00021DDE90430020DDDF870
:109B500040B0034318D044F61050A2F2FF32424303
:109B60001514119801281FD0A5EB0B00401C5FEACB
:109B7000000A4FF000064E4FDFF83891B0465046CD
:109B800015D5CAF1000413E0119801244AA3012855
:109B900001D16FEA0B010298119AC0E90031C0E9C6
:109BA000024206B0BDE8F09FCBF10000DFE70446BB
:109BB0000021404A491842EB0450CDE9001012E060
:109BC000E00707D032463B4640464946F8F74BFE91
:109BD0008046894632463B4610461946F8F743FE12
:109BE00006460F466410002CEAD1DDE90401DDE9E8
:109BF0000023BAF1000F06DAF8F735FE42464B466D
:109C0000F8F731FE05E0F8F7A0FE42464B46F8F7BC
:109C10009CFE04460E460022284BF8F71DFF03D891
:109C20004FF0FF30014607E00022254B2046314629
:109C3000F8F772FDF8F7F8FE102409E0002C0ADBB3
:109C40000A220023F8F7AAFB039B30321A55641E40
:109C500050EA0102F2D1641C039AC4F111031444C6
:109C6000119A012A03D0012208430DD10AE00843CA
:109C700004D000204FF0110B119072E7A3EB0B05FD
:109C80006D1E0DE05B4504DD4FF0000205F101059E
:109C900004E003DA4FF00002A5F10105002AECD040
:109CA00002981199C0E90231C0E9004579E7000046
:109CB000000014400000F03F300000000000F043BE
:109CC0000000E03F3038092801D80120704700200B
:109CD000704700000848442110B501F07FF907489B
:109CE000002210211FF08AFF054CA06002F0FAFD4F
:109CF0000020207010BD0000581C02249DC9009057
:109D0000300200242DE9F84F0E46814617461146D1
:109D1000304600F023F940B100223946304600F0C9
:109D2000C9F828B10020BDE8F88F4FF0FF30FAE7FE
:109D3000B6F906C00020B6F90210421EB6F904E0DA
:109D4000B6F900B0ACEB010CB7F802800CF1010CD5
:109D5000AEEB0B038A465B1C02FA83F302FA8CFC1F
:109D6000A8EB0A0109B21AB200920FFA8CF200298C
:109D70000EDD6BF30F040AEB01036EF30F056AF3BC
:109D80001F44C9F8004063F31F45C9F8045001207F
:109D9000B7F906107388CB1AD21A12B2002A15DD51
:109DA000B6F90630994211DAB6F8008009EBC00323
:109DB000B6F804C00A44401C68F30F046CF30F05A6
:109DC00061F31F441C6062F31F455D60B7F9022018
:109DD000B6F902108A4200DD1146B7F90630B6F92D
:109DE0000620934200DA1A46B7F800C0B6F90030F0
:109DF000521A0FFA82F8ACEB030C0FFA8CF2002A1D
:109E000013DDB8F1000F10DD63F30F04134401EB11
:109E1000080C63F30F0509EBC00361F31F44421CF8
:109E20001C606CF31F4510465D60B7F90420338851
:109E3000D61A009B9B1B1BB2002B7FF778AF62F3F7
:109E40000F0401EB080661F31F44134409EBC00142
:109E500063F30F05421C0C6066F31F4510464D600E
:109E600061E770B5B1F90040B2F900309C4200DD05
:109E700023460380B1F90250B2F90240A54200DD49
:109E80002C464480B1F90460B2F90450AE4200DAC5
:109E900035468580B1F90610B2F90620914200DB03
:109EA0001146C180AB424FF0010001DC8C4200DD65
:109EB000002070BDF8B50D46B1F900100446B0F9A8
:109EC00000001646884247DBB4F90210B5F90220BB
:109ED000914241DBB4F90410B5F9042091423BDC16
:109EE000B4F90610B5F90620914235DC96B3ADF809
:109EF0000000324660886946ADF80200284600F04E
:109F000099F8002827D0A0883246ADF800006946AD
:109F10006088ADF80200284600F08CF800281AD0BE
:109F200020883246ADF800006946E088ADF80200AE
:109F3000284600F07FF800280DD0A0883246ADF802
:109F400000006946E088ADF80200284600F072F88B
:109F5000002800D00120F8BD0020F8BDB0F9002095
:109F6000B1F904309A4213DCB0F90420B1F90030A1
:109F70009A420DDBB0F90220B1F906309A4207DCB3
:109F8000B0F90600B1F90210884201DB01207047E8
:109F900000207047F8B50D46B1F900100446B0F93D
:109FA00004001646884243DBB4F90600B5F90210F6
:109FB00088423DDBB4F90000B5F90410884237DC73
:109FC000B4F90210B5F90620914231DC76B3ADF850
:109FD0000000324660886946ADF80200284600F06D
:109FE00029F818BBA0883246ADF8000069466088A1
:109FF000ADF80200284600F01DF8B8B920883246B6
:10A00000ADF800006946E088ADF80200284600F08F
:10A0100011F858B9A0883246ADF800006946E088CA
:10A02000ADF80200284600F005F808B10020F8BDA0
:10A030000120F8BD2DE9FC410546B1F900000E46AE
:10A040001446B5F9001088423ADBB5F90470B842FD
:10A0500036DCB6F90200B5F90230984230DBB5F9CA
:10A06000062090422CDC002C75DD781AD21A401C98
:10A07000521C00B212B200EBD07002EBD272401050
:10A080005210904200DB1046844200DD0446ADF8D9
:10A0900000102888002231462044ADF8040068886A
:10A0A000ADF8020068882044ADF806006846FFF766
:10A0B000C1FF40B1BDF804002044ADF804003FE00A
:10A0C0000020BDE8FC81E88800223146001BADF885
:10A0D0000200E888ADF806006846FFF7ABFF28B13C
:10A0E000BDF804002044ADF8040011E0A888002267
:10A0F0003146001BADF80000A888ADF804006846A2
:10A10000FFF798FF50B1BDF80000001BADF800004C
:10A11000BDF80200001BADF8020016E068880022BE
:10A12000ADF80200314668882044ADF80600684664
:10A13000FFF780FF70B1BDF80000001BADF8000014
:10A14000BDF806002044ADF80600314668461DF013
:10A1500021FAB6E7FFE70120B3E710B5B1F90040F7
:10A16000B2F900309C4200DA23460380B1F9024084
:10A17000B2F902309C4200DA23464380B1F9044030
:10A18000B2F904309C4200DD23468380B1F9061009
:10A19000B2F90620914200DC1146C18010BD0000DA
:10A1A0002DE9FC4107461FF0D7FC7E4C00260546F2
:10A1B00000960FB1F86801E012F06EF96060006976
:10A1C0001DF0EAF86068406908B11DF0E5F86068C4
:10A1D000C0691DF0E1F86068006A1DF0DDF8606894
:10A1E000016991B11DF088FA22F03CFD22F05EFA7F
:10A1F0006068B0F85011E1B30068017CC9071ED057
:10A20000C0684068D8B1002714E0A0F85061BDE8EC
:10A21000FC81C11991F8301151B900F5AC7000F012
:10A2200034FF616801EBC7010A6B0260496B416052
:10A230007F1CBFB26068B0F85011B942E9D86068BD
:10A240004FF48071303018F013FD6068202100F564
:10A25000987018F00DFD6068A0F8506128461FF056
:10A2600075FC009060680068436A13B12268009929
:10A27000984718F08BFB00F0A1FA00F0A1F84A4DC6
:10A280006F69EFBB12F008F912F034F917F030FAE9
:10A29000002207467F211CF08EFF00221146104647
:10A2A00011F021FC01900022BDF8041038461CF08A
:10A2B00071FFFF221146104611F015FC019000229B
:10A2C000BDF8041038461CF0D5FF002238460321A3
:10A2D0001CF0BCFF0022384603211CF0A8FF00221E
:10A2E000384603211CF0A8FF0022384603211CF049
:10A2F000A8FF0022384603211CF0B7FF2BA100E085
:10A3000009E0384618F07AF80023384606211A4644
:10A3100019F09FF86F6128681FF018FCB0F5967F60
:10A320000DD2206841F2883188427FF670AF6868AC
:10A33000009908446860A868401CA86067E71FF09F
:10A340000BFC28606068406828B100684FF47A719F
:10A35000B1FBF0F000E03E20696809B901216960B5
:10A36000A968E1B14FF47A7251436A68B1FBF2F423
:10A370006E60AE60844200D904462869204428619A
:10A38000E868401CE8601FF06BFC02B02246C0F198
:10A390006403384606A1BDE8F04118F066B80446EB
:10A3A000E6E70000F4000024C41A02243F00000085
:10A3B0002575204650530A25752525204350550004
:10A3C00070B50A4D5FF00004C4EBC40655F82600D2
:10A3D00008B118F04FFB1C2105EB860018F048FC73
:10A3E000641CE4B2042CEFD370BD0000341D0224C1
:10A3F0002DE9FF4F80463D4881B015460E46007856
:10A40000DDF8389000B1FEE7A8882988EB88411A6A
:10A410006A88491C981A401C0FFA80FA0FB2002073
:10A4200000F0D4F9324CB9F1FD0F4FF0020B16D306
:10A430004FF440312160C4F834B0F11B606B049AD2
:10A44000606392B26888B5F9003010FB06F508EB3E
:10A45000450000EB4300E0632164A2633DE04FF45C
:10A46000003020600920E061E16941EA0960E061B3
:10A47000E06940F48030E061C4F80C802661049803
:10A4800011F032FC20F07F41D9462162C4F824B09B
:10A490004FF0000B606A6062F11B688810FB06F2E7
:10A4A00008EB4200B5F9002000EB42026261A161B5
:10A4B000C4F828B0CDF80090A1696069534609B28C
:10A4C0003A4600F0A3F9C4F83490616B61636169A6
:10A4D000E163A1692164C4F838B04AEA07406064C6
:10A4E00005B0BDE8F04F00F0C3B90000FC00002447
:10A4F000001000522DE9FF4F83B08B466749154687
:10A50000DDE91340129E097801B1FEE7022E7DD9E4
:10A51000FF2C7BD0A98800282A88EB88A1EB0200B9
:10A520006F8800F10100A3EB07010FFA80F901F138
:10A53000010108B2019004D17CB1032C0DD0042C90
:10A540000BD00020FD2E824600D3FF26052C5DD2C5
:10A55000DFE804F00507090909000120F2E70427F4
:10A5600002E0032700E00227002000F02FF9DFF8C7
:10A570003081FF2E4FF00000C8F81C4002D1BAF124
:10A58000000F11D0BAF1000F4FF40031C8F80010DD
:10A59000D8F81C1041EA0661C8F81C10D8F81C1045
:10A5A0000CD041F400310BE0022C04D04FF4803188
:10A5B000C8F8001006E0C8F8000003E041F480315C
:10A5C000C8F81C10D8F81C10C8F81C1000241199E9
:10A5D000B1F90020B1F90230109901FB032206996C
:10A5E00007FB021310994A46C8F80C30A1EB090189
:10A5F000C8F81010C8F820400097D8F81010D8F804
:10A600000C0009B2019B00F001F900E043E00220D8
:10A61000C8F83400FF2ED8F83430ABEB09022146DD
:10A62000C8F834306C88B5F90050039B14FB0BF468
:10A6300003EB440303EB4503C8F83C30C8F8402063
:10A64000C8F8381002D1BAF1000F1AD0C8F82400A7
:10A65000D8F824200021C8F82420D8F83C20C8F8D5
:10A660001420D8F84020C8F81820C8F82810009006
:10A67000D8F81810D8F814004A4609B2019B00F027
:10A68000C5F8019840EA0940C8F8440007B0BDE8A1
:10A69000F04F00F0EDB807B0BDE8F08FFC000024EB
:10A6A000001000522DE9FF4F384881B015468A4608
:10A6B000DDE90EB80078119F00B1FEE7A88829886F
:10A6C000EA88411A6B88491CD01A401C0FFA80F99D
:10A6D0000EB2002000F07AF82D4C0921FD2F4FF426
:10A6E00000302060E16107D2E06940EA0760E06184
:10A6F000E06940F40030E061B8F90220B8F90010D8
:10A7000004980BFB02110144E160ABEB06002061F1
:10A71000109811F0E9FA012120F07F4020620091A9
:10A720002169E0684B4609B2324600F06FF8022713
:10A730006762606A4FF000086062AAEB06016A88EF
:10A74000019812FB0AF200EB4200B5F9002000EB81
:10A7500042026261A161C4F828800097A169606922
:10A760004B4609B2324600F051F86763626B49EA22
:10A77000064162636269E263A2692264C4F83880B8
:10A78000616405B0BDE8F04F00F072B8FC00002431
:10A7900000100052084949680AE04A68824202D023
:10A7A0000A68824203D10A7E42F001020A764969B0
:10A7B0000029F2D170470000C80000247047000053
:10A7C0000148042100F00ABC4C1C022438B50D4C91
:10A7D000050009D0A86A18B906E0A96A2846884782
:10A7E0002068C007F9D102E02068C007FCD160688A
:10A7F0003F2100900448A1600178002901D0002188
:10A80000017038BD00100052FC000024F0B5164C59
:10A81000059D2468E40325D511440024694305FB04
:10A8200002F68FB22246B6B2BFF34F8FDFF83CC0BC
:10A8300012E000BF02FB07018D1921F01F01A142A8
:10A8400005D2214603E000BFCCF800102031A94218
:10A85000FAD3521C0C4612B29A42EBDBBFF34F8F75
:10A86000BFF36F8FF0BD000014ED00E068EF00E073
:10A870000F4838B5017801B1FEE70E4C01213F22A7
:10A8800001700223A2600093636C626C216CE06B28
:10A890001BB209B2C2F30D42FFF7B8FF206840F0C7
:10A8A00001002060BDE838400020FFF78FBF0000A6
:10A8B000FC000024001000520148202100F08EBB53
:10A8C000641C02242DE9FF411D0004464FF00000E6
:10A8D000DDE90A6702D1B6F5807F2BD003903B46B5
:10A8E00001900290ADF80C1000906846ADF804108D
:10A8F0002946ADF80A20ADF80E2032461CF0B0FD16
:10A9000001A83B46324629461CF0AAFD02A83B4658
:10A91000324629461CF0A4FD03A83B463246294690
:10A920001CF09EFDBDF90030BDF90400834209DA38
:10A930001D4608E0491EA180521EE28020806080F2
:10A94000BDE8FF810546BDF90820BDF90C108A421B
:10A9500001DA164600E00E46B54203DA834206DA13
:10A96000184604E08A4201DA104600E00846801EDC
:10A970002080BDF90030BDF90420934201DD1D4661
:10A9800000E01546BDF90800BDF90C10884201DD54
:10A99000064600E00E46B54205DD934201DD19464C
:10A9A00004E0114602E0884200DD0146891CA180D6
:10A9B000BDF90230BDF90620934201DA1D4600E0E0
:10A9C0001546BDF90A00BDF90E10884201DA0646A7
:10A9D00000E00E46B54205DA934201DA194604E07A
:10A9E000114602E0884200DA0146891E6180BDF905
:10A9F0000230BDF90620934201DD1D4600E01546F8
:10AA0000BDF90A00BDF90E10884201DD064600E0DE
:10AA10000E46B54205DD934201DD194604E01146BC
:10AA200002E0884200DD0146891CE18088E70000E1
:10AA30002DE9F041124C15460E4607461FF08CF8E2
:10AA400080462B4632463946204616F08BF820B118
:10AA5000E1690020A06251B110E02C21204618F0DD
:10AA600007F94FF00040A0620020BDE8F0814046A9
:10AA70001FF06CF8E06108B90120E0612046F4E7BE
:10AA8000881C02240848142110B500F0A7FA16F01B
:10AA90002FF840B1054901600549416005498160D1
:10AAA0000549C16010BDFEE7701C0224BD04029080
:10AAB0003D0802900D0A02908904029070B50D467F
:10AAC00004461021284618F0D3F8206800780128A1
:10AAD00004D0022807D0042807D008E0A08A2880E4
:10AAE000E08A688003E0E06800E00A20686020688F
:10AAF0004268002A03D02946BDE87040104770BD67
:10AB00002DE9FE430446808A10B9E08A002874D0FB
:10AB1000D4F82C805FEA080010D120460BF01BF916
:10AB20005FEA000869D020460DF0A8FC00224046EC
:10AB3000092114F00BFF607880075ED44FF4807910
:10AB4000454600274E46002128461AF006FD3844A7
:10AB500007B2284600211AF01EFDC11700EB116054
:10AB6000001210FB06F006B2284619F0E9FC0500B9
:10AB7000E9D10FB94E450CD04FF480306B4690FBB5
:10AB8000F6F07942009509B202B204F114001CF00B
:10AB900067FCADF80450ADF8085094F8400000F0A0
:10ABA0000F000328404616D019F01CFE064640460A
:10ABB00019F0D2FC034632460C200090B4F916106E
:10ABC00040460AF029FCADF80800404619F016FD91
:10ABD000C10713D018E019F099FD0646404619F058
:10ABE00035FD0246334603200090B4F91410404668
:10ABF0000AF012FCADF80400E7E736E0BDF90410F6
:10AC0000002901DDADF80450810705D4BDF9041019
:10AC1000002901DAADF80450410705D4BDF9081048
:10AC2000002901DDADF80850000705D4BDF9080082
:10AC3000002801DAADF8085002AA01A9204622F046
:10AC400001FFBDF908204046BDF9041000F093FA59
:10AC50006078800709D4208BBDF80420618B1044F4
:10AC60002083BDF8080008446083BDE8FE832DE919
:10AC7000FC5F0446C06A5FEA000B71D094F84000A4
:10AC800000076DD016F002FA019040210068457E61
:10AC900058461AF0ACFD4FF0000818B9A4F81E8011
:10ACA000A4F81C80584619F08FFD8246584619F0CA
:10ACB00092FD064694F840004FF0640900F00F0042
:10ACC0000C2802D003284CD09AE0A4F81C8056B17E
:10ACD000B4F91E50002716F0D9F901684846497E9C
:10ACE000C1F1640122E0E18BC5F1640211FB02F1C4
:10ACF00091FBF9F0E083584619F02EFC05465846C2
:10AD000019F070FD02462B460C200090B4F91E107D
:10AD100058460AF081FB00230246E0831EE011FB47
:10AD200005F27B1992FBF0F21FB215B2002DF6D19D
:10AD3000ADF8007000216A462046A4F81E8022F07B
:10AD400081FE41F6FF72BDF90030514258460BF0CA
:10AD500099F9BDF800100123084402B200214CE02B
:10AD60009BE0BAF1000FA4F81E800AD0B4F91C5081
:10AD7000002716F08BF900684946407EC0F1640058
:10AD800022E0A18BC5F1640211FB02F191FBF9F005
:10AD9000A083584619F05AFC0546584619F0B6FCEF
:10ADA00003462A4603200090B4F91C1058460AF0C6
:10ADB00033FB00230146A0831EE010FB05F27B1944
:10ADC00092FBF1F21FB215B2002DF6D1ADF8007072
:10ADD000002269462046A4F81C8022F033FE41F68A
:10ADE000FF72BDF90030514258460BF0C3F8BDF870
:10ADF00000100123084401B2002258461BF03EFE19
:10AE0000A08B002849D1E08B002846D1C6B958460E
:10AE100019F0E8FC0546584619F09EFB002D06DCAB
:10AE200000280DDD002D02DA01232A4604E0002867
:10AE300006DA0123404202B2584600211BF01EFEF2
:10AE4000BAF1000F19D1584619F000FC05465846D2
:10AE500019F05CFC002D07DC00280EDD002D03DA64
:10AE600001232946002205E0002806DA01230022FA
:10AE7000404201B258461BF001FE019A0A21584691
:10AE800014F064FD6078800707D494F84010C4F88B
:10AE90002C8021F00F0184F84010BDE8FC9F0000D9
:10AEA0007FB504000E4603D111F0F6FA04002ED04F
:10AEB00011F066FB00282AD094F82800400726D419
:10AEC0004FF0000526B3ADF800502046ADF8025013
:10AED00011F0FAFA401EADF80400204611F03AFBDA
:10AEE000401E6A463146ADF8060002A8FEF7B9FFDB
:10AEF00000280CD02068017C89070CD5DDE9001200
:10AF000060680123A4F85031C4E90C1280BB7FBDF6
:10AF1000A4F850517FBD82690AB102A9904700266A
:10AF20000BE000BF04EBC6010022303102A8FEF79F
:10AF3000C1FF0028EED1761CB6B2B4F85001B04281
:10AF4000F0D880B2202804D204EBC000303002A92F
:10AF500004E004F130006946A4F850510FF013F8F2
:10AF6000B4F850116068491CA4F850110028D1D0E1
:10AF70001EF024FF7FBD70B5054600F012F80446B0
:10AF80000CE02146284600F01EF8064621462846D9
:10AF900000F0A2F8204617F06DFD3446002CF0D1E9
:10AFA00070BD002800D0406870470022034600B5FD
:10AFB000FFF7F7FF03E0521C184600F004F8010009
:10AFC000F9D1104600BD0068091D4058704700685F
:10AFD00040587047002800D08068704700224260C7
:10AFE000C91C826021F003010160704770B50446FE
:10AFF0000068083017F0B2FC050013D000220146AB
:10B00000204620F085F962682946204620F07AF92A
:10B01000616819B12A46204620F07AF9A068656077
:10B0200000B9A560284670BD2DE9F04106000C4628
:10B030000AD04CB1FFF7B5FFA04208D13046FFF768
:10B04000D5FF051E01D01EE00020BDE8F08130686C
:10B05000083017F083FC051EF7D030682A460759E0
:10B060003046394620F04EF93A462946304620F01F
:10B070004FF92A462146304620F04AF92246294611
:10B08000304620F03FF92846DFE770B504460068F7
:10B09000083017F063FC050013D00022014620465B
:10B0A00020F030F9A2682946204620F031F9A16845
:10B0B00019B12A46204620F025F96068A56000B93C
:10B0C0006560284670BD28B1416809B9806808B13B
:10B0D000002070470120704770B504000ED0FFF7C4
:10B0E00060FF88424FF00002204608D1FFF76BFF57
:10B0F000011E606001D000221EE0A26070BDFFF75B
:10B1000069FF8842206808440AD10168A16029B11A
:10B110002046BDE87040002220F0F4B8626070BDA7
:10B1200005682046FFF74FFF06460246294620469F
:10B1300020F0E8F82A4631462046BDE8704020F06D
:10B14000E7B810B50446006882680AB12146904706
:10B1500020680068002801D02060F5E710BD8068F5
:10B16000002801D0B0F9160070478068002801D08F
:10B17000807E8009704770B516460C46054651EA38
:10B1800006001AD0284618F0E1FAA86801233246D2
:10B19000018A21440182A868418A314441822146C2
:10B1A00028461AF0BFFE002228460B2114F0CEFBE1
:10B1B000012803D128461AF00EFE012070BD77B594
:10B1C00005000E4681B017D062221AF0F4F8040090
:10B1D00012D0206880B16322284631461AF0EBF87D
:10B1E00010F0FF0208D0236820460399984700908A
:10B1F000BDF80000ADF80C00039804B070BD00006D
:10B200002DE9F04792B00746408C994690468A4611
:10B210001A9E40F00800788438463A8432891AF041
:10B22000CAF8A7F8209005463289514638461AF0E8
:10B23000C2F80446788CA54220F00800788403D137
:10B240002904B1EB044F68D0A7F820805146328919
:10B2500038461AF0B0F80546804651463846A7F8F9
:10B2600020900CF065F900682A4631891DF0C0FB7A
:10B2700030890B2823D147F6FF794D4501D04C4545
:10B280001DD138461AF06AFA00EBD07045103846E6
:10B2900019F015F900EBD0704010C84506D1691CB3
:10B2A000431C994200DA00E0194688464C4506D115
:10B2B000691C421C914201DA6C1C00E014461948DA
:10B2C000FFF794FE05002BD02F60C5E90384308979
:10B2D000A8806846C5F808A00EF0C2F81248FF2101
:10B2E000CDE90050114802901148039000200890C9
:10B2F000CDE9090130880B9070889DF842104042DA
:10B300000C90F0680790002060F300018DF8421067
:10B310003069069068460EF017F912B0BDE8F08764
:10B32000FEE700007C1C02240D0A0390F10B039041
:10B330004D0B039001481421FFF750BE7C1C0224E2
:10B340002DE9F84F042790460025894606462C46ED
:10B35000E6E000BFF06807EBC401405881017CD4EF
:10B3600080B230EA090112D05FF0000130EA080033
:10B370000FD00020814270D0F06810216A4650F84A
:10B38000340082461DF092F8002871D103E00121BB
:10B39000ECE70120EEE711216A4650461DF086F8E1
:10B3A000002865D112216A4650461DF07FF800281A
:10B3B0005ED113216A4650461DF078F8002857D117
:10B3C00015216A4650461DF071F8002850D114210D
:10B3D0006A4650461DF06AF8F0BB0A216A4650469C
:10B3E0001DF064F8C0BB6B216A4650461DF05EF844
:10B3F00090BB6C216A4650461DF058F860BB012195
:10B400006A4650461DF052F830BB04216A46504649
:10B410001DF04CF800BB02216A4650461DF046F86C
:10B42000D0B903216A4650461DF040F8A0B9052165
:10B430006A4650461DF03AF870B906216A465046F1
:10B440001DF034F840B932216A4650461DF02EF8FE
:10B4500010B96E216A4601E00AE060E050461DF036
:10B4600025F828B96D216A4650461DF01FF810B125
:10B470000320BDE8F88F69216A4650461DF016F892
:10B48000F0BB6A216A4650461DF010F8C0BB6E2121
:10B490006A4650461DF00AF890BB6D216A46504638
:10B4A0001DF004F860BB37216A4650461CF0FEFFD1
:10B4B00030BB38216A4650461CF0F8FF00BB3521EE
:10B4C0006A4650461CF0F2FFD0B940216A46504609
:10B4D0001CF0ECFFA0B945216A4650461CF0E6FF7F
:10B4E00070B941216A4650461CF0E0FF40B9422144
:10B4F0006A4650461CF0DAFF10B943216A4600E064
:10B5000009E050461CF0D2FF28B949216A4650464E
:10B510001CF0CCFF08B1022501E005B90125641C2F
:10B52000708CC0F30510A0423FF614AF2846A0E788
:10B530000148406870470000F400002404480021DE
:10B5400041600161C160816001604161704700003C
:10B55000C41A0224C0F30410072800D9072070473A
:10B56000A0F57F41FF3905D0002804D0712803D20F
:10B5700008490AE01F2070470749713880B20968FE
:10B5800029B1064A5268904201D2085C70470020F7
:10B59000704700004C6403905C0200247002002499
:10B5A0000448182110B5FFF719FD03490120087060
:10B5B00010BD0000281C0224780200242DE9F0416F
:10B5C000050090460C4615D0F6F750FF0A4F064688
:10B5D00021462846BA689047BA6804462819414669
:10B5E00090470146701A03E06218AA5C2A55641C51
:10B5F000A042F9D2BDE8F0818C0200242DE9F0418F
:10B60000094D90460E461C46074619466A68904703
:10B61000306020B1206800216A6838449047C8F83B
:10B620000000BDE8F08100008C0200242DE9F04FFD
:10B6300087B01F4693468A4604464FF00001DDE975
:10B64000105805B1298064B1207800280AD0BAF1D9
:10B65000000F06D018F0060F4FF0000615D000209E
:10B6600004E0002007B0BDE8F08F401C215C0A29EF
:10B6700004D00D2902D00029F7D100E0401C002D94
:10B68000F0D04FF0FF312980ECE75FEA887001D5F8
:10B6900041F6FF77894608468DF81410049126E09C
:10B6A0000498CDF8189060B3002351460DF1180CA2
:10B6B00005AACDE90223CDE9008C20443B465A4639
:10B6C0001EF0C0FC0699A7EB0102314417B20EB27E
:10B6D00088B104990144049120780A280BD00D28E0
:10B6E00009D0605C0A280ED00D280CD00846205CDA
:10B6F00008B1002FD4DC049840B105B12E80049825
:10B70000B0E70123D1E7481C0490F4E7064A04A9F6
:10B71000204652689047002D0146F0D00022504646
:10B7200014F02CFA06B2E9E78C0200242DE9F0416E
:10B730000600174688461ED0002F1CD0F6F796FE4E
:10B7400004463846F6F792FE050014D00B4A2C4406
:10B750004146304692689047411903E0621BB25C53
:10B760003255641EA142F9D930442A463946BDE813
:10B77000F04117F045BABDE8F08100008C020024CA
:10B78000027823294FF0000302D0012A0ED012E0E4
:10B7900032B1012A4FF0000104D0022A04D00AE09D
:10B7A000012106E0017006E00123FBE7202901D119
:10B7B000022101700123184670472DE9F0410E4621
:10B7C000804600213346024608461EF087FE0027C9
:10B7D0000446401C17F0C2F8050008D0611C33462F
:10B7E00042462F551EF07AFE2846BDE8F081FEE75E
:10B7F0002DE9F0471E4614460D468246DDF820909E
:10B8000015E000BF4FEA54084A46504608FB065769
:10B8100039469047002808DD44F30000C0EB54048B
:10B8200007EB0605A4F1010401E005DA4446002C0B
:10B83000E8D12046BDE8F0873846FBE72DE9FC5FFC
:10B840009B4681460CAB8A46DDE91160DDE90F5766
:10B8500093E812105FEA80784FF030031AD45EB19B
:10B860005FEAC07808D000F00C0858EA0C0803D052
:10B87000761E01E00B55641CBC4204D2202CF9D387
:10B8800001E00B55641C5FEAC07803D0B44201D2DA
:10B89000202CF6D35FEAC06825D55FEA40580AD469
:10B8A0004CB1BC4201D0B44205D1641E03D0102D6E
:10B8B00003D1641E04E0102D02D0022D0AD00EE048
:10B8C000850603D4202C1ED2782506E0202C1AD21F
:10B8D000582502E0202C16D262250D55641C202C20
:10B8E00011D20B55641C202C0DD2BCF1000F01D0DD
:10B8F0002D2306E0430701D52B2302E0030702D5E1
:10B9000020230B55641CC846CDE900BA15468B466A
:10B910008146AA46800714D1274607E02A46C44636
:10B920006D1C2020DDE90031E0477F1CB742F5D3D4
:10B9300007E02A466D1C641EDDE900311BF8040097
:10B94000C047002CF5D15FEA897006D409E02A4689
:10B950006D1C2020DDE90031C047A5EB0A00B04294
:10B96000F5D32846BDE8FC9F2DE9F04F8FB09946EE
:10B970008B46924686464FF00002DDE91818DDE955
:10B980001C63DDE91A4709B923F0100307AD580518
:10B9900000D5C9B1B1FBF4F004FB1010C0B20A2805
:10B9A00001D2303009E05FEA836C02D54FF0410CE0
:10B9B00001E04FF0610C60440A38B1FBF4F1A85487
:10B9C000521C09B1202AE5D3CDF808805946CDE9AB
:10B9D0000563CDE90052CDE903474B465246704618
:10B9E000FFF72CFF0FB0BDE8F08F2DE9FF4F8FB0B0
:10B9F0001CACDDE9239594E8030820AC94E8C0046E
:10BA0000002450EA010201D125F010050DF11C08B7
:10BA10006A0502D550EA010217D032463B46F6F7D6
:10BA2000BDFCD2B20A2A01D2303206E0AB0601D503
:10BA3000412300E061231A440A3A08F80420641CF8
:10BA400050EA010201D0202CE7D3CDE900840FAFEA
:10BA5000CDF808B0CDE90595CDE9036A97E80F0068
:10BA6000FFF7ECFE13B0BDE8F08F9A4200D2885485
:10BA7000704770472DE9FF4F95B09A4688460646B5
:10BA80000025EEE1252877D100242746F94A012137
:10BA9000039400E0044316F8013F203B01FA03F051
:10BAA0001042F7D130782A2811D06FF02F03307868
:10BAB000A0F13002092A16D8039A44F0020402EBDE
:10BAC000820203EB42021044761C0390EFE758F821
:10BAD000042B0392002A03DA504244F400540390EA
:10BAE00044F00204761C30782E2816D116F8010F87
:10BAF00044F004042A280DD06FF02F023078A0F112
:10BB00003003092B09D807EB870302EB4303C7185F
:10BB1000761CF3E758F8047B761C30786C280FD03D
:10BB200006DC4C2817D068280DD06A2814D104E010
:10BB3000742810D07A280FD10DE044F400140AE0E4
:10BB400044F4801401E044F440147278824202D13B
:10BB500004F58014761C761C307866280BD013DC34
:10BB6000582877D009DC002875D04528F6D046281B
:10BB7000F4D047281AD193E118E0632835D064281F
:10BB800079D0652812D18BE1702873D008DC672842
:10BB9000F1D069286FD06E280DD06F2806D1ACE0A7
:10BBA00073282CD0752874D0782853D05246179912
:10BBB00090476D1C54E1C4F30250022809D00328B9
:10BBC0000DD0D8F8001004280DD00D6008F104083D
:10BBD00046E1D8F80010EA17C1E90052F6E7D8F8B4
:10BBE00000100D80F2E70D70F0E718F8041B8DF8D7
:10BBF000001000208DF80100EB46012003E058F80A
:10BC000004BB4FF0FF3061074FF0000102D40DE09C
:10BC100009F101018946B9420FDA8145F8DB1BF8C9
:10BC200009100029F4D108E009F101018946814297
:10BC3000FADB1BF809100029F6D103985346A0EB54
:10BC4000090721463846179A00F080FA284400EB8D
:10BC5000090507E044E008E10DE01BF8010B52463E
:10BC600017999047B9F10109F7D253462146384652
:10BC7000179AF2E039E00A21C4F302524FF0000BA8
:10BC80000091022A06D058F8040BC117032A09D0E4
:10BC90000AE023E008F1070020F00702F2E80201C1
:10BCA000904605E000B2C117042A01D140B2C11785
:10BCB000002906DA0A460021404261EB02012D22EA
:10BCC00002E0220504D52B228DF80420012203E096
:10BCD000E20701D02022F7E7914657E00A2100E071
:10BCE00010214FF0000B00910BE010214FF0000BE2
:10BCF00044F004040827009103E008204FF0000BF3
:10BD00000090C4F30252022A05D058F8040B002117
:10BD1000032A08D008E008F1070020F00702F2E843
:10BD20000201904603E080B2042A00D1C0B24FF075
:10BD3000000922072AD53278702A07D0DDF800C022
:10BD40008CF0100C5CEA0B0C05D00EE040228DF854
:10BD50000420012208E050EA010306D030238DF8C8
:10BD600004308DF8052002229146009B83F00803E1
:10BD700053EA0B030AD150EA010201D1620705D54B
:10BD800030228DF804204FF001097F1E3278582AA6
:10BD900004D039A20C920CAA02920BE03BA2F9E764
:10BDA0005B46009AF6F7FAFA0C9B9B5C029A521ECD
:10BDB0000292137050EA0102F2D1029804A9081A03
:10BDC00000F1200B600702D524F4803400E0012745
:10BDD0005F4502DDA7EB0B0000E0002000EB0B014C
:10BDE000009003984944401A0390E00306D4534658
:10BDF0002146179A039800F0A9F90544002706E0A8
:10BE000001A85246C05D179990476D1C7F1C4F4595
:10BE1000F6DBE0030CD553462146179A039800F051
:10BE200095F9054404E030205246179990476D1C5F
:10BE30000099481E00900029F5DC08E0029802995C
:10BE400052460078491C0291179990476D1CBBF12E
:10BE50000001ABF1010BF1DC5BE100F065F9054499
:10BE6000761C307800287FF40DAE19B02846BDE866
:10BE7000F08F000009280100303132333435363775
:10BE80003839616263646566000000003031323326
:10BE900034353637383941424344454600000000C6
:10BEA000600700D4062708F1070020F00700F0E83B
:10BEB0000223804603F0004C5FEA0C0001D097A0FB
:10BEC00009E0200501D596A005E0E00701D095A086
:10BED00001E0AFF24C001390307823F00043652866
:10BEE0000CD006DC452809D046281DD047287FD134
:10BEF0003BE0662818D067287AD136E00021112F60
:10BF000001DB112000E0781CCDE9000104A90CA898
:10BF1000FDF716FEDDE90D010C9A4FF0000B07F15D
:10BF20000109109200914EE04FF000400097CDE9DA
:10BF3000011004A90CA8FDF703FEDDE90D020C9B1E
:10BF40000F994FF0000B91461093009211B9791C94
:10BF500000EB0109B7EB090003D4C0F1FF3B07F187
:10BF60000109A9EB0700019042E0012F00DA012747
:10BF70000021112F01DD112000E03846CDE900013C
:10BF800004A90CA8FDF7DCFDDDE90D010C9A009178
:10BF90004FF0000BB946109221070FD4009A4A4582
:10BFA00003DA914601E0A9F10109B9F1010F05DDBC
:10BFB000109AA9F10101515C3029F4D0B84202DA9B
:10BFC00010F1040F03DA0121CDE9011010E000287F
:10BFD00003DC8344A9EB000102E0411C494500DD7C
:10BFE0008946A0EB0B00401C01904FF000400290EE
:10BFF000200705D40198484502DB4FF0FF3001903F
:10C0000000208DF84B0002980DF14B07B0F1004F66
:10C0100025D002200C902B200D90029800280CDADD
:10C02000404202902D200D9007E00A210298F6F779
:10C030008CFA3031029007F8011D0C99481E0C90C3
:10C040000029F2DC02980028EFD1791E0D980870C3
:10C05000307800F0200040F0450007F8020D11A8EC
:10C06000C01BC01D02901398007800B1012000EBA6
:10C070000901019801EBE071029801440398401A0C
:10C08000401E0390E00306D453462146179A0398B6
:10C0900000F05CF805441398007818B152461799DF
:10C0A00090476D1CE00323D553462146179A039809
:10C0B00000F04CF805441BE0BBF1000F07DB0098D3
:10C0C000584504DD1098179910F80B0001E01799F6
:10C0D00030205246904701980BF1010B401E05F1AC
:10C0E0000105019004D12E205246179990476D1CEE
:10C0F000B9F10001A9F10109DEDC05E017F8010B37
:10C100005246179990476D1C0299481E02900029CB
:10C11000F4DC53462146179A03989EE62D00000052
:10C120002B000000200000002DE9F041044600250E
:10C130001E461746880404D405E039462020B0473F
:10C140006D1C641EF9D52846BDE8F0812DE9F0414B
:10C15000044600251E469046C80301D5302700E05E
:10C160002027880404D505E041463846B0476D1CB9
:10C17000641EF9D52846BDE8F08100002DE9FF4F87
:10C1800089B0054692464FF000040A98002800D175
:10C19000F74D6EE1252804D00A992246641C5346C7
:10C1A0002DE2491C4FF0000808460C9101782B291C
:10C1B00019D004DC202919D0232904D119E02D2914
:10C1C0000ED0302909D00026C8B2FDF77BFDB0B1F2
:10C1D0000CA8FDF79EFC06461FE048F001010AE0AE
:10C1E00048F0020107E048F0040104E048F00801CB
:10C1F00001E048F01001401C88460C90D6E70C99ED
:10C2000008782A2809D1169840C81690002E02DA1C
:10C21000764248F00208491C0C910C984FF0000B34
:10C2200001782E2919D1401C0C9048F480680078C0
:10C23000FDF748FD20B10CA8FDF76BFC83460CE030
:10C240000C9801782A2908D1169904C91691002A58
:10C2500000DC0022401C93460C900C9801786C295D
:10C260000AD004DC68290FD06A2919D128E0742982
:10C2700029D07A2914D126E0401C0C9048F480780B
:10C2800001786C291CD00BE0401C0C9048F0800811
:10C290000178682904D148F04001401C88460C9080
:10C2A00002460078692822D015DC62281FD00DDCF8
:10C2B000252872D050281AD058287FF46DAF16E088
:10C2C00048F40071E9E748F48071E6E763287DD01F
:10C2D0006428F2D10BE0732879D004DC6F2806D0F3
:10C2E0007028EAD103E0752801D07828E5D17828B4
:10C2F0000DD058280BD070280BD0502809D06F28AB
:10C3000016D0622816D00A2128F0100816E0102155
:10C3100007E05378102148F48878562B04D1521C3A
:10C320000C921078582807D01078502804D005E0D7
:10C33000082108E0022106E048F02008107869286A
:10C3400003D0642801D028F00C085FEA485001D5DA
:10C3500028F001081078692820D064281ED05628BB
:10C360007ED05FEA88507CD5169804ABC01D0022B1
:10C3700083E8060820F007000292CDE9076800F183
:10C3800008015346026816914068CDE90020224614
:10C390000A992846FFF729FB67E02BE15FEA8850FE
:10C3A00028D516984FF0000CC01D20F0070202F1AE
:10C3B00008001690D2E90002CDE9041CCDF818B0AF
:10C3C000002ACDE9076803DA012602E09AE0C4E01A
:10C3D00000260296002319461B1A914101DA1146E4
:10C3E00003E00021404261EB020153462246CDE9C1
:10C3F0000001CDE75FEAC8500FD5169A01CA169220
:10C40000CDE9021BC10F0028CDE9046800DC4042E1
:10C410005346CDE90001224620E05FEA486005D599
:10C42000169810F8042B1690D0B20BE05FEA086063
:10C4300005D5169830F8042B169010B202E0169A23
:10C4400001CA1692CDE9021BC70F0028CDE9046886
:10C4500000DC40425346CDE900072246284601E071
:10C4600010E01FE00A99FFF77FFA04460C98401C81
:10C470000C900C99087800287FF48CAE544576D245
:10C480002246C0E01699AAEB040201C91691416840
:10C490000968009103680A9801192846FFF76EFEA3
:10C4A0000444E3E75FEAC8500DD5CDE9021B1698B6
:10C4B0000022CDE90468011D169153460068CDE9BC
:10C4C00000022246CAE75FEA486005D5169810F8D0
:10C4D000042B1690D0B20BE05FEA086005D51698E1
:10C4E00030F8042B169090B202E0169A01CA169208
:10C4F0000027CDE9021B53462246CDE90007CDE9CE
:10C500000468ABE75FEA88704FF0010706D509E0E1
:10C5100022460A99641C53462020A847B74207F1D7
:10C520000107F5D316982246641C534610F8041BE5
:10C53000169001F0FF0C0A996046A8475FEA8870E0
:10C5400006D493E722460A99641C53462020A84744
:10C55000B74207F10107F5D388E7169850F8049B16
:10C560001690BBF100004B4604D0024604E048E0C0
:10C5700073BA00904FF0FF32484600E0401C01784B
:10C5800011B1521E511CF9D1C71A5FEA485003D5A8
:10C590005F45584600D307465FEA887006D511E02C
:10C5A00022460A99641C53462020A847B74207F147
:10C5B0000107F5D306E009F101092246641C0A9936
:10C5C0005346A84799F8000028B15FEA4851F2D5D0
:10C5D000BBF1010BEFD25FEA887006D446E7224632
:10C5E0000A99641C53462020A847B74207F1010767
:10C5F000F5D33BE722460A99641C53462520A847F9
:10C6000034E7AAF101020A9900205346A8470DB069
:10C610002046BDE8F08F4FF0000210B568B14B1E08
:10C62000194200D0FEE70844401E9843B0F5801F31
:10C6300003D20C2800D80C200246104610BD4A1E1A
:10C640000844A0F10100114220EA020000D0FEE7F8
:10C65000704700002DE9F0410F4604460121418654
:10C6600000252E460BE01B49F5F707FF10B16D1CA6
:10C67000ADB202E0608E401C6086761CB6B257F800
:10C68000260010B101780029EDD1208EA8421ED0DD
:10C69000A06A002610B116F0EDF9A662E06A10B1AA
:10C6A00016F0E8F9E662E80016F058F9A06238B131
:10C6B000680016F053F9E06218B1A16A11B102E006
:10C6C000FEE7FEE70025690016F0D2FA2586BDE8F0
:10C6D000F0810000B0A901902DE9F84F8146407A21
:10C6E0000F4600F00700022805D01046974280460A
:10C6F00003DD3E4602E00846F8E716462A4C2B4B7F
:10C70000032000EB460222F00305D4E9012019685A
:10C710001035411A05EB010C944503D2416821F014
:10C72000004122E0954219D89A464FF0FF3B481944
:10C730006168884210D91E4800226946CDF800B0D1
:10C740000CF0A8FA1B48002269460CF0A3FAA16875
:10C75000DAF80000091AEAE7A068DFE7284616F0D1
:10C76000FDF8C0B1416841F00041416088EA6702CC
:10C7700089EA02014268A0F80E8002F0404201609E
:10C78000521C32F080414160868105D500F11001D4
:10C790008160BDE8F88FFEE7A16801F110028260B8
:10C7A0002944A160F5E7000000010024580200249C
:10C7B000455D0190F58C019070B586B0484C002223
:10C7C0008DF808208DF80C208DF81020E2888A4220
:10C7D00001D0FF22A270E180142390F83C204FF496
:10C7E000B47502F00302012A24D0022A5BD0A57896
:10C7F000AA4211D010F8265F05EB051505EB45059B
:10C80000B5FBF3F52570407800EB001000EB40001D
:10C81000B0FBF3F06070A27004AA03A801EB410121
:10C82000CDE900024FF6FF70627800EA41002178FE
:10C8300002AB1BE0A678B24210D0868C06EB46060F
:10C840007602B6FBF5F5A58090F8270000EB001006
:10C8500000EB4000B0FBF3F06070A27004AA03A8E4
:10C8600002ABCDE900026278C9B237E008F01EFFE2
:10C870009DF81010BDF800309DF80C20C9089DF8F7
:10C88000080061F304039108C20898B261F34A10EA
:10C8900080B262F3CF20ADF8000080B20090BDF806
:10C8A000000006B070BDA678B24210D0868C06EBB0
:10C8B00046067602B6FBF5F5A58090F8260000EB5B
:10C8C000001000EB4000B0FBF3F02070A27004AA4F
:10C8D00003A802ABCDE90002CAB22178A088C5E75F
:10C8E000AC01002410B5084C012020700748FEF769
:10C8F00058FB0028A06803D0BDE810401DF05EBAC8
:10C90000BDE810401DF04EBA30020024581C02242D
:10C9100070B5044690F84200A26B810709D4B4F8C0
:10C92000401049B1A1F57F43FF3B1BD0491EA4F83D
:10C930004010B4F84010A9B90AB1810712D51648C1
:10C940002146FEF7C9FBFFF7CDFFE16809B120469C
:10C950008847216909B1204688472046BDE87040D4
:10C9600016F088B8E16B002AC1F10001216311D0F3
:10C97000810702D4616B49422163A56A4110236A91
:10C98000491CA362E36A61F341002562E26284F814
:10C990004200A36370BD0000581C022470B5304DE6
:10C9A00068681DF0D3F80646687880F0010068706A
:10C9B00048E00020287094F842006978C0F38002B3
:10C9C0008A4243D061F38200216B84F8420002075F
:10C9D00001EB060219D4002917DC002A15DBC00779
:10C9E00009D1616939B120468847216AA26A0144A8
:10C9F00021621044A062A16809B12046884794F8DA
:10CA0000420040F0080084F84200206B8019206347
:10CA100016D4E16A884200DD21632046E169884737
:10CA20000146606A884204D0626861620AB1206887
:10CA30009047D4E90B01814202DB2046FFF768FFF3
:10CA4000287818B10748FEF7ACFA03E005482146FC
:10CA5000FEF7B9FA0400ACD11DF07EF8686070BD35
:10CA600030020024581C022470B5044640680D466C
:10CA700008B1FFF7F9FF2268002A04D029462046B2
:10CA8000BDE87040104770BD89B20DF0E1B989B2C0
:10CA90000DF01ABA2DE9FF4F97B016464FF0000976
:10CAA000DDE924B22B9B042B924612D0052B12D029
:10CAB000062B13D0142B76D1012702251A9810FBD0
:10CAC00006F00D901898401E0B90701E0A900024DE
:10CAD00050E10027F1E701270325EFE701270225B1
:10CAE000FEF726FD0068D0F83890E7E726982799EA
:10CAF000604361430BEB20220AEB212110124FEA25
:10CB000021287CD4189B984279DAB8F1000F76DBA3
:10CB1000B045F9DAD2B2802AC9B205DAC2F17F0390
:10CB20004FF0FF3C5A0004E052004FF0010CA2F518
:10CB300080720992802907DAC1F17F024FF0FF313C
:10CB400007915100089105E04900A1F5807101228B
:10CB5000CDE907211A9A179908FB020310EB0C0282
:10CB60000C9203FB051E70D411460B9A91426CDCAB
:10CB7000079A18EB020168D40A9A914265DC1A9B65
:10CB8000002F079A12FB03F31CFB05E20E9203FB36
:10CB900005E216926BD02B9A052A05D0142A0AD0EA
:10CBA000062A53D060E0E9E016980E999EF802201C
:10CBB0008078897813E01A9ADDF85CC0514308FB4D
:10CBC00002F30D9A0CEB4202C446DDF86880104473
:10CBD0000CFB082C1A5C085C0C991CF801109042A4
:10CBE00009D0089B10FB03F30898C0F5807012FB76
:10CBF0000030C0F3072091420BD0099B00E09EE07B
:10CC000011FB03F30999C1F5807112FB0131C1F3E6
:10CC1000072108442A99400808555ED09EF8010073
:10CC20009EF8001001EB0020ADF810001698017876
:10CC3000407801EB0020ADF814000E9801784078A0
:10CC400001EB0020ADF808001FE047E0BEF800103F
:10CC50001FFA89F0814272D01699098881426ED0FC
:10CC60000E99098881426AD0FF200146D1E7BEF8BB
:10CC70000000FF21ADF810000E980088ADF8080004
:10CC80001088ADF814002A980155BDF81000BDF8C1
:10CC90001410884208D1BDF80810884204D181B22E
:10CCA000299800EB440017E00898C2B2DDE90410AF
:10CCB0000EF0B2FF059009980499C2B202980EF0E6
:10CCC000ABFF05997F2202900EF0A6FF00902998F5
:10CCD000BDF8001000EB4400018049E09EF801100F
:10CCE0009EF800202B9B02EB0121299A89B2052B8B
:10CCF00022F8141004D0062B05D0142B09D10AE019
:10CD00009EF802100FE01FFA89F2914201D1002132
:10CD100009E0FF2107E01A9B179908FB03120D9900
:10CD200000EB4101515C10B9BCF1000F05DB0B9A1F
:10CD3000904205D1BCF1000F02DD09980DE014E02E
:10CD4000B8F1000F02D10798002805DB0A9A904538
:10CD50000BD10798002808DD0898C0F1FF0010FBF0
:10CD600001F0010A2A98015502E02A99002008558D
:10CD7000641C24B228988442FFF6B8AE1BB0BDE80C
:10CD8000F08F000010B5818F92B00446A9B16846BB
:10CD90000CF066FB0B480121CDE90040A08F0B9001
:10CDA00000200890CDE90901074807900748039043
:10CDB00068460CF0C9FB12B010BD12B0BDE81040BF
:10CDC0001FF0ACB995C102901F95019097C10290D8
:10CDD00010B50446406882080AD0496821F0030172
:10CDE000091D08446060204600F042F8204610BD4E
:10CDF000FEE74068103120F00300884201D3012093
:10CE00007047002070472DE9FC470546486801AA95
:10CE10000C4620F0030069461DF06AFFDDE9007052
:10CE200005EBC711804601EB8009D9F84C0060B1D1
:10CE300064B1C4E9020504F10806C4600421304667
:10CE4000FFF7FDFB864202D0FEE7FEE7FEE701208A
:10CE5000C9F84C402A6905EB870100FA07F31A4329
:10CE60002A614A6900FA08F002434A61BDE8FC877A
:10CE700010B5044600F087F8046010BD2DE9FC47AA
:10CE800006464FF000000D0007460090019042D08A
:10CE9000802D2C460DF10408E94607D3284623F0DF
:10CEA00013FC411F01208840401E0444424649466D
:10CEB00020461DF01DFF009C0E2C2CDA06EB840092
:10CEC000019A4FF0FF31406901FA02F210400CD193
:10CED000641C3069A14008401DD023F0EDFB0446DE
:10CEE000009006EB8000406970B123F0E5FB06EB93
:10CEF000C411019001EB8001CF6C67B1796821F01A
:10CF00000301A94201D2FEE7FEE7009A0346394633
:10CF100030461FF0F5FF3846BDE8FC8710B50446E3
:10CF2000FFF7A6FF416841F002014160606840F0F0
:10CF30000100606010BD10B5044600F024F841689F
:10CF400021F002014160606820F00100606010BDC6
:10CF500070B506460D46084600F015F8040010D0DE
:10CF60002079C0070BD0686880080BD02146304676
:10CF700000F03CF821462846FFF72AFF05462846E0
:10CF800070BDFEE7FEE7426800F1080122F00300F1
:10CF9000001F0844910800D1FEE7704770B50C00EF
:10CFA00006464FF000001ED0F2B120791546C007AA
:10CFB0001BD011462046FFF71CFF78B129462046BA
:10CFC00000F025F805462046FFF752FF686829461D
:10CFD00040F0020068603046FFF715FF2046FFF77B
:10CFE000AAFF04F1080070BDFEE7FEE77CB5054628
:10CFF000486801AA0C4620F0030069461DF078FE3F
:10D00000DDE90023214628461FF07AFF7CBD2DE98B
:10D01000F0410D46044600F10801281F0E18606813
:10D0200006F1080720F00300401BA0F10408384671
:10D030000421FFF704FB874200D0FEE7616808EB9C
:10D040000500001D21F00301814200D0FEE7307988
:10D0500000F0030040EA0800706020F003000C2894
:10D0600000D2FEE7207900F00300284360603046DC
:10D07000FFF754FF3046BDE8F08138B5044614F0A0
:10D0800005F8054614F037F80028204605D0218F12
:10D09000E18618F0A0FE012038BD12F00FFA00283A
:10D0A00020461ED012F0DBF8218FE08E81420CD09A
:10D0B00020871C21E08E6A460090204612F046FC34
:10D0C0000128E9D1204618F086FE284614F01FF802
:10D0D0000428E0D1204617F0EDF9002113F045F9BE
:10D0E000D9E712F047FAD6E770B512F02AFC0546E8
:10D0F00017F026FA044628460DF024FD0146204686
:10D10000BDE8704000221CF053B800002DE9F04F3C
:10D1100087B00D460021044617F000F960B3294698
:10D12000204600F075FA2946204600F06FF80021ED
:10D13000204618F02CF800210590204618F0DBF866
:10D1400000210490204617F0ECFE012800D00020BA
:10D1500000218046204618F030FA0021074620467C
:10D1600017F05AFF42F2D17906464F450BD1608C39
:10D17000000508D4012707E007B028461C21BDE8B8
:10D18000F04F15F075BD0027204617F045F9DFF880
:10D1900078A0002183462046BAF8042018F00BF945
:10D1A000C2B22868D5F810C0A968CDF800C0CDF883
:10D1B0000C80CDE90110059B394658460AF02AFA41
:10D1C0004E45288304D1608C400501D4012600E03F
:10D1D0000026204617F006F9BAF808200021074675
:10D1E000204618F0E8F86B68C2B2E9680024686964
:10D1F0008DE81B00049B314638460AF00BFA688321
:10D2000007B0BDE8F08F0000200100242DE9F34FA6
:10D2100081B00C46019809F085FC0646019817F08C
:10D22000FBF88246304601F06FF82061400015F0AF
:10D23000C3FB20602069400015F0BEFB002541F6CD
:10D240009A79A0603AE000BF36F91510DFF8248122
:10D25000494532D1DFF820B100271FE00198394657
:10D2600017F05CF85946009018F0C8FAA8B9009871
:10D2700009F06AFC012810D1009809F05BFCA84273
:10D280000BD1009818F06AFA4045414601DA084689
:10D2900002E0009818F062FA80467F1C019817F0AF
:10D2A0004FF8B842DAD8A168B8F1000F02DB21F8D4
:10D2B000158002E0002021F815006D1C2069A842AD
:10D2C000C2D8002541F69B782F4628464A4616E0EC
:10D2D00036F91010414504DB0D44A5F5F8559B3D8A
:10D2E0000CE0914205D1A16831F8101039440FB219
:10D2F00004E0A3680F443FB223F81010401C2169DA
:10D300008142E5D80198002117F041FF2169C1F160
:10D31000010200FB02A0C01B00B2002800DA0020BE
:10D320004FF0FF3200234746194613E036F911C08B
:10D33000BC450EDBACF5F85CD4F80880ACF19B0C76
:10D340000A460FFA8CF310FB03FCBCFBF5FC28F833
:10D3500011C0491CD4F810C08C45E7D8002A07DB5F
:10D36000E91AA3684143B1FBF5F1401A23F8120012
:10D37000BDE8FE8F01E0FFFF010006002DE9F14F3F
:10D3800000221146009819F0BBFC0098002117F00C
:10D3900001FE00210446009817F0BFFF20440FFA59
:10D3A00080F90098002117F0AAFE20440FFA80F8B7
:10D3B000009817F063FDDFF8A0A000EB090101EB76
:10D3C000080005B20098544616F0BAFF002607463A
:10D3D0002AE0009821498068006850F826008346BA
:10D3E00018F00CFAF8B9584618F04EFD40BB002171
:10D3F000584617F067FD18B3012821D002281FD026
:10D4000003281DD00021584618F0EFF858B9BBF892
:10D410001A10BBF81600081A401C00B24844A0427B
:10D4200000DB044624B2761CBE42D2D3544504D05D
:10D4300004EB080000B2A84200DC2846BDE8F88FE3
:10D440000098BBF91A10B0F91600081A411CA14245
:10D45000E8DB0C46E6E7000001E0FFFF0100040006
:10D460002DE9F84F00228046114619F033FC0021C7
:10D47000404617F08FFD00210446404617F0F3FEAA
:10D4800020440FFA80FA4046002117F09EFE204407
:10D490000FFA80F9404617F0FFFC00EB0901DFF8B6
:10D4A00068B101EB0A0005B25C46404616F048FF41
:10D4B00000210746404617F022FD01284FF00006E4
:10D4C00044D092E0D8F808005049006850F826008F
:10D4D000009018F093F9C0BB009818F0D5FC50B13B
:10D4E0000098B8F91810B0F91400091A481CA042A5
:10D4F0002ADB4C1C28E00098002117F0E3FC58B10F
:10D50000032809D0062807D0082805D00098002154
:10D5100018F065F858B118E00098B8F91810B0F98B
:10D520001400081A411CA1420EDB0C460CE00098C6
:10D53000143000900CF0AEFD5044A04204DB009883
:10D540000CF0A8FD00EB0A0424B2761CBE42B9D34D
:10D550005C4555D004EB09004DE000BFD8F8080049
:10D560002A49006850F82600009018F047F9C0BB1F
:10D57000009818F089FC50B10098B0F91810B8F96B
:10D580001400091A481CA0422CDA20462BE000980F
:10D59000002117F097FC58B1012809D0042807D0C2
:10D5A000072805D00098002118F01FF858B11BE09B
:10D5B0000098B0F91810B8F91400091A481CA042D4
:10D5C0000EDB4C1C0CE00098143000900CF062FD57
:10D5D0004844A04204DB00980CF05CFD00EB090419
:10D5E00024B201E0481C04B2761CBE42B6D35C45AE
:10D5F00006D004EB0A0000B2584501D0A84200DC76
:10D600002846BDE8F88F000001E0FFFF010004009C
:10D610002DE9F84F0C46834609F088FE064600F0D7
:10D6200073FE6061400015F0C7F9606060694000FA
:10D6300015F0C2F9002541F69A79E0603AE000BFA2
:10D6400036F91510DFF83081494532D1DFF82CA1C9
:10D6500000271FE03946584616F060FE51460090FC
:10D6600018F0CCF8A8B9009809F0E6FE012810D10E
:10D67000009809F0D7FEA8420BD1009816F01FFFC2
:10D680004045414601DA084602E0009816F017FFCF
:10D6900080467F1C584616F053FEB842DAD8E1683F
:10D6A000B8F1000F02DB21F8158002E0002021F81C
:10D6B00015006D1C6069A842C2D8002541F69B7810
:10D6C0002F4628464A4616E036F91010414504DB3D
:10D6D0000D44A5F5F8559B3D0CE0914205D1E1685C
:10D6E00031F8101039440FB204E0E3680F443FB240
:10D6F00023F81010401C61698142E5D8002158468A
:10D7000017F0F9FD8146584616F06CFE0246606936
:10D71000C0F1010109FB0120C01B00B2002800DAA2
:10D7200000204FF0FF3200234746194614E000BFA7
:10D7300036F911C0BC450EDBACF5F85CD4F80C80B2
:10D74000ACF19B0C0A460FFA8CF310FB03FCBCFBFC
:10D75000F5FC28F811C0491CD4F814C08C45E7D852
:10D76000002A07DBE91AE3684143B1FBF5F1401AEF
:10D7700023F81200BDE8F88F01E0FFFF010006006A
:10D780001CB50B8804892344ADF800304B884489CC
:10D790002344ADF802308B8804892344ADF804306B
:10D7A000C98843891944ADF806104369694698470A
:10D7B0001CBD00002DE9FF4FC87889B00D461A9CAA
:10D7C000C007002801D0F44800E0F448069001D0DA
:10D7D000F34800E0F348049001D1F14800E0F1483B
:10D7E0004FF010034FF00C0E059066884FF0000BC1
:10D7F000A1885846D4F810C05A46A6EB010109B2D8
:10D8000012E000BF02EB8207E66803EB870816F818
:10D8100008805FEAC8780BD04FF0080808EB87074C
:10D82000F65B891B09B2521C9445EBD800224DE0EF
:10D830000EEB8707F65B304400B2F4E702EB820997
:10D84000E66803EB89070797B246F65DF6073CD119
:10D8500010B391FBF0F60EEB89074FF0060808EBCA
:10D860008908CDE900763AF807C00427019E07EB46
:10D8700089070CFB06FC3AF9086001960FFA8CF850
:10D880003AF90770464500DD4646B74206DC019E80
:10D89000464502DD474601E0FEE73746019747452A
:10D8A00005D0DDF81CC00127BB464AF80C70E768BC
:10D8B000082606EB890C019E27F80C608F1BE66892
:10D8C0000099765A39B2801B00B2521C26699642E2
:10D8D000B4D8BBF1000F88D10998002117F01BFBC9
:10D8E000012826D0002703AA0020ADF8080002A9CD
:10D8F000ADF80C00CDE900122189B4F90220287896
:10D900000BB218991DF0B5FEE878384207D0099897
:10D9100016F082FDBDF808100844ADF808000B9918
:10D92000099816F0FBFC4FF4FA6806464FF0640BBA
:10D9300027E10127D7E79C49304617F05FFF002811
:10D9400070D10021304617F051FBE8B34FF00009C9
:10D950002169484610E000BFE36800EB800253F8FD
:10D960002220B24207D100EB8000082101EB8000A9
:10D9700033F9009002E0401C8142EDD8E878C007FE
:10D98000708C04D020F4806040F4006003E020F448
:10D99000006040F480607084049906F114008246AF
:10D9A0008847484528D0304618F015FAB08A4946CD
:10D9B000ADF80000F08AADF80200308BADF804003D
:10D9C000708BADF8060000E012E0069A50469047D2
:10D9D00029216A46304611F0B9FF304616F0B0FDF5
:10D9E0002221324611F0B2FF304618F0F4F903E07C
:10D9F000708C20F4406070846878002100910128C8
:10DA000011D0022817D1059906F114008847B4F9FE
:10DA10000010491C21F00101081A00EBD07040F3FE
:10DA20004F0007E0A5E0059906F11400884721881A
:10DA3000081A00B20090E878384208D0049906F13C
:10DA400014008847BDF80810081AADF80800002136
:10DA500030466B2217F0AFFC0FFA80FA30460021F7
:10DA60006C2217F0A8FC0FFA80F9304617F076FE0A
:10DA70000190304616F023FDCAF3413101290ED141
:10DA80002AF4C04141450ADCB1F57A7F01DDC1F5D8
:10DA90007A71019A514391FBFBF10FFA81FAC9F3B4
:10DAA000413101290DD129F4C041414509DCB1F5CD
:10DAB0007A7F01DDC1F57A71414391FBFBF00FFAEA
:10DAC00080F9B18A1698F28A411A1798EB78514476
:10DAD000A0EB020C0CEB0900DA0709B200B2002A35
:10DAE00003D000BFBDF9082000E0009A11440FFAEE
:10DAF00081FA01D0009901E0BDF9081008440FFA3D
:10DB000080F95AEA09011BD0304618F064F9B28A4C
:10DB1000338BF08A02EB0A01B6F81AC05344B18283
:10DB200000EB090233830CEB0900F282708330466C
:10DB300018F051F900234A465146304618F0F2F9E0
:10DB4000E87838420CD1049906F1140088471999F5
:10DB5000BDF80C200844BDF808101044084406E045
:10DB6000BDF80C101998BDF808200844101AADF83B
:10DB70000800E8780BAAC0F38001099809F09CFA24
:10DB80000646002E04D0DDE90B0188427FF4D3AEB7
:10DB90000DB0BDE8F08F000021A1019017A1019008
:10DBA000B9A0019047A00190010006002DE9F04FB7
:10DBB0000E00054697B040D028682E8308B114F0B7
:10DBC00059FF06EB4601062000EB410014F0C6FEAB
:10DBD000286048B30222042102EB460301EB8604CD
:10DBE000C118E96003194FF000040122012EC5E9B4
:10DBF00001031AD0F000083014F0DEFE8146A3467F
:10DC000000EB86005C4600F10408CDF838B0B000A7
:10DC100000B2ADF85000C0F10101ADF852B00FFAFA
:10DC200081FA80100390B1E0FEE7B4210170E8684A
:10DC30000480E8684280A868048017B0BDE8F08FCF
:10DC40005FF00007BAF1000F07DCBDF852100322A5
:10DC500002EB41010AEB01000CE0BDF85220052364
:10DC6000BDF85010521A491EADF8501003EB420295
:10DC700002EB0A000FFA80FABDF85200401CADF822
:10DC8000520014A800F0EFF868B1BDF9500003A9E4
:10DC9000821041F827200EA900F0030041F8270068
:10DCA0007F1C042FCEDB042F76D103990698814286
:10DCB00011D129F8141028F814B0DDE91012DDE9AB
:10DCC0000E030A4469681844104408550101686845
:10DCD000621C015557E00846049988421AD029F879
:10DCE000140028F814B06B68621C0E9818550301D4
:10DCF0006868035510B2039B421C5B1E29F8103064
:10DD000028F810B0DDE910710F9C6B68091D3C44C8
:10DD1000214434E0059904F1010229F814008842F5
:10DD2000594628F814B015D06B68DDE90E07384461
:10DD3000185503016868035510B2039B421C5B1E13
:10DD400029F8103028F81010DDE910146B68214410
:10DD5000083114E00EAB93E881106B6838446044DE
:10DD6000185503016868035510B2039B421C5B1EE3
:10DD700029F8103028F8101011996B680C311954DB
:10DD80000B0169680B5414B20BF1010B14A800F0DD
:10DD90006AF800287FF454AF40F2D32109EB440025
:10DDA00016FB01F130F9022C8812824205D108EBF2
:10DDB000440232F9022C82421AD0A1EB8021B1F543
:10DDC000007F03DC494341F3CF3106E0C1F58061B8
:10DDD000494341F3CF31C1F10F0129F8140028F86C
:10DDE000140068680B01621C01556868035514B281
:10DDF000A01E0DE038F81020631C29F8142039F813
:10DE0000102028F814206A68115C401E11551CB2BD
:10DE10000028EFDAEB680022114610461A801CE059
:10DE2000EA6822F81100AA6839F8103022F8113097
:10DE30000BE000BFAB6839F9106033F81120B24233
:10DE400000DB3246401C23F8112038F910208A42AA
:10DE500001D1A042EEDB491C09B2A042E0DB4846FA
:10DE600014F0F6FDE9E6B0F90210B0F900008142C5
:10DE700001DC012070470020704717B5022A81B0ED
:10DE800003D8BDF8080004B010BDBDF80830BDF8D7
:10DE90000400D90A01EBD0211F2900D31F21C3F3AD
:10DEA000451461F3CF20ADF80400C0F345112144BF
:10DEB0003F2900D33F2103F01F0361F34A10ADF85F
:10DEC000040000F01F0119441F2900D31F21FF2A5D
:10DED00061F30400ADF8040007D0DDE901010DF0A5
:10DEE00081FE0090BDF80000CDE780B2CBE737B5EA
:10DEF000022A82B003D8BDF80C0005B030BDBDF8D1
:10DF00000800FF2ABDF80C104FEAD0244FEAD125B3
:10DF100001F01F0314FB05F4C1F345114FEA54143B
:10DF200064F3CF2000F01F0414FB03F34FEA5313F4
:10DF300063F30400C0F3451313FB01F14FEA9111A1
:10DF400061F34A10ADF8080007D0DDE902010DF0D9
:10DF500049FE0090BDF80000CFE780B2CDE717B5CD
:10DF6000022A81B003D8BDF8080004B010BDBDF886
:10DF70000830BDF80400D90AA1EBD021002900DC4B
:10DF80000021C3F3451461F3CF20ADF80400C0F3C2
:10DF90004511611A002900DC002103F01F0361F321
:10DFA0004A10ADF8040000F01F01591A002900DCE6
:10DFB0000021FF2A61F30400ADF8040007D0DDE979
:10DFC00001010DF00FFE0090BDF80000CDE780B21A
:10DFD000CBE710B59942144604D11A462146F4F70E
:10DFE00063FA08B1002010BD012010BD2DE9F843EF
:10DFF0000C461D46A3421746DDF820804FF0000670
:10E0000002D20020BDE8F8830A463946F4F74CFAFC
:10E01000F0B9B8F1000F4FF0010617D0AC4217D09D
:10E02000381969460A2220F0F9F82044A84201D0A4
:10E0300000260DE00099C8F8001009E0F4F7E0F9B7
:10E04000395D0068405C2028F2D1641CAC42F5D3F5
:10E050003046D7E770B5B1B14C68A4B18D6895B1C1
:10E060004368DBB18268CAB126782A2E16D03A2ED0
:10E0700014D01E782A2E11D0561E9E5D3A2E04D042
:10E08000521EF9D10AE0002070BD3AB11544A31A1E
:10E09000C1E9013541681846F4F7B6F9012070BDB1
:10E0A0007047F8B5044611F04CFC0646204611F0C6
:10E0B0000AFC0546304616F043FA2B2D044634D0B0
:10E0C0000A2D31D112F0E2FF10B1007901282BD0D6
:10E0D0006946304616F09AFA94F82C0010F00C0FAE
:10E0E00030462BD016F098F900210546204616F050
:10E0F0001EFF0128BDF9000005EBD5711BD000EB18
:10E10000610090FBF5F001B2002900DA0021608D7A
:10E110004FF00102884220461BD01BF049F8002234
:10E1200020461C2111F012FCF8BD618D0022BDE8D3
:10E13000F8401BF03DB8C0EB6100E2E716F052F981
:10E14000BDF9021000EBD07201EB620191FBF0F01F
:10E15000D9E71BF02DF8F8BD2DE9FF4F83B0044639
:10E16000109FDDF84890DDE91356DDF810A04FEA66
:10E1700047000FFA80F8B9F1040F22D0B9F1060F69
:10E180001FD0B9F1050F5FD0B9F1140F59D1A38891
:10E19000E288CDF804804FF00008B4F90200B4F929
:10E1A0000010121A07FB001C591A491C0FFA81FBB8
:10E1B000521C0FFA82F90AEB4C0A4FEA4B0000900E
:10E1C00085E020460BF057FF01460190304614F0E1
:10E1D00077FDA188AB46CDF80880B4F90280B4F988
:10E1E000000007FB0802081A401C00B200900AEB6E
:10E1F00042074FEA400A0DE052463946584614F0AD
:10E2000075FC029808F101080FFA88F80744009895
:10E210000BEB400BB4F906004045EDDAB9F1060FFF
:10E220000FD100224FF4FC601146ADF8000005E06C
:10E2300035F81130834200D17254491C019B994238
:10E24000F6D307B0BDE8F08FB4F902200023A1880F
:10E25000B4F806C0B4F90000ACEB020C0C1A07FBD2
:10E260000201641C22B2B81A0CF1010C00EB400749
:10E2700001EB41010FFA8CF40FFA87F801EB0A0069
:10E2800015E000210BE08778775490F801C00778FB
:10E2900007EB0C2C4F1C25F811C039B2C01C914261
:10E2A000F1DB5B1C1BB2404405EB42051644A34264
:10E2B000E7DBC6E7009A5146284614F017FC019A9E
:10E2C00008F101000FFA80F805EB4B059244C845B0
:10E2D000F0DB0598B4F90220069B4500B4F9001064
:10E2E0000498002405FB030007FB02110D1808E049
:10E2F0005A462946304614F0F9FB641C24B25E44A9
:10E300003D444C45F4DB9CE7014641F6FF7200209A
:10E3100000E0401C31F910309342FAD17047000000
:10E3200070B5104C002280212046F7F7F8F800F075
:10E330001DF80D4D012240212846F7F7F0F800F0B6
:10E3400015F8002228464021F7F7E9F800F00EF80A
:10E35000012220468021F7F7E2F8BDE8704000F086
:10E3600005B8000000180258001C025808B57820B3
:10E370000090411E009101D30846FAE708BD000055
:10E3800030B587B014216846F4F765F81348016882
:10E3900041F080010160016801F080010591016890
:10E3A00041F040010160006801240225694600F047
:10E3B000400005904020CDE900040948CDE9024520
:10E3C000F6F78AFF802011218DE833000548694661
:10E3D000F6F782FF00F0A8F807B030BDE04402581D
:10E3E000001C0258001802580C480122802110B568
:10E3F000F7F795F8FFF7BAFF094C012240212046B4
:10E40000F7F78DF8FFF7B2FF002220464021F7F71B
:10E4100086F8BDE81040FFF7A9BF000000180258B9
:10E42000001C02582DE9F041DFF850800024144E02
:10E430000746254660060122040E30464021F7F7C4
:10E440006EF8FFF793FF80214046F7F75BF808B1BD
:10E45000641CE4B2304600224021F7F760F8FFF771
:10E4600085FF6D1CEDB2082DE4D327B1FFF758FFEF
:10E470002046BDE8F081FFF7B7FFF9E70018025822
:10E48000001C02582DE9F041134F0024134E05469D
:10E49000280601D5012200E0002238468021F7F746
:10E4A0003EF8FFF763FF012230464021F7F737F8C7
:10E4B000FFF75CFF002230464021F7F730F868068E
:10E4C000641C050EE4B2082CE2D33846BDE8F041E6
:10E4D00001228021F7F723B800180258001C0258C7
:10E4E00070B50F4C012280212046F7F718F80D4D2A
:10E4F000012240212846F7F712F8FFF737FF0022E4
:10E5000020468021F7F70BF8FFF730FF002228465E
:10E510004021F7F704F8BDE87040FFF727BF00007F
:10E5200000180258001C025810B50C4C0022802123
:10E530002046F6F7F4FFFFF719FF094801224021B2
:10E54000F6F7EDFFFFF712FF012220468021F6F7D4
:10E55000E6FFBDE81040FFF709BF000000180258B1
:10E56000001C02582DE9F041154E002401222546D9
:10E5700080213046F6F7D3FFFFF7F8FE114F012256
:10E5800040213846F6F7CBFFFFF7F0FE07E0641CAA
:10E59000E4B2FA2C03D9FFF7C7FF012505E080217B
:10E5A0003046F6F7AFFF0028F1D10022384640216F
:10E5B000F6F7B5FFFFF7DAFE2846BDE8F081000068
:10E5C00000180258001C02581CB5044690F854006C
:10E5D00000F0010088422DD094F8540011B140F0B1
:10E5E000010001E020F0010084F8540004F148012A
:10E5F00068460BF019FD606ABDF80010828A11446C
:10E60000ADF80010C18ABDF802000844ADF8020060
:10E61000616ABDF80400898A0844ADF80400616AA3
:10E62000BDF80600C98A08446946ADF806002046D0
:10E6300017F0F4FB1CBD0846114608B50DF0ACF907
:10E640000090BDF8000008BD2DE9F04F0746C87ADC
:10E6500089B0154602280E4603D8012009B0BDE84E
:10E66000F08F32691846B168FCF7E2F9041EF5D064
:10E67000207D00F01F0011F0C3FE4FF4807808B138
:10E68000062011E0207D00F01F000E2806D014287F
:10E690000AD011F0A6FE30B1052005E031884FF018
:10E6A0000E0931B902E00420814606E07088404539
:10E6B00003D000214FF00509A161226A22B1294649
:10E6C00038461FF070FCBEE0A069E8B302A82946F6
:10E6D0000BF062FCB6F900005FEA000A02D1708814
:10E6E00040452DD0EA88331DB5F80280A988B5F8D9
:10E6F00000C0A2EB08027088521CCDE90003A1EB18
:10E700000C015346491C12B209B202A8FCF7DAF810
:10E71000BDF8080029880844ADF80800BDF80A00D3
:10E7200069880844ADF80A00BDF80C00298808443F
:10E73000ADF80C006988BDF80E000844ADF80E0075
:10E74000B96802AA04A800E012E0FBF78AFB0028DF
:10E7500079D0D7F8088004A8B8602A46CDF8009090
:10E760003146A36938460EF063F9C7F808806AE0BD
:10E77000B96804A82A46FBF774FBE8B3BDF8140097
:10E78000BDF81010401A401C0FFA80FB0BEB4B0039
:10E7900014F012F9039004A9D7F8088001A80BF02F
:10E7A000FBFB012101A80BF0B6FCB5F90000B5F99F
:10E7B0000210BDF91020BDF91250101A0690A5EBF9
:10E7C000010A37E001AA414607A8FBF74AFB80B3DC
:10E7D00003980FFA8AF200905B46069801B2204631
:10E7E00012F01EFA01280ED0204612F06FF903989D
:10E7F00014F02EF9204600E025E012F067F9002021
:10E80000C7F808802AE707A8B860039B01AA314629
:10E810003846CDF800900EF00BF9BDF806000AF16D
:10E82000010A401CADF80600BDF80A00401CADF816
:10E830000A006D1CBDF91600A842C3DAC7F80880AB
:10E84000039814F005F9204612F040F905E700009E
:10E8500010B5114604460D4802F01F020B46104445
:10E86000BFF34F8F0A4A1360203820330028FADCA8
:10E87000BFF34F8FBFF36F8F06480022F6F7D6FF26
:10E880002046BDE810400DF001BE000000B80B00AE
:10E8900068EF00E00804002470B5054612F0F6FBAE
:10E8A0000646286B1BF052F93168898B884223D2C7
:10E8B00095F83C006C6A10F0030105D06420012932
:10E8C00006D0022909D106E0002060F30F0404E01D
:10E8D00060F3174401E060F31F64304612F031FD2D
:10E8E000214628460DF09FFC30B1002228461C210D
:10E8F00011F02CF8012803D11BF02EF92863012018
:10E9000070BD00002DE9F04F99B014468A460746C5
:10E9100014A80DF053FE4FF4A021384616F0DBFA90
:10E920009DF85D1060F382018DF85D10A18820884C
:10E93000091A491C09B201EBD1714E103044ADF8EF
:10E940006000608800213044ADF86200384616F05F
:10E9500093FB8146514602A815F01EFB00204FF4A0
:10E9600000320F9214A90A912E49CDE9031007F144
:10E9700030008346FCF72EFB4EE02079032847D178
:10E98000208BADF85000208AADF852006079FD2848
:10E9900001D9484602E010FB09F0000A8DF85C003E
:10E9A0002568E88BB5F9203018440090A068D5E9B7
:10E9B000051213F0B5FFE98B8046B5F920305818E1
:10E9C0000090E068D5E9051213F0AAFF1FFA88F558
:10E9D000ADF854501FFA80F8ADF85680608B1A21BC
:10E9E00002AA13943044ADF8440018A80B9038469E
:10E9F00010F0ACFFBDF8443018AACDE9005814A9B6
:10EA000050460DF0CBFD1B21384602AA10F09EFFA8
:10EA100021465846FCF7DBFA0400AED119B0BDE838
:10EA2000F08F0000B82B03902DE9F74FC878A0B005
:10EA30000C4602287ED9114668460BF0C8FAB4F994
:10EA40002000012829DD94F82200FD2825D3208804
:10EA500018B394F82300BDF800104008C0F38003F9
:10EA6000C0F34002C818ADF80000BDF80200104421
:10EA7000ADF8020094F82310BDF804004908C1F372
:10EA8000C001401AADF8040094F82310BDF8060048
:10EA9000C1F34001401AADF806002098694682682B
:10EAA00002A8FBF7DEF9002844D0E07B10F007064F
:10EAB00019D0E088ADF810006189BDF810008842D7
:10EAC00000D1002668460EF011FD1C21074611A852
:10EAD000F3F7C1FCA0788DF85D00BDF81000ADF82B
:10EAE0004C001FB105E060680490E5E7208800B99C
:10EAF000EEB3E078FD2800D3FF20BDF80610BDF886
:10EB000002208346BDF80430BDF80050891A491C24
:10EB1000581B09B2401C894600B24845824600DBBA
:10EB20000846B4F90050B5EB600F00DB4510BDF8A6
:10EB30000C1000E042E04FF0FF30BDF808200B90D1
:10EB400000200490A1EB020000F1010000B2002DB2
:10EB5000804600DC7FB113F02FFF00232A46694670
:10EB6000049018A80EF02EFF002118A800E01CE069
:10EB70000EF0D4FA0B90FF22BDF808100FA8ADF8E4
:10EB80003C10BDF80C10ADF8401004991190149190
:10EB900051461690A01D8DF85C204A4611F014FADB
:10EBA000040018D0022E0CD015E0CDF844D011A9E5
:10EBB000E0788DF85C0020980FF00CFB23B0BDE8E6
:10EBC000F08FBDF90820BDF90000A16801EB4201FA
:10EBD000A1EB40001290002F7DD0BDF90A5027E034
:10EBE0002FB2049842465946ADF83E70ADF84270D7
:10EBF00014F012F8BDF90810434604983A460EF096
:10EC000037FC01288DF8540002D102208DF8540001
:10EC1000012E08D1BDF90200A168281A01EB4000BD
:10EC20000088ADF84C0011A920980FF0D3FA6D1CA4
:10EC3000BDF90E00A842D3DAB7E000BFBDF802204C
:10EC4000BDF80600BDF90A103A44C31B0FFA82F959
:10EC50000FFA83FA494503DDBDF90E10514544DB37
:10EC600004984246594613F0D7FFBDF93C1043467D
:10EC700004984A460EF0FCFB01288DF8540002D19E
:10EC800002208DF85400BDF90A10494513DC012E0D
:10EC9000ADF83E90ADF8429009D1BDF90220A168CF
:10ECA000A9EB020001EB40000088ADF84C0011A96F
:10ECB00020980FF08FFABDF90E10514515DB012E8B
:10ECC000ADF83EA0ADF842A00BD1BDF90220A1687D
:10ECD000AAEB020000E009E001EB40000088ADF87B
:10ECE0004C0011A920980FF075FA7F1CAF42A5DBEC
:10ECF000BDF80000ADF87800BDF80400ADF87C0068
:10ED0000BDF802002844ADF87A00BDF80600401BAB
:10ED1000ADF87E001EA80EF0E9FB074630430CD08C
:10ED200001218DF85410BDF90600BDF90210A0EBC9
:10ED300005098DF85CB00D4435E0BDF802000021F6
:10ED40008DF85CB02844ADF83E00BDF80600149183
:10ED500011A9401BADF8420020980FF03BFA24E0C7
:10ED60006FB104984246594613F056FFBDF908109A
:10ED70002AB2049843460EF07BFB8DF85400012E16
:10ED8000ADF83E50ADF8425008D1BDF90210A06870
:10ED9000691A00EB41000088ADF84C0011A92098D9
:10EDA0000FF018FA6D1C4D45DADD049808B113F028
:10EDB0004FFE0B98401C05D00B980EF0B1FE18A822
:10EDC0000EF078FB002C3FF4F9AE204611F0F5F878
:10EDD000F4E62DE9F0410646086992B01546002890
:10EDE0000C467BD0A07E022878D9B2680DA82946AF
:10EDF000FBF737F8002871D0D6F808800DA8B0606E
:10EE0000206912F0F9F8022806D0206902A911F051
:10EE10007DFE012847D0C7E041F6FF70002702972A
:10EE20003B46CDE90070D4E904120FA81BF0AAF903
:10EE300028460BF03BF9298800EBD072BDF93C0065
:10EE400001EB620100EBD072A1EB6201ADF80C1096
:10EE50000844401EADF8100028460BF0EEF8698813
:10EE600000EBD072BDF93E0001EB620100EBD07205
:10EE7000A1EB6201ADF80E100844401EADF812007F
:10EE800005A80EF09BF8606903AA059005A9208BE0
:10EE9000ADF82000A07E8DF82E0030460097236943
:10EEA0000DF0E8FD80E004A80DF0CAFDA0784FF059
:10EEB000FF378DF81C00208BADF81800E07E8DF830
:10EEC0001A00A07E8DF81B00207F40B1029968884F
:10EED000ADF8020007EB515108445DE066E02846BA
:10EEE0000BF0E4F8029900EBD0702A88C1F38A2174
:10EEF00002EB6000A0EB5100ADF8000028460BF0DB
:10EF00009CF8698800EBD072029801EB6201C0F3B3
:10EF10008A22A1EB9051ADF80210BDF8003007EB4A
:10EF20005050521E08449918ADF80410ADF8060070
:10EF300004A923696A4630460DF04EFD34E002997B
:10EF40002888ADF80000C1F38A21491E084410E06A
:10EF5000236904A96A4630460DF03EFD0298BDF8CB
:10EF60000010C0F38A200144ADF80010BDF8041071
:10EF70000844ADF80400B5F90410BDF9000088425A
:10EF8000E6DD0298BDF8021001EB5051ADF8021019
:10EF9000BDF8061001EB5050ADF80600B5F90610AB
:10EFA000BDF902008842CADDC6F8088012B0BDE88B
:10EFB000F081F0B5074691F8220087B01646022886
:10EFC0000C466BD9208C002868D094F8230010F0F0
:10EFD0003E0F63D0C00761D1B1883388F088728852
:10EFE000C91A491CB4F90050801A401C09B200B279
:10EFF000814200DA0846B5EB600F00DD451031466E
:10F0000004A80AF0E4FF94F82300BDF91020C0F32F
:10F0100044014807B4F9200001D428444042104478
:10F02000ADF81000B4F920000907BDF9141001D49F
:10F0300028444042081AADF8140094F82300BDF9A2
:10F04000121040088007B4F9200001D4284440423F
:10F050000844ADF8120094F82300BDF916104008DA
:10F06000C007B4F9200001D128444042081AADF885
:10F070001600208C281A00B2002800DA0020A2789E
:10F0800094F822102B46CDE90212E18B04AAADF8C8
:10F09000041031460090384600F002F807B0F0BD89
:10F0A0002DE9FF4FA7B01D4616460C46DDE936791F
:10F0B000DDF8D080FF2F00D3FF2708460EF016FAA8
:10F0C0008346284350EA080076D027982146826874
:10F0D00004A8FAF7C6FE002875D0BDF81400BDF8E4
:10F0E0001010401A401C00B212901C2107A813F007
:10F0F000BFFD129813F060FC0A90002D4FF0FF3016
:10F1000024900ADD00232A461DA821460EF05AFC51
:10F1100000211DA80EF002F82490012317A84246F2
:10F1200031460EF04FFC002117A80DF0F7FF259097
:10F1300001A807900C90BDF8D4008DF83470ADF89C
:10F1400024008DF83590B4F900001190B6F9003024
:10F1500042199A4200DC1A46B4F904000F900FFAE3
:10F1600082F8B6F90410401B8E46704500DB084655
:10F17000B4F9021010910FFA80F9B6F9022029446F
:10F180009246514500DC1146B4F9060023900FB2B7
:10F19000B6F90620401B904200DB104600B21390E7
:10F1A000A9EB08011098491C0FFA81FC50450DDCB1
:10F1B00001200CE000E006E0359B3246279821460E
:10F1C000009700F0B7F92BB0BDE8F08F002023992D
:10F1D0008246914201DB012000E00020BBF1000FDC
:10F1E000834644D0BDF81000ADF80400BDF814000B
:10F1F000BDF91240ADF8080022E000BFBAF1000FDF
:10F2000001D1A7421BDCBBF1000F02D11398A04231
:10F210001ADB25B212990A98ADF80650ADF80A50DB
:10F2200013F04EFDBDF910102A46129B0A980EF0FD
:10F230001FF98DF82C0007A927980EF0CBFF641C4E
:10F24000BDF91600A042D9DA17A80EF033F92598B7
:10F250000EF066FC2498401C05D01DA80EF02AF97B
:10F2600024980EF05DFC0A9813F0F2FBABE71198BE
:10F27000984201DC012000E000200F9911907145B7
:10F2800001DB012100E000210F91084001210391E1
:10F2900000EA0A0010EA0B0F04D0BCF1320F01DAC9
:10F2A00000200390039901228DF82C201AEA010F07
:10F2B0000ED0ADF8048007A9ADF808906088ADF8CD
:10F2C00006007088401EADF80A0027980EF082FFF5
:10F2D00003991BEA010F0ED0ADF8048007A9ADF821
:10F2E0000890F088401CADF80600E088ADF80A00F0
:10F2F00027980EF06FFF119878B1208807A9ADF814
:10F3000004003088ADF80670401EADF80800139870
:10F31000ADF80A0027980EF05DFF0F9878B1B0881D
:10F3200007A9401CADF80400A088ADF808001398A8
:10F33000ADF80A002798ADF806700EF04BFF039861
:10F34000C0B1BDF91400A8F10102BDF9101090423E
:10F35000ADF8041000DB1046ADF80800411A491C56
:10F360000DB2002D70DD119850EA0A0066D0BDF98B
:10F37000124061E0BDF81000ADF80400BDF81400C3
:10F38000ADF80800B6F90200B4F90210401AA8421C
:10F3900000DB05460FFA85F8002533E06288E18836
:10F3A000BDF912002A44491B16B20FB2B04203DD68
:10F3B000BDF91600B84224DB12990A9813F080FCBC
:10F3C000BDF904103246129B0A980EF051F88DF8E0
:10F3D0002C00BDF91200B04207DC279807A9ADF850
:10F3E0000660ADF80A600EF0F5FEBDF91600B842F1
:10F3F00007DB279807A9ADF80670ADF80A700EF084
:10F40000E9FE6D1C4545C9DB8DE026B20A98294608
:10F41000ADF80660ADF80A6013F052FCBDF90410B7
:10F420002B460A9832460EF023F88DF82C0007A9D7
:10F4300027980EF0CFFE641CA742E6DC119850EA34
:10F440000B001DD0139C16E01AE026B20A9829463C
:10F45000ADF80660ADF80A6013F032FCBDF9041097
:10F460002B460A9832460EF003F88DF82C0007A9B7
:10F4700027980EF0AFFEBDF91600641CA042E4DA36
:10F48000BDF9100009F10101884200DC0846BDF811
:10F490001410ADF80400081AADF80810401C05B2AD
:10F4A000002D40DD0F9850EA0A001BD0BDF9124034
:10F4B00016E026B20A982946ADF80660ADF80A6053
:10F4C00013F0FEFBBDF904102B460A9832460DF0EE
:10F4D000CFFF8DF82C0007A927980EF07BFE641C47
:10F4E000A742E6DC0F9850EA0B001CD0139C15E0F5
:10F4F00026B20A982946ADF80660ADF80A6013F006
:10F50000DFFBBDF904102B460A9832460DF0B0FF20
:10F510008DF82C0007A927980EF05CFEBDF91600A7
:10F52000641CA042E4DA17A80DF0C4FF25980EF081
:10F53000F7FA92E62DE9FF478EB015460C46824653
:10F540001C211A9E02A813F093FBCDF808D0BDF839
:10F550004400ADF810008DF82060B4F90200B5F950
:10F560000210884201DC012700E00027B4F9060000
:10F57000B5F90610884201DB012600E00026B4F947
:10F580000000B5F90010884201DC012100E00021F3
:10F59000B4F90420B5F9043089469A4201DB01210F
:10F5A00000E00021ADF80000A0888846ADF8040016
:10F5B0006088ADF802006888A0F10100ADF806008F
:10F5C0001FB102A950460EF005FEE88800F10100C7
:10F5D000ADF80200E088ADF806001EB102A9504661
:10F5E0000EF0F8FD2088ADF800002888A0F1010099
:10F5F000ADF8040017B1B5F9020001E0B4F902005A
:10F60000ADF8020016B1B5F9060001E0B4F9060044
:10F61000B9F1000FADF8060003D002A950460EF074
:10F62000D9FDA888B8F1000F00F10100ADF8000085
:10F63000A088ADF8040003D002A950460EF0CAFD20
:10F6400012B0BDE8F0872DE9F04F8B469146A2F548
:10F650007F410646FF3991B044D0746A208C9842AD
:10F66000804604D0608C238440F0080060844FF40E
:10F67000802A2046514615F02BFF0746514620466A
:10F6800015F04DFFB7F908700546304607F03EFC0F
:10F69000B0F916107A1905EBD57009FB02116D1E31
:10F6A000A1EB6000ADF83A0038442844ADF83E00C4
:10F6B000706A818AADF83810008BADF83C0068465E
:10F6C0000EF054FA6A465146204616F023FA0EAA66
:10F6D000694658460EF036FAA4F82080608C20F077
:10F6E0000800608411B0BDE8F08F2DE9F0430546B5
:10F6F0001746A2F57F400E46FF3893B055D06C6A8E
:10F70000208C9842804604D0608C238440F008000E
:10F71000608406A80DF052FC4FF48029204606AA0A
:10F72000494616F049F94946204615F0F8FEADF86D
:10F730002A00284607F0EAFB050036D00699BDF9F5
:10F740002A00B5F91620B1F908104318491E07FB25
:10F75000032200EBD073A2EB6302ADF80A20104441
:10F760000844ADF80E00A08A02AAADF80800208B6C
:10F77000ADF80C000EA8B168FAF773FB78B1B76862
:10F780000EA8B060284612F050FA03460020009000
:10F7900005F11402304606A90DF06CF9B760618CD2
:10F7A000A4F8208021F00800608413B0BDE8F08345
:10F7B0002DE9F0412E4D074668680CF081FE0446A5
:10F7C0003868C66B716B09B1304688476868E16874
:10F7D00000680288408812FB00F0884201D10120B5
:10F7E00000E00020216859B1616849B128B107E003
:10F7F00068680068816A01B1884720690028F7D1EC
:10F800000120206169680968C9688A69D20702D045
:10F810008969890700D400206061606908B1012509
:10F8200000E000253868416971B1016911F0300FBD
:10F8300006D0490704D5D6E9001000F01BF803E014
:10F84000D6E90021FDF79CFF206800280BD06168F5
:10F85000002908D03A68127CAA43D20703D1A268D3
:10F86000824202D1A160BDE8F081A060FBE7000008
:10F87000F40000242DE9F34F05468C4893B041680D
:10F880000E683069820701D542076ED4C0F30110BB
:10F8900002281ED0012801D0032866D100200F9035
:10F8A00008460CF00DFE10904FF4A051AB88B5F94E
:10F8B0000000EC88B5F902201B1A5B1CA71A1CB2C9
:10F8C000B1FBF4F37F1C3FB2BB420FDAB1FBF4F1A2
:10F8D0000DE0149A2946304600F0F4F8149A15B059
:10F8E00029463046BDE8F04FFDF74ABF3946337C24
:10F8F0000B910792C3F30111012906D0611E6880A4
:10F900000844E8804FF0000BC1E07188081A401EDF
:10F91000E880011B491C6980F4E700BF0B99A7EB45
:10F920000B00884200DD08464FF0010100B2019053
:10F930001098BBF1000F016121D1A7421FDB019498
:10F94000307CC0F30110032810D00020149A214607
:10F9500000F0EBF8307CC0F30110012808D03188AA
:10F960000798081A401E011B56E09BE00120EDE7B6
:10F970000798079920442980401EA8804FE00F98DF
:10F9800020B94FF4205013F017F80F90307CC0F3DB
:10F99000011003281BD00020019986460F980C9077
:10F9A000601E14FB01F24843DDF85090521ECDE971
:10F9B0000D2000208842824621DA0E9ABEF1000F07
:10F9C00002EB0A0001D00D9A101A002211E001206A
:10F9D000E2E700BF0C9BBEF1000F39F8028B03EB8E
:10F9E000400CACF8008001D0084400E0401A521CE2
:10F9F00012B2A242EEDB0AF1010000B2DAE7307C7B
:10FA0000C0F3011001281BD031880798091AA1EB17
:10FA10000B000199401E411AA880491C29800199B8
:10FA20000BEB0108B84514DB10988069C00710D0B3
:10FA30001098806980070CD51099012048610BE06F
:10FA4000079901EB0B00019928800144491EA98008
:10FA5000E5E71098002141610F9828B10246294638
:10FA60003046FDF78DFE05E0149AF8E7B16A09B15A
:10FA700030468847109800690028F7D101990FFA9D
:10FA800088FB04FB01F0149901EB40001490BB4586
:10FA9000FFF644AF0F98002804D015B0BDE8F04F32
:10FAA00012F0D6BF15B0BDE8F08F0000F4000024BE
:10FAB00030B50D880488058010880880188810806B
:10FAC0001C8030BDF8B58B8800240D88CE884F8807
:10FAD0005B1B5B1CF51B6D1C13FB05F35B1E0DE034
:10FAE00002EB430602EB44075B1E3588641CADF84D
:10FAF0000050B7F800C0A6F800C03D80A342EFD880
:10FB000043884C88CA881B1B5B1ECB8043889A1A8B
:10FB1000521E4A8003880C888A881B1B5B1E8B80C0
:10FB20000088801A401E0880F8BD2DE9F0470C4679
:10FB300017460026824601EBD47936E0601C00258A
:10FB400000EBD0782CE0A01B621B401E01B2A2F19A
:10FB5000010210B2BAF1000F0ED015FB041211FB16
:10FB6000040110FB046C07EB420307EB410216FB98
:10FB7000045007EB4C010DE011FB040C10FB046278
:10FB800015FB041116FB045007EB420307EB4C0274
:10FB900007EB410107EB4000FFF78AFF6D1C2DB218
:10FBA000B5EB680FCFDB761C36B2B6EB690FC5DB61
:10FBB000BDE8F0872DE9F047A2B005460FF0C1FE81
:10FBC000044628460FF085FE8246606A12F02DF842
:10FBD000054694F85400C00777D006A80DF0C6FF7C
:10FBE0004FF4E029204606AA494615F093FF04F198
:10FBF000480101A80AF018FA606ABDF80410828A68
:10FC00001144ADF80410C18A01AABDF806000844E9
:10FC1000ADF80600616ABDF80800898A0844ADF8AD
:10FC20000800616ABDF80A00C98A0844ADF80A00F4
:10FC300006A950460DF086FF4946204615F0C8F942
:10FC400006464946204615F002FB871949462046DC
:10FC500015F0ABFB1E494FF00008CDF80C800644B0
:10FC6000CDF81080206D0968284488470246206D31
:10FC7000411903A812F03AFFBDF80400552241468D
:10FC80003844ADF80400BDF806003044ADF8060075
:10FC9000606A15F090FB054614A80DF08FF914AAC0
:10FCA0004946204615F088FE9DF81B00022804D81E
:10FCB000BDF85C00A9B2884207D003AB504601AA48
:10FCC000CDF8008014A90CF0D5FE22B0BDE8F08775
:10FCD0008C0200242DE9F04FC3B0054630300E46AB
:10FCE0000190FBF7F0F900287DD1B16805F114020D
:10FCF0003FA8FAF7B6F8002875D0D6F808A03FA8B4
:10FD0000B0603BA80DF0EBF94FF4E02428463BAA85
:10FD1000214615F0A1FE2CA80DF028FF9DF8F41047
:10FD200047F6FF708DF8B3102146ADF8B0002846B5
:10FD300015F049FC00EBD07021464710284615F01D
:10FD400042FC00EBD07031464FEA600B03A814F080
:10FD500023F90521109429A8099019A80790634850
:10FD6000CDE904010198FBF735F9B6E00A223BA979
:10FD700029A812F0BBFE38222CA919A812F0B6FE51
:10FD8000E088ADF8A400E088ADF8680017A80C90F2
:10FD90003EA80D90607BC00704D0B4F90000B4F910
:10FDA00002100FE0B4F90410A1F5FE40FF3875D041
:10FDB000A28841ABA16828460BF0BAFABDF904014C
:10FDC000BDF90611AA8AEB8A104419440FFA80F88B
:10FDD0000FFA81F9C7B1BBF1000F15D0A8EB0702EC
:10FDE00008EB070000E07DE0ADF8A000012009EB82
:10FDF0000B03ADF89C20ADF8A230A9EB0B01ADF8D8
:10FE00009E10419027A801E0002041900690207BA1
:10FE100081072CD0C00702D0B5F9140000E040469D
:10FE2000ADF85C00ADF85E904846217B890702D5AD
:10FE3000B5F9181000E04146ADF8F8101A21ADF8F8
:10FE4000FA0003AA28460FF081FD3EAB304617AA00
:10FE500029A90DF037F9419820B127AA304619A9F0
:10FE60000DF070FE1B21284603AA0FF06FFD207BCA
:10FE700010F00C0F2DD041074046ADF85C8002D544
:10FE8000B5F9161000E04946ADF85E10ADF8F8007F
:10FE9000207B000703D5B5F91A0001E019E04846B8
:10FEA000ADF8FA001A21284603AA0FF04FFD3EAB29
:10FEB000304617AA29A90DF005F9419820B127AAC3
:10FEC000304619A90DF03EFE1B21284603AA0FF06B
:10FED0003DFD01982146FBF77AF804007FF446AF18
:10FEE000C6F808A043B0BDE8F08F0000802603905C
:10FEF0002DE9F04F9FB005460FF023FD044628463C
:10FF00000FF0E7FC1C90204615F028FC0546204623
:10FF100014F0D5FAA38A05EBD572014603EB620013
:10FF20000FFA80FBE08A01EBD1714FEA620800EB27
:10FF300061000FFA80FA06A80DF0D1F800212046E2
:10FF400006AA15F089FD4FF41D7242F23410002606
:10FF500018FB02F191FBF0F03146801CADF81A005D
:10FF6000204614F0C0FF47F6FF79054600234A46B5
:10FF700004F114010AA80DF025FD00210AA80DF0D6
:10FF8000CDF81B90E38AA28AADF812305819218B64
:10FF90002A44ADF81410678B491BADF810204A466F
:10FFA0007B1BADF8141004A9ADF8120010A8ADF831
:10FFB000163001230DF006FD002110A80DF0AEF85B
:10FFC000BDF91A2000271D90A8EB0500A0EB02093F
:10FFD000904439462046FCF7EFFB0990BDF8240019
:10FFE000ADF81800300A00B205461AF001F800FB1F
:10FFF00008F00BEBE030ADF85800284619F0F0FFA0
:02000004900169
:1000000000FB08F00AEBE030ADF85A00284619F082
:10001000EFFF00FB09F00BEBE030ADF85C00284689
:1000200019F0DEFF00FB09F017AB16AA0AEBE0306F
:10003000ADF85E001C9806A90DF044F8FF1CBFB295
:10004000B7F5807F06F58766C3D90AA80DF032FAA6
:1000500010A80DF02FFA1B980DF062FD1D980DF001
:100060005FFD1FB0BDE8F08F2DE9F04F8A68A7B0A3
:100070008846044600F1140124A8F9F7F2FE00288E
:100080007ED0D8F8080024A91F902046C8F8081090
:10009000002114F08BFF00210546204615F0A1F841
:1000A000284400B220900021204615F042F928444F
:1000B00007B2204614F0B0F9B4F88410484340F376
:1000C0000F201790204614F08DF9B4F8861048439D
:1000D00040F30F20189014A80DF001F800212046DD
:1000E00014AA15F0B9FC4146684613F055FF0025E7
:1000F000DFF8D0A1681E6A4614A9CDE90D5006911B
:100100001A21CDE901A5204609950A950FF01EFC9C
:1001100031222046294615F04EF900F0FF0920460D
:10012000002114F043FF332283462046294615F070
:1001300042F9C6B2204614F089FA2390204614F002
:1001400051FBB4F87E10E9B3A38AB9F1020FE28A39
:10015000ADF84C30218B3A44A2EB0000ADF878109A
:1001600000B21A90B4F97E7040D9BBF1000F3DDDAA
:10017000B00707D50021204615F0DBF810B900E0E4
:100180009CE00125F00731D00021204614F0C3FF88
:1001900060BB7F1E3FB229E01898012110FB05F2D9
:1001A000B4F87E00401E92FBF0F01A9A1044ADF8AD
:1001B0004E00ADF87A0013A809901EA86A460E9565
:1001C0000A9000E014E0CDE901A11A2120460FF0C9
:1001D000BDFB1EAB404613AA14A90CF073FF1B21F4
:1001E0006A4620460FF0B2FB6D1C2DB2BD42D3DB38
:1001F000B4F88000F0B3A18AB9F1020FE28A4FF09F
:1002000000072098ADF84E20628B01442398ADF88A
:100210007A20B4F98050A1EB00000FFA80F913D9CD
:10022000BBF1000F10DD700705D50021204614F04A
:10023000D8FF00B90127300706D50021204615F068
:100240001EF808B96D1E2DB202260DF1780B26E0BE
:1002500017986A4610FB07F1B4F88000401E91FB26
:10026000F0F01A214844ADF84C00ADF8780013A81E
:100270000E9700E015E0CDE9090BCDE901A6204677
:100280000FF064FB1EAB404613AA14A90CF01AFF32
:100290001B216A4620460FF059FB7F1C3FB2AF423C
:1002A000D6DB00200990411E6A460E911B210A9060
:1002B00020460FF04BFB1F98C8F8080027B0BDE898
:1002C000F08F0000802603902DE9F04F91B0834617
:1002D0000FF0F9FA064658460FF033FB122E04468B
:1002E0007ED0152E01D0182E7BD115F037FA06904E
:1002F000204614F0E4F8002105903222204615F043
:100300005AF8002105461222204615F054F82844D8
:100310000FFA80F820460021132215F04CF82844EB
:100320000FFA80FA20460021102215F044F82844E4
:1003300007B220460021112215F03DF8628E4319C4
:100340000FFA83F902EB0801ADF80810A08E3844CB
:10035000ADF80A0094F8390000F0030001287DD0C0
:1003600002A9E08ECDE90001B4F9303003A8DDE93F
:100370000521FAF7A7FABDF80C10A08A0844ADF8D9
:100380000C00BDF80E10E08A0844ADF80E00BDF870
:100390001010A08A0844ADF81000E18ABDF81200E0
:1003A0000844ADF8120000BF04F1140101910FA838
:1003B0000D4609F027FE03A9284609F023FED3487D
:1003C000594613F095FF012861D101980FA909F052
:1003D00019FE152E5BD1E08D002858D0A08D01E0CC
:1003E00058E054E0002852D0E08E00284FD0584604
:1003F0000FF06FFA0199064605A809F003FE2046A2
:1004000010F02EFD054694F8390000F00300012895
:100410007ED0BDF81000BDF80C10401ABDF81410C5
:100420000844ADF81800BDF81200BDF80E10401ACF
:10043000BDF8161000EB0100BDF81410ADF81A005D
:1004400001EB0800ADF81400BDF81600BDF8181057
:100450003844ADF81600A1EB0A0000E07CE0ADF8EE
:100460001800BDF81A10A1EB0900ADF81A0094F8B5
:10047000381001F00300012873D0890771D00228D9
:1004800070D00023019A194630460CF0A5FA11B03D
:10049000BDE8F08F58460FF052FA05460078022862
:1004A000F5D094F838000126C14389074ED000F0FA
:1004B000030102294AD0C0F38400042801D0012896
:1004C00044D100212046462214F075FFC0B2FF2817
:1004D0003CD1208ED0BB58460FF031FA0746E08E53
:1004E000B0F5807F34D0204613F0E9FF80462046E7
:1004F00015F034F904F132020146E08E0023CDE913
:10050000000202A84246FAF7DDF9BDF8080000E053
:1005100029E0A18A00220844ADF80800BDF80A00CD
:10052000E18A0844ADF80A00BDF80C00A18A08442D
:10053000ADF80C00E18ABDF80E000844ADF80E00DD
:1005400002A93846F9F7B6FC0028A0D12E709EE724
:10055000002204F11401F4E703A9204613F076FF0A
:1005600022E72BE0C1E0B4F92C002AB2BDF8141048
:10057000801A401C00EBD070A1EB6001ADF81410A4
:10058000BDF81810BDF81620A1EB6000ADF81800FA
:10059000B4F92E002914401A401C00EBD070A2EBD5
:1005A0006000ADF81600B4F92E00BDF81A20401A0C
:1005B000401C00EBD070A2EB60003DE707A80CF0F8
:1005C0003FFA0021204607AA15F0A2F9E08E0DAAF5
:1005D000ADF81E00208EADF81C00608EADF8200036
:1005E000A08EADF8220094F83800BDF80C10C009B8
:1005F0008DF8300001EB0800ADF83400BDF80E00B6
:10060000BDF810103844ADF83600A1EB0A00ADF883
:100610003800BDF81210A1EB0900ADF83A00B1683E
:1006200010460F46F9F71DFC002890D00DA8B060C9
:10063000B4F92A30B4F92EC0B4F9281093FBFCF8B1
:10064000B4F92C20BDF916000CFB183391FBF2FC19
:10065000034402FB1C1819B2ADF80210814203DDFD
:10066000E08D081AADF80200E18DBDF802000844E3
:10067000401E30E0BDF9141001EB080000B2ADF8E7
:100680000000884203DDA18D401AADF80000A18D65
:1006900080B20844401E0DE0636A07A96A463046EE
:1006A0000CF09AF9BDF800002844ADF80000BDF840
:1006B00004002844ADF80400BDF90000BDF918108D
:1006C0008842E9DBBDF8021028140144ADF802109D
:1006D000BDF806100844ADF80600BDF90200BDF9EA
:1006E0001A108842C6DBB760D1E607A80CF066FC9A
:1006F0000021204607AA15F05FF900200090636AE8
:1007000007A9019A30460CF0B5F9C0E6846503905C
:100710002DE9F04FD3B005460FF013F904462846F3
:100720000FF0D7F803A92F90204613F08FFE002179
:100730002046692214F03FFE002105466A22204629
:1007400014F039FEBDF80C10BDF81020491BADF8AF
:100750000C102A44ADF81020521ABDF80E10521C8D
:100760000FFA82FBBDF81220091AADF80E101044E2
:10077000ADF81200421AD4E90A01521C0FFA82FAAB
:10078000D345A1EB000801DB012200E0002294F830
:100790005C3091460022459203F00302012A08D101
:1007A000002806DA002904DD216B814201D10120F5
:1007B00045900021204614F026FD0021439020465C
:1007C00014F06FFD00210B90204614F0C4FD0021B1
:1007D0002C90204614F0B1FC3C9003A904F13400A5
:1007E000099009F0FDFBA18EB9F1000F4398228F0B
:1007F00001440B98E38EA2EB00022C98658F034412
:100800003C98A1862287A5EB0000E38600B26087B2
:1008100011D099B2401A401C00B204281DDA0AEB2C
:10082000DA72E18A6FF0010000EB62000844E086B2
:10083000001D608711E0218FA08E081A401C00B2B5
:1008400004280ADA0BEBDB72A18A6FF0010000EBDF
:1008500062000844A086001D2087218FB9F1000F97
:10086000A28E638FE58EA1EB020101F1010109B2B5
:10087000A3EB050000F1010000B2CDE93D0105D078
:10088000DF4804F13806099D0F4604E0DD4804F115
:1008900036053D9F2E1D0790A26D501C14D0A06AF6
:1008A000D4E914311B1A091A7B43794393FBF8F3FB
:1008B00091FBF8F019B200B2401A5043C21700EB96
:1008C000126001EB202005E0216BA06A081A784332
:1008D00090FBF8F000B20890A26C501C14D0A06AF3
:1008E000D4E910311B1A091A7B43794393FBF8F3BF
:1008F00091FBF8F019B200B2401A5043C21700EB56
:10090000126001EB202005E0D4E90910081A7843B1
:1009100090FBF8F00021162200B24690204614F019
:100920004AFDB9F1000FC0B22AD001280AD1469879
:1009300042420898414210B2469028463546064643
:1009400008B2089029884698084430802988089879
:1009500008442880459898B3A16AB9F1000FC1F105
:10096000000000FB07F090FBF8F000B215D02A88D9
:10097000B6F90010104400B281420BDD288039E046
:1009800031884698081A401C288031880898081A2F
:100990003080DFE7298030802CE03288B5F9001004
:1009A000101A401C00B2814201DD308001E031802C
:1009B0002880B6F90010B5F900008142EADB19E0A1
:1009C000FFE7079909988847012813DC2F993CA86D
:1009D00013F0E2FA00204FF4003149918A493CAA11
:1009E000CDE93D1009981A213F9020460EF0AEFF48
:1009F0003CAAFDE0099950A809F0F2FA0CA80DF004
:100A0000B5F84FF4003620460CAA314615F082F8AE
:100A10002F991AA813F0C0FA4FF000087A482796C9
:100A20001A211AAA4546CDE91B080CA81E90099860
:100A30001D9020460EF08AFF0B222046294614F016
:100A4000BAFC05B25846D345514600DB0846B5EB23
:100A5000600F00DD4510DDE93D108842BDF9300032
:100A600000DA3E99B0EB610F00DD4810B9F1000FDC
:100A700002D0228FA18E01E0628FE18E511A491CB3
:100A800009B2B1EB400F18DD9DF8331008910CA9A5
:100A90009DF84A709DF852608DF83380099A2F981E
:100AA0008DF84A808DF852800DF04CF808998DF839
:100AB00033108DF84A708DF852600023A18A2A46BF
:100AC00043980844ADF83801218B0B98081AADF80B
:100AD0003C01E18A2C980844ADF83A01618B3C98BE
:100AE000081AADF83E014EA930A80CF06BFF0021AA
:100AF00030A80CF013FB9DF8526003A98DF85280CA
:100B00004546029005A88DF8668009F069FABDF89F
:100B10001410B9F1000F4398084403B2ADF8143033
:100B2000BDF816102C980844BDF8181002B20B98A6
:100B3000ADF81620A1EB000001B2ADF81810BDF819
:100B40001A703C98A7EB000000B2ADF81A0012D062
:100B5000801A401C00B204281FDA0AEBDA72E18A1C
:100B60006FF0010000EB62000844ADF81600001DB4
:100B7000ADF81A0011E0C81A401C00B204280CDAC3
:100B80000BEBDB71A28A6FF0010000EB61001044F7
:100B9000ADF81400001DADF81800BDF93020002399
:100BA000099936A80CF00EFF002136A80CF0B6FA11
:100BB00005AA07462F980CA90CF0C4FF8DF85260C7
:100BC0000CA98DF83350099A2F988DF84A508DF85A
:100BD00066500CF0B7FF36A80CF06CFC30A80CF097
:100BE00069FC38460CF09CFF02980CF099FF1AAA99
:100BF00020461B210EF0AAFE53B0BDE8F08F000086
:100C0000C5A0019053A00190DC6403902DE9F04F42
:100C1000B9B005460EF095FE044628460EF059FE82
:100C200000218346204614F088F901280CD00026C4
:100C3000204607F086FE054694F85C00002700F089
:100C40000300012802D008E00126F1E7A06A00288D
:100C500003DAE06A002800DD012720468DB113F099
:100C60002EFC814627B1606A002801DAA08E05E0DB
:100C700016B1B4F9340001E0B4F93800ADF89400CD
:100C80000BE014F06BFD814627B1606A002801DAA1
:100C9000608F00E0E08EADF8960012A80CF066FFC1
:100CA0004FF44038204612AA414614F033FF25A9DC
:100CB0002B464A4620461AF018FD04F1680025A983
:100CC000824609F0A8F95946684613F065F90020F4
:100CD0002E4912AFCDE90110CDE90D80CDE903A772
:100CE000204617F0CFF9022806D01A216A4620467E
:100CF0000EF02CFE52463CE0382212A927A811F033
:100D0000F5FE1A216A4620460EF020FE12A9524630
:100D100058460CF017FF1B216A4620460EF016FEBF
:100D200045B126B1B4F93800ADF8940005E0B4F946
:100D30003400F9E7608FADF8960025A92B464A46A6
:100D400020461AF0D2FC04F1600025A9054609F0FE
:100D500062F9382227A912A811F0C8FE02A96A4632
:100D6000012081E8A1001A210E9020460EF0EEFD30
:100D70002A46584612A90CF0E5FE1B216A46204679
:100D80000EF0E4FD39B0BDE8F08F0000106603906E
:100D90002DE9F0438FB004460EF0D3FD054613F065
:100DA000CFFB074603A80CF009F90021384603AA37
:100DB00014F002FE284610F033FF28B19DF82900F8
:100DC00040F001008DF8290020460EF082FD816878
:100DD00007F1140204460DA80E46F9F742F8002860
:100DE00050D00DA8A0600BA9384606F02FFBA88AAA
:100DF00001AAADF80400E88AADF80600288BADF82A
:100E00000800BDF82E00ADF80A001046A168F9F7F9
:100E100028F80DF104084FF0000978B1A7682846BA
:100E2000C4F8088010F001FF05F11402034603A97D
:100E30002046CDF800900BF01DFEA76001AAA88AFD
:100E4000ADF80400BDF83200ADF80600288BADF80F
:100E50000800688BADF80A001046A168F9F701F8A0
:100E600078B1A7682846C4F8088010F0DEFE05F1C6
:100E70001402034603A92046CDF800900BF0FAFDBA
:100E8000A760A6600FB0BDE8F08300002DE9FF4F1A
:100E90009FB0987B00F00F042098032CDDF8B08001
:100EA000827E18D0012C1DD0022C21D0042C13D00E
:100EB000082C7DD19E4D61014FF0FF0BFD2A2BD2F6
:100EC0009C4E3078904202D17068A04221D0DFF869
:100ED00068C200201BE00424954D4FF0F00B103D3C
:100EE0001021EBE7924D4FF0800B163D0221E5E714
:100EF0008F4D4FF0C00B143D0421DFE72F5CFF2F17
:100F00001AD017FB02F73F0A0CF80070401C884209
:100F1000F4D3894D327074601F98B3F806A01E890F
:100F200081682198B1F90030B0F900200AFB04F083
:100F30009A4203DB002302E01746E5E79B1AB1F96A
:100F4000047002EB0A0C0793BC4501DC534601E038
:100F5000BB1A5B1C219AB1F902709946B2F90220C2
:100F6000BA4201DB002300E0BB1AB1F90610971961
:100F700018938F4201DC314601E0891A491C169111
:100F800003FB00F207981C2100FB042000F0070778
:100F900008EBD0080FA811F06BFE20988089ADF8FF
:100FA00044002098807E8DF854002098807F00E0D7
:100FB000BBE0C0F3C2008DF85500FAF7B9FA0BF0A8
:100FC00083FA0AFB06F1814200DC08461C9011F00E
:100FD000F3FC089000261290A9F1010021990A88DB
:100FE00007990A44ADF80C202199098801442198F9
:100FF000ADF810108B1ADDF860C05B1C1BB2408886
:10100000ADF86C10169960440993ADF86820ADF8FE
:101010000E00ADF81200ADF86A000844ADF86E009D
:101020001AA80CF063FA07991D90C4F108000AEBA6
:1010300001021790A2EB0900DDF860A003A90F914F
:101040006043149101905AE0079900232BFA07F0AE
:10105000B6461DE098F80020DDF85CC00240ACEB1D
:10106000070C32FA0CF205D015F802C0089A02F803
:1010700006C001E0089A9355179A974202D2E040C1
:10108000274403E00027584608F10108491C761C54
:101090004945DFDB1D9880B10898BDF91220BDF9E4
:1010A0000C107044099B19900CF0E2F98DF84C007B
:1010B00018B90999199811F0DBFD0798A9EB000000
:1010C00081191C98814203D2BDF81200401C0CE02B
:1010D00002208DF84C001F980FA90DF07BF8BDF889
:1010E00012000026401CADF80E00ADF812000AF107
:1010F000010A0198384400F0070708EBD008169859
:101100008245A1DBBDF90E10BDF91200814209D064
:10111000401EADF8120002211F988DF84C100FA947
:101120000DF058F8089811F093FC23B0BDE8F08F4B
:10113000EA2403900C010024DC1A02242DE9F04F6C
:101140000C46B1F90210B2F900608346491EB3F9AA
:10115000000089B04D1001F001018642294400DAF7
:101160003046ADF80000B2F90000B3F90030984203
:1011700000DC1846401EADF804005088401AADF857
:101180000200508869462844ADF80600DBF80820C4
:101190000846F8F766FE00281FD0E08818B1A0883E
:1011A00008B1012700E00027684601250CF09EF9F0
:1011B00000B907B100251C2102A811F059FDCDF896
:1011C00008D06E462088ADF81000207A8DF82000F7
:1011D00035B102A958460CF0FDFF09B0BDE8F08F0B
:1011E000BDF804204FF0000ABDF90000BDF8023040
:1011F000A2EB0001BDF9068001F10101ADF8063056
:101200000DB247B1B4F90610B4F90420114490FBB3
:10121000F1F201FB120A284611F0CEFB0796814637
:101220000590BDF902603EE02946484611F048FDB0
:10123000BDF9001032B22B4648460CF019F98DF872
:1012400018000FB300B300235046194617E000BF43
:10125000B4F90420824205DB121A1144104409B289
:1012600000B208E0B4F906C06244824201DC00200A
:1012700001E009F80130491C401C09B200B2A94242
:10128000E6DB02208DF8180002A958460CF0A2FFF8
:10129000BDF80200401CADF80200BDF80600401C7D
:1012A000ADF80600761C4645BEDD484611F0D0FB81
:1012B00093E700002DE9FF4FB2F90240BBB0B3F94C
:1012C0000250AC420ADA128864F31F401B8865F3AF
:1012D0001F4162F30F0063F30F0109E01B8865F300
:1012E0001F40128864F31F4163F30F0062F30F0184
:1012F00002910FFA81F904B205144FEA214AA9EBD1
:101300000406002EAAEB050701DD304600E070421E
:10131000002F01DD394600E07942884201DD0121DC
:1013200000E000213C98B0F90200009161B1002F6B
:1013300001DD394600E07942002E4FEA411201DD1D
:1013400031460DE071420BE0002E01DD314600E038
:101350007142002F4FEA411201DD394600E0794227
:1013600092FBF1F1AD4A4C45525C12FB00F000F1EA
:101370003F004FEAE01000F001024FEA600802EB84
:10138000080B01DA214600E04946A1EB0001ADF867
:10139000101001DD214600E0494652465545014402
:1013A000ADF8141001DA294600E01146A1EB000166
:1013B000ADF8121001DD294600E051460844ADF8B1
:1013C00016003B9804A982680846F8F74AFD0028F1
:1013D0007ED000984FF0000100287AD0002E5046B1
:1013E00015DDA0EB08024B4612B2CDE90021A5EBBA
:1013F0000800214602B20DA80CF01CF901200AEBEE
:101400000B0109B2CDE9001005EB0B0014E000EB75
:101410000B024B4612B2CDE9002105EB0B00214631
:1014200002B20DA80CF006F90120AAEB080109B2DE
:10143000CDE90010A5EB08004B4602B2214618A8E2
:101440000CF0F8F800210DA80BF068FE002139908F
:1014500018A80BF063FE03904FF0FF393C98C84684
:10146000417AC80623D403212A46A81900B2CDE93F
:101470000001E01B214603B223A80CF0DBF802991F
:1014800002200A14911909B2CDE90010029801B2A4
:10149000C81B03B22EA80CF0CDF8002123A80BF036
:1014A0003DFE002181462EA80BF038FE8046BDF897
:1014B0001400BDF81010401A401C04B2FAF738F8B6
:1014C0000BF002F8054604A808F0D5FDA84201E09B
:1014D000A1E028E003D204A808F0CDFD0546AA4605
:1014E000284611F069FABDF916708346BDF812005E
:1014F00000255146ADF81600584611F0E1FB1C21BD
:1015000006A811F0B5FB3C9804A906910088ADF837
:1015100020003C98007ACDF824B0BDF912608DF817
:1015200030000B9144E0CDE900A109EB0B0204EB84
:101530000B0013B22A4601B20DA80CF07BF8012172
:101540002A46A4EB0800CDE900A1A9EB08010BB2E3
:1015500001B274E7BDF9101032B20BEB050023465F
:1015600000900BF085FF8DF8280018B900982146EF
:1015700011F07EFB25442919514505D2BDF816000E
:10158000401CADF8160012E002208DF828003B98B0
:1015900006A90CF01FFEBDF8160000255146401CA0
:1015A000ADF81200ADF81600584611F089FB761C14
:1015B000BE42CFDDBDF91210BDF91600814209D03F
:1015C000401EADF8160002213B988DF8281006A9A0
:1015D0000CF000FE584611F03BFA0DA80BF06AFF24
:1015E00018A80BF067FFB9F1FF3F02D023A80BF05A
:1015F00061FFB8F1FF3F02D02EA80BF05BFF3998D6
:101600000CF08EFA03980CF08BFA48460CF088FA2E
:1016100040460CF085FA3FB0BDE8F08FEA25039014
:101620002DE9F04F8346B1F9020089B00C46401E07
:101630001588411000F001000844281AADF8000098
:1016400010880844ADF80400B2F90210B3F90200A2
:10165000814200DA0846ADF80200B2F90200B3F99F
:101660000210884200DC08466946401EADF80600BC
:10167000DBF808200846F8F7F4FB00281FD0E088C4
:1016800018B1A08808B1012600E0002668460127AD
:101690000BF02CFF00B906B100271C2102A811F0A5
:1016A000E7FACDF808D06D462088ADF81000207A12
:1016B0008DF8200037B102A958460CF08BFD09B017
:1016C000BDE8F08FBDF80400BDF80020BDF80210A1
:1016D000801ABDF90670401CADF8061000B28146B4
:1016E00011F06AF98246079505904FF0000056B157
:1016F000B4F90610B4F90420BDF90200114490FBBE
:10170000F1F201FB1200BDF90250804631E049467A
:10171000504611F0D5FABDF900102AB24B4650469A
:101720000BF0A6FE8DF81800A6B178B1B4F904103C
:10173000414502DA00208DF81800B4F90600B4F92A
:1017400004100144414501DC4FF0000808F101009C
:101750000FFA80F8584602A90CF03CFDBDF80200D3
:10176000401CADF80200BDF80600401CADF80600B4
:101770006D1CBD42CBDD504611F06AF99FE77CB588
:1017800005460EF0DEF8446A28460EF0A2F8626ABA
:101790000546816868461432F8F763FB002835D0A7
:1017A000AE68C5F808D094F83C00800621D5628F59
:1017B000E08E824208D1212329462046FDF743FFCF
:1017C000628F212320461DE0202329462046FDF775
:1017D0003AFF628F202320462946FDF786FFE28EDE
:1017E000012320462946FDF72EFFE28E01232046E5
:1017F00008E0628F202320462946FDF724FF628FF0
:10180000202320462946FDF770FFAE607CBD000016
:101810002DE9F04FD5B005460EF093F80446008E42
:1018200000287DD028460EF054F85390608C40F08C
:1018300008012046618447A912F008FE608C4FF031
:101840000009278C4D4640F00802A4F8209039A8E2
:101850004E46C84662840CF089F907A80BF0AEFB2F
:101860004FF4A02A204639AA514614F053F907AA8A
:101870005146204614F0A0F8618C2046278421F0C0
:1018800008016184002113F06CFD00214B9020467B
:1018900013F059FC00214A90204613F0BAFC0021B5
:1018A0001090204613F003FD53990F9019A812F0E1
:1018B00073FBB748CDE91A082BA81D9011A8CDF8E5
:1018C00098A01E9058E1761CB6B2606AB1A150F89B
:1018D0002600F0F7D2FD0028F5D0E06A30F81500B8
:1018E000C0F30011002975D18846C0F3002109B169
:1018F0004FF00108C0F3801010B148F0800014E0F0
:10190000A08EA84212D1B80601D548F02008B80729
:1019100001D548F00208780701D548F0040800E036
:1019200032E1380702D548F008008046A06A00EB93
:10193000C50103A808F05DFBBDF80C20B8F1000F4D
:10194000BDF81C1102EB0100ADF80C00BDF80E2033
:10195000BDF81E010244ADF80E20BDF81020114460
:10196000ADF81010BDF812100844ADF8120026D0E2
:10197000628C2BA8A4F8208042F0080161840CF04E
:10198000F5F811A80BF01AFB2BAA5146204614F0CB
:10199000C1F811AA5146204614F00EF8618C278434
:1019A00021F008016184E06A30F81500C0F3C0201E
:1019B00000289DF861000ED040F001000DE03822B3
:1019C00039A92BA811F092F8202207A911A811F02B
:1019D0008DF8E8E7CCE020F001008DF8610003A865
:1019E00027951A211C9019AA20460DF0AFFF9DF8EB
:1019F000CF004108C9063CD520F03E00BDF90C20BF
:101A00001E308DF8CF00B4F91430109919448A4271
:101A100003D120F008008DF8CF00B4F918200F98FA
:101A2000BDF91010101A814205D19DF8CF0020F0A9
:101A300010008DF8CF00B4F916204B98BDF90E10A8
:101A40001044814205D19DF8CF0020F004008DF8AC
:101A5000CF00B4F91A204A98BDF91210101A814229
:101A600007D19DF8CF008108490061F345008DF84A
:101A7000CF00BDF812205FEA8863BDF90E00A2EB2B
:101A8000000101F101010FFA81FB08D5E16A31F88B
:101A90001510490503D5A0EB0B00ADF80E005398C7
:101AA00003AA2BA90CF04EF8606ABDF95830119AC0
:101AB00050F826004C90BDF82001BDF81CC1BDF9BE
:101AC0005610A0EB0C009DF861C0401CCDF808C07A
:101AD00000B2CDE900104C9954A818F053FBBDF8A2
:101AE0001010BDF80C00BDF95031091A491C09B29B
:101AF000C91A01EBD17100EB6100ADF80C00BDF823
:101B000012101844BDF80E20891A491C0FFA81FCE6
:101B1000BDF95211ADF810005FEA8863ACEB010C1F
:101B20000CEBDC7C02EB6C0212B2ADF80E2011441F
:101B300009B2ADF812100ED5E06A30F81500400574
:101B400009D50BEBDB70A2EB6002ADF80E20A1EB28
:101B50006000ADF812004C9B03AA539811A9CDF870
:101B600000900AF087FF1B21204619AA0DF0EEFE17
:101B70006D1C761CADB2B6B2208EA8423FF6A5AE63
:101B8000608C20F00800608455B0BDE8F08F000044
:101B9000146503900A0000002DE9F04FA9B0054636
:101BA0000DF0CFFE044628460DF093FE00211E9056
:101BB000204613F001FA002105461222204613F0B8
:101BC000FAFB28440FFA80FB20460021132213F071
:101BD000F2FB28440FFA80FA2046002113F0CDFBD7
:101BE00028440FFA80F915A80BF0E8F915AA204649
:101BF0004FF4003113F0E0FEA06A08B1099009E04B
:101C0000802010F0D9FE80220546014620460DF0C6
:101C100025FC0995002794F83C0000F00F000128EE
:101C200000D1012720460021162213F0C4FBC0B2C8
:101C3000012800D10127E06A002869D00FF0DCF903
:101C4000022880460ED0E06A69460EF05FFF012848
:101C50001CD04FF0FF363546EFB1A28A711E02EB61
:101C60000B001DE09DF8712041F6FF71BDF9660083
:101C70008DE80700BDF9683020A8E16A159A18F0D0
:101C800081FABDF98060BDF98250E5E70098450D05
:101C9000C0F38A26E0E7228B711EA2EB0A00801BAC
:101CA000ADF81800B8F1020F0144ADF81C105FD078
:101CB000204612F004FC401BE18A00EBD07001EBDF
:101CC0006000ADF81A00691E0844ADF81E001FA898
:101CD0000AF0B6FE4FF4003820461FAA414613F022
:101CE00017FE06EBD67041466E224010ADF880001C
:101CF00005EBD5704010ADF88200204613F05BFB79
:101D0000ADF87C0006AAE36A1FA91E980AF064FEDB
:101D10000DA80BF053F9002120460DAA13F04CFE3C
:101D20009DF8512041F6FF71BDF946008DE807008E
:101D3000BDF9483008A80D9A099918F023FAE18AEC
:101D400001EB0900ADF80E00BDF822100844ADF813
:101D50001200E06AF0B15FB3228BBDF82010A2EB55
:101D60000A00401AADF80C000144ADF8101029E04B
:101D7000E28A6D1E0021009102EB0900ADF81A0005
:101D80004219ADF81E20E36A06AA1E9815A90AF0AA
:101D900071FEBDE7204613F0E1FCBDF92010A28AD8
:101DA000401A00EBD07002EB6000ADF80C0006E0CA
:101DB000A18A01EB0B00ADF80C00BDF8201008441F
:101DC000ADF8100000200090099B03AA1E980DA9F1
:101DD0000AF050FEA06A002802D1099810F038FEDF
:101DE00029B0BDE8F08F2DE9F04796B005460DF01B
:101DF000A8FD044628460DF06CFD03A906462046C2
:101E000012F0C2FA94F848000025C10600D5012559
:101E1000800601D545F002052046002113F0D9FBCC
:101E2000A0F51C51D13904D1608C000501D445F0D6
:101E300004050BA80BF0C2F8B4F844000021ADF87B
:101E400042000BAAB4F84600ADF8440020468DF8D5
:101E5000495013F0B1FD9DF848004FF0010808B952
:101E60008DF84880E06B0C904FF6FF70216C0D915F
:101E70000C9981421ED00D9981421BD04FF48029CC
:101E8000274655224946204613F095FA0246494610
:101E90003846F9F794F900902022BDF80000494631
:101EA000ADF83A00204613F086FA0090BDF8000025
:101EB000ADF83C0041F6FF7A94F8480000F00700C6
:101EC000022801D003281ED19DF84800022801D025
:101ED000032818D1BDF93E1005A8CDE9001A0295D6
:101EE000BDF94030616A0B9A18F04CF9BDF810004A
:101EF000BDF80C20BDF91410801A401C00B28842B5
:101F000001DA8DF8488004F1300794F8480000F0B9
:101F10000700032809D0BDF81200BDF80E10401AC2
:101F2000401C00B2B0F5806F00DA0027B26803A948
:101F300013A8F7F796FF00287DD094F848004007D3
:101F40000BD1204612F04EFC404202B2002103A801
:101F500008F0CCF8608BADF812000DF14C0994F844
:101F6000480000F00700022813D0032811D0009782
:101F700003AA636A0BA930460AF07CFDB068C6F874
:101F80000890804694F8480000F0070003280FD01E
:101F90005FE0D6F8088003AAC6F808900BA900975E
:101FA0003046636A0AF066FD4046C6F80880E6E7F8
:101FB000BDF93E1009A8CDE9001A0295BDF94030DF
:101FC000616A0B9A18F0DEF8BDF81000BDF80C201D
:101FD000BDF92410801A401C00B2884219DA202270
:101FE0000B9811460DF0CAFDB4F8441000EB400008
:101FF000BDF8242011440844ADF84200B4F846006E
:1020000003AAADF844000BA900973046636A0AF0B2
:1020100031FDBDF81210BDF80E20BDF92600891A59
:10202000491C09B2814214DAB4F84410ADF84210E8
:102030000B99098900E00EE0B4F84620009710449F
:102040000844ADF84400636A03AA0BA930460AF0BD
:1020500011FDC6F8088016B0BDE8F0872DE9F04301
:1020600093B007460DF02FFC054638460DF069FC8D
:10207000152D04464FF480267ED0182D7DD138468C
:102080000DF027FC054603A80AF098FF03AA314685
:10209000204613F091FC0EA9204605F0D7F9A96857
:1020A0000EAA10A8F7F7DDFE002866D0204604F03F
:1020B00034FF81460FF0B4FD28B19DF8290040F0AF
:1020C00001008DF82900204613F048FB06464846DB
:1020D0000FF0ABFD0146BDF91E0002220292CDE9D0
:1020E0000006BDF920300BA8039A18F04BF82046E3
:1020F00012F0E5F9B4F9161000EBD076B9F9160034
:1021000001EB6601471A484612F0D9F9B90391FB71
:10211000F0F70021204613F0E1F90399B0F9080027
:10212000B1F90810081ABDF82E1000EBD07040105D
:10213000091A09B2ADF82E10E28A794302EB660261
:1021400002EBA1310F1A2046002112F03BFF0021C3
:1021500080461222204613F02EF900210646132253
:10216000204613F028F9A18A06EB08021144ADF8C5
:102170003010ADF8327001E023E01FE0218B081A27
:10218000A0EB0800ADF83400BDF82E003844ADF8DF
:1021900036009DF8290040F002008DF82900AC6857
:1021A00010A8A86048460FF040FD034600200090AC
:1021B0000CAA284603A90AF05DFCAC6013B0BDE888
:1021C000F08338460DF085FB0EA90546204605F044
:1021D0003DF968460BF0CAFC6A463146204613F0CA
:1021E00099FC0EAA694628460BF0ACFCE6E72DE9FF
:1021F000F043ABB005460DF0A4FB044628460DF0B5
:1022000068FB00218146204613F015F8002107469F
:10221000204613F05EF800210646204613F0B9F878
:1022200000210546204612F0A0FFE38A0146B4F8DB
:1022300014C0ADF80E302B44228B6744ADF810204B
:10224000608B921BADF80C70401AADF81020ADF801
:102250000E30ADF8120008A80BF088FC08AA204642
:102260004FF4003113F056FC03AA484608A90BF0BE
:1022700069FC204612F023F9A18A0546208B411AF9
:10228000606A491C4A1B16B2411C06D07043C11734
:1022900000EB116040F30F2708E0204612F00AFE21
:1022A00010F0010F01D0374600E000272046002142
:1022B000162213F080F8C0B2012801D1F01B07B23A
:1022C000A08A4FF440363844ADF800004119ADF80B
:1022D0000410E08A3146ADF80200608BADF80600CC
:1022E000204612F0A8FF07463146204612F0F1FFC3
:1022F00080463146204613F04CF8054631462046CC
:1023000012F033FF0146BDF80000BDF80420C01BE9
:10231000ADF8000002EB0800ADF80400BDF80200C3
:10232000401BADF80200BDF806000844ADF80600F9
:1023300016A80BF01BFC16AA3146204613F0EAFB48
:1023400016A96A4648460BF0FDFB2BB0BDE8F083AA
:102350002DE9F04FE1B005460DF0F3FA04462846AA
:102360000DF0B7FA826804F11401824633A8F7F73A
:1023700078FD00287ED0DAF8080000210F9033A8FD
:102380003222CAF80800204613F015F800B2569021
:102390000021204613F003F800215A90204612F045
:1023A000EAFE00215C90204612F04BFF002159907C
:1023B000204612F094FF58900026218C219126840B
:1023C000608C40F00800608435A80BF0CFFB4FF420
:1023D000A025204635AA294613F09CFB11A80AF037
:1023E000EDFD11AA2946204613F0E6FA21990027AF
:1023F0002184608C20F008012046618412F000FAEC
:10240000E28A01465A981044411A56980844401EE0
:10241000ADF81200204612F0ECF90021579020464A
:1024200012F091FD012800D000205146834643A8B8
:1024300011F0B2FD4FF000094FF4A0215091F04986
:1024400022A8479019A8CDE944194890CDE100BFD2
:10245000E26ABDF81200401C32F9191000B25D9119
:10246000491EADF80E000144ADF81210BDF9D210AE
:10247000884200E0C0E16EDCBBF1000F0AD0218B86
:102480005898091A5798091A5698081A401EADF814
:102490000C0009E0A18A599801445798091A5698E6
:1024A0000844401EADF81000002596E1A06A002106
:1024B00050F82700029108B100780290BBF1000F9C
:1024C0000CD0BDF80C00401EADF81000216B31F8A7
:1024D0001510401A401CADF80C000BE0BDF81000C0
:1024E000401CADF80C00216B31F815100844401E5B
:1024F000ADF8100000261DE0A06AB91950F82100BF
:10250000E8B10078C0071AD0AA19216B022303EBA7
:102510004200BBF1000F085E05D0BDF80C10081A90
:10252000ADF80C0004E0BDF810100844ADF8100040
:10253000761CB6B2A18C7019491E8842DCDBBDF94D
:102540001200BDF9CE10884206DAB819A919401C4C
:1025500087B288B23FE14CE1BDF90C808646BDF9F7
:102560000E20ADF8C480ADF8C620BDF91010ADF84E
:10257000C810ADF8CA009DF8F700C0F34400430747
:102580000DD5B4F914C0599B6344984507DDBDF9D6
:10259000F43003EBD373A8EB6303ADF8C4308307C7
:1025A0000DD5B4F916C05A9B63449A4207DDBDF9B4
:1025B000F43003EBD373A2EB6302ADF8C62002073D
:1025C00011D5B4F91830589A9A1A521E91420ADA63
:1025D000BDF9F42002F0010302EBD27203EB6202B8
:1025E0001144ADF8C810C00712D0B4F91A105C98A5
:1025F000091A491E8E450BDABDF9F40000F00101FD
:1026000000EBD07001EB600101EB0E00ADF8CA00E9
:10261000E28E00204A457CD1A18EA94279D1218C3D
:102620004A0602D48A0600D520208A0701D540F048
:1026300002004A0701D540F00400090701D540F027
:102640000800002865D0628C208422A842F008018E
:1026500061840BF08BFA19A80AF0B0FC4FF4A028A3
:10266000204622AA414613F055FA19AA41462046AF
:1026700013F0A2F9628C2198208422F00801618471
:1026800031A8469043AAA18C09FB01501A21519010
:1026900020460DF05BF931AA504622A90BF052FA00
:1026A000A06A50F8270000287ED04FF4A0282046CA
:1026B000414612F0C6FD41460090204612F00FFE42
:1026C00041460190204612F06AFE41460D90204698
:1026D00012F051FD01460298BDF80C30BDF80EC055
:1026E000C0F340025E92009A002013445E9A0FFAF3
:1026F00083F8BDF81030002A019AADF82880A3EBCA
:10270000020213B20D9AADF82C306244ADF82A20C3
:1027100000E01DE0BDF81220A2EB0101ADF82E1083
:1027200000D00220BDF97620A3EB08010092491CDD
:1027300009B2CDE90110A06ABDF97830119A50F8BC
:1027400027105BA8083117F01DFD5E9858B11FE0F7
:10275000382235A922A810F0C9F9202211A919A8F8
:1027600010F0C4F98CE75D98BDF96E21BDF80E102C
:1027700000EBD07302EBD27001EB630CACEB6002A8
:10278000ADF82A205A1002EB60000844ADF82E0084
:1027900003AA33A95FA8F7F764FB28B15FAACAF8B8
:1027A00008200020009000E00BE0A06A0AAA19A906
:1027B00050F82730504608330AF05CF933A9CAF8BC
:1027C00008101B21204643AA0DF0C0F8A819B9191A
:1027D000491C80B28FB2401C85B2A08CA8423FF643
:1027E00065AE09F101001FFA80F9E18C49453FF619
:1027F0002FAE0F98CAF8080061B0BDE8F08F000056
:10280000486603902DE9F74F91888046044610886A
:10281000A8B0091A491C09B201EBD1714E1030441D
:10282000ADF8200050883044ADF8220021A80AF00D
:1028300056FC4FF4A025404621AA294613F00CF976
:1028400002A80AF0FDF802AA2946404613F060F8F3
:102850000021404612F010FC299983460EA811F081
:102860009BFB63494FF400301B9008AF04F130002C
:1028700017970F912490F8F7ADFBB2E025681F94ED
:102880002079012801D0A0B3A7E0E88BB5F920306A
:1028900018440090E068D5E9051210F041F8A98BC2
:1028A00000B2628A814611448D1917F0A1FB10FB1A
:1028B00005F047F6FF7ABDF8222090FBFAF01044AD
:1028C000ADF89A00484617F08FFB10FB05F0BDF8F5
:1028D000202090FBFAF01044ADF89800A08AADF8E3
:1028E0008400208AADF886006079FD2802D9584618
:1028F00003E017E010FB0BF0000A8DF88C0021A814
:10290000149026A8012110911A21CDE917700EAA62
:1029100040460DF01BF8179A26AB299821A90AF01A
:10292000D1FB55E02069E0B3E88BB5F920301844BD
:102930000090E068D5E905120FF0F2FF27A9814663
:1029400020690EF0E3F8BDF820004FF0FF33A18AB4
:10295000411AADF82410BDF82200E28A801AADF8C1
:102960002600279AC2F38A256D1E03EB5252294492
:10297000ADF828101044ADF82A006079FD2801D97F
:10298000584602E010FB0BF0000A8DF8130009EB2B
:102990008900A18AADF80C104000E18AB0F5616FA2
:1029A00000E01AE0ADF80E1001DDA0F56160ADF8B1
:1029B00008000221109102A815901A2140460EAA83
:1029C0000CF0C4FF236909AA299802A90AF004F8A7
:1029D0001B2140460EAA0CF0B9FF24982146F8F7B7
:1029E000F6FA04007FF44AAF2BB0BDE8F08F000088
:1029F000B82B039070B5054691F82A0088B00C46B4
:102A000002285FD9E08C00285CD004A8114607F0AA
:102A1000DEFA208DBDF81010401E091AADF8101016
:102A2000BDF81210091AADF81210BDF814100144C7
:102A3000ADF81410BDF816100844ADF8160004A93E
:102A400006A807F0C4FABDF81810E08CBDF81060B5
:102A5000091AADF81810BDF81C10BDF81230084462
:102A6000ADF81C00BDF81A00E18C401AADF81A0050
:102A7000BDF81E00E18C0844ADF81E00BDF814003E
:102A8000BDF81610801BB4F90020C91A401C491C5F
:102A900000B209B2884200DA0146B2EB610F00DDF4
:102AA0004A10A178E38C94F82A001344CDE902017E
:102AB000A08C1BB206A9ADF804002846009204AA17
:102AC000FCF7EEFA08B070BDF8B504460CF039FF1B
:102AD000064620460CF033FF0446406BB0F5A02FAD
:102AE00051D1A06B0025072805D22069C570206947
:102AF00080F8225012E081B23046402208F024F8DB
:102B000060B12069C570206980F82250122014F04D
:102B10008FFC00906069BDF8001081814FF4004285
:102B2000208F81B2304608F00FF898B121696620F5
:102B3000C870304616F0F2FF00902069BDF8001012
:102B40008180304607F0FEFFA16B884202D12169E7
:102B5000B220C8704FF48042208F81B2304607F017
:102B6000F3FF00280FD02169FF2081F822003046B2
:102B700016F0D4FF00902069BDF80010C1832169D0
:102B8000088C401C0884F8BD2DE9F0418CB0054646
:102B90000CF0D7FE044628460CF09BFE8046606A87
:102BA0000FF043F8007800283BD1A06A002838D005
:102BB0000078002835D001A80AF000FA01AA2046C2
:102BC0004FF4002112F0F8FE94F86000000705D5DC
:102BD0009DF8210040F002008DF8210000212046E0
:102BE00012F035FB00210746204612F0DEFB0021E3
:102BF0000646204612F0ECF904F11401054609A836
:102C000007F012FA701902B2791909B209A807F08F
:102C10006DFA00200090A36A09AA01A9404609F0B4
:102C200029FF0CB0BDE8F0817CB5044680696D4693
:102C300061898668A08961B100287DD0814203D175
:102C40002289E3889A4278D3022977D0032976D063
:102C5000CCE0E0BBE0882189884239D2B4F9060093
:102C600017F0C6F9B4F90410B4F90E202368891AD4
:102C70004843598801EBE030ADF80200E0885A3053
:102C800000B217F0B5F9A188226810FB01F0118895
:102C900001EBE030ADF80400B4F9080017F0A8F932
:102CA000A188226810FB01F0518801EBE030ADF8FB
:102CB000060020895A3000B217F09AF9B4F90410CE
:102CC000B4F90E202368891A4843198860E0FFE7A9
:102CD00020680088ADF800002068A188408808447A
:102CE000ADF80600B4F9060017F082F9B4F9041043
:102CF000B4F90E202368891A4843598801EBE03063
:102D0000ADF80200E0885A3000B217F071F9A188DE
:102D1000226810FB01F01188324601EBE030694671
:102D2000ADF804000846F7F79CF858B1A069856033
:102D30002169D4E9052003E006E034E031E02EE02B
:102D40000AF000FFA089E8BB2068A1880088084439
:102D5000ADF8040020684088ADF80200B4F908001E
:102D600017F046F9A188226810FB01F0518801EBA9
:102D7000E030ADF8060020895A3000B217F038F97B
:102D8000B4F90410B4F90E302268C91A4843118806
:102D9000324601EBE0306946ADF800001BE0022846
:102DA00001D0012822D120680088ADF800002068F9
:102DB0004088ADF802002068A18800880844ADF87A
:102DC000040000E012E020683246A18840880844F0
:102DD0002946ADF806000846F7F743F830B1A06978
:102DE00085602169D4E905200AF0ACFEA0698660FF
:102DF0007CBD7CB5044680696D4661898668A08982
:102E000001290CD0012867D0814203D12289E388AF
:102E10009A427ED300297DD003297CD0B5E00128D9
:102E200022D1E088218988421ED2B4F9060017F029
:102E3000DFF8A188226810FB01F0518801EBE03037
:102E4000ADF80600E0885A3000B217F0D1F8B4F9B6
:102E50000410B4F90E202368891A4843198801EB3D
:102E6000E030ADF8040042E02068A1880088401AF4
:102E7000ADF8000020684088ADF80200B4F9060003
:102E800017F0B6F8A188226810FB01F0518801EB19
:102E9000E030ADF80600E0885A3000B217F0A8F82C
:102EA000B4F90410B4F90E302268C91A48431188E5
:102EB000324601EBE0306946ADF804000846F6F70B
:102EC000D0FF30B1A06985602169D4E905200AF0FE
:102ED00039FEA089012858D120680088401EADF82D
:102EE00004002068A18840880844ADF80600B4F9C1
:102EF000080017F07DF8B4F90410B4F90E20236827
:102F0000891A4843598801EBE030ADF80200208966
:102F100002E018E010E014E05A3000B217F068F850
:102F2000A188226810FB01F01188324601EBE030E5
:102F30006946ADF800001DE0022804D0032802D045
:102F400023E0022821D120683246A1880088401A57
:102F5000ADF8000020684088ADF8020020680088C5
:102F6000401EADF804002068A18840880844294626
:102F7000ADF806000846F6F774FF30B1A069856029
:102F80002169D4E905200AF0DDFDA06986607CBDD9
:102F90007CB5044680696D4661898668A0890229EE
:102FA0000CD002287ED0814203D12289E3889A4244
:102FB00079D3002978D0012977D0D4E002283FD1F5
:102FC000E088218988423BD25A3000B217F010F8CD
:102FD000A188226810FB01F0118801EBE030ADF808
:102FE0000000B4F9060017F003F8B4F90410B4F9BE
:102FF0000E202368891A4843598801EBE030ADF868
:103000000600B4F9080016F0F3FFA188226810FB4F
:1030100001F0518801EBE030ADF8020020895A3010
:1030200000B216F0E5FFB4F90410B4F90E302268CE
:10303000C91A4843118801EBE030ADF8040066E09E
:1030400020680088401EADF804002068A1884088F0
:10305000401AADF80200E0885A3000B216F0C8FFFE
:10306000A188226810FB01F0118801EBE030ADF877
:103070000000B4F9060016F0BBFFB4F90410B4F96F
:103080000E302268C91A48435188324601EBE030BD
:103090006946ADF806000846F6F7E3FE58B1A069A8
:1030A000856003E00AE03BE034E036E02169D4E9E2
:1030B00005200AF047FDA089022854D12068A18884
:1030C0000088401AADF8000020684088401EADF826
:1030D000060020895A3000B216F08AFFB4F90410B5
:1030E000B4F90E302268C91A4843118801EBE03068
:1030F000ADF80400B4F9080016F07AFFA188226840
:1031000010FB01F0518801EBE030ADF802003246CF
:1031100069461DE0032803D025E0032800D010BB3A
:1031200020683246A1880088401AADF80000206867
:10313000A1884088401AADF802002068294600881E
:10314000401EADF8040020684088401EADF806001F
:103150000846F6F786FE30B1A06985602169D4E99A
:1031600005200AF0EFFCA06986607CBD7CB50446B2
:1031700080696D4661898668A08903290ED003287D
:103180007ED0814203D12289E3889A4279D30229F1
:1031900078D0012977D0022976D0CEE003283BD120
:1031A000E0882189884237D25A3000B216F020FFD9
:1031B000B4F90410B4F90E202368891A4843198819
:1031C00001EBE030ADF80000B4F9060016F010FF96
:1031D000A188226810FB01F0518801EBE030ADF8C6
:1031E000020020895A3000B216F002FFA18822683E
:1031F00010FB01F0118801EBE030ADF80400B4F9E8
:10320000080016F0F5FEB4F90410B4F90E20236896
:10321000891A4843598862E02068A18800880844D8
:10322000ADF8040020684088401EADF80600E08834
:103230005A3000B216F0DCFEB4F90410B4F90E30C6
:103240002268C91A4843118801EBE030ADF800004C
:10325000B4F9060016F0CCFEA188226810FB01F03C
:103260005188324601EBE0306946ADF8020008466D
:10327000F6F7F7FD60B1A0698560D4E9052004E0A8
:1032800009E038E032E035E031E021690AF05AFC2B
:10329000A089032851D120680088ADF8000020687B
:1032A000A1884088401AADF8020020895A3000B247
:1032B00016F09EFEA188226810FB01F0118801EB38
:1032C000E030ADF80400B4F9080016F091FEB4F94E
:1032D0000410B4F90E302268C91A484351883246A6
:1032E00001EBE0306946ADF806001BE018B101289B
:1032F00001D022E008BB206832460088ADF800000B
:103300002068A1884088401AADF802002068A18892
:1033100000880844ADF80400206829464088401E13
:10332000ADF806000846F6F79CFD30B1A06985604F
:103330002169D4E905200AF005FCA06986607CBDFE
:1033400070B5A4B00C4620AA054622A911F060FA77
:1033500022A806F090FE20B920A806F08CFE0028D6
:103360003DD012A928461AF0F0FB012837D121469A
:10337000684610F011FE02221A48D103CDE901027D
:1033800012A80D91049022A806F075FE80B122A823
:103390006A461A21039028460CF0D8FA22AA204641
:1033A00012A90AF0CFFB1B216A4628460CF0CEFA80
:1033B00020A806F060FE002811D01A216A4620AE2F
:1033C000284603960CF0C2FA20AA204612A90396BA
:1033D0000AF0B8FB1B216A4628460CF0B7FA24B065
:1033E00070BD0000B02403902DE9F04F8A68B5B09D
:1033F0008B46044600F1140118A8F6F732FD0028A8
:103400007DD0DBF8080018A92F902046CBF80810D3
:10341000002111F0E6FE00210646204611F089FF4A
:103420000746204610F0F8FFB4F88410484340F3F4
:103430000F2220462D9210F0D5FFB4F88610484395
:1034400040F30F20069004F124000790F7F7ADFD3C
:1034500000210546204611F0A0FEB4F884104FF478
:10346000A0282D9A4843B4F882100012C1F101033C
:1034700003FB002090FBF1F001B220460891414689
:1034800011F08BFEB4F88410C5F10102414308121B
:1034900008991A9002FB0010B0FBF5F00FFA80FAC1
:1034A000BAF1010F01DA4FF0010A2046002111F0B4
:1034B0007DFD0546204611F0C9F8301A284400B2B7
:1034C0003090204611F08EF9381A284400B231901D
:1034D0000AA80AF04BFB0AAA45464146204612F0CC
:1034E00019FB9DF83710FF208DF82B0021F0070104
:1034F0008DF83710608BBDF82810084400E097E085
:103500005946ADF80E001BA810F046FD04204A49AC
:103510002895CDE91C10002081E0089A401E2D99C5
:10352000A38A891ACDF8A49001FB09F191FBF0F16F
:1035300030980844184400B232900798F7F74AFDD3
:1035400068E0287BC00761D12946204607F0CDFFFF
:10355000024632981A9BAAF101014618ADF80800FC
:1035600031B2BDF960605344ADF80C10034412B29F
:103570001BB23293B14249DBBDF9641088424BDC87
:103580002B8902EB0901ADF82C30287BB4F882209E
:103590006E68C0F30013B4F816C004EB430091FB4F
:1035A000F2F3B0F9707002FB1312B0F96C1010B2A4
:1035B0007B1A36F91020511A069A514391FBF3F108
:1035C000521A319911446144ADF80A10696831F911
:1035D0001010A1F5FE48B8F1FF0817D002A91E91FE
:1035E0000AA92C951F911BAA696831F910001A21AC
:1035F0002B9020460CF0AAF902AA58460AA90AF014
:10360000A1FA1B2120461BAA0CF0A0F90798294615
:10361000F7F7DDFC050094D109F1010080B2814685
:10362000B4F8820048453FF678AF2F98CBF80800F1
:1036300035B0BDE8F08F0000802603902DE9F04FF3
:103640008A68894600F114010546BFB00F463AA8C2
:10365000F6F707FC00287CD0D9F808A03AA9C9F8E9
:103660000810B5F88200022873D30021284611F013
:103670009DFC00210446284611F0B3FD061928469A
:10368000002111F056FE0444284610F0C5FEB5F89E
:103690008410484340F30F202D90284610F0A2FEDE
:1036A000B5F88610484340F30F28284610F0CEFFA7
:1036B0000146A88A3044401A00B23690284611F0DC
:1036C00091F8E98A2144081A394600B23890D9F8AD
:1036D00008203CA8F6F7C5FB00283AD031A809F02D
:1036E000FEFC31AA28464FF4A02112F0B5F919A822
:1036F0000AF03CFA4FF40034284619AA214612F089
:1037000009FA2146284611F05EFF00EBD0702146F1
:103710004710284611F086FC00EBD0704110BDF92F
:10372000C6008B465F4501DA3A4600E00A4600EBE8
:10373000D071B2EB610F05DD9DF8CD1041F01001A5
:103740008DF8CD10012807D19DF8CD0040F0100074
:1037500000E091E18DF8CD00B5F882102D988142FE
:1037600001DB012000E00020399005F124002A90BF
:10377000F7F730FC7BE1207BC0077DD12089214613
:10378000ADF8C4002089ADF86800284607F0ADFE0A
:10379000369900B2ADF8AC10ADF80C102E90227B2B
:1037A00061682F90C2F30012049031F9103005EBDC
:1037B0004200B0F96C10B0F97020581A511A00FB91
:1037C00008F090FBF1F0A8EB000138980844494656
:1037D000ADF80E0007A810F0DFFB0321A84A4FF454
:1037E000A020149031A80D90189419A8CDE90821B3
:1037F0000B900026BDF90E0027902990F4E000BF41
:10380000BDF90C10781CADF8AC10BDF80E20ADF869
:10381000AE20BAF90420104481427BDC2D9B2E9807
:1038200073438219B5F88200A0F1010C93FBFCFCF4
:10383000369B634492FBF0FC00FB1C2218B2ADF8EF
:103840000C00237B12B2D4F804C00492C3F300131B
:103850003CF9122005EB430CBCF96C30BCF970C08C
:10386000D21AACEB030302FB08F292FBF3F2A8EBD3
:103870000203389A1A4400E0F5E00FFA82FEADF830
:103880000EE0BAF90020D21B521E904245DB002EFA
:1038900043D0399AEAB3626847F6FF73DDF8BCC0DB
:1038A00032F91CC09C4538D0DDF810C032F91C201C
:1038B0009A4232D0299B9E4501DA1A4600E07246B0
:1038C000DDF89CC02992E64501DD624600E07246C3
:1038D0002792814221D0401EADF80C002999ADF805
:1038E000AC00ADF8AE208A42CDF8BCE0ADF80E10C9
:1038F00002D1491CADF80E1003AB48462BAA31A9E2
:1039000009F0E0FBBDF80C102F98491C2790299076
:1039100001E003E06DE0ADF80C1061E0BDF8AC1023
:10392000721ECB1BADF804303944ADF80810BDF859
:10393000AE10A1EB0B03ADF806305944ADF80A10F8
:10394000159262682F9932F91110A1F5FE40FF38E7
:1039500001D02BA900E0002110916268049932F98E
:103960001110A1F5FE40FF3801D003A800E00020AF
:10397000119001A80A90616807AA2F9831F91000E8
:103980001A21179028460BF0E1FF60682F9930F953
:103990001120A2F5FE41FF390CD0049930F9111025
:1039A000A1F5FE40FF3805D003AB48462BAA31A94C
:1039B00009F088FB7FB1BBF1000F0CD062682F9833
:1039C00032F91000A0F5FE41FF3904D001AA4846A3
:1039D00019A90AF0B7F81B21284607AA0BF0B6FF71
:1039E0000498761CB6B22F90B5F88200B0423FF62C
:1039F00007AF3998B8BBB5F88200B04233D16268DE
:103A0000049932F91110A1F5FE40FF382BD0BDF812
:103A10000C00761EBDF80E20C11BADF80410A2EB01
:103A20000B01ADF806103844ADF8080000201090E6
:103A30005A44ADF80A20119001A80A9007AA1596D9
:103A40006168049831F910001A21179028460BF08C
:103A50007DFF01AA484619A90AF074F81B212846DF
:103A600007AA0BF073FF2A982146F7F7B0FA040073
:103A70007FF481AEC9F808A03FB0BDE8F08F000028
:103A8000802603902DE9F04F8A68B9B08A46054632
:103A900000F1140137A8F6F7E4F900287AD0DAF833
:103AA000080037A934902846CAF80810002111F000
:103AB0007DFA00210446284611F093FB00210646BA
:103AC000284611F036FC0746284610F0A5FCB5F84C
:103AD0008410484340F30F203390284610F082FCB6
:103AE000B5F88610484340F30F201890284610F090
:103AF000ADFDA98A32191144081A00B20490284673
:103B000010F070FEE98A3A191144081A00B21B90AD
:103B10002EA809F0E4FA2EAA28464FF4A02111F0AD
:103B20009BFF1FA80AF022F84FF4003428461FAA72
:103B3000214611F0EFFF2146284611F044FD00EB2D
:103B4000D07021464FEA6009284611F06BFA00EB6D
:103B5000D0704A464110BDF9BA008846C14500DB25
:103B60000A4600EBD071B2EB610F05DD9DF8C11084
:103B700041F010018DF8C110012805D19DF8C10058
:103B800040F010008DF8C10005F124001C90F7F7FB
:103B900021FA3CE141E1207BC0077DD1208921460B
:103BA000ADF8B8002089ADF88000284607F09DFCEC
:103BB00001460498ADF8D8000EB2ADF86800B346DF
:103BC0001D96606830F816000A282AD03398002322
:103BD0000090217B2068C1F3C00205EB420130F95F
:103BE0001600B1F97820B1F974100EF099FE04991D
:103BF0000023189A0844ADF868000092207B6268A0
:103C0000C0F3001105EB410132F91600B1F9702043
:103C1000B1F96C100EF084FE1899081A1B9908442B
:103C200002E07F48ADF868005146ADF86A0006A88A
:103C300010F0B2F903214FF4A02013907948002727
:103C4000CDE907012EA80C901FA817940A909EE0BA
:103C50001D98BDF86810C319BDF86A00ADF8D810FA
:103C6000ADF8DA00B5F88260606893FBF6F206FB07
:103C7000123216B230F91600A0F5FE41FF3968D0B5
:103C800018990091217BC1F3001205EB4201B1F9B3
:103C90007020B1F96C1000E0B5E000230EF040FE9A
:103CA000189A00233399101A1B9A00911044ADF80A
:103CB0006A00207B2268C0F3C00105EB410132F9A4
:103CC0001600B1F97820B1F974100EF029FE0499AC
:103CD0000844ADF86800E7B3BDF8D820791EA2EB20
:103CE0000903ADF800304A44ADF80420BDF8DA20ED
:103CF000A2EB0803ADF802304244ADF8062014915F
:103D0000626832F91B10A1F5FE40FF3801D036A9D8
:103D100000E000210F91616831F91610A1F5FE4015
:103D2000FF3801D01AA800E000201090CDF824D070
:103D300006AA616831F91B001A21169028460BF07B
:103D400005FE616847F6FF7231F91B00904216D0FC
:103D500000E019E031F91600904210D01AAB50463D
:103D600036AA2EA909F0AEF9B9F1000F07D0B8F1C3
:103D7000000F04D01FA96A46504609F0E3FE1B213C
:103D8000284606AA0BF0E2FD7F1CB346BFB2B5F889
:103D90008200B8423FF65CAFB5F88200B84232D13B
:103DA000616831F91610A1F5FE40FF382BD0BDF83F
:103DB00068007F1ECDF824D0A0EB0901ADF80010FB
:103DC0004844ADF80400BDF86A000021A0EB0802E9
:103DD000ADF802204044ADF806000F9106AA1497F2
:103DE00010911A21606830F91600169028460BF0E1
:103DF000ADFD1FA96A46504609F0A4FE1B212846C6
:103E000006AA0BF0A3FD1C982146F7F7E0F8040082
:103E10007FF4C1AE3498CAF8080039B0BDE8F08F1D
:103E200001E0FFFF802603902DE9F74FB1F92E0046
:103E3000ACB014460D46002872D095F83610022911
:103E40006ED9012808D1B5F93400002804DC288E89
:103E500010B9688E0028EFD02288288EA98E0244DF
:103E6000521AADF82420A38818440844ADF828005D
:103E700061886B8EAE8E1944891BADF82610E388DD
:103E80006E8EAF8E33443B44ADF82A30B5F92E60C8
:103E900006EBD676A2EB6602521EADF85C2001223C
:103EA00002EB66063044ADF86000B5F92E0000EB79
:103EB000D070A1EB6000401EADF85E00B5F92E0099
:103EC00000EBD07002EB60001844ADF8620095F88A
:103ED00036001490FD2801D9FF2014902C9817A9C2
:103EE00082682AA8F5F7BDFF0028A5D012A82146B0
:103EF00006F06DF84FF0FF3712A839463A4606F043
:103F0000E7F8B5F9009012A806F0D0F8044612A818
:103F100006F093F8844212A803DA06F0C7F802E02C
:103F2000FDE306F08AF8B9EB600F01DD4FEA6009A6
:103F3000B5F9006009A806F0B9F8044609A806F02A
:103F40007CF8844209A802DA06F0B0F801E006F035
:103F500074F8B6EB600F00DD4610B5F92E00841939
:103F600004FB04F040000EF027FD03903346B5F942
:103F70002E20014609A819F055FF17A809F0B6FA36
:103F80004FF0010620B9E878FF2801D3A87860B186
:103F900000264A46012312A924A809F013FD002196
:103FA00024A809F0BBF8209000E0209717A806F09D
:103FB0007DF80EF001FD1C21834619A80EF058FE75
:103FC00022A81990CDF870B01E90A88DADF86C00A5
:103FD00095F836008DF87C00A8788DF87D00BDF846
:103FE0006000BDF85C10ADF88C00421A521C12B291
:103FF00002EBD27201EB6201BDF862200FFA81FA86
:10400000BDF85E10521A521C12B202EBD27201EBD2
:10401000620217B2021B601E16900B18521C10B2DF
:10402000ADF888001AB2ADF88A1050455146ADF887
:104030008E2000DC0846ADF88800BA4200DB3A4624
:104040002C98ADF88E2022A9826805A8F5F709FF03
:10405000F0B312A94A4605A8F5F72CFFC0BBBDF97D
:104060001620BDF95E300398A2EB0302BDF818805C
:10407000BDF9141002FB0400BDF960C0A8EB0102F9
:1040800002F10102ACEB0403A1EB0301084411B2FD
:104090000C91A0F10100159046B112A94A4605A85D
:1040A000F5F778FF10B10120019000E001960C981F
:1040B000002828DDBDF814100220ADF88810BDF8E6
:1040C0001810CDF870B0ADF88C108DF8740000E0C9
:1040D00019E0BDF9160011E00198ADF88A80ADF83D
:1040E0008E8078B315981C9019A92C980AF072F854
:1040F000159908F1010000B221441591BDF91A107B
:1041000080464145E8DABDF86000ADF88C00011B3F
:10411000491C08B2ADF88800BDF862205045ADF8E2
:104120008E20A2EB040101F1010109B2ADF88A1061
:1041300000DC5046ADF888007A1C0292914216DDF0
:10414000084615E0FFE71599224658460EF0CEFCCA
:10415000BDF9141042460C9B584609F089F9012814
:104160008DF87400C0D102208DF87400BCE7781C73
:10417000ADF88A002C9822A9826805A8F5F771FE8F
:10418000F0B312A94A4605A8F5F794FEC0BBBDF9E5
:104190008E20BDF91A300398A2EB0302BDF81880F7
:1041A000BDF9141002FB0400BDF960C0A8EB0102C8
:1041B00002F10102ACEB0403A1EB0301084411B2CC
:1041C0000C91A0F10100159046B112A94A4605A82C
:1041D000F5F7E0FE10B10120019000E001960C9887
:1041E000002828DDBDF814100220ADF88810BDF8B5
:1041F0001810CDF870B0ADF88C108DF8740000E098
:1042000019E0BDF91A0011E00198ADF88A80ADF807
:104210008E80B0B315981C9019A92C9809F0DAFF7C
:104220001599A8F1010000B221441591BDF91610AD
:1042300080464145E8DDBDF85C0016992044ADF8A4
:104240008800BDF86000001BADF88C00BDF85E0072
:10425000ADF88A00014408B2ADF88E00B84200DB28
:104260003846ADF88E002C9822A9826805A8F5F78B
:10427000F8FDC8B312A94A4605A8F5F71BFEA8B178
:1042800080E0FFE71599224658460EF02FFCBDF955
:10429000141042460C9B584609F0EAF801288DF8A4
:1042A0007400B9D102208DF87400B5E7BDF818107C
:1042B000BDF81420BDF91630BDF98AC0A1EB02018A
:1042C000039801F10101A3EB0C0202FB040015901D
:1042D00008B20C904EB112A94A4605A8F5F75AFE4D
:1042E00018B10120019001E04CE001960C980028E3
:1042F00048DD019868B10020CDF87000BDF81400C9
:10430000ADF88800BDF81800ADF88C00BDF91600B6
:1043100033E0CDF870B0F1E70198ADF88A80ADF8E0
:104320008E8060B11498FF281598007804D095F815
:10433000361010FB01F0000A8DF87C0013E0159890
:104340000C9A017858460EF067FCBDF914104246ED
:104350000C9B584609F08CF801288DF8740002D1A6
:1043600002208DF874002C9819A909F033FF1599D3
:1043700008F1010000B221441591BDF91A108046E0
:104380004145C9DA95F836008DF87C00BDF85C002F
:104390002044ADF88800BDF86000BDF86210001B35
:1043A000ADF88C00081BADF88E100299401C00B2CD
:1043B000ADF88A00884200DC781CADF88A002C98A1
:1043C00022A9826805A8F5F74CFD78B312A94A46E0
:1043D00005A8F5F76FFD48BBBDF81810BDF814200F
:1043E000BDF91AC0891ABDF98E300398491CA3EB98
:1043F0000C0209B2019102FB04000029159051DD65
:104400003EB112A94A4605A8F5F7C4FD00201C904C
:1044100001E0CDF870B0BDF81400ADF88800BDF82B
:104420001800ADF88C00BDF91A0036E03AE000BF84
:10443000ADF88A80ADF88E808EB112A94A4605A8E3
:10444000F5F7A8FD1498FF281598007804D095F882
:10445000361010FB01F0000A8DF87C0013E015986F
:10446000019A017858460EF0D7FBBDF91410424668
:10447000019B584608F0FCFF01288DF8740002D11A
:1044800002208DF874002C9819A909F0A3FE159943
:10449000A8F1010000B221441591BDF91610804623
:1044A0004145C5DD95F836008DF87C00BDF860000B
:1044B000ADF88C00011BBDF85E00491C029B0AB2DE
:1044C000ADF88820204400B2ADF88A00BDF8621033
:1044D000091B09B2ADF88E10984200DB781CADF8CC
:1044E0008A00B94200DC394650465245ADF88E107C
:1044F00000DC0246ADF888202C9822A9826805A825
:10450000F5F7AFFCB8B312A94A4605A8F5F7D2FCF7
:1045100088BB169DBDF96030BDF81820BDF9141098
:104520001B1B0398521A05FB0400C91A0844521CAD
:1045300011B20C91A0F101001590EEB112A94A46FA
:1045400005A8F5F727FD10B14FF0010800E0B046CF
:1045500015990C981C91002836DDBDF81410022026
:10456000ADF88810BDF81810ADF88C10BDF91650D4
:104570008DF8740024E027E05946B046E9E700BF13
:10458000B8F1000FADF88A50ADF88E5012D10C9AE8
:10459000584615990EF0AAFABDF914102A460C9B3C
:1045A000584608F065FF01288DF8740002D10220FA
:1045B0008DF874002C9819A909F00CFE6D1C2DB211
:1045C000BDF91A00A842DBDA0398002116E00219AF
:1045D0000146501E002304EBD47508E090F80080DB
:1045E0005B1C91F800C001F8018B00F801C9B3EB26
:1045F000650FF3DB0EF10101104609B2A1428E46B0
:10460000E5DBBDF85C001699ADF888000144BDF803
:104610005E00029A09B22044ADF88C1000B2ADF8E9
:104620008A009042BDF86220A2EB040212B2ADF8FB
:104630008E2000DB781CADF88A00BA4200DC3A46D6
:10464000ADF88E20AAF101001190814200DB0146F5
:104650002C98ADF88C1022A9826805A8F5F701FC0A
:10466000B8B312A94A4605A8F5F724FC88BB169DE5
:10467000BDF81820BDF914100398BDF98830A2EBDD
:10468000010205FB0400A1EB03010844159002F1AF
:10469000010210B21490EEB112A94A4605A8F5F72E
:1046A00079FC10B14FF0010800E0B046159914985C
:1046B0001C91002838DDBDF814100220ADF88810D8
:1046C000BDF81810ADF88C10BDF916508DF87400B7
:1046D00024E029E05946B046E9E700BFB8F1000FF1
:1046E000ADF88A50ADF88E5012D1DDE9142158464C
:1046F0000EF0FCF9BDF914102A46149B584608F038
:10470000B7FE01288DF8740002D102208DF87400E4
:104710002C9819A909F05EFD6D1C2DB200E07BE11B
:10472000BDF91A00A842D9DABDF85C001699ADF8B7
:1047300088000144169A08B21199ADF88C0088429D
:10474000BDF85E10ADF88A100A4411B2ADF88E10B3
:1047500001DBAAF10100ADF88C00B94200DB39465B
:104760002C98ADF88E1022A9826805A8F5F779FB80
:10477000E0B312A94A4605A8F5F79CFBB0BBBDF90A
:104780001630BDF98A50BDF81820BDF91410A3EBFE
:1047900005030398BDF988C0A2EB010203FB0400E6
:1047A000A1EB0C0101EB000802F1010210B20C9028
:1047B00046B112A94A4605A8F5F7ECFB10B1012055
:1047C000019000E001960C98CDF870B0002821DD32
:1047D000BDF814100220ADF88810BDF81810ADF81F
:1047E0008C10BDF916508DF874000FE012E001989E
:1047F000ADF88A50ADF88E50C8B3CDF8708019A9C5
:104800002C9809F0E7FC6D1C2DB2A044BDF91A00EC
:10481000A842ECDABDF85C001699ADF88800BDF846
:104820006220014409B2ADF88C10101BADF88E2047
:10483000029A401C00B2ADF88A00904200DC781C5D
:10484000119AADF88A00914201DBAAF101012C987E
:10485000ADF88C1022A9826805A8F5F702FBE0B339
:1048600012A94A4605A8F5F725FBA8B161E0FFE7C4
:104870002246414658460EF039F9BDF914102A4631
:104880000C9B584608F0F4FD01288DF87400B6D151
:1048900002208DF87400B2E7BDF98E50BDF91A7090
:1048A000BDF81820BDF91410A5EB07050398A2EB7D
:1048B0000102BDF9883005FB0400A1EB030102F100
:1048C00001020FFA82FA01EB000756B112A94A461B
:1048D00005A8F5F75FFB20B100E02AE04FF00108E2
:1048E00000E0B046CDF870B0BAF1000F21DDBDF8A0
:1048F00014100220ADF88810BDF81810BDF91A5038
:10490000ADF88C108DF874000FE000BFB8F1000F07
:10491000ADF88A50ADF88E502FD01C9719A92C985D
:1049200009F058FC6D1E2DB22744BDF91600A842AF
:10493000ECDDBDF85C0022A92044ADF88800BDF88C
:104940006000001BADF88C00BDF85E00CDF870B0C3
:104950002044ADF88A00BDF86200001BADF88E005F
:104960002C98826805A8F5F77CFAE8B312A94A46A4
:1049700005A8F5F79FFAA0B141E02246394658460E
:104980000EF0B4F8BDF9141053462A46584608F004
:104990006FFD01288DF87400C0D102208DF87400DD
:1049A000BCE7BDF91800BDF91410421A521C15B22B
:1049B000002D24DDADF88C00BDF91640ADF888104F
:1049C00019E000BF29465846ADF88A40ADF88E4040
:1049D0000EF076F9BDF914102B462246584608F021
:1049E00047FD8DF8740000E009E02C9819A909F042
:1049F000F1FB641C24B2BDF91A00A042E2DA2EB920
:104A000024A808F057FD209809F08AF803980EF0C2
:104A10001FF858460EF01CF82FB0BDE8F08F0000CC
:104A20002DE9F74FD8B058984E909088B2F90030E1
:104A3000D4885188C01A401C611A00B2491C09B2BE
:104A400000EBD07001EBD1714010B0EB610F00DBD7
:104A5000481040901844ADF8100051884098084420
:104A6000ADF8120005A808F03AFB4FF4C02458989E
:104A700005AA214610F0F0FF9DF81D0040F010003F
:104A80008DF81D0026A808F099FA589826AA214604
:104A900010F092FF59990BA80FF07EFA0321D64827
:104AA0001894CDE90C0105A811904E98243041903E
:104AB000F6F790FA99E11C94409EA088A289BDF86F
:104AC0001010301AB31A0D1AADF80C510A18ADF8BF
:104AD000102119B20A91BDF8121047F6FF752A4647
:104AE0000B1AADF80E310844ADF81201012343A9A9
:104AF00034A808F067FFBDF810000A99421AADF813
:104B00002821491E0A9A4318BDF81200ADF82C312D
:104B10000123821AADF82A2108442A464AA9ADF891
:104B20002E013AA808F04EFFBDF81010701E8B1B26
:104B3000ADF83C310A18BDF81210ADF840212A46F4
:104B40008B1BADF83E310844ADF8420100234FA95C
:104B50002EA808F037FF00212EA808F0DFFA4790B2
:104B6000608908B1401E01E04FF6FF7000278146C2
:104B700027E1618909F101094FF0000B494502D194
:104B8000D9464FF0010BA069002100903846628899
:104B90006369521E0DF0C4FEBBF1000F82461B90EC
:104BA00004D0A06800904290E08903E02068009063
:104BB0004290E08800B2519080464E9830301E906E
:104BC000F6F708FA3FE02879022838D1A96851455C
:104BD00035DCEA68524532DB288A6B8AB5F814C0A6
:104BE00040440FFA80F8634503D1688AADF80000AD
:104BF00025E0A87D4FF00003C0074FF0FF000090B4
:104C0000504601D1D4E905120DF08AFEAB8AC2B23A
:104C1000688A121D79499BB280B243EA034340EA95
:104C2000004008400B40D2081B1A534300EB5310BE
:104C3000084040EA1040ADF8000080B200901E9895
:104C40002946F6F7C4F90500BDD107EB8700E28BD2
:104C500061884500B4F92000A1F10101BDF80030E0
:104C60006A4300EB8000ADF8143092FBF1F2BDF91D
:104C70001010822EADF8168002EB400501DA82207A
:104C800000E0304630440844ADF84801BDF8120059
:104C90004FF4807804AB42462946ADF84A0152A849
:104CA00012F0DEFB04A8149052A81590BBF1000F7F
:104CB000199726A8109060D0479808F031FF228AF3
:104CC00004AB0A98BDF81010801A42460844ADF8AB
:104CD0001401BDF812002946ADF8160145A812F0DE
:104CE000BFFB202226A91EA80DF000FF1EA85346D8
:104CF0001021109042A253A813F0CEF953A8169099
:104D000058981A210BAA0AF021FEBDF98A104FF01B
:104D1000000841F6FF728DE80601BDF98C3046A807
:104D20001E9A169915F02EFABDF91811BDF8140146
:104D3000BDF8163101EBD172A0EB6202BDF91A0188
:104D4000ADF820200A44ADF8242008AA00EBD07565
:104D5000CDF80080A3EB6503ADF822301918ADF84B
:104D60002610169B1099599807F084FE00212EA852
:104D700008F0D4F947903AA808E000201090169067
:104D80001A2158980BAA0AF0E1FD34A8002108F076
:104D9000C5F904AB0546599852AA05A908F092F93D
:104DA000284608F0BDFE589816210BAA0AF0CEFD41
:104DB000BDF808017F1CADF81400BFB25198ADF8E2
:104DC00016006088B8423FF6D4AE34A808F072FBF3
:104DD0003AA808F06FFB2EA808F06CFB479808F083
:104DE0009FFE41982146F6F7F2F804007FF463AE87
:104DF0005BB0BDE8F08F0000B82B03901FF8E00710
:104E0000256400002DE9F74FB4B0924605461146DF
:104E100002F07CFB04468068C0F30E07012F7DD9A9
:104E2000000404D4208810B96088002876D0606817
:104E30007F1EC0F30E40474370D00021284610F07B
:104E4000D0F900210646284610F0B0F8064428465E
:104E50000FF0E2FAB5F88410484340F30F2825A874
:104E600008F0ACF825AA28464FF4C02110F0A4FDA4
:104E700028460FF0EBFBAA8ABAF1020F02EB0601FB
:104E8000A1EB00000FFA80F920894FEA004007D01B
:104E900000284BDA4FF4C021284610F04AFA46E0C9
:104EA000002805DA4FF4C021284610F034F900E05C
:104EB000002035996B8B83465B1C89681EB2B1F963
:104EC0000620B2422ADB259A06EB0B00B4F900302B
:104ED000B1F90210B2F908201A44104488421DDBCF
:104EE0000EA808F0FCF80EAA28464FF4C02110F0D6
:104EF000B3FD0020ADF83E003599ADF83C0011A897
:104F00000FF04AF8022390494FF4C0200622CDE961
:104F10001E03BAF1020F25A8169000E010E10EA8BA
:104F20001790CDE9121207D0012006E00020E98A8F
:104F30008346491E0EB2D3E7002095F888100A90E8
:104F400001F00700022819D10021284610F025F9A8
:104F5000B5F884104843B5F88210001208EB00023F
:104F600092FBF1F109B2081A00EBD072A8EB000035
:104F700009EB62010FFA81F90FFA80F8ADF82260AF
:104F80000026DAE060684FF0000AC0F30E41B6FB7D
:104F9000F1F001FB106008B94FF0010A0A98BDF961
:104FA0003A100028A8EB010000FB06F0B0FBF7F177
:104FB00001EB0900ADF82000ADF81C000BD0BDF9E5
:104FC0002210BAF1000F02D0B4F9000001E0B4F9E8
:104FD0000200081A0AE0BDF92210BAF1000F02D04F
:104FE000B4F9000001E0B4F902000844ADF81E0075
:104FF00008A81A9007A81B9095F8880000F00700F1
:10500000032848D06068C0F30E40B6FBF0F3BAF155
:10501000000F219368D02089000465D510214BA290
:1050200030A813F039F8102125A8169030A8CDE942
:105030001C011A21284611AA0AF088FCBDF9A60015
:105040004FF0000A41F6FF728DE80504BDF9A83063
:105050000BA8259A1C9915F095F8BDF92C10BDF8F0
:105060001C00BDF81E3001EBD171A0EB610212B241
:10507000ADF8142000EB61000A9900B2ADF81800F9
:10508000C1B1A3EB0B01ADF81A10BDF82E30C91A4F
:10509000ADF8161017E00A983A4605EB4000B0F953
:1050A000781000910021B0F9743030460DF038FCD2
:1050B0000346ACE703EB0B01BDF82E30ADF816103C
:1050C0001944ADF81A10B5F91410884215DBB5F97A
:1050D0001800824211DC1C9B05AA359825A9CDF841
:1050E00000A007F0C7FC08E0002016901A211C90D1
:1050F00011AA1D9028460AF029FCBDF93A00BDF915
:105100002010B5F9142000EBD07001EB6001914242
:105110000DDBBDF91C20B5F91810A2EB6000884228
:1051200005DC359807AB08AA0EA907F0CBFF1B21B9
:10513000284611AA0AF00AFC761CBE427FF622AF6E
:1051400037B0BDE8F08F0000802603902564000092
:105150002DE9F74FB8B091460446114602F0D6F952
:1051600005468068010404D4298811B9698800299A
:1051700071D0C0F30E06012E6DD96868761EC0F39B
:105180000E40464367D05FEA090000D001201D9021
:10519000002120460FF00AFF00218046204610F033
:1051A000C8F8074620460FF01DF9B4F886104843AA
:1051B00040F30F20179020460FF014FBE38A07EB13
:1051C0000801024603EB0100A0EB020000B232909E
:1051D0004FF4C0282046B9F1000F41460DD010F021
:1051E0004EF81B90B4F91800B9F1010F3190B5F9E0
:1051F00000B0B5F902A006D00DE00FF0F2FF1B9051
:10520000B4F91400F0E7CBF10001CAF100020FFA83
:1052100081FB0FFA82FA21A807F061FF21AA41461B
:10522000204610F019FC28A807F0C8FE28AA41461D
:10523000204610F0C1FB399904A80EF0ADFE0620FF
:1052400073490027CDE9051021A80A9028A80990E4
:10525000CDE91189D5E0D7E0BDF98610B9F1000F8D
:105260001798A0EB010000FB07F0B0FBF6F13298B5
:105270000844ADF86200ADF866003198ADF8600002
:105280007FD0401CADF8600069684FF00008C1F3A2
:105290000E40B7FBF0F100FB1170BDF86010002864
:1052A00071D0A1EB0A0000BFADF8640018A80D9002
:1052B00019A80E9032461D9804EB4001B1F9700018
:1052C0000090F01BB1F96C3000210DF029FBB8F112
:1052D000000F034614906BD02889000468D5102174
:1052E0004CA233A812F0D8FE102128A8099033A8A8
:1052F000CDE90F011A21204604AA0AF027FBBDF9C7
:10530000B2004FF0000841F6FF728DE80501BDF9CB
:10531000B4301AA8289A0F9914F034FFBDF96A0026
:10532000BDF8661000EBD072A1EB620001EB6201E8
:105330001D9A00B2ADF87E0009B2ADF882103AB302
:10534000BDF864201B9B1344ADF87C30BDF8683079
:1053500013441B9A1A44ADF8802000BFB4F91620FC
:1053600091422EDBB4F91A1088422ADCCDF8008075
:105370001FAA0F9B28A9399807F07CFB21E000E0C9
:1053800001E0401E7EE7A1EB0B004FF001088BE728
:10539000BDF86420BDF86830DDF86CC0D31AA2EB0C
:1053A0000C0C1B9AADF880C09A1AADF87C20D5E79A
:1053B000002009901A210F9004AA109020460AF0AC
:1053C000C5FABDF98600BDF96210B4F9162000EBEC
:1053D000D07001EB600191420DDBBDF96620B4F99C
:1053E0001A10A2EB6000884205DC399819AB18AAA4
:1053F00021A907F067FE1B21204604AA0AF0A6FA9D
:105400007F1CB7427FF628AF3BB0BDE8F08F0000AD
:1054100080260390256400002DE9FF5F93460C462B
:10542000202180460E9E10F0E2F9002872D0032E53
:1054300040461DD00FF0CFF981460BF037FE032E0A
:105440004FF0000705463E463946404613D00FF060
:105450005EFF0021824640460FF04BFEB9F1010F7E
:10546000494658D002295DD0B9F1030F60D136E02A
:105470000FF0AAF9E0E70FF0A2FE002182464046B5
:105480000FF0EBFEB9F1010F49461ED0022921D0E1
:10549000B9F1030F4CD1B8F81820B8F81410521A0B
:1054A000521C13B2A3EB0A02101A00EBD0720AEBE3
:1054B00062000844A98A07B2288B401A401C00B237
:1054C00000EBD07001EB600022E0B8F81410B5F9E1
:1054D000146024E0B8F81810B5F9186026E0B8F8A0
:1054E0001A20B8F81610521A521C13B2A3EB0A0273
:1054F000101A00EBD0720AEB62000844698B07B205
:10550000E88A091A491C09B201EBD17100EB61006C
:1055100006B20DE02EE0B8F81610B5F9166001EBF2
:105520000A0004E0B8F81A10B5F91A60081A07B2B0
:105530000399A01E00B2002910DAB9F1000F15D0AE
:10554000BE4221DC12E0002C01DDA41C24B2E017D5
:1055500004EB9070801004B0BDE8F09FBBF1000F29
:1055600012DAB9F1000F01D0BE420DDB002CEADAED
:105570000446E8E70398E04202D50398404204B2AB
:10558000BBEB040000D55C462046E4E770B504465A
:105590000BF07CFD48B1006882680AB1217A90471F
:1055A000207E810742D4C0077BD1606800210EF0C5
:1055B00071FF002518E0017A0A0610D5802904D071
:1055C000227A21F08001914209D14168E1600168AD
:1055D00020468847207E810728D4C00761D16D1CF2
:1055E000606829460EF056FF18B101680029F6D010
:1055F000E1E7002021460EF07BFE050053D06068F5
:1056000000210EF047FF002619E0016891B1017AF0
:105610000A060FD411B1227A91420BD14168E160A0
:10562000016820468847207E810701D5012070BD92
:10563000C00736D1761C606831460EF02BFF10B1E2
:10564000012DE2D02FE0012D2DD16068416851B3CA
:10565000217E490727D4217A232919D0242917D05C
:10566000A90310F0C4F8F0B1207A11381C280FD229
:10567000DFE800F019191919191919191919190E52
:105680000E190E0E191919190E0E0E0E19190E19E2
:105690006068406860602046FFF778FF0128054693
:1056A00001D0002070BD284670BD0000F0B5DDE9D6
:1056B000054659B3050AAF0702D51F4633463E4695
:1056C0006F0702D5274634463E4615F0060F4FEACF
:1056D000C5771FD017B11F4623463C46EF076FEA38
:1056E000010C0CF0FF052270C0B212FB05F44FEA6A
:1056F0001424347011D011FB00F000BF6FEA1020A9
:10570000C0B212FB00F0000A1870F0BD32702270B7
:105710001A70F0BD002FDED0E0E720B14042C0B2E9
:1057200010FB01F0EAE70802E8E70B46024610B575
:1057300000F020F8B0B9ABB1B2F9001090681B8846
:1057400000EB41000380B2F90010B2F90630491CA9
:10575000908891FBF3F4401C9080012003FB14110E
:10576000118010BD002010BD808808B10020704756
:1057700001207047B0F90410B0F90600814201D150
:105780000120704700207047024610B5FFF7ECFF7C
:1057900008B1002010BDB2F90030B2F90600034490
:1057A000A3F1010393FBF0F400FB143000B210806E
:1057B00021B1936803EB4000008808809088401E68
:1057C0009080012010BD00002DE9FF4F8A8889B02C
:1057D0000B880446CD884988A2EB0302199802F190
:1057E0000102DDE916B8A5EB010101F1010117B2D3
:1057F0000FFA81F9012813D0022813D0032841D1D0
:10580000424E00BF5FEA08002088ADF808000BD0C8
:105810000020049098F80000FD2836D35A4637E05F
:105820003B4EEFE73B4EEDE7ADF800005A460099DE
:105830000C98B0470390002021E0002518E000BF3D
:1058400034F81510BDF8080088420BD004EB450071
:105850005A460088ADF80C00ADF8080003990C9882
:10586000B047039004EB4501BDF80C006D1C0880A7
:10587000BD42E5DB0B9804EB400408F1010048450C
:105880008046DADB0DB0BDE8F08F00FB0BF0020ABA
:1058900002990C98B0470890002033E0002528E0DA
:1058A00018F8050020B30499884205D134F8152072
:1058B000BDF80810914216D0FD2801D35A4602E0E7
:1058C00000FB0BF0020A04EB45000088ADF8100065
:1058D00004990C98B047089034F8151018F8050092
:1058E0000490ADF8081004EB4501BDF820000880D5
:1058F0006D1CBD42D4DB0B98189904EB400488441E
:105900000AF1010048458246C8DBBBE7EFDE0090A4
:105910007BDE00905FDF00902DE9FF4F8B8804460F
:10592000088885B0CA884988A3EB0000DDE9129693
:10593000A2EB010100F1010001F1010105B20FFA32
:1059400081FA76B1BDF82010B9F1FD0F01EB0140ED
:1059500000907DD31FFA81F94FF0000BA5F10408E8
:105960003FE1B9F1FD0F0FD3002608E008992A4660
:10597000204606F01EF80798761C04EB40045645B6
:10598000F4DB09B0BDE8F08FBDF8001000204A46F6
:1059900060F3040189B260F34A1189B260F3CF2148
:1059A000ADF8001088B20090BDF8000002900146EA
:1059B000089806F017F90146009109F104000899CA
:1059C000C0088BB2C006C3F34512000ED90A03F01B
:1059D0001F0311FB00F112FB00F213FB00F361F354
:1059E0000F06C0F1FF0162F31F460020B64663F3C5
:1059F0000F07039753E000BF4FF0000948E000BFD6
:105A000034F81920BDF8080090423AD004EB490060
:105A10001FFA8EF34FEA1E470088ADF80400BDF868
:105A20000420ADF808000398D60AC2F3451C16FB03
:105A300001331CFB017602F01F021FFA80F8BDF84B
:105A4000000012FB018203EBC31C06EBC61700E04B
:105A5000CEE00CEBC33C07EBC63702EBC21303EB03
:105A6000C232CCF3C456C7F3C55366F3CF20C2F39A
:105A7000C45263F34A1062F30400ADF8000080B230
:105A8000009004EB4903BDF8002009F101091A80D8
:105A9000A945B5DB079804EB40040BF10100504524
:105AA0008346A9DB6DE7002710E03278FF2A12D089
:105AB0002088ADF804000199089806F093F8019049
:105AC000BDF804002080A41C761C7F1CAF425DDA68
:105AD000B007EAD15AE0A4F80090F4E73068411C1E
:105AE00043D0E8B33278FF2A53D02088ADF80400C1
:105AF0000199089806F076F80190BDF8040020801E
:105B0000A41C16F8012FFF2A46D02088ADF8040007
:105B10000199089806F066F80190BDF8040020800D
:105B2000A41C16F8012FFF2A39D02088ADF80400F4
:105B30000199089806F056F80190BDF804002080FD
:105B4000A41C16F8012FFF2A2CD02088ADF80400E1
:105B50000199089806F046F80190BDF8040000E0AD
:105B600011E02080A41C761C0FE0A00707D00220C3
:105B7000A4F8009000990151A4F8069003E0009861
:105B80002060009860600834361D3F1D4745A5DD44
:105B90001CE0A4F80090B3E7A4F80090C0E7A4F8D4
:105BA0000090CDE7A4F80090DCE73278FF2A1CD003
:105BB0002088ADF804000199089806F013F80190C8
:105BC000BDF804002080A41C761C7F1CAF42ECDBD7
:105BD00007980BF1010B421B1498411B04EB420484
:105BE0000E44D345FFF65FAFCBE6A4F80090EAE79A
:105BF0002188002293469046ADF8001033E000273C
:105C000027E0307818B3904205D0FF282ED000FB53
:105C100009F31B0A9B46904203D134F817008142D6
:105C200010D0BBF1FF0F23D004EB47005A46008889
:105C3000ADF800000099089805F0D4FF009034F802
:105C40001710327804EB4703BDF800001880761C6B
:105C50007F1CAF42D5DB149808F10108431B07985D
:105C60001E4404EB4004D045C9DB8AE64B46D1E72D
:105C70000898E3E72DE9FF4F83B00C46DDF8448038
:105C8000F5F756FCBDF818A0B8F1000F81460CD00E
:105C9000A18800262288E3886088891A491C181A7E
:105CA000401C0FB20FFA80FB41E0B4F9026017E02C
:105CB000B4F900500FFA86F80DE010982BB202905C
:105CC000ADF804A0CDF80080D9F80000059A03993A
:105CD000C769B8476D1CB4F90400A842EDDA761C18
:105CE000B4F90600B042E3DA07B0BDE8F08F002552
:105CF00018E000BF18F8050098B11099ADF804A09D
:105D00004843000A02906088304400B20090D9F8FD
:105D100000002188059A2944D0F81CC00BB20399D1
:105D2000E0476D1CBD42E5DB1299761C88445E4558
:105D3000DDDBD9E700680968884201D1012070479E
:105D40000020704740680A6820F04040904200D22E
:105D50000860002070472DE9F04F4FF0000904461D
:105D600091B0CB460BF092F90268CA46218BA38A08
:105D7000D4F82480CDF820A0C818117E0391208388
:105D8000608BE18A08446083DEE0002046464FF4E1
:105D90008075074605900FE0002130460FF0DDFBCF
:105DA000384407B2304600210FF0F5FB454330463A
:105DB0002D120EF0C5FB0646002EEDD1A069029013
:105DC00017B9B5F5807F09D04FF4803191FBF5F21A
:105DD000784201B205AB02A811F042FBBDF90810F0
:105DE000002900DC4942BDF90A00002800DC4042DD
:105DF00081424FF0010001DD824600E00890102151
:105E000040460FF0F4FC00287DD0089D57464046E0
:105E1000CDF800A02E460EF0F1FBC10700D10027FF
:105E2000810701D400210091410700D4002500071B
:105E300000D4002640460EF0D5FC0F9040460EF0F0
:105E40008BFB0E9040460EF001FC0D9040460EF08C
:105E50005DFC0F99002902DC0E9900290FDD25B1A8
:105E6000BDF90A2003998A4206DA46B10399BDF9C1
:105E70000A2049428A4202DCC1464FF00C0B0D99C0
:105E8000002901DC002810DD27B1BDF908200399A5
:105E90008A4207DA009941B10399BDF908204942C5
:105EA0008A4202DCC1464FF0030B0F99002900DC47
:105EB00000250E99002900DC00260D99002900DC40
:105EC0000027002801DC0020009027B1BDF9081050
:105ED0000398814214DA009828B10398BDF908109C
:105EE000404281420CDD25B1BDF90A100398814280
:105EF00006DA46B10398BDF90A10404281420EDC31
:105F0000BAF1000F00E00AE001D0032100E00C210B
:105F100094F8400061F3030084F8400018E04FF467
:105F2000807140460FF063FC3AEA000010D14FF454
:105F3000007140460FF05BFC01460898884307D18A
:105F400040460EF0FDFA8046B8F1000F7FF41DAF19
:105F5000B9F1000F0AD094F840100020C4F82C903A
:105F600020836BF3030184F84010608311B048462E
:105F7000BDE8F08F2DE9FF4F83B08B4682460EF0CF
:105F800023FC060012D041F6FF785046002144461B
:105F90000FF015F90021009050460FF05EF90190C6
:105FA00050460EF0CDF9002507465FE0002007B00F
:105FB000BDE8F08FDAF808003149006850F8250094
:105FC00081460FF01BFCE8BB4FF4805148460FF0B0
:105FD0000EFCB8B3012E04D0022E08D0032E44D1FB
:105FE0001AE0BAF81420B9F91400009932E0BAF8AE
:105FF00018200199B9F91800511A069A09B21044EB
:1060000000B2584531DB059A90422EDC401A00B2AE
:10601000002821DD014620E0B9F81810B9F8140075
:10602000BAF81830091ABAF81420491C09B201EB61
:10603000D17100EB6100991A491C0BB2009900B2B2
:106040005B1A00E011E00199591A01EBD173009934
:1060500001EB63011144D0E74142002C01DD2246EF
:1060600000E06242914200DA04466D1CBD42A1D3B9
:10607000444501D1002000E0604200B297E70000F3
:10608000010004002DE9FF4F83B08B4682460EF0DD
:10609000A2FB060012D041F6FF785046002144468C
:1060A0000FF035F90021009050460FF022F80190D2
:1060B00050460EF045F9002507465FE0002007B086
:1060C000BDE8F08FDAF808003149006850F8250083
:1060D00081460FF093FBE8BB4FF4805148460FF028
:1060E00086FBB8B3012E04D0022E08D0032E44D173
:1060F0001AE0BAF81620B9F91600009932E0BAF899
:106100001A200199B9F91A00511A069A09B21044D5
:1061100000B2584531DB059A90422EDC401A00B29D
:10612000002821DD014620E0B9F81A10B9F8160060
:10613000BAF81A30091ABAF81620491C09B201EB4C
:10614000D17100EB6100991A491C0BB2009900B2A1
:106150005B1A00E011E00199591A01EBD173009923
:1061600001EB63011144D0E74142002C01DD2246DE
:1061700000E06242914200DA04466D1CBD42A1D3A8
:10618000444501D1002000E0604200B297E70000E2
:10619000010004002DE9FF4F83B017460E46002191
:1061A0000398DDE910A40FF002FA002105460398D8
:1061B0000EF02CFF0146F07882070BD5C30742F2A0
:1061C000D17202D0954202D006E0914206D120F071
:1061D0000200F070C00701D07A4800E07A48F178F8
:1061E0008146C80712D078484FF0000BA4F802B0DF
:1061F0003946A4F804B08046C4F810B0A4F800B042
:10620000C4F808B0C4F80CB00197A8E06D48EBE7FB
:106210000198B84206D04FF4000128460FF0E7FA83
:10622000002870D1694928460FF0E8FA00286BD1A0
:10623000002128460EF0DAFE029070B3227D20691C
:10624000A38800F101002061D20703EB0A01A180BD
:106250006BD000EB800080000CF0AEFB0090E8B14A
:10626000E16851B12069401E00EB80008200009877
:106270000CF03CFCE0680CF0EBFB206900EB8001CB
:10628000009800EB81004FF0000140F8145CF078BA
:10629000C007284603D0022202E036E0FEE70522CE
:1062A0000FF089F8216900B201EB8102009901EB3E
:1062B000820121F8100C4FF00001F078C007284649
:1062C00001D0032200E006220FF075F8226900B227
:1062D00002EB8203009A02EB830222F80E0C206983
:1062E00000EB8002009800EB8202029842F8080C52
:1062F000206900EB8002009800EB820040F804BCAB
:106300000098E06011E030E01EE0494628468847EA
:10631000F178890705D5B4F904100A1806998A425C
:1063200023DCA28850441044A08041462846884778
:106330000146B4F90000814202DD41462846884703
:10634000A1682080491CA160F078400702D54FF079
:10635000FF3000E0012001994118019105D4039814
:106360000DF0DCFF051E7FF453AFB4F904000028E4
:1063700002DDA0EB0A00A080206908B1069801E0C8
:10638000B4F904006080CDB10198B84216D10399E8
:1063900001AA8968096851F82050F078C0F380019B
:1063A000039800F089FE4DB141462846884749468A
:1063B00020802846884760800121A160019807B0AD
:1063C000BDE8F08F5D570290BF44029001000600C7
:1063D0002DE9F04FB04D002199B004466A880EF0C7
:1063E000EAFF9DF84F108308C208401C60F30001CB
:1063F000204663F3410162F382018DF84F10AA88B1
:1064000000210EF0D8FF8DF84C000021EA882046CC
:106410000EF0D1FF8DF84D0000212A8920460EF0A4
:10642000CAFF00218DF84E0020460EF074FD0128B1
:1064300000D000209DF84F108146C8074FF00001A2
:1064400020460CD00EF051FF9DF84F108246C80731
:106450004FF00001204605D00EF093FE04E00EF050
:1064600090FEF1E70EF041FF9DF84F101190C80724
:10647000204602D00DF0D0FF01E00DF0B3FF002167
:106480001090322220460EF096FF00210546102281
:1064900020460EF090FFE18A2844461820460EF070
:1064A000AFF9301AADF854000021204612220EF048
:1064B00082FFA18A2844451820460EF09AF9281A2E
:1064C000ADF858009DF84F009DF84E60C00701D010
:1064D00015AD00E016AD204600210FF068F8002150
:1064E000189020460EF092FD9DF84F108346C80785
:1064F00008D0ABF51C52D13A02D1608C400509D5C9
:10650000C80708D1189AA2F51C50D13803D1608C65
:10651000000500D40026B9F1000F08D0C80706D145
:1065200016B1012E02D002E0012600E000264FF055
:10653000000007468046ADF8180076B3480703D53B
:10654000A0684268521E14E0002212E00AA9119BC2
:1065500000200F902046CDE90031109B13A9FFF7D2
:1065600019FEBDF8283057440246D81907B208F181
:106570000108A0684068904201DD002AE6DAB8F11F
:10658000000F02D0A7EB0A0007B29DF84F00C0072A
:10659000204603D00DF026FF02E00BE00DF03CFF9B
:1065A00006A93A460FFA88F3CDE900510146304674
:1065B00015F05FF89DF84F00410703D5A1684E68BC
:1065C000761E00E00026B9F1000F04D0C00702D10A
:1065D0002888384428800AAFA0684068B04249DD66
:1065E000002E47DB01210F91119813A9CDE9000777
:1065F000109B32462046FFF7CDFDB9F1000F8046D3
:1066000008D09DF84F00C00704D12888BDF8281095
:10661000401A2880BDF9542002ABDDE91001019237
:10662000324683E88300BDF9580013A94346009021
:106630002046F7F7BFF80D9846460CF009FA0020FF
:106640000D90B9F1000F03D09DF84F00C0070AD09C
:106650002888BDF82820BDF81810024401EB0A0074
:1066600010442880B8E7BDF81820298802EB0A00FA
:10667000081AF6E7189942F2D170814201D0834599
:1066800002D120460FF0F0FE002220462B2109F017
:106690005DF919B0BDE8F08F140100242DE9F74F22
:1066A0000546007F9346C1074FF00000824661D146
:1066B000EC684FF001080026C1467CB9287FC0F382
:1066C000C000401E304254D1B9F1000F51D00199A1
:1066D000284688474FF000080446C1460EB92600F8
:1066E00047D0B8F1000F06D05A46214628469047B9
:1066F000B04204463DD0002C4FF00108DED02068A7
:106700000EF0D8FB0006D8D427681FE001213846D8
:106710000FF06DF8B0B12FB1012138460FF067F8D6
:106720000028CAD1E868A04223D0B0B1284600F0C2
:10673000EFFA0246E8680F21006809F007F901281E
:1067400017D106E038460DF0FBFE0746002FDDD1DD
:10675000E8E7E86800680FF03EFB2846EC6000F0D0
:10676000D7FA0246E8680E21006809F0EFF8012820
:1067700002D05046BDE8FE8FE86800680FF02BFBA2
:10678000296909B1284688470120F3E70349CA6906
:106790005206FCD5C2B28A62704700000010014068
:1067A0000020704770B5426B818C12F0060F06D046
:1067B000C2F34102022A04D0012A05D020E0008D54
:1067C00000E0C08C08441AE0828D468D14B2B242BB
:1067D00002D202F5B47214B2028DC38C15B29A4281
:1067E00002D202F5B47005B2301900EBD07040103F
:1067F000834201DA581802E0854203DD501881B265
:1068000008B270BD0844FAE72DE9F34F87B0064699
:1068100069460DF01BFE30460EF0A0FF0590304695
:106820000DF04DFE0021049030460EF0F2FC0021E8
:10683000834630460EF03BFD0021044630460EF004
:1068400090FD0021054630460EF07DFC002180467B
:1068500030460EF056FD0021074630460EF0A3FCF0
:1068600007EBD77107F0010202EB610100EBD07278
:1068700000F0010000EB6200491C401C09B200B2AC
:106880000D2900DB0D210D28894600DB0D200D2C84
:10689000824600DB0D240D2D274600DB0D254046EA
:1068A000B8F10D0F00DB0D20002480466DE0B06ACA
:1068B00000EBC40102A803F09CFBBDF90800584599
:1068C00016DCBDF90010BBF10D0F01DA5A4600E0ED
:1068D0000D22891A00EB0100ADF80800BDF90A008D
:1068E000A8421FDCBDF902100D2D07DA2A4606E08A
:1068F000BDF80020A2EB0A010844EDE70D22891A39
:1069000000EB0100ADF80A000598C11BBDF90C00B1
:10691000891E88422BDBBDF900100D2F084407DAD1
:10692000394606E0BDF80220A2EB09010844E9E778
:106930000D210844ADF80C000498A0EB0801BDF946
:106940000E00891E884218DBBDF90220B8F10D0F38
:106950004146104400DB0D2100EB0100ADF80E00B4
:106960000899002202A8F3F765FB88B90BE0BDF88F
:106970000010014401EB0A00DCE7BDF802100144FD
:1069800001EB0900EAE7641CA4B2308EA0428ED865
:10699000308EA04201D14FF6FF7409B02046BDE809
:1069A000F08F10F00F0000D101207047B0F90C00FB
:1069B000032101EB400020F00300103070472DE967
:1069C000F0474FF000081C4616460F460546404665
:1069D000A3F8008006E02A6B218832F81020401CC2
:1069E00011442180B042F6D3002128460EF0ABFAC4
:1069F0000128284615D00DF0FCFE2188081A2080B9
:106A0000002128460EF01DFC218808442080296BB7
:106A100031F816100844401EA0800020A4F802801F
:106A20001FE00DF0E6FE21880844208028460EF085
:106A300095FE0021814628460EF051FC2288014631
:106A4000A9EB0200401AA080296B31F81610401AF9
:106A50002080E2E7EA6A618832F81020401C114485
:106A60006180B842F6D3002128460EF098FC618878
:106A70000844608028460DF0C3FE6188081A6080D3
:106A8000E96A31F817100844401EE080BDE8F0873D
:106A90002DE9F05F93468946002182460EF0ADFB5A
:106AA0000021054650460EF0F6FB00218046504678
:106AB0000EF04BFC0021044650460EF038FB064613
:106AC00050460EF04BFE411B5046A1EB08070DF05F
:106AD000F6FC001B801B8742504605DA0EF03EFE96
:106AE000411BA1EB080003E00DF0E9FC001B801B3B
:106AF000BAF81420BBF1000F00EBD07040F34F0048
:106B000000EB05011144A9F80010BAF8161000EBCB
:106B100004031944A9F8021001D0ABF80000BDE845
:106B2000F09F0000024A002152880EF044BC000091
:106B300020010024034A002110B552890EF03BFCCD
:106B4000C0B210BD20010024034A002110B5928973
:106B50000EF031FCC0B210BD2001002430B5032975
:106B600001D2012300E000230C2403EB4305C01AEB
:106B700001EB8501891E6423C1EB4111B1FBF4F4E3
:106B80009D00B0FBF3F307212244B0FBF5F402446F
:106B900002EB9000C01A2044B0FBF1F201FB12009E
:106BA000C0B230BD2DE9FC470D0024D004696169F5
:106BB00029B10868A84202D14868BDE8FC87628A0A
:106BC00000200427C2F308020EE000BFA36800EB18
:106BD000800653F826C007EB86069E5BA5EB0C03E8
:106BE0009E420AD2401C80B28242EFD819B10D6099
:106BF0000020616948600020DFE700EB8006A168A3
:106C000012224FF0060802EB86000027085C0228DB
:106C10000CD04FF00C0A70B12A4A03284FF0100C28
:106C20004FF008010FD0012826D043E008EB860082
:106C3000085AC7183EE00AEB860208EB8606885819
:106C4000895BC05C35E0ADF8043001EB8609009249
:106C50000CEB8602A0680223825A50F8091001A8A2
:106C6000F4F7C6FD30B3A16808EB860351F809209C
:106C7000C95A801A40101CE0ADF8043001EB8609B7
:106C800000920CEB8602A0680223825A50F8091089
:106C900001A8F4F7ADFD68B1A1680AEB860208EB24
:106CA000860351F809608A58801BC95A401032F88F
:106CB00010000F18606910B10560606947603846C0
:106CC0007BE70000D90E03902DE9F0410D46044604
:106CD00000F01CF9071E19D0F88A00212D1A384639
:106CE0000EF0F6FB0689002138460EF018FC00EB8A
:106CF000D071304405EB610109B200B291FBF0F0B4
:106D0000A18E80B2814201D8491E88B2BDE8F081CF
:106D10002DE9F041002607463546304610E000BF19
:106D20000AF0F5F9616DB94209D1022802D00428B0
:106D300003D003E02046BDE8F081264625462046E4
:106D40000AF0AAF90400EBD10EB13046F3E70DB119
:106D50002846F0E7BDE8F04100200AF09DB90000A8
:106D60007CB503690025DC685B8AA0689B042BD492
:106D7000830F16D00123B3EB907F31D101EB024199
:106D8000266818480423CDE90001A068314620F0A8
:106D9000404201A8F4F72CFD10B3801B61688010FD
:106DA0001DE0266801EB02210F4A0223009220F029
:106DB000404201A8ADF804103146F4F719FD78B14E
:106DC000801B616840100AE06368805C595C39B1DF
:106DD00030B1637B491E2268401E11FB03210D5612
:106DE00028467CBDCB8C0190DF8C01902DE9F84FBB
:106DF0000C460646002120460EF075F800EBD070D8
:106E00004FF440374508394620460EF0F0F9394630
:106E1000009020460EF039FA8346394620460EF09F
:106E20008EFA8246394620460EF07BF9278D2A18C5
:106E3000A08A05EB0A01E38A3844014461F30F0993
:106E4000618D0B449918421B00985B1B121AA3EB2F
:106E50000B0062F30F0861F31F4960F31F48C6F887
:106E60000080C6F80490BDE8F88F2DE9FF4F81B08F
:106E70001D4617460E464FF4003101980EF039F8C2
:106E800000EBD070441001983F1BFFF78BFC81464C
:106E90005A3000B213F0ACF810FB07F04FEAE038BC
:106EA000484613F0A5F810FB07F04FF44039494667
:106EB000C71301980EF0A1F98346019849460EF0D8
:106EC000EAF90090494601980EF03FFA824601988F
:106ED00049460EF02CF9328800EB040C009942442C
:106EE000A2EB0B02101B288030880B194044184479
:106EF000A8807088C119A1EB0A00001B6880708807
:106F000038446044E88005B0BDE8F08F406A00284E
:106F100002D000210DF002BA704700210DF0FEB939
:106F20002DE9F0410F46418C0426C2680546002039
:106F3000C1F305130FE000BF06EBC00414595FEA6C
:106F4000C41C07D524F07F44BC4203D152F8300062
:106F5000BDE8F081401C8342EED84FF0806000EB2A
:106F6000B1204FEAB0506884C0F30510C10010464C
:106F70000BF0A4FDE860C0B3688CC0F30514641E78
:106F800016D06FF003014B00E86801EBC402825891
:106F90005FEAC21C0CD492010AD403EBC40C8444F3
:106FA00000EBC402641EDCE9000CC2E9000CEBD16A
:106FB000E868082100EBC4000BF05AFE08200BF033
:106FC000CDFCE96841F8340011F015FBEA6806EBE6
:106FD000C400115841F080711150EA6867F317013D
:106FE0001150E86850F83400B2E7FFE7FEE7000010
:106FF0002DE9FC410068C068C068B0FBF1F4944220
:1070000000DD1446154F78680068806920B30020C1
:10701000ADF8000025B2ADF80400ADF80200681E1E
:1070200006B2ADF8066078686946006882699047E4
:10703000BDF80600BDF80210401A401C00B2A04284
:1070400002DD351EEBDC01E0002D02DC0020BDE896
:10705000FC81BDF90640641C2046F8E7F4000024DA
:10706000491E01D5401E0C310C2901DB401C0C3996
:1070700001290DD0072091FBF0F200FB121000EB6C
:10708000D07121F00101401AC0F11F00C0B2704759
:1070900081070CD16421B0FBF1F201FB120149B967
:1070A0004FF4C871B0FBF1F201FB120010B10020E7
:1070B0001C30EBE70120FBE7136821B15B1E136076
:1070C0000BD4806805E05B1C1360806841688B42CC
:1070D00003DA006850F823007047002070472DE95C
:1070E000F84315460E46044609F0D0FF0AF00FF8A3
:1070F00001280AD0032808D04FF6FF7005B1288078
:1071000006B130800020BDE8F88309F0BFFF694672
:1071100009F0D2FF4FF0000875B320460DF069FB6F
:10712000BDF80010084407B2204600210DF00BFF07
:1071300001280CD0A08A00213F1A20460EF081F8C9
:10714000381AA5F8008002B24046002110E0002164
:1071500020460EF0C4F8218B081AC01BF1E7236B00
:1071600033F81030194409B28A4205DB401C2880EC
:10717000A38C80B29842F2D3F6B120460DF040FBCA
:10718000BDF802300021E28A1844851A20460EF02C
:1071900006F9281AA6F8008003B2002108E0E26A86
:1071A00032F81020114409B28B4205DB401C3080BC
:1071B0003088E28C9042F2D30120A4E72DE9FF4F02
:1071C00083B01F4605460598F4F7C4F90122B5F8C7
:1071D000209095F82230002482406FEA09014FF098
:1071E000FF3688B24FF0040B02F0FF080190C3F3A2
:1071F000C00A1FE0E96801EBC4004268920140D573
:10720000BAF1000F15D10BEBC4028958049AC1F3EF
:107210000741090491420CD10068817911EA080FF5
:1072200007D005996A4611F041F9012830D00228AB
:1072300031D0641C688CC0F30510A042DAD820E07D
:10724000E96851F83400827912EA080F18D00BEB84
:10725000C40289581FFA81FAC1F307421104049A43
:1072600091420DD1019A1AEA020F09D1B24507DD08
:1072700005996A4611F01AF901280FD002280AD0A0
:10728000641C688CC0F30510A042D9D8002E0DDB19
:1072900000983860012007B0BDE8F08FCA45F7D0EC
:1072A0005645EDDA009856463860E9E70020F2E7E7
:1072B0002DE9F04781461D46C0F15A000F4642F3C2
:1072C000000600B25408761C12F092FEA7EB0408E8
:1072D00000FB08F0C711484612F08AFE00FB08F0D8
:1072E000002F4FEAE01007DD7F3F39120A1B2144CF
:1072F000A98032442A8006E07F3739120A1B2A808F
:107300002144891BA980002808DD7F380012011B59
:107310002044E88031446980BDE8F0877F30001266
:10732000011B69802044801BE880F5E7024A0021A8
:10733000D2880EF040B80000200100242DE9FF4F54
:10734000838C85B0148993460746DDE91520002516
:107350004B431044049020449CB20FFA80FAA1469B
:1073600056E000BFD7F828C05CF8242052B3396B30
:107370000026401E8E4631F9151011E0A3195CF865
:10738000233083B11B78DB070DD005EB0608022301
:1073900003EB4808761CB6B23EF80830194409B22F
:1073A00073198342EADB107880070CD5BBF908001B
:1073B00015990144169808445146504500DC08468A
:1073C0000FFA80FA20E0DDE91302089B1044081A46
:1073D000129900B2002202925A46CDE90010B86A12
:1073E00050F8241003A8083112F0CCFEBDF90E109D
:1073F000049808445146504500DC0846A119AA19D2
:107400008CB20FFA80FA95B2641C6D1CA4B2ADB2B6
:10741000B88C00EB0901A142A4D809B05046BDE8E0
:10742000F08F0000034A002110B5128A0DF0C3FF4F
:10743000C0B210BD20010024034A002110B5528AB9
:107440000DF0B9FFC0B210BD200100242DE9FC41B0
:107450000C46064600210EF041F84FF48021054607
:1074600030460EF03BF8B5F908700021B0F908502D
:1074700030460EF060F8E91901EBD17100EB6100C4
:1074800005B230460DF01BF8F18A00EBD07005EB29
:10749000D57201EB60006946A0EB62006080284471
:1074A000E08030460CF0D2FFBDF800002080BDF82F
:1074B0000400A080BDE8FC812DE9FF410646FFF7EE
:1074C0002CFD040020D04FF48027304639460EF0C2
:1074D00005F858220546304639460DF06CFF06B2D5
:1074E00020460AF0A2FB41F6FF7201460020334617
:1074F0000290CDE9000203A82A4612F043FEBDF92E
:107500000C0004B0BDE8F0810020FAE739B1012990
:1075100009D0022905D0042907D0002070473C304B
:1075200070474830704754307047603070470000F3
:107530002DE9F041468C0423C2680D460446002024
:10754000C6F305110BE000BF03EBC007D7595FEA94
:10755000871C03D527F07F47AF4202D0401C8142F1
:10756000F2D8814203D002EBC000BDE8F0814FF0B9
:10757000806000EBB6204FEAB0506084C0F3051085
:10758000C10010460BF09AFA618CE060C1F305105F
:10759000401E0DD06FF00703E16803EBC0020A4400
:1075A00001EBC006401ED2E90012C6E90012F3D179
:1075B000E06808210BF05CFB08200BF0CFF9E168D4
:1075C000086011F018F8E168486840F00070486001
:1075D000E16865F317004860E068C6E70C4838B515
:1075E00014460D4690F820004FF00201C0074FF0FE
:1075F000120002D00FF0EAFE01E00FF0FFFE22467B
:10760000294604F023FB0090BDF8000038BD0000BF
:10761000041C02242DE9F0474FF00009CC46089DD8
:10762000DDE90964DDF82CA0A5F1010711BB052AED
:1076300003D0062A01D0042A03D1012D4FF0000304
:1076400001D0002109E001225FF000019C4436F8DE
:107650001180491CC4440FFA8CFCA942F6D3ACEB50
:10766000030109B2072A2AD2DFE802F004070B2936
:1076700021160D00A4F8009021E0411A01EBD17110
:1076800012E0411A11E0411AA4F800903AB20BB28C
:1076900093FBF2F213B212E0411A2AB209B291FB43
:1076A000F2F10BB203EBD3714910218007E06A1CA1
:1076B000411A09B212B291FBF2F10BB22380002100
:1076C0000BE000BF36F811C004EB410834F811207C
:1076D000491C62441A44A8F80220B942F2D306EBCE
:1076E0004502238804EB4501BAF1000F32F8022C61
:1076F00031F8027C07EB0201A1EB03010AB20CD0C6
:10770000002108E034F8113036F81170C31ADB1B81
:1077100024F81130491CA942F4D31046BDE8F08783
:10772000F0B58BB00446FFF7FDF905462046FFF79C
:10773000FDFD002D5CD000285AD069462046F5F7A3
:10774000E5FC0C2107A80BF093FA00212046322219
:107750000DF031FE00210546122220460DF02BFED1
:1077600046192046002110220DF025FE471920461B
:107770000DF03FF8A18A3144081AADF824002046E4
:107780000DF03EF8E18A00253944081AADF82600CC
:1077900007E0006807AA694650F8250001F0FAF8EA
:1077A0006D1CA0684168A942F3D800980BF050F90D
:1077B00001980BF04DF902980BF04AF903980BF081
:1077C00047F9002120460DF0F8FE0021054620462D
:1077D0000DF022FC42F2D172954201D0904202D1CA
:1077E00020460EF041FE002220462B2108F0AEF884
:1077F0000BB0F0BD0021A0F13002092A01D8D1B2AE
:1078000016E0612801D32038C0B2413806280FD2D3
:10781000DFE800F0030507090B0D0A2108E00B2142
:1078200006E00C2104E00D2102E00E2100E00F2112
:10783000084670472DE9F0474FF440410446406A3E
:1078400002F07CFE94F92E100122A08DFFF786F93C
:107850000546206B18B3AF1D4FF0020800264FF00D
:1078600003094FF4004A17E0206BA18D30F8262061
:107870008A420FD108EB860194F92E20415691429D
:1078800008D109EB860152464156606A394489B2F3
:1078900003F066F9761CB6B2A08EB042E4D8A08D93
:1078A000218D884211D194F92E0094F92A10884232
:1078B0000BD194F92B00AD1D4FF480424119606A41
:1078C000BDE8F04789B203F04BB9BDE8F0872DE978
:1078D000F0410446806D0D4600282BD0AA68022393
:1078E000A97B03EB820330F922700129C65E0AD11D
:1078F000B4F91000B84203D1B4F91200B04202D07A
:10790000201D00F0BFFC201D00F06AFD002811D1F1
:1079100027816681A87B012804F104000CD000F0C7
:10792000B1FC201D00F05CFD002803D12089618995
:1079300020826182BDE8F08100F0B2FBF1E7000037
:1079400070B5254C0421054660680DF050FF0028F5
:1079500028D0296B6068814224D00CF0ABFD06462C
:10796000286B08B10CF0A6FD86421CD11EB16068E0
:1079700008F016FC0FE0286B40B1A2680F2107F059
:10798000E5FF284600F02CFD00280BD10E21D4E99C
:10799000010207F0DBFF284600F022FD002801D19C
:1079A0006068286370BD78B12B6B53B1A26888B151
:1079B0001021184607F0CAFF284600F011FD0028E4
:1079C000F0D1002EE2D0D2E7286B0028F9D0A268CF
:1079D0000F21EFE70F21ECE7D40000242DE9F04759
:1079E0000D46897B0446407901294FF000082AD0D2
:1079F000010708D520F0080121F001016171C4F8E8
:107A0000488084F80880A87B277A20726868E06044
:107A1000D4F854905FEA09007ED008F02BFCBF4EEA
:107A20000028706078D0A87B08B1A5F80C80484683
:107A300008F020FC002870606ED0A97B012905D0D9
:107A400000296AD00FE1000766D4DCE717B1012FE7
:107A500036D008E112F080F8A06469680A2906D0DF
:107A6000142917D0132918D01B291AD024E07068C4
:107A70000EF0EEF920B9706810210DF0B8FE08B1D3
:107A8000012700E00027484608F0EEFB8743D9D1E4
:107A900001216BE0A889401E01E0A889401CA88153
:107AA000E1E01B21484608F04FFC201D00F098FC47
:107AB000002831D1202159E0484608F045FC59E022
:107AC0006079C0073FD1A06C12F040F82168898B23
:107AD0008842607935D940F00100607112F03CF8BD
:107AE000E06468680A281CD170680EF0B1F920B90A
:107AF000706810210DF07BFEC0B1484608F0C1FB54
:107B000001280ED9484608F0AFFB80F00101484635
:107B100008F02BFC202101E08FE031E070680CF0D0
:107B20001AF8607940F0010060719CE00521D6E907
:107B3000010207F00BFF201D00F052FC00287CD151
:107B4000EFE7C0071BD0E06C12F000F82168C98B8A
:107B5000884214D912F000F8E06469680A2904D058
:107B6000142997D01329A7D197E70621D6E9010256
:107B700007F0ECFE201D00F033FC00285DD172E020
:107B8000012F70D169680A2967D10EF061F920B917
:107B9000706810210DF02BFEA8B3484608F064FB76
:107BA000002860794FEAC07052D020B1484608F0F2
:107BB00068FB012847D80821D6E9010207F0C6FE74
:107BC000201D00F00DFC00286ED10421D6E9010231
:107BD00007F0BCFE201D00F003FC002864D1072143
:107BE000D6E9010207F0B2FE201D00F0F9FB0028E3
:107BF0005AD10A21484608F0A7FB201D00F0F0FBEF
:107C0000002851D129E0FFE70821D6E9010207F059
:107C10009DFE201D00F0E4FB002845D16079C007DF
:107C200004D10421D6E9010207F090FE201D00F0E6
:107C3000D7FB002838D1072100E035E0D6E9010262
:107C400007F084FED9E7706820210BF084FF04E080
:107C500018B90121484608F088FB6179C4F84880CA
:107C600021F001016171C6F80480A88900281BD0A9
:107C7000484608F0F9FA0028B5F90C0028D0002889
:107C800014DA4FF000060AE04FF01401484608F0FD
:107C90005BFB201D00F0A4FB002805D1761CB5F984
:107CA0000C004042B042EFDCBDE8F087FCDD00266E
:107CB00009E01321484608F047FB201D00F090FB27
:107CC0000028F1D1761CB5F90C00B042F1DCEBE7ED
:107CD000002811DA4FF0000608E0484608F0A8FA3C
:107CE000201D00F07DFB0028DED1761CB5F90C00CC
:107CF0004042B042F1DCD7E7D6DD002608E0484636
:107D000008F038FA201D00F06BFB0028CCD1761C5F
:107D1000B5F90C00B042F2DCC6E70000D400002444
:107D200070B50446C06A002870D194F84100C007BD
:107D30006CD1656A4FF4004603E028460CF000FC65
:107D40000546002D62D0314628460DF050FD002832
:107D5000F3D1B4F91400002801DD014600E04142EE
:107D60002B4A926813689B7E994209DAB4F916107F
:107D7000002900DC4942994202DA0021A187E1870B
:107D8000A18FE38FE68A084400B2A087991909B24F
:107D9000E187002801DD034600E043421668F67ED5
:107DA000B34206DC002901DD0B4600E04B42B34242
:107DB0002CDD012384F84130002801DD034600E07A
:107DC0004342002901DD0E4600E04E42B34209DD88
:107DD000002894F8400020F0F00001DD20300AE097
:107DE000103008E094F84000002920F0F00001DD98
:107DF000803000E0403084F840000C21284607F035
:107E0000A5FD2046BDE8704000F0EABA70BD000054
:107E1000D40000242DE9F0470E46897B04464079C2
:107E200001294FF0000823D0010708D520F00801F0
:107E300021F001016171C4F8488084F80880D4F809
:107E400054905FEA09007CD008F014FA664D0028CF
:107E5000686076D080210DF0D6FCE1680746706836
:107E6000E060B27B207A2272B27B012A03D003E069
:107E7000000766D4E3E708B1AFB3B0E011F06CFEE1
:107E8000A0647168092903D00B2909D087B1A6E045
:107E90000021484608F069FA484608F06BF956E0B8
:107EA0000021484608F061FA484608F0C1F94EE062
:107EB0000A2902D01B290BD016E00A21484608F0F7
:107EC00043FA201D00F08CFA00283AD1012137E056
:107ED0001B21484608F038FA201D00F081FA0028DE
:107EE0007FD120212CE003E0484608F02DFA2EE057
:107EF000012A01D032B372E0012870D170680A28DB
:107F000009D10221D5E9010207F020FD201D00F072
:107F100067FA002865D16079C00720D1A06C11F004
:107F200015FE2168898B8842607916D940F00100DE
:107F3000607170680A2852D111F00EFE0521E064CC
:107F400001E04EE01FE0D5E9010207F0FFFC201D33
:107F500000F046FA002844D141E0C0073FD0E06C71
:107F600011F0F4FD2168C98B884238D911F0F4FD75
:107F7000E06471680A2904D0092989D00B29B3D19A
:107F80008EE70621DCE7012829D10A29716020D17A
:107F90000821D5E9010207F0D9FC201D00F020FAE4
:107FA00000281ED16079C00709D10421D5E901025A
:107FB00007F0CCFC201D00F013FA002811D1072196
:107FC000D5E9010207F0C2FC201D00F009FA0028E3
:107FD00007D16179C4F8488021F001016171C5F8C9
:107FE0000480BDE8F0870000D400002470B504468A
:107FF00000680D4609880069A1826988E1820268EB
:10800000117CC1F30111022901D003290AD1118881
:108010002A88891A491E298001686A884988891A2C
:10802000491E69800168097CC1F30111012901D051
:10803000032907D12A8869886A8000684088401A25
:10804000401E28802068006904F03EFA206800691C
:1080500004F080FA206D78B1B4F91020B5F9001061
:108060008A4205D1B4F91220B5F902309A4203D000
:10807000B5F902200EF05EFF2888208168886081B3
:108080002079012804F1040006D000F0FBF82089D3
:1080900061892082618270BD00F002F8F7E700007C
:1080A0002DE9F041764D0446406A68606178090721
:1080B0007ED4A9684FF0000609680F6930B1E16A03
:1080C00039BB4FF400510DF092FB10BB384604F061
:1080D00011FA211D09F0FEF8686070B9384604F005
:1080E00011FA211D09F0F6F8686030B9384604F03D
:1080F0001BFA211D09F0EEF86860A06A48B1A6835A
:108100002046E683F2F7B3FD204600F069F9002827
:108110004ED1606A696888423CD0A188E288A1811A
:10812000E28140B1AA68032107F010FC204600F06C
:1081300057F900283CD168686062A06250B311F022
:108140000BFD60640121607820F0010060702683DF
:10815000668394F8400020F0FF0084F8400084F823
:108160004160A687E687A682E682D5E9010207F08C
:10817000EDFB204600F034F900287FD1A868417952
:1081800009077BD4001DFFF7DBFB204600F028F930
:10819000002873D1A088A189401A01B2A182E08889
:1081A000E289801A00B2E082B4F91C20114400E098
:1081B00064E001EBD1714910A183B4F91E100844A9
:1081C00000EBD0704010E083E0692062686800280E
:1081D00054D0AA68022107F0B9FB204600F000F94C
:1081E00000284BD1A8684079000747D42046F2F711
:1081F00087FC204600F0F4F800283FD12046FFF726
:108200008FFD204600F0ECF8002837D1E06A002806
:1082100034D16078C0071DD1606C11F097FCAA685A
:108220001168898B88420FD96868052107F08EFB99
:10823000204600F0D5F8002820D1607840F00100F9
:10824000607011F089FCA064E06A002816D16078A3
:10825000C00713D0A06C11F079FCAA681168C98B13
:1082600088420BD96868062107F070FB204600F0B1
:10827000B7F8002802D111F06FFCA064BDE8F081CE
:10828000D40000242DE9F84304464078434E0025ED
:10829000000711D5606A0321B26807F057FB20463A
:1082A00000F09EF8002877D160786562A56220F022
:1082B00008006564A5646070606A7060D4F82C8002
:1082C00000285ED0B268082107F040FB204600F08D
:1082D00087F8002860D1B8F1000F16D16078C00788
:1082E00009D10421D6E9010207F030FB204600F055
:1082F00077F8002850D10721D6E9010207F026FBC4
:10830000204600F06DF8002846D16562B8F1000003
:108310006564A56440D04FF48079009500274E46EF
:10832000054600216E220DF046F8384407B2284673
:1083300000216D220DF03FF800B2C11700EB116073
:10834000001210FB06F006B228460CF0F9F8050002
:10835000E7D10FB94E4514D04FF480306B4690FBF7
:10836000F6F079420DB2294606B204F11C003246FD
:108370000FF076F804F120006B46324629460FF0E4
:108380006FF8B8F1000F07D02046F2F770FC2046D6
:10839000BDE8F84300F024B8BDE8F883D400002419
:1083A0004279910718D500218162C16222F003024F
:1083B00001638164C1648183C18390F8443023F0F8
:1083C0000F0380F8443001844184A0F84010A0F8E5
:1083D000421042710148416070470000D4000024FF
:1083E0004078810702D5034A00215160C0F3400064
:1083F00070470000D40000242DE9F041044690F8B5
:108400002A00C00738D0A18C0723E28CB1FBF3F01F
:10841000B2FBF0F300EB400100FB13220A4492B2DE
:10842000E284B2FBF0F500FB152008442085002112
:1084300020460DF053F80021054620460DF07BF84C
:10844000B5F90850074620460BF0CCFF06462046FB
:10845000FEF763FDE18C0246E81905EBD573414355
:1084600006EBD670BDE8F0414010A0EB6300401A67
:1084700001B210460EF045BFBDE8F0812DE9F8438A
:10848000C56A8021044628460DF0B1F94E4F41F6E9
:10849000FF76C8B128460CF09EF901281DD00228AD
:1084A00028D0032837D0E786668728460CF08CF959
:1084B000012847D0022850D003285AD0A786268703
:1084C000A08E002872D072E004F1340033463946A1
:1084D0003A46009601F018FEF2E7E88A0023324699
:1084E000401C01B22846FDF7CDFDE086E88A401E1B
:1084F00002B209E0B5F91A10002332462846FDF70A
:10850000C1FDE086B5F91A20002339462846FDF75B
:10851000B9FD6087C9E7688B0023E98A3246401AB3
:10852000401C00B200EBD07001EB600808F10100C4
:1085300001B22846FDF7A6FDE086A8F1010002B2CF
:108540000023E2E7B5F91410002332462846FDF770
:1085500011FDA086B5F9142009E0B5F91810002323
:1085600032462846FDF706FDA086B5F918200023FF
:1085700015E0298B0023A88A3246091A491C09B242
:1085800001EBD17100EB610808F1010001B228464E
:10859000FDF7F0FCA086A8F1010002B200233946E5
:1085A0002846FDF7E7FC20878AE7FFE7A786208FAC
:1085B00000B92687E08E00B9E786608F002800D1D9
:1085C0006687BDE8F883000001E0FFFF70B50D4C41
:1085D000064600200D460A461D212060304607F061
:1085E000B5F9206858B1017839B12946E9F745FF56
:1085F00028B12168304610F0AFFE002070BD012088
:1086000070BD0000C40200242DE9F04188B01F466F
:1086100014460D4606460DF04DFC002842D0A542FA
:1086200040D04FF4B470854202D9A5F5B475ADB20F
:10863000844202D9A4F5B474A4B2B18C4A1995B29B
:1086400021448CB2854202D9A5F5B475ADB28442FD
:1086500002D9A4F5B474A4B2304605AA04A9FEF761
:1086600017FA394630460CF044FC51228046304619
:1086700039460CF0A0FE06A908B1012200E0002254
:10868000BDF91000CDE90221CDE90048BDF8142064
:108690002B46BDF9121092B203F0AFFF06A9304687
:1086A0000DF0BCFB08B0BDE8F0811FB503AA04467D
:1086B00002A9FEF7EDF9BDF90C2002A96B46204690
:1086C000FEF7D3FB204600F049FB011E03DD024606
:1086D000684601F0FDFC694620460DF09FFB1FBD7A
:1086E00000231A22C0E9011302707047F0B5054655
:1086F0000E46A1F57F40FF388BB058D0288EB0428F
:1087000055D9A86A00EBC601684601F072FC06A9BB
:1087100028460BF09BFE002128460CF0F2FD0021BC
:10872000074628460CF03FFD044628460BF094FE11
:1087300003F0B8FE0A2290FBF2F1B94201DB90FB94
:10874000F2F790FBF2F339B2A34201DB90FBF2F4B3
:10875000BDF81820BDF80000531A1844BDF81A30AF
:10876000ADF80000BDF802001F1B3844BDF80470CE
:1087700000B2ADF802003A441144ADF80410BDF85F
:1087800006101944214409B2ADF80610AA8EB2426F
:1087900009D1EA6A32F81620520504D5091A491C93
:1087A000401AADF80200694628460DF037FB0BB0C1
:1087B000F0BD1CB5044601466846FEF717FB694646
:1087C00020460DF02BFB1CBD2DE9FC470446B0F8FC
:1087D00082000D46A8427DD920460BF01DFEB4F85C
:1087E0008410484340F30F2620460BF02FFF074626
:1087F00094F88800010705D500F00700012806D08D
:1088000002286FD02046BDE8FC470DF0E4BA0021F5
:1088100020460CF0CBFB0021804620460CF0E1FC0A
:10882000A28A40444FF4A0211044C01B0FFA80F9E3
:10883000204649220CF0BFFD0FFA80F820464FF485
:1088400000310CF0C0FE0746A08AADF80000E28AB5
:10885000ADF80220208BADF8040008EB0700618B17
:10886000121AADF802200844ADF80600B4F88200F0
:10887000401EA84218DD6A1C06FB05F1724391FBFD
:10888000F0F192FBF0F2494402EB0903A1EB08027C
:1088900003EB0801D01BADF8000039442046ADF8C9
:1088A000041069460DF0BAFA002D48D0691EB4F8DC
:1088B000820006FB05F24E43401E96FBF0F192FB50
:1088C000F0F201EB090302EB0901A3EB0802D01B54
:1088D000414401E033E005E03944ADF80000ADF873
:1088E000041028E0002120460CF057FCB4F8843036
:1088F0000021B4F8822058434FEA202806EB0800F4
:1089000090FBF2F620460CF051FB754300218146A6
:1089100020460CF066FCA28A484451194518694665
:1089200020460BF093FDE81B8219ADF80420A0EB64
:108930000800ADF80000694620460DF06FFABDE86A
:10894000FC8770B505460CF009FF044628460BF07D
:10895000B6FD844201DB012070BD002070BD28B14E
:108960000A2803D00D2801D000207047012070474D
:1089700040680078884201D101207047002070478C
:108980000168D0E901021144814201D801207047F9
:10899000002070472DE9F74F82B00D46BB490446D1
:1089A0000CF02CFF00287AD12046FEF7CDF8824645
:1089B0002046FEF741FD5FEA000870D0BAF1000FD3
:1089C0006DD02046FEF7B6F807462046FEF72AFD92
:1089D000DFF8BCB2002106462046BBF80E200CF0A2
:1089E000EAFC00F0FF09BBF81420002120460CF03F
:1089F000E2FCAB6807EB0A02C0B2009028686FF097
:108A0000010101EB420206EB080CD5F80C809B5AE1
:108A100001EB4C01825A30F817A068681A44A2EBA7
:108A20000A0230F801C038F801100FFA82F830F865
:108A300016300CEB0100C01A0FFA80FB2046002113
:108A40000CF06FFA01280AD1B9F1000F03D0B9F187
:108A5000020F02D003E0022000E000208146218BBB
:108A6000A28AB9F1010F638B4846A1EB0201B4F869
:108A700016C001F10101A3EB0C0202F101020FFA91
:108A800081FA0FFA82F914D0022822D0618C0328CF
:108A900006D0286821F4006130F9170006E0F2E002
:108AA0002A6841F40061C24632F9170061848046A9
:108AB0001EE02A68A8EB0A0000EBD07032F817100D
:108AC00001EB60000FFA80F8608C20F40060608495
:108AD0000EE020460CF042FE2968628C22F400620F
:108AE00031F81730628403EB0801081A0FFA80F896
:108AF0000098012811D002281DD0032804D0608CD2
:108B0000696820F4806004E0628CD946696842F4A8
:108B1000806031F9167060841BE06A68ABEB090075
:108B200000EBD07032F8161001EB600007B2608CD9
:108B300020F48060EFE720460BF0C1FC6968628C8E
:108B400022F4806231F81630628403EB0B01081ABC
:108B500007B220460CF002FE504504D120460BF02F
:108B6000AEFC484527D0A08AADF80000E08AADF8F9
:108B70000200208BADF80400608BADF806002046A3
:108B80000DF029F904F114005146054601F0C8FA28
:108B90004946284601F0BFFA20460DF01CF929216C
:108BA0006A46204606F0D2FE20460BF0C9FC222180
:108BB000224606F0CBFE002120466B220CF0FBFB88
:108BC00006B2204600216C220CF0F5FB05B22046CF
:108BD0000CF0C4FD814620460BF071FC01464FF0BD
:108BE0006402C6F3413001284FF4FA634FF47A7CF3
:108BF0000CD126F4C040984208DC604501DDC0F588
:108C00007A7000FB09F090FBF2F006B2C5F3413038
:108C100001280BD125F4C040984207DC604501DDF6
:108C2000C0F57A70484390FBF2F005B204980499BD
:108C3000028908EB06004B897919A58A1044E28A5B
:108C40001944401B891A05B20EB255EA06001AD023
:108C500020460DF0C0F8A08A218BE28A2844638B5D
:108C60002944A082324421833344E2822046638334
:108C70000DF0B1F805B03246294620460023BDE884
:108C8000F04F0DF04FB905B0BDE8F08F01000600C0
:108C9000200100242DE9F04115460F46064600202C
:108CA00005E039462046B04701280AD0204612F098
:108CB00011FB040002D060688000F2D10020BDE802
:108CC000F08105B12C600120F9E703880A889342FE
:108CD00001D0981A704740884988401A7047037835
:108CE0000A78934201D0981A704740784978401A20
:108CF000704700002DE9F0414268096822F04042C7
:108D00008A4226D10446FDF751FEDFF84C80054625
:108D1000D8F80820131B521BC8F808205E1B15D07A
:108D2000274632466119384609F0E0FE06E0A068A1
:108D3000401BA0602046FDF739FE0444D8F8080027
:108D40008442F4D1B819294609F092FF0120BDE808
:108D5000F0810020FBE70000000100242DE9F04134
:108D60004FF440360446402231460CF024FB4322A7
:108D70000546204631460CF01EFB2844314605B21C
:108D800020460CF06EFB00283146204602DD0CF038
:108D900068FB02E00CF065FB40423146284405B216
:108DA00020460CF06AFB00283146204602DD0CF01C
:108DB00064FB02E00CF061FB40423146284405B2FE
:108DC000204635220CF0F7FA382207462046314675
:108DD0000CF0F1FA384400B2854200DD2846BDE8C7
:108DE000F08170B5054606F06EFD0446284606F093
:108DF000A8FD06460BF0A4FB2A2C054601D0292C21
:108E00000BD10021304609F0F9FA284613F050FB47
:108E10002846BDE8704015F0CFB970BD2DE9FC4182
:108E2000144688460646D80729D004F108000125D3
:108E30000746002206F11401F1F73CF858B1002072
:108E40006A4612218DF800003046019706F07EFD3B
:108E50009DF8000098B16089218A0844401EE08195
:108E6000B4F90E10B4F90600814200DDE08102B0D1
:108E70002A4621464046BDE8F04104F0C5B8002529
:108E8000EEE72DE9F04188B01D46164607468846B4
:108E90000846F2F764F902A9044640460BF0D6FAF8
:108EA000224602A8114601F013F9022E05D0012E28
:108EB00029D0002008B0BDE8F081DDE902010023DF
:108EC0001A46CDE9040104A940460CF094FBB968A8
:108ED00004AA6846F0F7C5FF0028EBD0DDE90001E1
:108EE00001230022CDE9060106A940460CF083FBD0
:108EF00006A902AA0846F0F7B4FF0028DAD00698BF
:108F00002860079809E0B96802AA6846F0F7A9FF47
:108F10000028CFD000982860019868600120C9E738
:108F200070B504460BF00CFA0025064606E0A06872
:108F3000006850F82500FFF7F3FF6D1CB542F6D32B
:108F4000608CC1071AD020F00100608420460DF02B
:108F50008BFA20460DF0A5F986B1002120460CF0D1
:108F60006DF858B10C494968884207D80B4909681F
:108F700001EBC00050E9022120469047608C810738
:108F800008D520F0020060842046BDE87040002132
:108F90000DF0CBB870BD0000E800002448020024AA
:108FA000F0B587B014216846E9F755FA184801680A
:108FB00041F002010160016801F0020105910168C0
:108FC00041F002010160006801250026114F0224D2
:108FD000694600F002000590CDE90045CDE9024662
:108FE0003846ECF779F90396694600953846CDE99D
:108FF0000154ECF771F9012238460221ECF78FFA9F
:10900000012238461146ECF78AFA07B0F0BD00009D
:10901000E0440258000402582DE9F04780461F46FC
:10902000089DE869002800FB01F34FEAA32306DD51
:10903000934206DD95F8280080070FD48EE0934216
:10904000F8DBCB19002800FB03F04FEAA02008DD75
:10905000904239DA95F8280080077FD40120BDE8D6
:10906000F0879042F6DCA869521C504340F3950209
:10907000D0B213124FF0FF02002827D06E6AC0F161
:10908000FF0404FB06F4A2EB242600BFA3EB0104BB
:10909000A14636D0002C15DBBC4213DAC0F1FF002C
:1090A00095F82810C6F1FF0358438907A2EB60200A
:1090B000C1B201D5C1F1FF0118F8040011F02EFE74
:1090C00008F80400641C1CE0A869CEE74FF0FF0616
:1090D000DCE7002C10DBBC420EDA95F82810A6EB7A
:1090E00060028807D1B201D5C1F1FF0118F8040070
:1090F00011F014FE08F80400686A641C361ABC42B9
:1091000002DA686AB042E4DBBC4219DA002C17DBF1
:10911000D5E9060170438012002900FB06F0C0F378
:10912000472101DAC1F1FF0195F82800800701D538
:10913000C1F1FF0118F8040011F0F0FD08F8040077
:1091400095F82800800707D5B945494606DC00296F
:109150000DDB404609E001E0641C01D500207EE7FC
:10916000BC4204DC391B08EB040009F081FD02203D
:1091700075E72DE9F05F064689461D460A9FB869E6
:10918000002800FB02F14FEAA12300DD5B1C4B45E8
:1091900097F8283002DA980707D4DBE08C1209EB45
:1091A000050CA44502DA98077DD487E0521C41F3F0
:1091B000950100FB02F44FEA2128C9B244F3950C53
:1091C000A8EB09044FEA2C2290450CF0FF0C05D0C7
:1091D000002803DA11B9FF219046641E904527D17B
:1091E000002C0CDBAC420ADA614498074FEA5101CB
:1091F00001D5C1F1FF01305D11F090FD305597F8B8
:109200002800641C800706D5A8EB0901A9424ADAA8
:1092100092E0304609E0AC4200DD2C46002C42D002
:1092200005DDA5EB040106EB040009F021FD8EE04D
:1092300000284FF0FF0B47DAF869002CC0F100005E
:1092400000FB01F04FEAA02A0DDBAC420BDA0AFB6F
:1092500001F09A07C0F3472101D5C1F1FF01305D4C
:1092600011F05CFD3055B969AAF1FF004143641E5D
:109270004FEAA12011D4AC420FDACAF1FF0197F8EE
:10928000282041439207ABEB6120C1B201D5C1F167
:10929000FF01305D11F042FD305597F82800A41C05
:1092A000800709D500E055E0A8EB0901491EA94255
:1092B0004DDC0029ADDC4AE0AC4202DD0120BDE816
:1092C000F09F002CADDA42E0FA69C1F1FF00002CFA
:1092D00000FB02F14FEAA12A0EDBAC420CDA00FBE4
:1092E0000AF09A07ABEB6020C1B201D5C1F1FF01D2
:1092F000305D11F013FD3055B969CAF1FF004143EB
:10930000641C4FEAA1210ED4AC420CDA484397F812
:109310002820C0F34721920701D5C1F1FF01305D3C
:1093200011F0FCFC305597F82800641C800707D525
:10933000A8EB0901A9420DDC0029BFF66AAF06E0DF
:10934000AC4200DD2C46002C04D03FF76AAF4FF052
:109350000200B4E74FF00000B1E77CB5446A07F0C3
:1093600095FE054607F0D3FE04280CD1E18E204679
:1093700021870BF09FF8064606F076FF18B1002112
:10938000304606F0F2FF284607F0C1FE012804D05F
:10939000284607F0BCFE03280AD101A9284607F099
:1093A0008BFEBDF906102046FDF78EFCE086208777
:1093B000204605F054FFA06A10B920460CF00BFDC2
:1093C000E08E1C216A460090204606F0BFFA7CBD64
:1093D0002DE9F0410026884607461448F1F7E1FDE3
:1093E00004461DE011482146F1F7EDFD05462068D1
:1093F000B84200D09FB96168414502D0B8F1000F72
:109400000DD10A482146F1F767FE216909B12046CE
:109410008847204609F02EFBF3F764FA01262C4614
:10942000002CDFD13046BDE8F0810000581C02243A
:1094300070B50C4605460948F1F7B3FD0BE001682D
:10944000A94204D14168A14207D0002C05D00146B1
:109450000248F1F7B8FD0028F1D170BD581C022474
:1094600070B54421044609F003FC09484FF4FA752D
:10947000E061002194F84230642221620120C4E9B5
:109480000A25A4F8400043F0010184F8421070BDA1
:10949000FB94019038B5044600234FF48065009595
:1094A000D4E90B20194609F03BFA3222009500213D
:1094B0004FF46E7300F0E2FF226AA16A891A4143F9
:1094C00002EBA12038BD38B5044600234FF4806577
:1094D0000095D4E90B20194609F022FA002140F248
:1094E000B6334FF46172009500F0C8FF226AA16A9A
:1094F000891A414302EBA12038BD38B50446002348
:109500004FF480600090D4E90B20194609F008FA66
:10951000226AA16A891A414302EBA12038BDD0E931
:109520000B128A4201DB806A7047006A70478B1A0F
:10953000002B00DC531A4FF47A714B43B3FBF0F06D
:10954000002800D10120704770B54168054611B16F
:109550002868FFF73DFF1948F1F7B5FD184E10B127
:1095600010F0FAFA70601548F1F740FD040024D0BD
:109570004422294609F0BAFA2868A84200D124609A
:10958000717894F8420061F3820084F84200C107C8
:109590000FD0616939B120468847226AA16A024426
:1095A00022620844A06262681AB1206808B1216A88
:1095B0009047F3F797F9204670BDFEE7581C022448
:1095C0003002002470B5458D0023848DA54201D260
:1095D0002B4602E0C5F5B4752C448B420FD8A1424E
:1095E0000DD8E21AB1EB520F416B02D841F00801DD
:1095F00001E021F00801416341F0100134E09342A1
:109600004FF4B47507D19E1A2644AE4203D0416B85
:1096100041F00801F0E7934209D3C2F5B4768E42D7
:1096200005D8A94203D8416B41F008011AE09342E2
:1096300006D2D61AC6F5B4768E4201D8A942F2D91E
:109640002244AA4205D81944A14210D3914206D916
:109650000DE0A2F5B4728A4209D3A14207D9416B49
:1096600021F0080121F010014163012070BD0020AC
:1096700070BD2DE9F0410C464A6B002122F0060234
:1096800062638720666B2D22A1844300608546F0CB
:10969000080666634FF40045A2854FF4347CE084ED
:1096A0006427238526F00100E58521866786C4E9C5
:1096B0000D0C10F051FA218D626BE063A4F840109C
:1096C00022F0100002216063204609F016FE4FF4DC
:1096D000447120460AF004FA2046BDE8F0410D210D
:1096E0000DF045BB2DE9F04FAFB0044606F029F967
:1096F0000746204606F0EDF81AAA2A902CA938460B
:10970000FDF7C6F92A9906A80AF046FCBDF96800DB
:109710000DF1B00ADFF888810DF1080B00282DDD6E
:10972000584602F04BFF0021384602AA0CF09FF881
:109730000020CDF83CA013901A2106AACDE907809D
:10974000BDF86800ADF854003846CDF838B006F0E2
:10975000FDF8B88CBA8D798D0244014490B289B27B
:109760002CAACDE90010BDF8543002A92A9802F0C5
:1097700015FF1B21384606AA06F0E8F84FF4003919
:10978000384649460BF039FD0646494638460BF047
:1097900082FD0546494638460BF0D7FD044649464A
:1097A00038460BF0C4FCAE4201DD314600E02946EC
:1097B000844201DD224600E00246914205DDAE42D0
:1097C00001DD304604E0284602E0844200DD204608
:1097D000BDF86810081A04B2002C34DD02A802F0AB
:1097E000EDFE02AA4D46494638460CF040F80121EC
:1097F000CDF83CA0139506AA3846CDE907811A2179
:10980000ADF85440CDF838B006F0A0F8BDF90A1014
:10981000BDF95400814201DDADF80A00B88C3A8DE3
:10982000F98C0244014490B289B22CAACDE900100F
:10983000BDF8543002A92A9802F0B0FE1B21384628
:1098400006AA06F083F8BDF968202DAB2CA938468E
:10985000FDF70BFB1CA804F089F94FF4403438469F
:109860001CAA21460CF056F92DA813940221CDF81C
:109870001C8006AACDE908101CA80A901A213846B7
:1098800006F064F82A982DAA1CA904F05BF91B21A4
:10989000384606AA06F05AF82FB0BDE8F08F00004F
:1098A000C06403902DE9F047FF488CB08A460AF067
:1098B0001FFD01287ED1504606F005F805465046AA
:1098C00006F03FF80646504606F03BF8022D0446E7
:1098D00011D0082D6FD0032DFCD00D2D6CD0112D83
:1098E0006BD0132D6AD0152D64D10CB05046BDE855
:1098F000F047FFF7F7BE07F0C9FB05005AD007F0A5
:1099000006FC012856D103A9284607F0D5FB07AA73
:10991000304604A9FDF7BCF8BDF80C00BDF81010E6
:10992000401AADF80C00BDF80E00BDF81210401A38
:10993000ADF80E0094F83400C00744D14FF4003164
:1099400030460BF0D6FA0546BDF81C004FF48031C6
:10995000401BADF81C0030460BF049FF10B1BDF8BC
:109960001C0008E0BDF91C00C11700EB9171B5EBBC
:10997000A10F00DA8D10401BADF81C0000B20128C9
:1099800002DA0120ADF81C00BDF80C20BDF81C1057
:10999000BDF80E0012FB02F211FB01F110FB0020DA
:1099A000884206DD606B40F00100606310F0D4F87F
:1099B000E06304E078E0E1E0FAE01DE15DE194F8C5
:1099C0003400C00770D0BDF90C1019B9BDF80E00F5
:1099D000002869D0A08D628D07B2904202D200F5B6
:1099E000B47007B2BDF90E0000F09FFBA28C618D30
:1099F000801A401A05B2002D02DA05F5B4752DB2B1
:109A0000BDF81C104FF41D72642011FB02F1B1FB74
:109A1000F0F8002002F046FD00EBC0014FF05009C5
:109A200001EB001109EB4100B0F5A07F0CD3002041
:109A300002F038FD00EBC00303EB0010A02209EB9D
:109A40004000B0FBF2F000E0012094F834304FF415
:109A5000B47148432946B0FBF8F23046C3F3C0095D
:109A6000FFF7B0FD00281FD0B4F840104FF40C727F
:109A7000608D091A0FFA81F8A5EB080109B2381AAE
:109A800001F58C7100B2914205D994F834301B076E
:109A90000BD500250AE0636B5FEAC36C06D41B0795
:109AA00003D543421DB201E065E00546B9F1000F60
:109AB00008D0606B03070ED4C0060CD491420AD9BB
:109AC000002508E0B9F1000F05D1616B0A0702D546
:109AD000C90600D40546A5EB080005B2E06B10F0FE
:109AE00035F8A16B4FF47A724143B1FBF2F080B2CA
:109AF000854202DC4042854200DA05B2618DB4F94C
:109B0000320008EB0502B4F93030A7EB010CB4F9D0
:109B10002E50A0EB030800904FEACC0C9CFBF8FC05
:109B20000CF1040C02EB2C120A440FFA82FC3A46A8
:109B3000604608F0F5FE07B2B6F92E00B8420FD025
:109B400010F00AF83946E063304600F0F6F9AF420B
:109B500006D0002230461C2105F0F8FE01280AD16B
:109B6000B4F93000B84203D0B4F93200B84202D19F
:109B70000FF0F2FFE0630CB0BDE8F087606B20F0FF
:109B80000100606330460AF095FC054606F06CFB68
:109B9000044607F07BFA07F0BAFA0428EBD1002C50
:109BA000E9D00CB028460021BDE8F04706F0DDBB47
:109BB000504605F0C4FE0078B4F92E50132806D0A4
:109BC000112804D0142805D0122803D008E0F08D05
:109BD000401C01E0F08D401E01B2304600F0ADF9AE
:109BE000B4F92E00A842C6D00CB0304600221C2189
:109BF000BDE8F04705F0AABE504605F0A0FE03AA56
:109C0000044609A93046FCF743FFB068002508B1B7
:109C1000B0F91450002130460BF06BF90646BDF840
:109C20000C007119401ABDF82610ADF80C000A1886
:109C300012B200920A1ABDF8241012B20B18081AB8
:109C400001B21BB206A800F05FFA47F6FF77216861
:109C500006A83A46F0F7EEF908B100200BE006EB53
:109C6000450002B206A8114600F032FA216806A8A3
:109C70003A46F0F7DFF920717DE7002130460BF01E
:109C8000BCFA0021074630460BF005FB00210546D3
:109C900030460BF05AFB0021044630460BF047FAE1
:109CA000AF4203DD394602E0C06403902946844296
:109CB00001DD224600E00246914205DDAF4201DDB2
:109CC000384604E0284602E0844200DD20464FF496
:109CD00040398046494630460BF08FFA07464946E0
:109CE00030460BF0D8FA0546494630460BF02DFBBE
:109CF0000446494630460BF01AFAAF4201DD3946B8
:109D000000E02946844201DD224600E002469142FD
:109D100005DDAF4201DD384604E0284602E084421A
:109D200000DD2046801CA0EB08043046FFF716F843
:109D3000204404B2504605F002FEB0F90010A142E2
:109D400000DD0C46048016E770B50C46054611464A
:109D500000F07EF821462846BDE8704000F0B4B817
:109D600070B50C460546114600F006F82146284617
:109D7000BDE8704000F036B870B54FF4B4730546D6
:109D800099420C4602D9A1F5B474A4B2A88D698D8C
:109D9000421A611A12B209B2002A02DA02F5B4724A
:109DA00012B2002902DA01F5B47109B28E1AB43682
:109DB0009E4203D928460CF00EF80DE0914203DADA
:109DC00000230246214604E08A4205DA00232246A7
:109DD00001462846FEF718FC2846AC85BDE87040D1
:109DE00017F0D9BB70B54FF4B473054699420C46D1
:109DF00002D9A1F5B474A4B2688DA98D0A1A091B01
:109E000012B209B2002A02DA02F5B47212B20029C3
:109E100002DA01F5B47109B28E1AB4369E4203D942
:109E200028460BF0D8FF0DE0914203DA00232246CA
:109E3000014604E08A4205DA00230246214628460C
:109E4000FEF7E2FB28466C85BDE8704017F0A3BB27
:109E500070B54FF4B473054699420C4602D9A1F58A
:109E6000B474A4B2288DE98C421A611A12B209B2F4
:109E7000002A02DA02F5B47212B2002902DA01F500
:109E8000B47109B28E1AB4369E4203D928460BF03B
:109E9000A2FF0DE091424FF4003302DA0246214660
:109EA00003E08A4204DA224601462846FEF7ACFB6C
:109EB0002846FEF7FAFB28462C85BDE87040FEF7E1
:109EC000F4BB81840BF087BF70B54FF4B4730546C3
:109ED00099420C4602D9A1F5B474A4B2E88C298D3C
:109EE0000A1A091B12B209B2002A02DA02F5B47288
:109EF00012B2002902DA01F5B47109B28E1AB43631
:109F00009E4203D928460BF066FF0DE091424FF4C4
:109F1000003302DA2246014603E08A4204DA0246AE
:109F200021462846FEF770FB2846FEF7BEFB284672
:109F3000EC84BDE87040FEF7B8BBB0F92E308B4220
:109F40000ED0B0F932208A4200DA1146B0F9302042
:109F50008A4200DD11468B4202D0C18517F01BBB3F
:109F600070470A8802804A8842808A888280C9882D
:109F7000C18070470A8802804A8842808A8882802D
:109F8000C988C18070470A8802804A8842808A88CE
:109F90008280C988C18070470A8802804A884280CE
:109FA0008A888280C988C18070470A8802804A886E
:109FB00042808A888280C988C18070470A8802806E
:109FC0004A8842808A888280C988C18070470A880E
:109FD00002804A8842808A888280C988C18070470E
:109FE0000A8802804A8842808A888280C988C18023
:109FF00070470A8802804A8842808A888280C9889D
:10A00000C18070470A8802804A8842808A8882809C
:10A01000C988C18070470A8802804A8842808A883D
:10A020008280C988C18070470A8802804A8842803D
:10A030008A888280C988C1807047C1884088081A90
:10A04000401C00B27047C1884088081A401C00B20A
:10A050007047C1884088081A401C00B2704730B56C
:10A060000B880488498845881A1B491B62F30F0036
:10A0700061F31F4030BD10B5B0F90410B0F90020F5
:10A08000B0F90630B0F90240881A401C191B491C6F
:10A09000484310BD81880088081A401C00B27047F0
:10A0A00081880088081A401C00B2704781880088A7
:10A0B000081A401C00B2704781880088081A401CAA
:10A0C00000B2704781880088081A401C00B27047AF
:10A0D00070B50388848846885B1AC5880C44038061
:10A0E000B11A84802A444180C28070BD70B5038853
:10A0F000848846880B44C5880C440380B11884804A
:10A100002A444180C28070BD10B5029C018042800B
:10A110008380C48010BD4288491E1144C1807047AD
:10A120000288491E11448180704700284FF00002C8
:10A1300001DA40420122002901DA4942921C884298
:10A1400007D9C1EB0111103201EB4101B1FBF0F372
:10A1500005E0C0EB001000EB4000B0FBF1F3002085
:10A16000D9B216290BD92C2900D80120292900D8C9
:10A17000401C252900D8401C20290BD90BE00229BE
:10A1800000D30120062900D3401C0A2900D3401C1B
:10A190000F2900D3401CD106184401D5C0F15A0044
:10A1A00091074FEAC27105D509B1B43005E0C0F19D
:10A1B000B40002E009B1C0F5B47080B27047C1606C
:10A1C00000680BF008BE00684FF0FF320168C26003
:10A1D00001F13C02904202D182684A6205E001F13D
:10A1E0004C02904201D182680A6300680BF0F3BD13
:10A1F00010B50C4664210020C4E90A01206304F173
:10A200003C016062A0862087E086608784F85C005D
:10A21000204600F0A6F804F14C01204600F0A1F819
:10A220000821204609F05CFC1021204609F058FC6A
:10A2300000222046BDE81040114600F0BEB810B51F
:10A240000C46002104F13C00FFF7C2F804F14C0079
:10A25000BDE810400021FFF7BBB800002DE9F04138
:10A2600031480D460AF044F8012854D1284605F03B
:10A270002AFB0446284605F064FB132C80460AD0CE
:10A28000012C4AD0082C48D0152C44D12846BDE8D2
:10A29000F041F6F73DBA4FF4003109F0EFFA044609
:10A2A000284605F04CFB0546B0F90000A04200DD51
:10A2B0000446404600212C800AF0A5FF00210746F5
:10A2C00040460AF0EEFF0021064640460BF043F8F8
:10A2D0000021044640460AF030FFB74201DA394611
:10A2E00000E03146844201DA224600E00246914213
:10A2F00005DAB74201DA384604E0304602E084422B
:10A3000000DA2046002806DAB5F900104042814202
:10A3100000DC01462980BDE8F08108F134014046A7
:10A32000BDE8F0410BF07ABDDC64039090F85C006E
:10A3300000F00300704790F85C1001F0030102295F
:10A3400001D0806A7047816D491C01D0406D704713
:10A35000006B7047816C491C01D0406C7047406AAB
:10A3600070470022531EC1E90002C1E90223704771
:10A3700038B5134690F85C2002F00302022A1BD184
:10A38000D0E90A428A4201DD0D4600E01546AC42A2
:10A3900001DD214602E08A4200DC1146426A8A421F
:10A3A00000DA1146026B8A4206D000F130020093B7
:10A3B00000F14C0300F022F838BDF8B5446A1346AA
:10A3C0008C421AD0D0E90A528A4201DD0E4600E0E2
:10A3D0001646B54201DD294602E08A4200DC1146FC
:10A3E000026B8A4200DD11468C4206D000F1240245
:10A3F000009300F13C0300F001F8F8BDF0B591B016
:10A4000007461C4616460D46169818B3E068401CD1
:10A410002ED0A0680021C4E9010518461560FEF79A
:10A42000D7FF6846FFF71CF812484FF48071652289
:10A43000CDE9004000200890CDE909010E48002137
:10A44000039038460AF0B7FF0B906846FFF77CF898
:10A4500011B0F0BD00211846FEF7BAFF4FF0FF30F3
:10A46000E060356011B03846BDE8F0400BF0B3BC99
:10A470003068CFE7BFA10190C7A10190F0B5C0F54A
:10A48000806400FB00F604FB04F5B70ADDF814C095
:10A49000AD0A05FB04F67C43454347435543B00AE8
:10A4A0005C434843BA0A05EB4503810A180D02FBD9
:10A4B0000CF204EB4403014401EB135000EB922037
:10A4C000F0BD10B50C461021204609F009FB2046CE
:10A4D000BDE810404FF4806108F00FBF014604480A
:10A4E00010B509F04FFA044609F0C0FA204610BD35
:10A4F000F864039070B50646008E0D461446A842D7
:10A500001BD9E00608D5012130460BF070F918B1CF
:10A510000121304609F0E4FAF06A30F81510A14341
:10A5200020F8151029463046FEF7E0F8600504D5FE
:10A530003046BDE870400CF0EEB870BD70B5002438
:10A540000E46054606E0324621462846FFF7D2FF72
:10A55000641CA4B2288EA042F5D870BD08464FF600
:10A56000FF7200210186418682868162C16241625A
:10A5700080F83610014900F04DBB0000A80200240D
:10A580000146044810B509F0FDF9044609F06EFAD9
:10A59000204610BD1465039010B5886A0C4608F07B
:10A5A00069FAE06A08F066FA0020A062E06210BD75
:10A5B0002DE9FC47FD488A4609F09AFE012845D15D
:10A5C000504605F080F90646504605F0BAF9132EBC
:10A5D00004464FF0000702D02A2E4AD01BE0608EBE
:10A5E000A146002832D0D9F82480002532E000BFEF
:10A5F000D9F82C0030F81500C0F3802040B3608EED
:10A6000028B1204609F0EEFE618E90FBF1F001B218
:10A61000504605F0BBF9292E2FD0012E4FF6FF75BD
:10A620002DD0022E6DD0082E7ED0062E7DD0032E8A
:10A630007CD00E2E7BD00F2E7AD0102EFCD00D2E7B
:10A6400077D0152E02D15046F7F7E2F8BDE8FC8727
:10A650006D1CADB258F825000028F7D0D4A1E7F75B
:10A660000CFF0028F2D058F8250000780028BFD150
:10A67000ECE7616A00F0CEFAE8E72046F9E75046D9
:10A6800005F05DF9A18E06462046FEF72FF806F08C
:10A69000FDFC06F03CFD012801D003281BD16946D2
:10A6A000304606F009FD69462046FCF7ADF8A842A1
:10A6B0002146A5861CD0E16A31F81010C1F3801242
:10A6C000002AC3D1C1F300110029BFD10146A086E1
:10A6D0002046FEF70BF8A08EA842B7D0E16A31F809
:10A6E0001000C0F340210029B0D1C0F38021A1E0C7
:10A6F0008D86ABE7C0F300100028A7D1A08E019093
:10A7000048E0504605F01BF9074606F0BFFC064638
:10A7100006F0FDFC042899D0022897D069463046FF
:10A7200006F0CAFC694605E03AE07BE08AE08CE08E
:10A73000CEE0D5E02046FCF767F8A18E064620461D
:10A74000B14283D0A94201D0FDF7D0FF3846A6869A
:10A7500006F092FDAE428BD0E06A30F81600C0F3EE
:10A760008011002984D1C0F30010002884D1314623
:10A770002046FDF7BBFFE06A30F81610C1F3402118
:10A780000029B6D1A18E30F81100C0F38020002836
:10A79000AFD101961C2101AA204605F0D7F855E754
:10A7A000A18EA94239D0E26A32F81100C0F3C01379
:10A7B000B3B1C0F380139BB9C0F300231BB194F86D
:10A7C0003630DB0714D040F4807000BF22F811004F
:10A7D00094F83600C00703D0A18E20460FF0AAFFE0
:10A7E000A08EE16A31F81000C0F3402131B902E0D7
:10A7F00020F48070EAE7C0F3802171B1C0F38011CA
:10A8000059B9C0F3001040B9A08E1C2101AA0190D3
:10A81000204605F09BF80128C1D1A18E2046FDF706
:10A8200065FF13E7A08EA842B9D0E16A31F81000A5
:10A83000C0F340110029B2D1C0F3801100293FF4C8
:10A8400059AF03E7A18E204646E0208E0028A6D00F
:10A85000504605F074F8074606F059FC06462FB935
:10A86000002006F019FC06F052FC0646204609F0CE
:10A8700021FE05F0F9FCA18EA94290D1022E02D052
:10A88000042E2BD150B394F83600E26AC1074FF082
:10A89000000001D110E0401C32F81010C1F3001389
:10A8A000002BF8D1C1F38013002BF4D1C1F30021A8
:10A8B0000029F0D00AE0401C32F81010C1F3001358
:10A8C000002BF8D1C1F380110029F4D1A086BDE698
:10A8D000A18E2046A94201D0FDF708FFA586B5E666
:10A8E000A18E2046FDF702FF504605F028F80078BB
:10A8F000132814D0142837D012284FF002064FF036
:10A90000040957D0112888D1002120460AF04BFCB9
:10A91000A28E8046AA4279D1E26AA786A5E0A08EDF
:10A92000A84201D1A78601E0401CA086A18E268EF8
:10A93000B14200D3A786A38EE26A08E0491C88B220
:10A94000A086B04200D3A786A08E98427ED0A18E6A
:10A9500032F81100C0F3001CBCF1000FEED1C0F3BF
:10A9600080100028EAD158E7A08EA84201D1A7861E
:10A9700000E000B9208E401EA08683B2E26A09E0A2
:10A9800011B1491EA18602E0208E401EA086A08E35
:10A99000984268D0A18E32F81100C0F30016002E44
:10A9A000EED1C0F380100028EAD136E71465039099
:10A9B0000A000000002120460AF0F5FBA28E804626
:10A9C000AA4214D1E26AA78605E0238E491C88B208
:10A9D000A086984247D2A18E32F81100C0F300132E
:10A9E000002BF2D1C0F380100028EED115E7A16A48
:10A9F00009EBC2051046238E4F5B31F830507F1BA8
:10AA00007F1C47F34E073D442DB221E039E000BFE3
:10AA100006EBC00706EBC20CCF5F31F90CC06745EF
:10AA200012DD31F93070AF420EDC09EBC007CF5FA9
:10AA30004744AF4208DBE76A37F810C0CCF3801711
:10AA400017B9CCF300172FB1401C00E00BE080B227
:10AA50008342DDD8834249D8DFE6238E491C88B281
:10AA6000A086984201D3A586D7E6A18E32F81100C0
:10AA7000C0F30013002BF0D1C0F380100028ECD1FC
:10AA8000CBE6A16A09EBC203B4F934004D46CF5AB4
:10AA900031F83230FF1A7F1C47F34E073B441BB29C
:10AAA0001FE000BF06EBC00706EBC20CCF5F31F919
:10AAB0000CC0674513DA31F93070A7EB08079F42E5
:10AAC0000DDC05EBC007CF5F9F4208DBE76A37F874
:10AAD00010C0CCF3801717B9CCF3001727B1401E74
:10AAE00000B20028DEDA98E60028B5DBA08694E6FE
:10AAF0002DE9F0410F46A1F57F41FF3918D00546F9
:10AB0000008EB84214D3002426460CE0686A641C08
:10AB1000A4B2761CB6B250F8240009A1E7F7ADFC48
:10AB200008B9641CA4B2BE42F0D1288EB04202D152
:10AB30000020BDE8F081686A50F82400F9E70000C1
:10AB40000A000000808E7047038E8B4204D9C06AD1
:10AB500030F81100824301D0002070470120704777
:10AB600070B50446008E0E461546B04234D994F8AE
:10AB70003600C00706D0E80504D54FF480712046A2
:10AB8000FFF7DCFCE80616D5218E012001290ED93D
:10AB9000002309E0B34205D0E26A12F81320D2067E
:10ABA00000D400205B1C9BB29942F3D818B101215C
:10ABB000204608F0A2FBE06A30F81610294320F87E
:10ABC000161031462046FDF791FD680504D5204654
:10ABD000BDE870400BF09FBD70BD70B500240E46FF
:10ABE000054606E0324621462846FFF7B9FF641CB9
:10ABF000A4B2288EA042F5D870BD10B5028E0446CE
:10AC0000C06A520007F072FF616A2046BDE810403A
:10AC1000AFF300802DE9F34F0D008DB07DD00D9C7A
:10AC20002046F1F717FD656200210D9C1622204693
:10AC30000AF0C1FBC0B20B900D9800210AF0E9FAAE
:10AC4000079000210D980AF08CFB069000210D98CA
:10AC50000AF057FB049000210D980AF0A4FA029024
:10AC60000D9809F0D9FB01900D9809F0BBFB628E9D
:10AC700000270499AA46C2F10102B94601FB02006D
:10AC800000B205908BE000BF4FF0000B5D460AE07C
:10AC9000E06A791930F81100FBF783FE6D1C584407
:10ACA0001FFA80FBADB25AF8250040B144A1E7F786
:10ACB000E4FB20B15AF8250000780028E8D16DB3F4
:10ACC0000598C5F1010C618E059A00FB09F0049E00
:10ACD000B0FBF1F309F101004243069809FB0606B7
:10ACE000B2FBF1F103EB0008DDE9010303FB0C0CFF
:10ACF000049B0FFA8CF00390491E09FB0383314437
:10AD000018B20A900398002808B2099001DA0020CE
:10AD100003904FF00008464639E04DE0FFE70AF1A6
:10AD2000040039E0E06A30F81700FBF73AFE08EB60
:10AD3000000108910B9A0398012A039A00FB08F07E
:10AD400001FB02F1B0FBFBF2B1FBFBF1029806FB49
:10AD50000022A1F1010106FB001110B20AB204D1D8
:10AD600001998A1A091A10B20AB20799084401B265
:10AD7000079802440998009013B2A06A0A9A00EB5F
:10AD8000C700FFF7C1F9DDF82080761C7F1CAE42BA
:10AD9000C8D30AEB8500001D09F101098246618EC6
:10ADA00049453FF671AF0D980BF0B5FC0D980FB00B
:10ADB000BDE8F04F0BF00FB80FB0BDE8F08F00000A
:10ADC0000A00000080F8361000210FF0B3BC70B507
:10ADD0000446008E0D46A84203D8A5F57F40FF38F3
:10ADE0000AD1A18E2046FDF781FC20462946A58682
:10ADF000BDE87040FDF77ABC70BD00002DE9F04160
:10AE0000884640F2E471012044460022A8F8281048
:10AE100088F82A0088F82B00A8F82C10A82188F8B8
:10AE20002E0088F82F0008F58C70C8F83020A8F89C
:10AE3000342007F01DFF00212E4E7822084606E040
:10AE400028B14307B3F1604F07D0072809D256F85D
:10AE5000203004EB8005AB630FE004EB800526A3F4
:10AE6000F9E704EB810504EB800C4F1C85F81821F1
:10AE700005F58C73F9B2CCF83830401CC0B23828D4
:10AE8000DED31EA0C4F814014046FFF779FB04F19D
:10AE900038016062FFF7BEFE54F8240F4FF40871CA
:10AEA000FFF79BFE1649002320681A2208F0D6F906
:10AEB000206842F264010CF0F8F9012140460BF0E1
:10AEC0007BFF206801210BF087FF94F90A204046A0
:10AED000218900F019F894F90730404694F90620CA
:10AEE000A18800F0ADF820684FF48041BDE8F04142
:10AEF00008F003BA580100240A0000000000000016
:10AF0000C92A01902C3070472DE9F05F04461346A2
:10AF100088B25DB28246A085012284F82E5040217D
:10AF200084F82F20606AFFF709FB0026606AB1B23F
:10AF30004022FFF715FE761C072EF7D3564629460A
:10AF40003046FCF78DF80122834629463046FBF750
:10AF500005FE06464FF001080BEB060937460DE0EB
:10AF600004EB87004346042134A200F58C700DF0F9
:10AF700093F808F101007F1C00F0FF08B945EFD8F5
:10AF8000691E5046FCF76CF8801B0025401CC7B2B8
:10AF900012E000BF04EB85003B46042127A200F528
:10AFA0008C700DF079F8E91D606A89B24022FFF7D4
:10AFB000D7FD7F1C6D1CFFB2B542EBD3012706EB1A
:10AFC0000B0511E004EB85003B4604211BA200F5B4
:10AFD0008C700DF061F8E91D606A89B24022FFF7BC
:10AFE000BFFD7F1C6D1CFFB22A2DEBD32046FCF762
:10AFF00021FC606AFFF7A6FDA0F57F41FF3903D071
:10B00000606AF11DFFF7E3FE20460AF0E4FE2046E9
:10B0100009F096F9002506460BE02946204609F07E
:10B020007DF9616A814203D01C21224604F08EFC26
:10B030006D1CB542F1D3BDE8F09F0000256400000F
:10B04000018580F82A2080F82B30FCF7F3BB2DE92E
:10B05000F0410C46102104F12400EFF7BFFF10214E
:10B0600004F13000EFF7BAFF94F888100020A4F83C
:10B070006C006422A4F874000325A4F86E0021F08B
:10B080000701A4F87600491CA4F870200527A4F84D
:10B0900078200A20A4F8722047F6FF7CA4F87A20D2
:10B0A00021F00806A4F87E504FF48073A4F8807055
:10B0B000A4F88200A4F87CC084F88860A4F88430E6
:10B0C000A4F88630BDE8F08170B501F124060C4685
:10B0D00010E000BFEFF765FF0546007B400702D494
:10B0E000686807F0C7FC29463046EFF7F5FF2846A9
:10B0F00007F0C0FCA06A00283046EBD1EFF73BFF19
:10B1000004F130050AE000BFEFF74BFF06460146A9
:10B110002846EFF7E1FF304607F0ACFC606B0028F3
:10B120002846F1D1BDE87040EFF725BFF8B57F485C
:10B130000D4609F0DDF8012874D1284604F0C3FB60
:10B140000646284604F0FDFB012E04462DD0082EAD
:10B1500069D0292E68D0132E67D02C2E7ED0152EC4
:10B160007FD1284604F0B5FB054601462046F4F79A
:10B170007BFF0022264629462046F9F7E9FF0122F7
:10B1800029463046F9F7E4FF022229463046F9F70E
:10B1900039FE042229463046F9F734FE04F1240032
:10B1A000EFF791FF002871D0B9E005F06FFF694615
:10B1B00005F082FFBDF800102546A08A081AADF8F8
:10B1C0000000284609F042FABDF80010461828464B
:10B1D00009F022F9B5F884104843002140F30F2705
:10B1E000284609F0FEFF301A00B20026002822DBB4
:10B1F000B84203DDB5F88260761E1CE095F8881031
:10B2000001F00701012902D002290FD013E0B5F89F
:10B21000821007EBD772491E414301EB620090FB9D
:10B22000F7F608E01DE01DE024E027E0B5F8821005
:10B23000414391FBF7F6B4F97C00B04211D0B1B2B2
:10B240002046FDF7C1FAB4F87C102046FDF7BCFAA1
:10B25000002220461C21A4F87C6000E031E004F0CC
:10B2600075FBF8BD34F87C1FFDF7AEFA47F6FF70AA
:10B270002080F8BDBDE8F8400BF079BAB4F9402061
:10B28000B4F94C00824202DD164601E02EE006468B
:10B29000B4F95810B4F96430994201DD0C4600E06D
:10B2A0001C46A64205DD824201DD114604E001464E
:10B2B00002E0994200DC19462846BDE8F84004F057
:10B2C00065BB284604F03BFB0546204609F0A4F880
:10B2D000B4F88410484300122880204609F082F810
:10B2E000B4F88610484300126880F8BD94F88800CE
:10B2F00000F00700012804D0022807D003280AD054
:10B300000DE029462046F8F799F908E0294620463D
:10B31000F8F76AF803E029462046F8F7B3FB294618
:10B320002046BDE8F840F4F7D5BC00008026039025
:10B330002DE9FF4F85B01D4690460E46059858B141
:10B340005EB1B0F882100446414507D8002028803D
:10B35000588009B0BDE8F08FFEE7FEE7204609F00F
:10B360005BF834F8841F484340F30F27059809F031
:10B3700039F8014660882279843C414302F0070095
:10B38000012841F30F21049104D003280AD0022898
:10B3900019D067E0B4F8820007FB08F7401E97FB5E
:10B3A000F0F05EE000970023307B3268C0F3C0010C
:10B3B00004EB410132F91800B1F97820B1F97410A9
:10B3C00007F0AEFA4DE004F1240003900290EFF78D
:10B3D000ECFD4FF4A0218146059809F0DEFEB4F89B
:10B3E000841082344843002100120190059809F02E
:10B3F000D4FE62884FF0000A34F882195043C1F13C
:10B4000001024FEA202B02FB0B7090FBF1F000B21F
:10B4100000900298EFF7DEFD06E0B14206D00398F7
:10B420000AF1010AEFF7D3FD0100F6D107EB0B009B
:10B43000B4F882700099C9F1010CDDE9002300FB2A
:10B4400008F001FB0AF103FB0C2390FBF7F0B1FBC2
:10B45000F9F2B3FBF9F3111818B200EBD07001EB5D
:10B46000600028800598002109F0A0FD0021074612
:10B47000059809F0B6FE29883844084428800598C4
:10B4800009F0E4F82988081A28800598314600F068
:10B490002CF800EB080C307BB4F882107368C0F312
:10B4A000001004EB40009CFBF1F4B0F97020B0F9FF
:10B4B0006C00121A01FB14C189B233F91110081A79
:10B4C0000499484390FBF2F0081A6880059800211F
:10B4D00009F02FFF6988384408446880059809F00E
:10B4E00081F96988081A688033E729B190F88800E3
:10B4F000000702D448897047FEE70020704700002B
:10B5000010B50C46012109A0C4E909010221204619
:10B5100007F0F3FE0821204607F0EFFE2046BDE8C5
:10B5200010404FF4806107F0E8BE00004368656397
:10B530006B20626F7800000010B591F828000C466F
:10B54000C00704D1606A07F095FA0020606210BD60
:10B550002DE9F04FBDB0054604F0F3F90446284646
:10B5600004F0B7F900213B90204609F0AEFF199096
:10B570000021B0F908703222204609F01CFF00219A
:10B580000546204609F0F3FE00EB050B204600219E
:10B5900009F045FE05442046002109F00AFE4FF45B
:10B5A00000312790204609F03AFE4FF400318146E1
:10B5B000204609F082FE4FF400310646204609F08D
:10B5C000D6FE4FF400311890204609F0C2FD6922E2
:10B5D00017904FF40031204609F0EDFE6A228046B4
:10B5E0004FF40031204609F0E6FE82462AA802F018
:10B5F000BDFA2AAA20464FF400310AF08BFADDE9A1
:10B60000172009EB06011044A28A2A44E58AD319BF
:10B610005D441944A1F10109E9190E18761E09EBE0
:10B620000801ADF8E810A2EB0802ADF8E42006EB43
:10B630000A003B99A5EB0A02ADF8E620ADF8EA0056
:10B6400003A808F0A9FC4FF000082AA807902C488E
:10B650004FF40031CDE90408109139A81A21069061
:10B6600003AA204604F072F93B9839AA2AA902F0ED
:10B6700069FA1B21204603AA04F068F9002120463C
:10B6800009F047FF00218246204609F030FF41F6CD
:10B69000FF72CDF800A0CDE90128616A0346199A2E
:10B6A00016A80EF06FFD1DA801F088FC00212046B1
:10B6B0001DAA0AF081F9701BBDF85830401C00B279
:10B6C000C01B1DA900EBD070421027985A44484473
:10B6D000ADF868001844ADF86C00E08ACDF8008041
:10B6E0001044BDF85A20ADF86A001044ADF86E0061
:10B6F000636A1AAA3B9801F0BDF93DB0BDE8F08F2E
:10B70000306503902DE9FF5F3C480E4608F0F0FDE0
:10B71000012861D1304604F0D6F80546304604F0E1
:10B7200010F92C2D04464FF4003809D0132D55D0B4
:10B73000152D51D104B03046BDE8F05FFFF708BFCA
:10B74000304604F0FCF800210546204609F0BDFE15
:10B75000078900210646204609F0DBFE00218146CC
:10B76000204609F0C4FE002141F6FF72CDF800909A
:10B77000034603A8CDE90121616A32460EF002FDBD
:10B780000021204609F015FD8346464641462046E5
:10B7900009F045FD81463146204609F08EFD82467E
:10B7A0003146204609F0E3FD80463146204609F047
:10B7B000D0FCBDF80C3007EB090252441A4407EBE9
:10B7C000080402EB0B012980BDF90E10204400B2E1
:10B7D000884200DC08466880BDE8FF9F304604F0E0
:10B7E000AEF805464146204608F048F8B5F9001085
:10B7F000814200DD08462880EEE7000030650390B6
:10B80000F0B54FF4FA660446C1F341304FF06405D9
:10B81000771001280BD121F4C040B04207DCB842B8
:10B8200001DDC0F57A70584390FBF5F001B2C2F328
:10B83000413001280BD122F4C040B04207DCB842AD
:10B8400001DDC0F57A70584390FBF5F002B29442E6
:10B8500001DA204600E01046884201DA0846F0BDD1
:10B86000944201DA2046F0BD1046F0BDF0B54FF429
:10B87000FA660446C1F341304FF0640577100128A1
:10B880000BD121F4C040B04207DCB84201DDC0F565
:10B890007A70584390FBF5F001B2C2F341300128B1
:10B8A0000BD122F4C040B04207DCB84201DDC0F544
:10B8B0007A70584390FBF5F002B2944201DA2046C8
:10B8C00000E01046884201DA0846F0BD944201DAF1
:10B8D0002046F0BD1046F0BD00221146104608B5C6
:10B8E00000F025F90090BDF8000008BD00221146C7
:10B8F000104608B500F02DF90090BDF8000008BD15
:10B9000008B50020BDF8001060F3040189B260F3AF
:10B910004A1189B260F3CF21ADF8001088B20090CF
:10B92000BDF8000008BD00221146104608B500F021
:10B9300034F90090BDF8000008BD80B270B5C30AAC
:10B9400000F01F06C3EBC30404EB0324C0F345154A
:10B95000E41D05EB4500640900EB0520C01CC6EBA7
:10B96000C60364F3174103EB06238409DB1DFF22A2
:10B97000580964F30F2160F3070162F31F61C1F3FB
:10B980000740C1F3072200EB400000EB8200C9B280
:10B990000844C0F3C70070BD38B50C460546FFF734
:10B9A000C2FF2246294600F085F90090BDF800004C
:10B9B00038BD07B58107BDF8043002D0521E20F80B
:10B9C000023BBDF8041001EB014109E00160416058
:10B9D0008160C160016141618161C1612030103AC3
:10B9E000102AF3D802E0521E20F8023B002AFAD1B6
:10B9F0000EBD102809D002DC042804D107E011286C
:10BA000003D0122803D0FF20704700207047022087
:10BA100070474FF4784108B54FF4FC6201EA1021F9
:10BA2000C0F3C40302EA501001431943ADF80010FB
:10BA300088B208BDF8B56423C0EB00204FF4B4749D
:10BA4000C2EB0225B0FBF4F2C1EB0121B1FBF3F133
:10BA5000B5FBF3F493B211F0FF00E2B226D02B2134
:10BA6000B3FBF1F15526C0F1FF04FF2514FB02F4EE
:10BA7000C9B211FB06F61E44230A06EB460464060F
:10BA8000240EC4F1FF0610FB04F416FB00F6A5EB30
:10BA90001420A5EB162450435443050A240A052913
:10BAA00018D2DFE801F006090D111400114608460E
:10BAB00013E01046214601E0284611461A460CE0E4
:10BAC00018461146224608E01846294605E0204659
:10BAD000194602E0104619462A4600F05EF800902A
:10BAE000BDF80000F8BD18B5D2088908BDF80030CF
:10BAF000C40862F3040398B261F34A1080B264F39D
:10BB0000CF20ADF8000080B218BD18B5D208890862
:10BB1000BDF80030C40862F3040398B261F34A1020
:10BB200080B264F3CF20ADF8000080B218BD18B524
:10BB3000D2088908BDF80030C40862F3040398B243
:10BB400061F34A1080B264F3CF20ADF8000080B2F8
:10BB500018BD18B5D2088908BDF80030C40862F3D2
:10BB6000040398B261F34A1080B264F3CF20ADF8B9
:10BB7000000080B218BD18B5D2088908BDF80030A1
:10BB8000C40862F3040398B261F34A1080B264F30C
:10BB9000CF20ADF8000080B218BD18B5D2088908D2
:10BBA000BDF80030C40862F3040398B261F34A1090
:10BBB00080B264F3CF20ADF8000080B218BD18B594
:10BBC000D2088908BDF80030C40862F3040398B2B3
:10BBD00061F34A1080B264F3CF20ADF8000080B268
:10BBE00018BD000018B58BB20A4984B243EA03407D
:10BBF000121D44EA044308400B40D2081B1A534369
:10BC000000EB5310084040EA1040ADF8000080B24D
:10BC100018BD00001FF8E00718B58BB20A4984B2BE
:10BC200043EA0340121D44EA044308400B40D20893
:10BC30001B1A534300EB5310084040EA1040ADF884
:10BC4000000080B218BD00001FF8E00718B58BB2E5
:10BC50000A4984B243EA0340121D44EA04430840FF
:10BC60000B40D2081B1A534300EB5310084040EA24
:10BC70001040ADF8000080B218BD00001FF8E007CA
:10BC800018B58BB20A4984B243EA0340121D44EA54
:10BC9000044308400B40D2081B1A534300EB5310D7
:10BCA000084040EA1040ADF8000080B218BD000026
:10BCB0001FF8E00718B58BB20A4984B243EA034083
:10BCC000121D44EA044308400B40D2081B1A534398
:10BCD00000EB5310084040EA1040ADF8000080B27D
:10BCE00018BD00001FF8E00780B270B5C0F345131F
:10BCF000C50A00F01F04C5EBC50000EB0520C01D00
:10BD000003EB4306400906EB0323DB1CC4EBC4052D
:10BD100060F3174105EB042408469B09E41DFF224C
:10BD2000610963F30F2061F3070062F31F6070BDC8
:10BD300080B270B5C0F34513C50A00F01F04C5EB0F
:10BD4000C50000EB0520C01D03EB4306400906EBD0
:10BD50000323DB1CC4EBC40560F3174105EB04248B
:10BD600008469B09E41DFF22610963F30F2061F37C
:10BD7000070062F31F6070BDFF221146104608B530
:10BD8000FFF7E7FE0090BDF8000008BD08B51F20D2
:10BD90003F22BDF8001060F3040189B262F34A113A
:10BDA00089B260F3CF21ADF8001088B20090BDF8E1
:10BDB000000008BD10B50C4600206421A08484F862
:10BDC000261084F8271094F83C1021F0070184F81D
:10BDD0003C1020634FF4803160630848C07884F8D9
:10BDE0002C00204607F089FA4FF44071204607F0F6
:10BDF00077FE2046BDE8104010F0B6BCAC01002430
:10BE00002DE9F043FF4891B0894608F071FA012806
:10BE100027D1484603F057FD0646484603F091FDFA
:10BE2000132E04464FF440371ED0292E50D02A2E10
:10BE300067D00D2E4FF4B47568D0012E7DD0022E40
:10BE40007CD0112E47F6FF7579D0152E78D0122EA2
:10BE500007D1484603F073FD0178022901D0012182
:10BE6000017011B0BDE8F083B846394609F0BFF95A
:10BE700007464146204609F008FA06464146204654
:10BE800009F05DFA05464146204609F04AF9B742F5
:10BE900001DD394600E03146854201DD2A4600E0F9
:10BEA0000246914205DDB74201DD384604E03046E6
:10BEB00002E0854200DD2846801C04B2484603F0BB
:10BEC0003EFDB0F90010A14200DD0C460480C8E739
:10BED000484603F034FD0546204609F03FFCA9889A
:10BEE0002A88891A491C09B2884209D1204608F0DB
:10BEF000E6FAE9886A88891A491C09B28842B0D0F2
:10BF0000204611B0BDE8F04310F02EBC484603F0C7
:10BF100016FD0068132814D0112812D0142801D05F
:10BF200012289ED194F83C00616A10F003023AD0C6
:10BF3000012A3ED0022A29D144E04CE05AE02AE10D
:10BF400035E194F83C00616A10F0030205D06420EA
:10BF5000012A0BD0022A19D110E0A08C401CB0FBA2
:10BF6000F5F205FB120060F30F010FE094F82620B4
:10BF7000521CB2FBF0F300FB132020E094F82720C2
:10BF8000521CB2FBF0F300FB132021E0204600F02E
:10BF90004AF900289BD011B0204600221C21BDE8A0
:10BFA000F04303F0D3BCA08C00B1451E65F30F0134
:10BFB000ECE794F8260008B1401E00E0642060F32E
:10BFC0001741E3E794F8270008B1401E00E0642021
:10BFD00060F31F61DAE70DF0BFFD606305F056F80E
:10BFE00004F1380105F068F811B02046BDE8F043CF
:10BFF000F2F752BC05F04AF80600CBD005F087F8FE
:10C00000042877D0022875D06946304605F054F8E8
:10C010003268B4F93800BDF90030127E191A0029CF
:10C0200000DCC11A914209DCB4F93A10BDF90230C2
:10C03000581A002800DCC81A904208DD0DF08CFD6B
:10C040006063BDF800102187BDF802106187BDF85C
:10C050000010A08A081AADF80000BDF80210E08AAE
:10C06000081AADF80200204609F078FB87B2204696
:10C07000002108F038FFBDF8002079080B1A521A89
:10C0800012B2ADF80020BDF802C00127ACEB010CE4
:10C0900019B20FFA8CF3ADF80230412907DD00EB3D
:10C0A000D070A1EB600001B2412900DA412112FBFE
:10C0B00002F011FB01F113FB0300884200DA0027B4
:10C0C000606B0DF043FD57B3BDF90210BDF90000E0
:10C0D000FEF72BF8B0FBF5F394F83C20616A12F000
:10C0E000030205FB13003BD0012A3CD0022A47D1B2
:10C0F00040E0FFE7204609F031FBA18A00EBD07059
:10C1000001EB6000ADF80000204608F0D8F9E18AA4
:10C1100000EBD07001EB6000ADF8020078E7316809
:10C12000898B8142BFF4D3AE94F83C0041073FF5C0
:10C13000CEAE00F003010322491CB1FBF2F302FB77
:10C14000131161F3010084F83C00204610F00CFB51
:10C15000204609F040FE04F099FF05F0F2F880E671
:10C1600060F30F010CE06422504390FBF5F060F3A4
:10C17000174105E06422504390FBF5F060F31F6126
:10C18000204600F050F80028E9D0002220461C216B
:10C1900003F0DCFB65E6484603F0D1FB0168064688
:10C1A00004F114002A46EDF745FF307159E6484680
:10C1B000F3F79EFE4E46484603F0C3FB0446304666
:10C1C00003F087FB0646684601F0D0FC6A46394614
:10C1D000204609F09FFCADF8005094F82C00C007F1
:10C1E00007D0204600F013F81090BDF84000ADF8DD
:10C1F00004000EA82146FAF7F9FD0EAA694630465A
:10C2000002E000009C26039001F09CFC29E608B5A2
:10C2100090F8272090F82610808CFFF70BFC0090F8
:10C22000BDF8000008BD10B54FF4B472044688B2E2
:10C23000904205D9B0FBF2F302FB130060F30F014B
:10C240006420C1F30742642A01D960F317410A0E42
:10C25000642A01D960F31F61A08C8AB290420CD18C
:10C2600094F82600C1F30742904206D194F82700C3
:10C270000A0E904201D1002010BD2046616210F0EC
:10C2800073FA204609F0A7FD012010BD70B50C001F
:10C29000054611D000F006F910FB04F05030B0F55F
:10C2A000A07F0BDB284600F0FDF810FB04F0A02176
:10C2B000503090FBF1F002E0002000E0012000B2DD
:10C2C00070BD2DE9F0411E4617460D4604461C215F
:10C2D00006F0CEFCC4E90057C4E90256BDE8F0817F
:10C2E000F8B55021044606F0C3FC20694FF4A07352
:10C2F0002380F02565804FF0FF32A28020F04000BF
:10C30000E28000218226218140F0080061815821CD
:10C3100066F3D01020614FF4FC60ADF8000000908F
:10C32000BDF80000208702482064C4E91101F8BD6F
:10C3300031DD0190F8B505464F48EEF757FE040091
:10C3400002D0E86B08B10AE0FEE7A86C06F006FB35
:10C35000060079D02A6C014628469047EE634FF4D8
:10C36000B471204606F084FC012025600821C4F841
:10C37000540104F5AC70EEF731FE404E10214048F8
:10C380002246F768F4600DF039FC002860605CD04C
:10C39000286981070AD529886A88EB6811FB02F1B0
:10C3A000DA68914202D920F002002861BDF800103D
:10C3B0001F203F2260F3040189B262F34A1189B25F
:10C3C00060F3CF21ADF8001088B20090BDF80000F6
:10C3D0000090BDF800006085FF2084F829000DF072
:10C3E00095FB80B30DF036FBA060002007F008FC41
:10C3F0002061002007F004FCE061002007F000FC51
:10C40000204D00212062E0692A460AF09EFA206A47
:10C4100000212A460AF099FAE069022107F060FB40
:10C42000206A022107F05CFBE06900210AF0B0FD00
:10C43000206A00210AF0ACFD206909F0CCFCF7600D
:10C44000A7B114E000E001E0FEE7FEE700200AF0FB
:10C45000EFFF054605200AF0EBFF01460A480023DE
:10C460002A46009020460DF0FFFABDE7F4606068B0
:10C470000DF09BFC2046F8BD341C02242002002451
:10C48000A1A10090FFFF0F00F8610390C268002196
:10C490001161C068416170470148C0687047000081
:10C4A0002002002410B90548C06820B10068006966
:10C4B000C0F3C9107047822070470000200200249A
:10C4C0000068C0687047000018B90948C0680028B3
:10C4D00009D00068017CC1F30111012904D00329AE
:10C4E00002D0B0F900007047B0F9020070470000B8
:10C4F0002002002410B518B9FFF7CEFF002800D0A5
:10C50000006A10BD10B518B9FFF7C6FF002800D0AB
:10C51000C06910BD18B101460248EEF754BD01488C
:10C52000EEF73FBD341C022410B518B9FFF7B4FF75
:10C53000002800D0006910BD10B518B9FFF7ACFF96
:10C54000002800D0406910BD10B508B9FFF7A4FF5E
:10C55000806810BD18B90948C068002809D0006873
:10C56000017CC1F30111012904D0032902D0B0F9E3
:10C5700002007047B0F9000070470000200200245C
:10C5800010B518B9FFF788FF002804D0D0F854017F
:10C59000002801DD012010BD002010BD7CB50E7B00
:10C5A000DDE90654022E08D94E88002E05D0A5429A
:10C5B00003D0CDE900544469A0477CBD38B51021B3
:10C5C000044606F055FB01216180FF202073BDF871
:10C5D0000010002060F3040189B260F34A1189B2AF
:10C5E00060F3CF21ADF8001088B20090BDF80000D4
:10C5F0000090BDF80000208038BD2DE9FF4F85B0C8
:10C600001E4603F5B475834610B20BEB000302938C
:10C61000069BABEB000EDDF848900FFA82FAA3EB15
:10C6200000030393069B0FFA8EF8DDE914141844F7
:10C63000039BA94501900FFA83FC029B1FB203B232
:10C640007DD04FF4B470864202D9A6F5B476B6B266
:10C65000814503D9A9F5B4701FFA80F91398101A0F
:10C6600000B2009029B1139800EBD0704010401C2C
:10C6700000E0002005B25A20B6FBF0F2B9FBF0F161
:10C68000D0B20428C9B200D10320042900D103216B
:10C6900088427DD14E457BD870B3012858D00228FE
:10C6A00077D0032876D106F15A0000B20DF0A0FC35
:10C6B000009910FB01F230B20BEBE231491B2180F3
:10C6C0000DF096FC10FB0AF2069909F15A0000B22F
:10C6D00001EBE231491B61800DF08AFC10FB0AF28C
:10C6E0000FFA89F00BEBE2312944A1800DF080FCB8
:10C6F000009910FB01F1F5E0FFE730B20DF078FC96
:10C7000000995A3610FB01F1069800EBE13130B286
:10C71000491B61800DF06CFC10FB0AF20FFA89F0E6
:10C720000BEBE2312944A1800DF062FC10FB0AF210
:10C73000069909F15A0000B201EBE23100E0EEE0A7
:10C740002944E1800DF054FC009910FB01F12BE02D
:10C7500030B20DF04DFC10FB0AF106985A3600EB92
:10C76000E13130B22944E1800DF042FC009910FB28
:10C7700001F20FFA89F00BEBE2312944A1800DF0B0
:10C7800037FC009910FB01F2069909F15A0002E00A
:10C790003FE010E00CE001EBE23100B2491B6180A8
:10C7A0000DF026FC10FB0AF10BEBE130401B208062
:10C7B00009B0BDE8F08F06F15A0000B20DF018FC88
:10C7C00010FB0AF230B20BEBE231491B21800DF075
:10C7D0000FFC009910FB01F206990FFA89F001EBAA
:10C7E000E2312944E1800DF003FC10FB0AF20699C6
:10C7F00009F15A0000B201EBE231491B61800DF0F2
:10C80000F7FB009910FB01F10BEBE1302844A0800D
:10C81000CEE730B1012838D0022869D003287DD076
:10C82000A3E001297BD109F15A0000B20DF0E0FB31
:10C8300010FB0AF20FFA89F081460BEBE231491B3B
:10C8400021800DF0D5FB074630B280460DF0D0FBBD
:10C85000874201DA484600E040460DF0C9FB0099E6
:10C860005A3610FB01F1069800EBE13130B2491B5A
:10C8700061800DF0BDFB10FB0AF201982844E080B6
:10C880000BEBE2312944A18092E702296DD10FFA26
:10C8900089F0AEEB050121800DF0AAFB10FB0AF236
:10C8A000069806F15A0100EBE23208B20190511BE2
:10C8B00061800DF09DFB074609F15A0000B28046E9
:10C8C0000DF096FB874201DD019800E040460DF037
:10C8D0008FFB009910FB01F230B20BEBE2312944DF
:10C8E000A18073E0069800EBE1302844E0805FE728
:10C8F00003293AD106F15A0000B20DF079FB10FB82
:10C900000AF30398411B0BEBE332521B228009F11F
:10C910005A00618000B20DF06BFB01E024E024E0DE
:10C9200010FB0AF20FFA89F080460BEBE231294442
:10C93000A1800DF05DFB009A014630B2064611FB66
:10C9400002F70DF055FB009910FB01F0874201DD65
:10C95000404600E030460DF04BFB009910FB01F023
:10C96000069901EBE030C0E731B1A4F80080A4F8EB
:10C9700002C0A780E3801BE709F15A0000B20190D2
:10C980000DF036FB074606F15A0000B280460DF066
:10C990002FFB874201DA019800E040460DF028FBAA
:10C9A000009910FB01F230B20BEBE231491B218000
:10C9B0000DF01EFB10FB0AF3029806994219A280A3
:10C9C00001EBE3310FFA89F0491B61800DF010FB98
:10C9D00010FB0AF186E700002DE9F0411D00174623
:10C9E0000E4604461AD0F07A02281AD9D4F81CC090
:10C9F000BCF1000F03D02046E047012811D02B46A0
:10CA00003A4631462046F1F71FFE012809D006A21A
:10CA100039462046BDE8F04111F0C5BA02A23946B8
:10CA2000F8E7BDE8F08100004E6F0A6461746100B0
:10CA300038B58469049D002C01D00095A04738BD0D
:10CA400038B51821044606F013F9002211461046A5
:10CA5000FFF75BF80090FF22BDF80000511C00902A
:10CA6000BDF8000020810120E2726180207538BD90
:10CA7000704700002DE9FF4FB5B0887E1E469246F4
:10CA800002280C46429F7DD9206800287AD035982C
:10CA9000006A002876D0202222A8E5F7B5FC20689D
:10CAA000002E04906ED0307800286BD03598514617
:10CAB00082682DA8EDF7D5F9002863D0207FB0F16A
:10CAC000000B01D14FF0010B607F800707D4BAF84B
:10CAD0000410BAF80000081A401C03B20FE0627F8D
:10CAE00041F6FF71B4F912008DE80700B4F9143073
:10CAF00007A8226831460DF045FBBDF91C304FF008
:10CB0000000504984FF0FF32BAF80010B4F912C0D3
:10CB1000B0F90890ADF80C10BAF802100CEB09004F
:10CB20000F90ADF80E10B4F91800B4F916C0014416
:10CB3000CDF8B0C0ADF80E1007B3F8B9BAF90210CD
:10CB400000291BDAD7F808C0ACEB0100002801DC93
:10CB5000A1EB0C000F99C1F1000C4FF4806101EBC7
:10CB60004C01884200DD3A603868002806DBBA884C
:10CB70000546BDF80E108818ADF80E00607F002144
:10CB80002F9300E0A5E0CDE90010B4F9142070194E
:10CB90000499EEF74BFD00EB050829E0617F0020CA
:10CBA0002F9BCDE90001B4F9142006EB080004998D
:10CBB000EEF73CFD4546BDF80E1000EB05080F985A
:10CBC000084400B2ADF80E007FB110F5806F0CDBA9
:10CBD0003868002809DA3D60BDF90E10BAF9020084
:10CBE000081A7860BAF90200B860705D002870D049
:10CBF0003598BDF90E108068B0F9022001EB0900EC
:10CC00009042CBDBBBF1020F5846CDF8C0B002D04A
:10CC1000032816D029E0607FA8EB05010090701969
:10CC2000B4F91430049A0DF00BFB07465046FDF79B
:10CC300037FAC01BBDF80C1000EBD07001EB6000A0
:10CC400011E0607FA8EB050100907019B4F9143071
:10CC5000049A0DF0F5FA07465046FDF721FABDF8A3
:10CC60000C10C01B0844ADF80C00D4E9019BD94559
:10CC700002D94846D9468346A07F800717D01EA810
:10CC800000F02DFAA089ADF87800049890F90E0014
:10CC900000B90120ADF87A00A07E8DF88000A17F58
:10CCA0009DF88100C90861F301008DF88100002022
:10CCB0000E90FEF711FE3290FEF70EFE099010A8BE
:10CCC00000F054FF208AADF84400BDF90C0031900B
:10CCD0006AE16DE1BDF80C102C980844711921919E
:10CCE000A8EB05010D910027ADF80C000597BBE0FE
:10CCF00000200090A9F57F41FF390AD0ABF57F41B4
:10CD0000FF3906D0AC4A059829183046126890477A
:10CD1000009005AB21980AAA0BA9EEF76FFC607F83
:10CD2000C0070AD00B98232802D0012F13D004E0AB
:10CD300047B1012F0AD0022F0BD0E068022F0990D3
:10CD40004ED04FE0059801270E908DE0E068002757
:10CD500047E0002788E0202841D105990E98081A5D
:10CD6000072801D0A08938E00E9A2AA921981044FA
:10CD70005FF00602521E10F8013B01F8013BF9D1A9
:10CD800000208DF8AE009DF8A900FAF733FD0746A4
:10CD90009DF8A800FAF72EFD07EB001000909DF813
:10CDA000AB00FAF727FD07469DF8AA00FAF722FD27
:10CDB00007EB001001909DF8AD00FAF71BFD074648
:10CDC0009DF8AC00FAF716FD07EB0010C2B201980F
:10CDD000C1B20098C0B2FEF7AAFE0227329043E02B
:10CDE000329809900498DDE90A2102F0C7FE3390D9
:10CDF0004FF6FF70814522D0834520D000984845EA
:10CE00001DD358451BD2BDF80C100F98BDF80E204D
:10CE1000ADF80010401EADF802201044339BA28AEA
:10CE20005B1E11446A461944ADF80410ADF80600C3
:10CE300010A9359800F086FEE089ADF8240003AA19
:10CE4000BDF8240022A9ADF894000B9B359800F0A2
:10CE500034F93398002807DDA18ABDF80C00084496
:10CE600033990844ADF80C000D99059881423FF6BE
:10CE70003FAFA07F800723D5319802ABADF800000B
:10CE80002068BDF80E20B0F90810BDF97A0001EB5A
:10CE9000D17100EBD070491001EB6000BDF80C10AF
:10CEA0001044ADF80810ADF802001EA9ADF80A0054
:10CEB0006A46BDF82400ADF87800359800F002F914
:10CEC000A07FC0071FD03198ADF8000020680499FA
:10CED000BDF80E200389408991F90D101A44101AEB
:10CEE0006A46401ABDF80C10ADF8081002ABADF858
:10CEF00002001EA9ADF80A00BDF82400ADF87800C4
:10CF0000359800F0DFF8617F00202F9BCDE900010C
:10CF100006EB0800B4F9142004990746EEF786FBE7
:10CF20004546BAF8001000EB05083098ADF80C1033
:10CF3000022802D0032816D029E0607FA8EB050163
:10CF400000903846B4F91430049A0DF079F9074688
:10CF50005046FDF7A5F8C01BBDF80C1000EBD070D3
:10CF600001EB600011E0607FA8EB050100903846FE
:10CF7000B4F91430049A0DF063F907465046FDF7F2
:10CF80008FF8BDF80C20C01B1044ADF80C00BDF8A4
:10CF90000E100F98084400B2ADF80E00359989685C
:10CFA000B1F90610884203DC705D00287FF492AE70
:10CFB00039B0BDE8F08F0000A002002438B5202170
:10CFC000044605F055FEFF20A076FEF785FC009094
:10CFD000BDF80000A0814FF6FF700A49C4E90010B7
:10CFE000A060FEF779FC0090BDF80000E08105200C
:10CFF0000AF01EFA0090BDF8000020820020E076C2
:10D0000038BD0000F8610390036C002B00D0184776
:10D010007047436C002B00D0184770472DE9F04152
:10D020000546C06B17460E46002826D0E86C05F072
:10D0300095FC04001CD0E96C05F01AFEEEF778FAB6
:10D0400029683A4621626968E161A968A1612146BF
:10D050000068007CC0F3801084F8240030682060F1
:10D06000706860602846EB6B9847050001D003E0CC
:10D07000FEE7204605F0FEFC2846BDE8F08170B5CD
:10D080000C46054602F0E6F8206A2860E069686010
:10D09000A069A860EEF74CFA006894F824200169B2
:10D0A00062F386110161AA6C12B1214628469047AD
:10D0B0002046BDE8704005F0DDBC30B4046AA446EB
:10D0C00030BC604730B44C88002C06D00C7A022C5F
:10D0D00003D9446AA44630BC604730BC704738B5B9
:10D0E0000A21044605F0C4FD01216180FF20207261
:10D0F000BDF80010002060F3040189B260F34A110A
:10D1000089B260F3CF21ADF8001088B20090BDF86D
:10D1100000000090BDF80000208038BD0B4A034697
:10D12000002010B552F8304024B1401CC0B2102885
:10D13000F8D301E0102802D34FF0FF3010BD02EB0E
:10D14000C00442F83030616010BD0000A41D02240C
:10D150002DE9FF4F81B08B461C4616460E9D05F10A
:10D16000100A05F13C09B5F90A10B5F90830B5F90E
:10D170000C00571AABEB0303B42860DAB5F90E20A4
:10D18000B42A7DDA00287BD0002A79D0904277DD5E
:10D19000B1425DDC696D07F1010CAD6AA0F20F18B8
:10D1A000794305FB0CF54FEAA127B8F1580F4FEA78
:10D1B000A52101D8002909DB451E592D01D80029D8
:10D1C00004DB5B38B32802D2002900DD0021A2F283
:10D1D0000F10582801D8002909DB501E592801D802
:10D1E000002904DB5B3AB32A02D2002900DD0021CA
:10D1F000781A012501EB6000C71AA74200DD274617
:10D20000002F0DDD3BB2019832465946CDF800A003
:10D2100000F096F9050003D10198394605F028FD84
:10D22000A74200DD2746002F00DA0027CDF8009046
:10D2300060E0B54270D1284605B0BDE8F08F6CDDE6
:10D24000B5F90E20B42A68DD904266DDB14201DAFC
:10D250000120F1E7696D07F1010CAD6AA0F20F182A
:10D26000794305FB0CF54FEAA127B8F1580F4FEAB7
:10D27000A52101D800290BDB451E592D03D800E05C
:10D280004BE0002904DB5B38B32802D2002900DD23
:10D290000021A2F20F10582801D8002909DB501EE6
:10D2A000592801D8002904DB5B3AB32A02D20029AD
:10D2B00000DD0021781A012501EB6000C71AA742A2
:10D2C00000DD2746002F0DDD3BB20198324659465E
:10D2D000CDF8009000F034F9050003D101983946EB
:10D2E00005F0C6FCA74200DD2746002F00DA002724
:10D2F000CDF800A00BEB0700324601B20198E41B09
:10D30000384423B2074600F01BF9060091D12146AC
:10D31000384605F0ADFC8CE751E04FF00107B4282A
:10D32000B84604D030B108DAB14208DC09E0B142B5
:10D3300010DC04E0B14202DC0CE0B14201DC032766
:10D3400008E00198234632465946CDF800A000F087
:10D35000F7F80746B5F90E00B42806D060B1B5F964
:10D360000A000FDAB04204DC0EE0B5F90A00B04260
:10D3700006DD4FF0030803E0B5F90A00B042F8DD1E
:10D38000BFB10EE0B042F4DD019823463246594663
:10D39000CDF8009000F0D4F8804657B1B8F1000FF6
:10D3A00007D0032F02D0012F05D008E0B8F1030FFA
:10D3B00005D1002040E7B8F1010F4046FAD0022025
:10D3C0003AE700002DE9F843002B1746884605464A
:10D3D000089C4FF4B47140F2671001DA002302E0B8
:10D3E0008B4200DB0346002C01DA002402E08C4271
:10D3F00000DB04469C4203DAC3F5B470204403E02A
:10D40000E01A002800DC181BA5F86800EC81012256
:10D41000A5F808808B426F812A711448AB8128607F
:10D4200000D9FEE7B42B01D2002000E00120002C3F
:10D4300001DB8B4200DDFEE7B42C05D3A4F1B4017F
:10D44000B42901D2002600E001263A464146009068
:10D4500005F1100000F0CAF805F13C0023463A46F9
:10D460004146009600F0C2F8BDE8F88351D1019022
:10D470002DE9F8430E4C00251E4617468846814686
:10D480000DE000903346D0F800C03A464146484689
:10D49000E047002808D0022800D101250834206880
:10D4A0000028EED115B10220BDE8F8830120FBE78A
:10D4B000A41D022410B50179022906D0052913D133
:10D4C0008068BDE8104005F0D5BA044640690028E0
:10D4D0000AD00169002904DA406805F0CBFA6069D6
:10D4E000EFE74169491E416110BD000070B5134D61
:10D4F000060008D05FF0000455F83410B9B108797F
:10D50000022805D002E02868002800D0012070BD64
:10D51000887CB1F9102001F10801C007304602D023
:10D52000ECF738FD01E0ECF7C5FC0028EED0641CF8
:10D53000E4B2102CE0D3002070BD0000A41D022432
:10D54000F8B5069CA58A678A521B94F82850266A6B
:10D55000C91B12B209B24FEAC57526B1009485B352
:10D56000FBF75AFDF8BD85B1207C810727D000F07C
:10D570000301012923D0022901D1511C1FD4C0432A
:10D58000800728D1002A1ADC25E0227C02F003045F
:10D59000022C14D0D543AD0711D0012C01D10029A4
:10D5A0000DDC920701EB030207D0002A13DB49428E
:10D5B0000FD50021002B0EDD0FE0002A02DA01203A
:10D5C000F8BD10E04A4206D49A420ADA991A104489
:10D5D00005E0994201DB0020F2E7994201DA05F00B
:10D5E00047FB0220ECE7FBF7C4FDE9E72DE9FC4728
:10D5F000B42B1C4616460F46DDF82880814601DD17
:10D60000B43C24B204F15A0000B20CF0F1FC07EB78
:10D61000601520460CF0ECFC06EB6010324600B2C0
:10D620003946CDE900082BB2484600F003F8BDE8C2
:10D63000FC8700002DE9F047984616460F46044641
:10D640002C21DDE9085905F013FBAE4206D1B9F1F2
:10D65000030F03D1761E6D1E36B22DB2AE4205DD2C
:10D660004046B8460746284635460646A4F80C808C
:10D67000A8EB0700E581002827814B466782668179
:10D68000A68284F8109001DD074601E0A7EB0807A9
:10D69000AA1B002A01DD114600E0711B8F4294F89D
:10D6A000281002DD41F0010101E021F00101002517
:10D6B000E561A561CE072571234D84F8281025600A
:10D6C0004FF480150DD020B195FBF0F65643B612FD
:10D6D000E66122B195FBF2F242439012A061E0694B
:10D6E0000CE022B195FBF2F64643B612A66120B1DA
:10D6F00095FBF0F050438012E061A069206298072A
:10D7000009D003F00300012808D0022813D0D84321
:10D71000800714D006E021F0020001E041F0020091
:10D7200084F82800216A88106062002901DA4042EA
:10D730006062BDE8F087206A0028EFDCEBE7206A32
:10D740000028EBDDE7E7000041D501902DE9FE4F11
:10D7500081461C4617460D46DDF8308008F1080169
:10D7600098F81200B8F9106000F0010A6846FCF75A
:10D770001CFCBDF90200BAF1000F2FD0B84250DCFA
:10D78000BDF90600B8424CDBBDF900008119A94281
:10D7900005DCBDF904102A19891B8A4209DDBDF98F
:10D7A00002108A19BA4240DCBDF90620921BBA4227
:10D7B0003BDBBAF1000F18D0401B00D50020A0427F
:10D7C00031DCBDF90410491B091A491C4218A24258
:10D7D00000DD211A002926DB4844F0E0B84213DCC2
:10D7E000BDF90600B8420FDBCEE7461BA6420BDCB4
:10D7F000002E03DB3146484605F03AFABDF9040035
:10D80000451B6D1C002D02DC0020BDE8FE8FA542EB
:10D8100004DA611B09EB050005F02AFA1EB9A542DE
:10D8200001D10120F1E70220EFE7BDF804C07F1A23
:10D83000BDF80630421BACEB0005591A38B2491C42
:10D840006D1C2FB209B2B04202DA301A401E01E05C
:10D85000891B401AD8F8141000B2022303EB4005CC
:10D86000D1E902C3496833F810805D5B1FFA88F381
:10D870003CF8100003EB010BD3194FF000073244C2
:10D880009B1BA2EB0001A5EB08051844A1F10101C7
:10D890002DB20FFA80F80EB2BAF1000F21D06AE073
:10D8A000E91B594408EB07005FEA000A11F8011C64
:10D8B000029108D4A24506DA19F80A1002980DF070
:10D8C0002DFA09F80A00B6EB070A08D4A24506DAD1
:10D8D00019F80A1002980DF021FA09F80A007F1CC5
:10D8E0003FB2AF42DCDB08EB0700A04201DA0146A1
:10D8F00000E02146002901DA002002E0A04200DB1E
:10D90000204601B209EB0100611A05F0B1F9701B64
:10D91000411CA14201DA0A4600E02246002A01DA4F
:10D92000002402E0A14200DA0C46484621B246E05B
:10D93000E91B594408EB07005FEA000A11F8011CD3
:10D94000C1F1FF00029008D4A24506DA19F80A10C6
:10D9500002980DF0E3F909F80A00B6EB070A08D4BB
:10D96000A24506DA19F80A1002980DF0D7F909F85D
:10D970000A007F1C3FB2AF42DADB701CA04201DA22
:10D98000711C00E02146002901DA002604E0A042D3
:10D9900001DA761C00E0264632B2A11AA8EB02009A
:10D9A000884201DA034600E00B46002B01DA002032
:10D9B00002E0884200DB084601B209EB020005F0F4
:10D9C00057F930E72DE9F0414F881C460B88154682
:10D9D000CA8806468888D21BC01A401C521C00B256
:10D9E00012B2904200DB1046B5EB600F00DD45102F
:10D9F000002D00DA002506F10800FCF7D6FAB47411
:10DA0000022035824FF00001307137483060C5B1D7
:10DA1000364800224FF47A73C2EBC20400EB840450
:10DA2000B4F91840AC421CD1C2EBC201102D00EB7E
:10DA30008100D0E9041202F10102426104DA0122FC
:10DA400003E07161BDE8F0812A110A449A4205DAC7
:10DA5000102D01DA012200E02A118B180361706198
:10DA6000F0E7521C042AD7D300242246C2EBC20797
:10DA700000EB8707D7F814C0BCF1000F07D12CB119
:10DA8000D7F810C0D4F810E0F44500DA3C46521C38
:10DA9000042AEBD344B16069102D00F10100C4E900
:10DAA00004100EDA01200DE01C2004F057FF0400E2
:10DAB00006D01C2105F0DCF84FF0FF3020610BE0B0
:10DAC000FEE728110844984205DA102D01DA0120FA
:10DAD00000E028110B182361204629467461BDE837
:10DAE000F041F0F763B800004DD70190341D0224D7
:10DAF000F0B50A4E002507464FEA050406EBC400C0
:10DB00004068B84204D156F83450204600F008F876
:10DB1000641CE4B2102CF1D32846F0BDA41D0224ED
:10DB2000411C4FF0000110B508D0054A002302EB5C
:10DB3000C00452F8301042F830306360084610BD1F
:10DB4000A41D022430B4D38854881B1B5B1C1BB259
:10DB5000012B09DB938814881B1B5B1C1BB2012B58
:10DB600002DB036930BC184730BC704738B5382138
:10DB7000044605F07DF8FEF7FFF80090BDF80000C0
:10DB800024F8040FFEF7F8F80090BDF8000060805C
:10DB9000FDF7ACFE0090FF25BDF80000E0800220FC
:10DBA0002572A072FDF7A2FE0090BDF80000608310
:10DBB000FDF79CFE0090BDF800002085E07F04F892
:10DBC000015CA57520F03E0084F826501E30A57734
:10DBD000024984F832502161E07738BDF861039042
:10DBE0002DE9F0410546487E88B00C4628B128460C
:10DBF00000F006FB08B0BDE8F081AA6805A821681E
:10DC0000ECF72FF90028F5D0E66816B1207C002843
:10DC1000F0D0207C012800D1002668688288B0F905
:10DC20000010A2EB010202F101020FFA82F836B3F2
:10DC3000606981880288891A491C0FB205A9FCF71E
:10DC40000EFA0490606808B12146D0E76868418800
:10DC5000008849420AB2404201B205A8FCF746FAE0
:10DC6000207E05AA039004A821893346ADF8081048
:10DC70004146CDE900702868ECF714FDBAE7626808
:10DC80001AB3206881880288891A491C0EB205A936
:10DC9000FCF7E5F9079068684188008849420AB2B4
:10DCA000404201B205A8FCF721FA207E022207AB10
:10DCB00001210491CDE90202CDE90063636805AA60
:10DCC00028684146ECF716FC94E74088494209B2BF
:10DCD000404202B205A8FCF709FA207E05AA00908E
:10DCE00041462868A368ECF783FB83E72DE9F04100
:10DCF00086B01F4690460C4619460C9EDDE90D5035
:10DD0000FCF7ADF9FF2205900120009505ABCDE9A8
:10DD1000013202213346CDE903103A4641462046FE
:10DD2000ECF7E8FB0020ECF751FD06B0BDE8F08110
:10DD300010B50C4600F036FD034860650348A0614D
:10DD40000348A06310BD0000E1DB019055DD0190A8
:10DD5000EDDC01902DE9F04F89B0044680699B46C7
:10DD600090460D46DDF84890002836D0A06801881E
:10DD7000ADF814104188ADF816108188ADF8181070
:10DD8000C088ADF81A0005A8FFF7B0FB0746288841
:10DD900018B96888B0F5807F01D0012000E000202C
:10DDA00082464846FDF725FEB9F1110F064606D01A
:10DDB0005FF0000057EA0A07824602D005E0012022
:10DDC000F8E7FF2E01D0A87A50B15B4642462946BB
:10DDD0002046CDF8009000F041FB09B0BDE8F08F7F
:10DDE0006068B8F80410B8F80020891A82880088A2
:10DDF000491C0FB2101A401C0FFA80F9404605A9C1
:10DE0000FCF72DF9079060684188008849420AB202
:10DE1000404201B205A8FCF769F902A8E97A07AA0D
:10DE20005B4680E84204CDE90072206805AA4946B5
:10DE3000ECF760FBD1E70000064808B5016841F047
:10DE400010010160BFF34F8F034A0021006800906A
:10DE5000D16408BDD4440258001000522DE9FF4F90
:10DE6000C9B0087B9946144602280F46DDE956657D
:10DE70007DD9B7F90200002879D0AE4277D00FFAE9
:10DE800089FB8246484500DDDA4601A8FFF76EFEB1
:10DE9000787B00F003008DF80600B86840B10020E0
:10DEA0008DF80700B8680590387B8DF81E0005E0F6
:10DEB000387B8DF807003888ADF80800A9F101001B
:10DEC00022884FF0FF38A2EB0902ADF848206388A2
:10DED000A3EB0901ADF84A1023880344ADF84C3098
:10DEE000B4F802C0ADF840206044ADF84430ADF85D
:10DEF0004E00ADF84210ADF84600B7F802C0CDF8BC
:10DF000008814FF000086244ADF84020B7F802C025
:10DF1000614409B2ADF84210B7F802C0A3EB0C039C
:10DF2000ADF84430B7F802C09A1A521C12B2A0EBF6
:10DF30000C0000B2ADF84600002A12DD401A401C69
:10DF400000B200280DDD012347F6FF7210A936A8A4
:10DF5000FFF738FD00214FF0010836A8FFF7DEF883
:10DF60004290002312A947F6FF723CA800E02BE084
:10DF7000FFF728FD00213CA8FFF7D0F8479006F5F1
:10DF8000B470A84205D005F5B4718E424FF4B47058
:10DF900021D147F6FF70ADF80400499812AA01A9F3
:10DFA000FFF7D0FD4798FFF7BBFD4298401C02D019
:10DFB0004298FFF7B5FD3CA8FFF77CFAB8F1000FD7
:10DFC00002D036A8FFF776FA4DB0BDE8F08F00BF5B
:10DFD000A6F5B476B6B28642FAD202E0A5F5B475DB
:10DFE000ADB28542FAD228B24590009033B2B4F96E
:10DFF00002201BA8B4F900104693FFF7E3F90021B3
:10E000001BA8FFF78BF8B542489003D9A81BC0F5B1
:10E01000B47000E0701B49993C28896800912BDDA1
:10E02000B9F10A0F28D95A20ADF85850B6FBF0F1D3
:10E03000B5FBF0F21494ADF854B0ADF8566001F0B1
:10E040000300ADF85A0002F00301ADF85C1001A81E
:10E05000189012A8ADF85EA0199049981A9014A8CB
:10E06000F4F7E2FD14A8F4F7C4FE14A8F4F790FF47
:10E0700014A8F5F77BF804E0499812AA01A9FFF764
:10E0800061FD1BA8FFF716FA3CA8FFF713FAB8F1D9
:10E09000000F02D036A8FFF70DFA4898FFF740FDB1
:10E0A0004798FFF73DFD4298401C02D04298FFF789
:10E0B00037FD787B400787D546980AF0FF0242ABD0
:10E0C0005946F9F7F5F8BDF8080142AA2188084435
:10E0D000ADF80801BDF80C0121880844ADF80C0129
:10E0E000BDF80A0161880844ADF80A016188BDF8ED
:10E0F0000E0108440099ADF80E0147A8EBF7B1FEF8
:10E1000047ADC0B1002347F6FF7242A914A8FFF73C
:10E1100059FC002114A8FFF701F80646499812AAF5
:10E1200001A985604998FFF70DFD3046FFF7F8FC1F
:10E1300014A8FFF7BFF945980AF0FF0242AB594611
:10E14000F9F7B6F8BDF8080142AA21880844ADF8ED
:10E150000801BDF80C0121880844ADF80C01BDF898
:10E160000A0161880844ADF80A016188BDF80E0112
:10E1700008440099ADF80E0147A8EBF772FEC0B154
:10E18000002347F6FF7242A914A8FFF71BFC0021E9
:10E1900014A8FEF7C3FF0446499812AA01A9856096
:10E1A0004998FFF7CFFC2046FFF7BAFC14A8FFF709
:10E1B00081F949990098886006E770B514460D46C4
:10E1C0000646F0F731FC224629463046BDE870404D
:10E1D000F0F7FFBD7CB50446087E0D4602280ED937
:10E1E000A26868462968EBF73CFE002807D0616BFF
:10E1F00009B120468847626D2946204690477CBD7C
:10E200002DE9F04FCD6889B00C46074615B1207C4A
:10E21000002872D0207C012800D1002578688188F0
:10E220000088081A401C00B20790BA6805A8216847
:10E23000EBF717FE002860D0EDF77AF98346006807
:10E24000D7F80090C16951BB017C490610D47968A8
:10E25000BDF91420BDF91630B1F90060B1F9021012
:10E26000921B5B1A079901FB032209EB420115E09F
:10E270007A68BDF91630BDF91460B2F902C0B2F97E
:10E280000080A3EB0C02079BA6EB08065A4302EBA7
:10E29000420306EB460203EB090111448946D4F818
:10E2A00004A05FEA0A0117D02168BDF91430BDF956
:10E2B0001660B1F804C0B1F90020B1F90210ACEB5E
:10E2C000020C9A1A0CF1010C0FFA8CF8731A08FB65
:10E2D00003220AEB420A01E04FF0000835B3007C4C
:10E2E000000710D46069FBF7C6FE0146002008E075
:10E2F0002A5C802A02D9FF2201E035E000222A545C
:10E30000401C8842F4DB6069BDF91420BDF9163069
:10E310008688B0F90010B0F90200761A511A181A5E
:10E32000761C36B2294406FB001500E0002678680A
:10E3300042880188504202B2494209B205A8FBF75F
:10E34000D5FEDBF80000C069D0B160680028207EEF
:10E350000DD001A9CDF80080534681E86100079AED
:10E3600005A948460CF056FC09B0BDE8F08F8DE8D1
:10E370006100A36805A9079A4846F7F77BFCF3E715
:10E38000607E80B161680029217E25D0CDF80080B3
:10E390005346CDE90360CDE90115079A05A9484622
:10E3A0000CF0E2F9E0E760680028207E0BD001A9BC
:10E3B000CDF80080534681E86100079A05A94846D8
:10E3C0000CF094FAD0E78DE86100A36805A9079ADC
:10E3D0004846F7F7A1FAC7E7CDE90260CDE9001595
:10E3E000A36805A9079A4846F7F7EEF9BCE72DE9B7
:10E3F000F04790461D460A9ADDE90809B5F9024042
:10E40000B5F804C0B2F90230B2F90070B5F90020D5
:10E4100003FB09F314FB08F6ACEB020C00EB430022
:10E420000CF1010C0FFA8CF301EB460100EB4706EF
:10E4300001EB42074FEA430A0AE0524631463846AA
:10E4400004F054FB641C24B207EB480706EB4906B2
:10E45000B5F90600A042F0DABDE8F0872DE9FF4FDC
:10E460009FB00D46816814468346DDF8B0A01AA817
:10E47000FBF7A4FD1AA8FFF739F80F90288818B900
:10E480006888B0F5807F01D0012100E0002106916D
:10E490001C2113A804F0ECFBEA7A4FF00006069961
:10E4A0004FF002070F988DF864200843287B00F096
:10E4B0000F008DF8650011A813902BD1BAF1040F4D
:10E4C00006D0BAF10E0F0AD0BAF1140F20D021E015
:10E4D000A87AF8B9229813A9CDE9134012E0DBF825
:10E4E000082021466846EBF7BCFC00280DD0229896
:10E4F0001496189416902889ADF854008DF85C7025
:10E5000013944FE05846FFF765FE23B0BDE8F08F47
:10E51000A87A90B3DBF808100888ADF84400898821
:10E52000ADF848100A1ADBF80800521C418810B2F6
:10E530001090ADF84610DBF80800C088ADF84A002E
:10E54000401AA1882688401CE2880FFA80F8638868
:10E55000891B491CD01A401C09B20B9100B20E90C5
:10E56000ECF7E6FFFDF7B0FF064611A8FBF783FDC9
:10E57000B042109818D8464618E0FFE7A2882588D0
:10E58000E1886388521B521C2298C91A149012B257
:10E590001394491C189409B28DF85C70520002FB68
:10E5A0000100169013A9ADE7B6FBF0F600FB06F9E3
:10E5B0004FEA490004F000FA0990484604F0FCF9DB
:10E5C0000C90761E169011A8189002200896BAF1A9
:10E5D000040F8DF85C0009981490BDF84610BDF941
:10E5E0004A00079001EB0600ADF84A0005D12888E3
:10E5F00018B96888B0F5807F01D0022000E00120C2
:10E600008DF85C00C0E011A91CA8FBF7D7FC60885E
:10E610002188404202B2494209B21CA8FBF766FDBC
:10E62000069880B10C980999CDE9025ACDE90410F9
:10E630000B990E98229ACDE900010B9B1CA9584614
:10E6400000F0EDFD0DE00C990998CDE90301CDE94D
:10E65000015A0B980E9B2299024600901CA8EFF7D6
:10E660007BFDA87A02285AD92B89C0B29FB2FB0A37
:10E67000C7F3451613FB00F307F01F0716FB00F660
:10E6800017FB00F763F30F0166F31F41039167F374
:10E690000F0205920022C0F1FF013EE0099800EB55
:10E6A000420001900088ADF80800BDF808300398DA
:10E6B0009E46DF0A86B217FB01664FEA104C0598AA
:10E6C000C3F345131FFA80F8BDF8000013FB01C720
:10E6D0000EF01F0306EBC61C13FB018307EBC718E4
:10E6E0000CEBC63608EBC73CC6F3C45703EBC318A4
:10E6F00008EBC33367F3CF20CCF3C556C3F3C45341
:10E7000066F34A10521C63F30400ADF8000080B2B7
:10E7100000900198BDF8003003804A45BED30F98A1
:10E72000F8B1BDF946604FF002080C9F15E000BF3C
:10E73000BDF944103246109B3846FEF799FE10B1E1
:10E74000022804D005E01099384604F091FA8DF8BB
:10E750005C80761C109836B20744BDF94A00B0427E
:10E76000E6DA13A95846FFF735FDBDF84A000899C7
:10E77000401CADF84600014408B20799ADF84A00C4
:10E78000884201DDADF84A10BDF946100798814274
:10E790007FF739AF0C9804F05BF9099804F058F949
:10E7A000B3E6000010B50C465821204604F060FA8C
:10E7B00010492C20616110492161104921631049E1
:10E7C00021621049A161104961621049A16210499A
:10E7D000E162104961631049A1631049E163104986
:10E7E0002164104961641049A16410496165E064C5
:10E7F00010BD00005DDE019041EF0190BBE1019092
:10E8000005EA01905DE401901BEB0190C1EC0190E1
:10E8100079EF01901DF20190EFE3019009E9019079
:10E8200031E8019083E80190FFE9019001E2019055
:10E830002DE9F04117460C460646ECF779FE0546F1
:10E84000F8070ED0A16A606921F0004104F010FAC7
:10E85000A06A40F00041A1622868016941F04001CE
:10E8600007E0A06A20F00041A1622868016921F058
:10E870004001016160690834C6E90004B460BDE884
:10E88000F081FEB5054600680C46164602900098D9
:10E8900020F0E0000090686881880088081A0099DC
:10E8A000401C60F3942100916868C1884088081A70
:10E8B0000099401C60F35F510091A06A002801DAC2
:10E8C000052100E00421009861F304000090206A13
:10E8D0002860E0696860A069A860ECF729FE00681C
:10E8E0006B4694F82420016962F38611016104F1FA
:10E8F000080231462846FEF76FF8284600F0AAFCC9
:10E90000684601F053FDFEBD70B515460646D007BA
:10E910000C4672D1A80742D5A06A00F0004000F56D
:10E92000C040A0622046FBF7A6FBA16A400021F090
:10E930000042824202D960F31E01A162A06A20F067
:10E94000004004F00BF82146606168B9A06A00F04D
:10E95000004000F54060A06220F0004003F0FEFFA0
:10E9600000282146606146D0084661886668A36A2F
:10E970000268826023F00042E660E18123F00041FA
:10E980002689A089801B401C00B292FBF0F200EBAC
:10E99000400391FBF3F02082521062822AE0084685
:10E9A000096862688160E260FBF765FB0146A06A66
:10E9B000490061F31E00A06220F0004003F0CEFF8A
:10E9C0006061A16A21F0004104F052F9A06A05F0EB
:10E9D0000105616965F3DF70A06269B104F10800A7
:10E9E000C6E90010B060ECF7A3FD0068016965F3AB
:10E9F00086110161204670BDFFE70020FBE74869F2
:10EA000004F038B8F0B597B01C46074608680023F4
:10EA100015460E46224601A901F005F8F0B3BDF8EF
:10EA20000C1000293FD0BDF80A20002A3BD0BDF8C9
:10EA30000E002B88184400B2ADF84C003368024435
:10EA40006D88B3F808C05B89ACEB030CBDF81030DF
:10EA500065446D1AEB1A1DB2ADF84E50BB68B3F9A0
:10EA600000C062451FDBB3F9042090421BDCB3F900
:10EA700002002944814216DBB3F90600854212DC0C
:10EA80000198214600F0CBFF00280CD00199097BAA
:10EA9000890708D101AB314613AA00E005E00090D8
:10EAA0003846F2F7F3F917B0F0BD202CFBD3A4F5EC
:10EAB0007840FF38F7D0A4F500500C38F3D06A88BE
:10EAC000BDF810402888BDF80E302244BDF80C1067
:10EAD00012B218448B1801B218B20090BDF80A00A7
:10EAE000084403B214A8FBF70FFB05A8FFF73EF894
:10EAF00002208DF817008DF83E0001218DF84A00A4
:10EB000014AA8DF82E00B089ADF832003846ADF861
:10EB1000341005A93B699847C5E72DE9F0470E4633
:10EB2000B1F9021096B01C460029154681467ED0E8
:10EB3000307A02287BD9B5F90020B4F9000082426E
:10EB400005D1B5F90230B4F90270BB426FD08242F0
:10EB500000DA104601EBD171A0EB6100ADF8440082
:10EB6000B5F90000B4F90010B6F90220884200DCC3
:10EB7000084602EBD27100EB6100ADF84800B5F930
:10EB80000210B4F90200B6F90220814200DA084608
:10EB900002EBD271A0EB6100ADF84600B5F90210AE
:10EBA000B4F90200B6F90220814200DD084602EB0A
:10EBB000D27100EB6100ADF84A0011A9D9F8082024
:10EBC0000846EBF74EF9002876D0D9F808A011A92D
:10EBD000C9F80810B5F90200B4F90210884206D14C
:10EBE00023462A4631464846F2F7A8FA0EE0B5F920
:10EBF00000002346B4F900102A46884231464846B0
:10EC000002D1F2F70DFD01E0F2F754FB707A010733
:10EC100001D440074ED502A8FEF7A8FF308847F67A
:10EC2000FF71ADF80C00ADF80810307A00E043E059
:10EC30008DF80B00B6F90210727A41F3000052070A
:10EC40004FEA610700F1010818D528886A46C01B01
:10EC5000ADF800006888C01BADF802002888C11913
:10EC6000A1EB0800ADF804006888C119A1EB080009
:10EC7000ADF8060002A94846FEF764FF707A000767
:10EC800018D520886A46C01BADF800006088C01BFC
:10EC9000ADF802002088C119A1EB0800ADF804000E
:10ECA0006088C119A1EB0800ADF8060002A948462A
:10ECB000FEF748FFC9F808A016B0BDE8F0870000CD
:10ECC0002DE9FF4F032B1F468BB016467ED3002E37
:10ECD0007CD0B80003F070FE05007BD07A1E31684E
:10ECE00000242960204615E006EB800136F920302B
:10ECF000B1F904C0634505D1B1F90230B1F906C0DC
:10ED0000634505D005EB84030968641CA4B219604F
:10ED1000401C80B29042E7DB06EB8700B6F900109A
:10ED200030F9042C914205D1B6F9021030F9022CC9
:10ED3000914206D005EB840150F8040C641CA4B287
:10ED40000860032C43D37D4A0020D2E90012CDE9AC
:10ED5000021227E035F92020BDF90810914200DBAE
:10ED60001146ADF8081005EB8003BDF90A20B3F990
:10ED700002108A4200DA1146ADF80A1035F9201067
:10ED8000BDF90C208A4200DD1146ADF80C10B3F934
:10ED90000210BDF90E208A4200DD1146ADF80E10BA
:10EDA000401C80B2A042D5D30B9802A9826805A866
:10EDB000EBF757F858B10B98002605A98068099021
:10EDC0000B9881600120B5F9021011E002E028469D
:10EDD00003F03EFE0FB0BDE8F08F00BF05EB8002F0
:10EDE000B2F902208A4201DA06B21146401C80B212
:10EDF000A042F3D32C2104FB01F003F0DDFDB24669
:10EE000083464FF00008D1460490701E00D5204480
:10EE1000621E089209F10101914200DD002105EB1B
:10EE2000860305EB800235F8200035F821C005EB9C
:10EE3000810735F826105B885288401A7E88ACEB33
:10EE4000010700210791D21AF11A12FB07F211FBF8
:10EE500000F0824267DA0120079001E00798E8B3EA
:10EE600008980AF10106864200DD0026B9F1010783
:10EE700000D5274405EB860105EB8A02B1F90200B3
:10EE8000B2F90220904216DB12D035F9263035F95E
:10EE90002A108B420CD04FF0010CCDE9000C5846E3
:10EEA000FEF7C8FB04995846FEF738F90BF12C0B16
:10EEB000B24608F10108A04523D005EB870205EB17
:10EEC0008901B2F90200B1F90220904217DB13D098
:10EED00035F9273035F929108B4200E023E00BD0BB
:10EEE0000026CDE900065846FEF7A4FB04995846D3
:10EEF000FEF714F90BF12C0BB94608F10108A045F7
:10EF0000ACD3DDE90B0102AAFEF71CFE0498FEF764
:10EF1000EFFD049803F09CFD284603F099FD0B9942
:10EF20000998886056E7BAF1010600D5264408988A
:10EF300009F1010787429DDD00279BE70C2603901E
:10EF400070B514460D460646F4F76EFF2246294674
:10EF50003046EFF769FD224629463046EFF739FF84
:10EF6000224629463046F0F724F822462946304604
:10EF7000BDE87040F3F73EBD2DE9FF4F97B00D4659
:10EF80004FF480314FF00A0A269FDDF8A4B0B7F99C
:10EF9000000042420F927A88B1FBF2F10E9179683B
:10EFA00012910F9991FBFAF60A46714230B201EBC9
:10EFB000810306F1010902EB43040BF019F80190FB
:10EFC0000FFA89F00BF014F85A36009030B20BF0BB
:10EFD0000FF809F15A01804608B20BF009F8019BBD
:10EFE000C4F10A010246002601FB03F001FB08F10F
:10EFF000009B02FB041103FB040091FBFAF190FB60
:10F00000FAF0CDE90C0140110C9048110D90BDF9BA
:10F01000480000021090BDF94A0000021190A88833
:10F020002988EA88401A6B88401CD11A491C04B20E
:10F030000FFA81FA4DE014A80090B5F9020013AB65
:10F04000B5F90010821908A811F0C0FE16A80090AA
:10F05000B5F9020015ABB5F90410821908A811F032
:10F06000B5FEDDE91420139B4FF00001DDF858C018
:10F07000012CA0EB03080846ACEB020C08DD601E77
:10F080004FEA082191FBF0F14FEA0C2C9CFBF0F0C9
:10F0900097F814C002F1800803F180095FEACC728E
:10F0A0001CD0DDE9272C03ABCDF8009083E81110CC
:10F0B000CDE90181CDE906B2DDE91901DDE92423BD
:10F0C000EDF7E8FC2898761C36B200EB4400289057
:10F0D000A3445645AFDB1BB0BDE8F08F279A042A46
:10F0E00050D0052A12D0062A4CD0142AEAD1199AF7
:10F0F0000792259B1A9ACDE9020128980692249A34
:10F1000005900020CDE90089049284E0199A844694
:10F1100004928E461A9A0392249A0292259A28986B
:10F120000192009000202AE00EFB00F10CFB00F29F
:10F1300009EB212108EB222209124FEA222207D4EF
:10F14000039B994204DA002A02DB029B9A4203DB0A
:10F1500000210BF8001010E0019B02FB0312049940
:10F1600002EB420211444B780A7802EB0322009B27
:10F1700023F810208A780BF80020401C00B2A0422F
:10F18000D2DB9FE71346289ACDE90210CDE906B3FA
:10F19000CDE90442CDE90098DDE91901DDE9242338
:10F1A0000DF0FCFE8EE7039A0299DDF804C042439D
:10F1B00041430CEB222C009A02EB21225FEA2C2126
:10F1C0004FEA222E09D4069A914206DABEF1000FC8
:10F1D00003DBDDF810C0E64503DB00210BF800106F
:10F1E00017E003FB0CF20EFB0318DDF81CC00CEB60
:10F1F00042090CEB480809EB010C059901EB4002B0
:10F200000EFB03C1B8F800C0A2F800C00A780BF8E2
:10F210000020401C00B2A042C5DB53E770472DE937
:10F22000F04387B08946DDE91251DDE91076DDE96A
:10F230000E8C70B1C46A002C08D0CDF80080CDE9E6
:10F24000045103964946CDE901C7A04707B0BDE880
:10F25000F083FEE7416B002900D00847704710B5E6
:10F260000121044604F077FC4FF6FF706087606A66
:10F27000012104F042F800222046BDE81040202180
:10F2800000F064BB70B50C464FF6FF72002014A16D
:10F290006062C4E90B10A06294F83C10E0862087FD
:10F2A00041F030016287A086C8B220F00F0008301C
:10F2B00084F83C004FF48061204604F01EF809A158
:10F2C000204600F099FA204605F03EF901460C4828
:10F2D00004F058FB054604F0C9FB65626C6270BD22
:10F2E000EF81B8004F7074696F6E20310A4F7074EF
:10F2F000696F6E20320A4F7074696F6E20330000A0
:10F30000686503900146044810B504F03BFB0446D1
:10F3100004F0ACFB204610BD4C65039070B5486A04
:10F3200000250C4610B104F077FC656294F83C00AF
:10F33000C00603D4206B03F09DFB256370BD000065
:10F3400070B540480E4604F0D3FF012843D1304643
:10F3500000F0B9FA0546304600F0F3FA0E2D0446E7
:10F3600014D00F2D21D0102D1FD0082D21D02A2DE3
:10F3700023D0292D21D02C2D23D00D2D2CD0152D8F
:10F3800029D13046BDE87040F2F706BC05F092F88E
:10F3900000F06AFF054601F079FE01F0B8FE04288E
:10F3A00019D17DBB218F2046E186BDE87040FFF773
:10F3B00056BFBDE87040EDF760BEBDE8704007F095
:10F3C000D6B9304600F0BBFA00210546204606F0CB
:10F3D0007FF80089688070BD304600F0B0FA007890
:10F3E000132810D012280ED0142817D0112815D0A9
:10F3F0001B28D7D00A28EED101F058FEA042EAD04F
:10F400002046D6E719E0204600F058F8A8B1E08E73
:10F41000A18E401C8842DED2214608E0204600F042
:10F420004DF850B1E08E0028D5D0401E2146E08630
:10F430000846BDE870400CF0ABB92046BDE870400E
:10F4400000F098B84C650390006B002800D101A033
:10F450007047000000000000C08E70472DE9F041A9
:10F4600000270446006B90460E463D4620B1E2F769
:10F47000FDFF0246002008E00F70BDE8F081216B1F
:10F48000095C0A2900D16D1C401C904202D2218FD8
:10F49000A942F4D10021A8F1010307E0B8F1000F5F
:10F4A00001D0994208D2401C7554491C904203D2A5
:10F4B000256B2D5C0A2DF1D17754DEE710B5406A3B
:10F4C000012106F094F980F0010010BDF8B50F4657
:10F4D000084600F0F8F91828054605D024483946B2
:10F4E00004F006FF01283AD1384600F02AFA446AAF
:10F4F000082D06460ED0012D17D0092D30D0182D1D
:10F500002DD13846F2F73BF939461948BDE8F840A5
:10F5100004F0EEBE01F0BAFD01F0EDFD00281ED1B1
:10F520003046BDE8F840F9F718BF01F0AFFD05001F
:10F5300015D001F0ECFD012804D0284601F0E7FDCC
:10F5400003280CD16946284601F0B6FDBDF902102A
:10F550002046F7F7B9FB6087304606F03CFCF8BD63
:10F560004FF6FF7060873046BDE8F84006F033BCC8
:10F57000686503902DE9F8430121044603F002FF7A
:10F58000204604F0E1FF0146606A07F066FC606A0D
:10F590004FF0FF3106F087FD606A012104F0A0FA08
:10F5A000002220461F2100F0D1F92046F7F7AEFCDB
:10F5B000216B804602F087FF606A42F2D17107F04A
:10F5C00074FE404607F0E8FE606A06F0C7F805469C
:10F5D000204606F0C3F885420EDC94F83C0000F0AB
:10F5E0000F00042801D0082806D1204606F0B6F8FE
:10F5F0000146606A07F059FE404604F060FF0021B2
:10F600000746606A05F0D8FC00210546606A05F0EF
:10F61000B4FE4619606A0021112205F0CCFEB9192A
:10F6200094F83C202844084407B202F00F063D46F7
:10F63000082E02D0042E1FD035E0FCF72DFFFCF77A
:10F6400089FFB4F91A10294488422CDAFCF724FF08
:10F65000FCF780FFB4F91A200146B4F91600891AA4
:10F66000814201DA042605E0FCF716FFFCF772FF81
:10F67000618B401A401E15E0B4F91600401B12D5EC
:10F68000FCF70AFFFCF766FFB4F91A20B4F916502C
:10F69000801AA84207DD0826FCF7FEFEFCF75AFF99
:10F6A000618B401A05B2BD4200DD3D46606A2946C5
:10F6B00007F09EFB20460CF06BF8082E4FF0000080
:10F6C00006D0042E09D0012E0CD0022E0FD015E04A
:10F6D00000230090606A0D220DE000230090606A14
:10F6E0000A2208E000230090606A102203E00090E4
:10F6F0000023606A1322214603F0B9FE606A07F016
:10F700004BFE94F83C0000F00F00012801D00228C5
:10F7100018D1606A06F044F80646606A06F05CF8A4
:10F720000546FCF7B9FEFCF715FFA8420ADCFCF71A
:10F73000B3FEFCF70FFF281A301A401E01B2606AB0
:10F7400007F0DFFD226B0021404604F001F902289A
:10F7500008D04FF0000303281A4601D0012104E02D
:10F76000032102E0002302211A4601B04046BDE811
:10F77000F04303F06EBE2DE9F0410E00044603D0C5
:10F780000025A586284606E0FEE70A2902D1A18EBB
:10F79000491CA186401C315C0029F6D1A08E401C7A
:10F7A000A086E58630462587E2F760FE0746206B97
:10F7B0007F1C30B194F83C10C90602D403F05AF90A
:10F7C0002563384603F0CAF8206390B13146E2F76A
:10F7D00062FE94F83C0020F01001204684F83C10B2
:10F7E00006F0F9FA606A002804D0BDE8F04106F09E
:10F7F000F2BAFEE7BDE8F08170B50E00044603D012
:10F800000025A586294606E0FEE70A2802D1A08E3B
:10F81000401CA086491C705C0028F6D1A08E94F88C
:10F820003C1000F10100A086E586CA06258704D4B5
:10F83000206B10B103F01EF92563204694F83C10AC
:10F84000266341F0100184F83C10243406F0C3FA1A
:10F850002068002803D0BDE8704006F0BCBA70BD37
:10F8600010B50446C08E88420FD0A08E884200D8C2
:10F87000411E626AE186204621870AB10BF088FFAB
:10F880002046BDE8104006F0A6BA10BD10B50C46E3
:10F890004FF48061204604F023F90421204604F04F
:10F8A0001FF94FF40031204603F027FD01212046C7
:10F8B00003F023FD2046BDE8104001F019BF486A5F
:10F8C000002242627047007A20F080007047406852
:10F8D0007047017A15290BD0142909D0162907D0B1
:10F8E000182905D0172903D0192901D00020704705
:10F8F00000697047017A01291FD002291DD0032910
:10F900001BD0042919D0052917D0062915D007299D
:10F9100013D0082911D009290FD00A290DD00B299D
:10F920000BD00C2909D00D2907D00E2905D00F299D
:10F9300003D0102901D0002070470069704700698A
:10F94000704700687047C0687047000010B588B005
:10F95000C0B10023009001908DF808100A4CCDE949
:10F9600003329DF8180020F007008DF81800606839
:10F9700005906846C4F804D0F5F708FE0599616063
:10F9800008B010BD0120FBE7C8000024027A132A4A
:10F9900006D10069B0F900208A4200DD11460180DD
:10F9A000704710B500F004F8BDE8104000F074BBDB
:10F9B0000D48002110B502F0A1FD0C4C2080002064
:10F9C00008F094FE6080042008F090FEA0800420DF
:10F9D00008F08CFEE080042008F088FE20810420DE
:10F9E00008F084FE608110BDD163019014010024F1
:10F9F000092910B500D120210469F7F7D3F80028B0
:10FA000006D0618A6268890B02EBC00001D0002039
:10FA100010BD00682168C0F31300084410BD08B190
:10FA200042681047FEE72DE9F04707009A469046E6
:10FA30000C4613D09CB14FF000093D464E46C4F829
:10FA4000009053464246D5F800C021462846E0477C
:10FA500040B1A07BC00603D425600EE0FEE7FEE7C0
:10FA600006B92E466D69002DEBD14EB1356853466F
:10FA7000424621463046A84726600120BDE8F0876F
:10FA8000B8F1200F20D3A8F57841FF391CD0A8F594
:10FA900000510C3918D0B7F9080000EBD0704008BD
:10FAA000E080801CA080C4F8009039892181A4F8EE
:10FAB0000A90A4F80C90A07B20F00F00401C40F0AE
:10FAC0001000A0730020D9E74846A4F80690E9E7A3
:10FAD0002DE9F047092A9A460C46814649D000276D
:10FAE000D9F810501146F7F75DF8061E3FD0E968C7
:10FAF0004FF0000851B151464846F7F753F802005D
:10FB000004D031464846F7F72BF98046298A6868C1
:10FB1000002F00EBC60001FB08F103684FEA211239
:10FB20004FEA135102D000BF4FEA4101114401F1E5
:10FB300008014FEA1111A180417921810179E18009
:10FB400090F90620628190F90700A0816A8AA07B63
:10FB50004FEA522262F3030020F01000A07304D099
:10FB60004FF6FF7000EA4100E0804FF00100BDE871
:10FB7000F0874FF001074FF02002B1E71FB540B109
:10FB800013460A466946FFF74EFFBDF8040004B06D
:10FB900010BDFEE770B504464068B0B1C268B2B1AE
:10FBA0002168904705466068408840B1A06830B140
:10FBB000C06808B102F05EFFA06802F05BFF0020A1
:10FBC00020606060A060284670BD0B2070BD0920D9
:10FBD00070BD000010B504460748EBF7E2F908E0F5
:10FBE00008680078A04201D1086810BD0248EBF710
:10FBF000EAF90100F4D110BD4C1C022410B50446F2
:10FC0000E2F734FC40B1215C2E2907D02F2903D024
:10FC10005C2901D0401EF6D102A010BD2044401C3A
:10FC200010BD00000000000010F8011F3A2900D1AB
:10FC3000401C70472DE9F0410E00174605462BD0B9
:10FC40003078FFF7C7FF040028D0616809B1884702
:10FC500030B3A06830B33046FFF7E6FFA368014633
:10FC60003A4620469847F8B1411C1DD0C5E900042A
:10FC7000608870B1102002F071FEA860B0B1102150
:10FC800002F0F6FFAA684FF0FF3148001160A96842
:10FC900048600020BDE8F0810B20FBE70320F9E776
:10FCA0000120F7E70920F5E70C20F3E7FEE77CB534
:10FCB0001C004FF0000500D02560436853B11B695C
:10FCC00053B1019545686B88002B01AB06D000F05D
:10FCD00012F80BE00B207CBD09207CBD009313467D
:10FCE00000680A462E6901462846B047002CF4D029
:10FCF000019921607CBD2DE9FC5F054614468B46C9
:10FD000099460027D5E901C0BCF802A0D0E900213E
:10FD1000D0E90260B242804648D88E4246D2B01A3C
:10FD200080B28E1BAAEB0001B14200D20E46B44253
:10FD300008EB000106D82246584602F0D7FEC9F863
:10FD4000004067E03246584602F0D0FE4FF0000017
:10FD50000190544501A8009008D9D5E90010A31BD3
:10FD60000BEB06020769B847074617E0D5E9001014
:10FD7000534642460769B8470746A868A11B43682F
:10FD80000360AA68019881420344536000D2084688
:10FD9000414682B20BEB060002F0A8FE0198304407
:10FDA000A04200D20446C9F8004030E054450AD9C8
:10FDB000CDF800902346DCF810605A46296860466A
:10FDC000B047074623E0B8F1000F06D1504602F0D5
:10FDD000C5FDA968C860E0B180465346002142468F
:10FDE00001A8CDE90001D5E900100769B847A96865
:10FDF00007460E60A868019AB1189442416000D28B
:10FE0000224641465846C9F8002002F06FFE0FB165
:10FE100006E0FEE7A868D9F8001082681144816006
:10FE20003846BDE8FC9FF8B545680446E5B1AE69C3
:10FE3000E6B16B880020C3B3D2B1012A21D0022AD7
:10FE400011D1206813460A4601462846B0470028CB
:10FE500009D1D4E900106A46C3699847002802D145
:10FE6000A26800999160F8BD0B20F8BD0920F8BD8B
:10FE7000A26891600A46A3681D68A9420CD359681C
:10FE800008E0A3689A680A449A60A1680B689A42DD
:10FE900002D349688A42EAD9D4E900100023846970
:10FEA00001B0A446BDE8F0406047FFE7206801B01C
:10FEB00013460A4601462846B446BDE8F04060476E
:10FEC0002DE9FC410C468178154611FB04F109121D
:10FED0008A4202DC0088BDE8FC81017A00EB8102E5
:10FEE00012F8023C13FB04F31B129D4202DB32F8B2
:10FEF000040CF0E701235DE000EB8302927812FB33
:10FF000004F21212954253DC00EB830737F8040D1C
:10FF1000ADF804000198FBF70BFF0646B888ADF872
:10FF200004000198FBF704FFB978BA7911FB04F1DA
:10FF300012FB04F30A12D2EB23213DD0AB1A1DB2FF
:10FF4000C2B2C5EB052C9CFBF1F1C0F30723C0F353
:10FF50000747BDF80000F4B2C6F30725C6F307460D
:10FF6000C9B212FB01F213FB01F317FB01F7C1F158
:10FF7000FF0114FB012216FB017415FB013302EB98
:10FF8000C21606EBC23603EBC31505EBC332B30E44
:10FF900004EBC411520E01EBC43163F30400890E6B
:10FFA00062F34A1061F3CF20ADF8000080B292E70F
:10FFB0005B1CDBB299429FD8FEE74168002901DA59
:10FFC00002F058BD70470000FEB50546407A16465F
:10FFD0000C4640072FD0224F387820B9002000F07F
:10FFE00043F801203870687A00F00700022818D022
:10FFF0004FEA06006A4680EA6400684002900020EA
:02000004900268
:100000000090184802A9F8F745FE01280BD03246A7
:1000100021462846ECF760FB002800900BD0002416
:1000200018E02046E6E700980422416802EBB1712F
:100030004FEAB1014160FEBD22462846FFF740FF6E
:1000400000990190BDF80400896801EB4401641C2B
:1000500024B208800098B0F90E10A142ECDCFEBD7D
:1000600000010024355D019070B5094C05462068FB
:1000700002F000FD284602F071FC064E2060B060E0
:1000800020B1294602F0F4FD756070BDFEE7000066
:1000900058020024000100241748002110B502F086
:1000A0002DFA164C2080042008F020FB60800420EC
:1000B00008F01CFBE080042008F018FBA08004205E
:1000C00008F014FB2081042008F010FB608204205B
:1000D00008F00CFB2082042008F008FBA08104201B
:1000E00008F004FB6081042008F000FBE08104209C
:1000F00008F0FCFAA08210BD2177019020010024B5
:1001000070B506000C4633D0084600F0D1F83046F2
:10011000EAF747FF05E00868A04229D03046EAF731
:1001200052FF0100F7D1204604F0C4F940B1A168A4
:10013000896829B1C9680968A14201D100F0A3F812
:10014000A06810B9204603F001FBA0688660304625
:10015000EAF79BFF05000AD030462C60EAF721FF42
:10016000A84205D13046BDE8704000F08CB8FEE7EB
:1001700070BD000010B5084A04460849F6F78EFA2B
:100180006269002A06D0002804D12046BDE810404C
:100190000121104710BD0000C7AF0090A3AF009031
:1001A00070B5060043D004F085F904003FD0207FED
:1001B000C0073CD10021204600F0D7F82046EAF7DE
:1001C000F0FE32E02868B0422BD1E06888B10068C8
:1001D000B0420ED02046F6F79BFD0246E0680F21A4
:1001E0000068FFF7B3FB012821D1E068006805F043
:1001F000F2FD002DE5601AD0216909B1204688473B
:100200002046F6F785FD0246E0680E210068FFF7FC
:100210009DFB01280BD1E0680068BDE8704005F047
:10022000DABD29462046EAF7CEFE0500CAD170BDE8
:1002300010B5084A04460849F6F730FA6269002A00
:1002400006D0002804D12046BDE810400021104708
:1002500010BD0000CFAF0090D5AF009001480068FE
:1002600070470000D0000024002802D0007FC0F3B7
:1002700040007047002803D0C068002800D0006804
:100280007047EAF792BE70B50446007F40F008015F
:10029000C0F3C00521774807204602D4FFF76AFF64
:1002A00001E0FFF7C5FF207F65F3C300207770BD35
:1002B0002DE9F041064604F0FDF804003DD0E06869
:1002C000002740B30068B04220D1207FC10702D090
:1002D00020F0010020772046EAF763FEE1688842BB
:1002E0000FD12046EAF776FEE168884209D1204620
:1002F000F6F70EFD0246E0680F210068FFF726FBC7
:1003000002E02046FFF7BFFFE06820B1E068006828
:10031000B04200D1E7602046EAF743FE11E02868CA
:100320002946B04220460AD1EAF7D6FE284602F016
:10033000A1FBB068002800D08760BDE8F081EAF733
:1003400042FE0500EBD1F8E713B5FFF793FF040079
:1003500003D0802105F057FA08B101201CBD0D2102
:10036000204601AAFFF7F2FA1CBD70B504001CD0AC
:10037000207FC0F340028A4217D061F3410020770A
:100380002046FFF777FF05000FD02046F6F7C0FCA8
:100390000246E0680E210068FFF7D8FA012804D170
:1003A0002846BDE8704005F016BD70BD7047014697
:1003B00000200F290AD2DFE801F009090909080A1B
:1003C000080C0E10120C0E1012001020704718208E
:1003D00070470120704702207047042070470820B2
:1003E0007047811E00200D2909D2DFE801F00708BF
:1003F00008070807070707070707070001207047D6
:10040000032801464FF0000001D0062900D1012049
:10041000704770B591F8380000254D620C4620F009
:100420007C0040F0030081F83800084605F096F99A
:10043000A085204604F043F894F838204FF48071EA
:10044000E0852046258642F08002E186022184F87C
:100450003820258565856586A58684F8395003F0A2
:100460003FFB2046BDE870404FF4803102F045BFAD
:100470000146044810B503F085FA044603F0F6FA85
:10048000204610BD8465039070B54C6A0D46002C63
:1004900012D0287C012802D12046FFF77BFBE068C0
:1004A00008B102F0E7FA206908B102F0E3FA204649
:1004B00002F0E0FA0020686270BD00007FB51446CB
:1004C0000D46084600F098FD20B1012817D00228FB
:1004D00039D035E02A6802F01F00001F11282FD202
:1004E0002168900A60F3942121602868400D60F330
:1004F0005F512160287860F3040121602FE02846D5
:10050000FFF77CFB17A1E1F7B8FFC8B90222294623
:100510006846FFF78FFB68B90422214603AB6846A3
:10052000FFF7C5FB05466846FFF734FB45B903985E
:10053000042805D1207800F01F00001F11280ED3D9
:10054000002004B070BD2068012161F39420C0F345
:10055000140000F5001020F01F000B302060012077
:10056000EFE7000062696E002DE9FF4F804692467A
:100570005AA00F4687B05AA203685AA104930020DC
:10058000126805921EC98DE81E00B8F808108AB2DC
:10059000D1B2120A08E000BF149C00EB40031D1901
:1005A000401CE15400B26A700A9B9842F4DB98F850
:1005B00014004FF0000900F01F00FFF7F8FE83461B
:1005C000D8F814000121002501FA0BF1491E2C4630
:1005D00000F01F022E4689B206910B2A06D00C2A83
:1005E00013D00D2A1ED00E2A30D12BE0C0F38A2062
:1005F000C01D04EBE702C50807F0070315FB0A243A
:100600000DF11009C3F1070620E0C0F38A2106228C
:10061000C91C07F003038D0805A804EBA704A2EB8F
:1006200043060BE0C0F38A2168460422491C07F008
:1006300001034D0804EB6704A2EB8306814615FB1A
:100640000A4403E0C0F38A2515FB0A74D8F8247025
:10065000284602F0B1F95FEA000A14D098F81000B9
:10066000A8B100223846211DFFF7DDFB00232A46F2
:1006700051463846FFF71BFB4FEA0A01CBF108024F
:10068000002053B222E000200BB0BDE8F08FD8F874
:10069000040080680119F1E70A7898F8144004F022
:1006A0001F05069CF24022400E2D01D019F80220B1
:1006B000A6EB0B0466B2149C00EB40052C44002E04
:1006C000A27001DA491C1E46401C00B20A9A9042F0
:1006D000E2DB504602F0BCF90120D5E700FF000044
:1006E0000055AAFF00112233445566778899AABBAA
:1006F000CCDDEEFF2DE9FF4F8046007D81B09146B5
:1007000000F01F000E46FFF752FE8246D8F8140094
:100710000121002501FA0AF1491E2F4600F01F02AF
:100720002C461FFA81FB072A06D0082A12D0092A74
:100730001FD00A2A32D12BE0C0F38A20C01D04EB5F
:10074000E601C50806F0070215FB0914C2F1070708
:10075000083423E0C0F38A20C01C04EBA6018508FE
:10076000062315FB091406F003021034A3EB42071D
:1007700014E0C0F38A20401C04EB66014508042302
:1007800015FB091406F001024034A3EB820705E0D3
:10079000C0F38A2515FB096404F58064D8F8249019
:1007A000284602F009F9061E44D098F8100068B1F6
:1007B00000224846211DFFF736FB00232A4631461A
:1007C0004846FFF774FA314600202CE0D8F80400C0
:1007D00080680119F8E70A78A7EB0A0CD9F80C50E1
:1007E00000EB40030E9CFA4002EA0B024FFA8CF732
:1007F000DDF838C005EB42051C44002F2D88ADF80C
:1008000000500CF80350BDF800304FEA132363701A
:10081000D9F810309A5CA27003DACAF10802491CB8
:1008200057B2401C00B2049A9042D4DB304602F02A
:100830000FF9012005B0BDE8F08F00002DE9FE435F
:100840000646087C0C46012801D028B328E06068E1
:10085000FFF7D4F96CA1E1F710FE00285CD16168C4
:1008600002226846FFF7E6F90028F7D1606A38B936
:10087000142002F073F8606268B1142102F0F8F9F4
:10088000D4F824000C226946521E11F8013B00F8EE
:10089000013BF9D104E0FEE76068806800286ED073
:1008A000616901F01F000E2816D0142814D0042806
:1008B0003BD0052839D0062837D0072839D008285A
:1008C00037D0092835D00A2833D00B2828D00C2857
:1008D00026D00D2824D091E0227CF2B1C1F38A22E7
:1008E000490D142812FB01F01BD001264643304667
:1008F00002F034F805000FD0676A00220421384660
:10090000FFF791FA0023324629463846FFF7CFF920
:1009100048B1284602F0AEF874E060688068A061D3
:1009200069E00326E2E7A56165E0207C0028F4D0B9
:1009300061E0FFF73CFD0127616A874039B9142067
:1009400002F00CF86062B8B1142102F091F9656A06
:10095000780002F003F8E86078B1384601F0FEFF55
:10096000286158B1E86878B3207C012808D0606815
:100970000024D0F808803CE0FEE7FEE7FEE73BE01D
:10098000002228460421FFF74EFA002419E0002334
:10099000694604222846FFF78AF99DF800209DF851
:1009A00001109DF80200FBF7E6F80190E968BDF838
:1009B000040001EB4401088029699DF803000855F3
:1009C000641CBC42E3D316E018E000BF08EB8406C9
:1009D00018F824207178B078FBF7CDF80090E9681A
:1009E000BDF8000001EB440108802969F078085542
:1009F000641CBC42EAD30120BDE8FE832146304698
:100A0000FFF742FD0020F7E762696E002DE9F84F1D
:100A1000087D1D4616460C46DDE90A32002100F02D
:100A20001F00042816D0052814D0062812D00B2841
:100A30003CD00C283AD00D2838D00E2836D00728C4
:100A40003BD0082839D0092837D00A2835D00020D3
:100A5000BDE8F88F277C012F36D1D4F824A0984622
:100A60009146FFF7A4FC074660690022C0F38A2084
:100A700015FB00607843C1105046091DFFF7D3F9FC
:100A80004FF0000100BBFC080D466B46504604FBCE
:100A900008F4009149462246FFF709F910B9009879
:100AA000844201D029460FE001210DE03146204665
:100AB00000922A46FFF758FD05E031462046009295
:100AC0002A46FFF717FE01460846C1E710B504465F
:100AD000006800280BD0C2680AB121469047207CEC
:100AE000012804D1606801F0C5FF0020606010BDDE
:100AF000054810B5EAF77AFA040004D0142102F090
:100B0000B7F8204610BDFEE7701C02242DE9F04125
:100B10000F4605460421384602F0AAF825B12846BA
:100B200000F06AFA18B105E00020BDE8F081A8687D
:100B30000028FAD00A480026EAF733FA0BE02368C7
:100B40002BB13A46294698470128064605D0044865
:100B50002146EAF738FA0400F1D13046E5E7000013
:100B6000701C02242DE9FF411D460E462821044633
:100B700002F07EF8AEB1304600F03EFA08B9B16836
:100B800079B1BDF8081001282181E56020740CD0EE
:100B9000666000272148EAF704FA04F114080546C4
:100BA00031E0002004B0BDE8F0813046E1F75EFCA2
:100BB000401C01F0D3FE606018B13146E1F76BFCD8
:100BC000E7E7FEE72B68CBB16868B8B1424631462B
:100BD000284698470128074610D1256021466A68B3
:100BE0002846904701280746DCD00421404602F001
:100BF0003FF800202062A0616062E061294607485A
:100C0000EAF7E1F90546002DDCD1207C012802D16C
:100C1000606801F02FFF3846C4E70000701C022412
:100C20002DE9FC4105680E460021089FAC683CB1E7
:100C3000CDE900371346014632462846A047014613
:100C40000846BDE8FC8110B591F838000C4600F06C
:100C50000300012801D0022809D154F8240F01F023
:100C600009FF217D0020206041F00301217510BDA6
:100C70002DE9FF410F460846FEF725FE15280546DB
:100C800007D0182D05D07548394603F031FB0128EF
:100C900069D13846FEF755FE2A2D044613D0132D90
:100CA0004FF4807621D0112D5FD02C2D7ED0152DC4
:100CB00003D0182D01D0122D55D104B03846BDE80F
:100CC000F041EFF701BB94F8380000F00300022870
:100CD000204604D004B0BDE8F04105F01CBD616AB7
:100CE00004B0BDE8F04100F0DDB83846FEF727FE5D
:100CF0000546208E10B9E08EB04234D0204604F074
:100D00002DFD0646204603F0DAFB04F132010746CA
:100D1000E08E3A46CDE90001B4F9303002A8314600
:100D2000E9F7D0FDBDF90800B5F900104042814255
:100D300000DD084600B22880BDF90A104942884209
:100D400000DC084600B22880BDF90C10891B8842DF
:100D500000DC084600B22880BDF90E10C91B88428D
:100D600000DC08462880BDE8FF813846FEF7E7FD35
:100D70000546204604F0F2FCB4F92C1088424DD10F
:100D8000204603F09CFB0146B4F92E00814245D178
:100D9000E18EB14213D1218E89B9B4F92C10B4F986
:100DA000322001EBD171B2EB610F00E041E006D1DE
:100DB000B4F9341000EBD070B1EB600F2ED02046A8
:100DC00004F0CCFC0646204603F079FB04F1320126
:100DD0000246E08ECDE90001B4F9303002A8314678
:100DE000E9F770FDBDF808000022A18A0844ADF8BB
:100DF0000800BDF80A00E18A0844ADF80A00BDF811
:100E00000C00A18A0844ADF80C00E18ABDF80E0080
:100E10000844ADF80E00296802A806E0694620469D
:100E200003F093FA296800226846E9F703F928716C
:100E300099E73846FEF783FD054694F8390000F03F
:100E40000300012804D0A08D2880E08D68808AE707
:100E5000204600F005F8286085E7000084650390CF
:100E60001FB500F13202C18ECDE90012B0F9303069
:100E7000B0F92E20B0F92C1002A8E9F723FDBDF837
:100E80000C00BDF80810BDF80A20411A2046491C84
:100E900061F30F00BDF80E1004B0891A491C61F30C
:100EA0001F4010BD2DE9F04385B08846044604F08C
:100EB00092FF404600F0A0F8032805464FF00009D5
:100EC00009D004A94046FFF721FED5B1012D26D057
:100ED000022D24D06AE094F8380000F003000228C4
:100EE00001D0012802D1606A01F0C4FD94F83810E5
:100EF000C4F8249041F0030184F8381005B0BDE82F
:100F0000F08394F8380000F00300012801D0022893
:100F100002D1606A01F0AEFDC4F8248046E0606A48
:100F2000404519D094F83810002601F0030101293A
:100F300001D0022900D106464046E1F797FA401C4D
:100F400001F00CFD07000AD04146E1F7A4FA676200
:100F500016B1304601F08EFD022D01D026E0FEE7ED
:100F600000212046572204F026FA00210646582286
:100F7000204604F020FA07B220460021592204F04E
:100F80001AFA00B241F6FF728DE8050203A83B464B
:100F90003246414609F0F6F8BDF80C200498BDF839
:100FA0000E1062F3942061F35F50049094F83800BF
:100FB00065F3010084F83800049894F83820C0F3F1
:100FC0008A21A185430DE38560F3860284F83820E9
:100FD0004D086586860D2046A68605F0C8FB208E46
:100FE00018B9E08EB0F5807F02D0204605F093FB63
:100FF000204604F0F0FE81E74FF0030130B10078A5
:10100000A0F120015F2903D80120704708467047EE
:10101000802801D3022070470020704770B520213E
:10102000044601F025FE002626700A202076607610
:101030004FF4C871A1836422E2833223E37603254F
:10104000A57670BD70B50546006920B9FBF724FA96
:101050000028286114D00B48E9F7C8FF040010D01D
:101060005C2101F005FE256010216079224640F0E8
:1010700002006071044808F0C1FD21684861204603
:1010800070BDFEE7401C02243911029001488068BF
:1010900070470000D400002418B101460248E9F767
:1010A00092BF0148E9F77DBF401C02240148406817
:1010B00070470000D400002438B102681278012A79
:1010C00005D0032A03D04FF0FF30088002E00289E8
:1010D0000A80408948807047002806D00168097856
:1010E000012903D0032901D00020704790F8440063
:1010F00000F00F007047002806D001680978012928
:1011000003D0032901D000207047006B70470028EE
:1011100001D000680078704700220A8000284A80C9
:1011200009D002681278012A01D0032A03D1028B68
:101130000A80408B488070477FB52A4CC068A06009
:101140000168096900294CD0F7F72AF9A0684179AC
:10115000490746D4006800694069002841D100254C
:10116000A0686946E9F7AAFC9DF80F60A068F7F748
:1011700017F96560A1689DF80E000128087106D076
:1011800008680078042809D1BDF80C00D0B108F037
:10119000E3FCA16809680969C1F86401A0680168F5
:1011A0000978012906D0022908D004290AD0032988
:1011B0000DD00FE06946F6F719FF0BE06946F6F728
:1011C00029FE07E0A0686946F6F708FC02E06946D8
:1011D000F6F77DFBA068F7F7E3F8002EC0D1A56015
:1011E00065607FBDD400002470B5224E0C464FF0E0
:1011F0000005E8B1417941F002014171B1688142D5
:1012000000D1756001680978012901D002290ED149
:1012100014B1416BA14201D1456314B1816AA1426D
:1012200001D1856214B1C16AA14200D1C56270BD0D
:10123000002018E0417941F002014171016809780C
:10124000012901D002290ED114B1416BA14201D173
:10125000456314B1816AA14201D1856214B1C16AAA
:10126000A14200D1C562FFF717FF0028E2D17560E7
:1012700070BD0000D400002410B50446407920F071
:101280000100607108F068FCE06408F065FCA0648F
:1012900010BD0000002810B504D0032906D00C2989
:1012A00001D0002010BDB0F9261001E0B0F92410E3
:1012B000026800206423527EC2F1640207E000BF8E
:1012C00012FB01F4084494FBF3F100B209B20029C7
:1012D000F6D110BDF8B50C460546012104F087FA99
:1012E00068BB20680123002269460090284606F06A
:1012F00023F86946284604F08BFA0022064605F1D9
:1013000014006946E8F796FE28B94FF400212846F4
:1013100004F06DFA80B1284603F012F8401E040074
:101320000AD4A8686946006850F82400FFF7D2FF85
:10133000002803D1641EF4D50EB12846F8BD002064
:10134000F8BD002803D0417941F008014171704790
:1013500010B5154C2078002823D101F0A1FBEAF745
:101360001FF9E9F72DFAE8F7B5FCE9F7A5FAFBF75D
:101370007FFBFCF761FDE9F7DDFF0C484FF4B4712A
:10138000E9F72CFE0A485C21E9F728FEEAF7D6F8CF
:10139000E9F778FB4420112804D0FEF702FB012076
:1013A000207010BDFEE70000E0000024341C022481
:1013B000401C022410B50C460421204602F090FB8C
:1013C0000020A06384F83C0005210346024684F80F
:1013D0003D00204602F03DF8074900231C2220462C
:1013E00001F03CFF00222046114605F0CEFE2046CB
:1013F000BDE8104000F03CB9FD13029070B5FEF757
:10140000A0FA0446F9F79EFBA0F57F41FF397BD097
:101410002046F9F797FB01462046F9F769FB0500DE
:1014200072D069A1E1F729F8684E002846D068A17A
:101430002846E1F722F8002846D066A12846E1F7C1
:101440001CF8002846D064A12846E1F716F80028C9
:101450004CD062A12846E1F710F8002846D060A1E0
:101460002846E1F70AF8002853D0A06B00284BD09B
:101470005CA12846E1F701F800285AD05BA1284674
:10148000E0F7FBFFF0B35AA12846E0F7F6FFD0B330
:1014900058A12846E0F7F1FFB8B357A12846E0F776
:1014A000ECFF98B355A12846E0F7E7FF0028A06BB2
:1014B00059D02946BDE8704007F04EBF002184F89E
:1014C0003C10316820460AE0012184F83C10716824
:1014D000204604E0022184F83C10B1682046F9F768
:1014E00099FB2046BDE8704000F08AB800222046F3
:1014F0002021FEF72BFA012865D1A06B002862D0CD
:10150000002204E015E01FE05DE022E026E020215B
:101510000BE0002220461F21FEF718FA012852D1C5
:10152000A06B00284FD000221F21BDE87040FEF7BD
:101530000DBAA06B0A2107F08DFEA06B08F038F9F8
:10154000002840D0A06BEEE7A06BBDE8704008F02B
:1015500006B8A06BBDE8704008F008B8A06BBDE805
:10156000704008F031B808F021F985B2A06B08F09E
:101570003DF900782D280FD02B28A06B16D0002124
:1015800008F044F9A06B2D2107F064FEA06B691CE4
:10159000BDE8704008F03AB9A06B012108F036F9B7
:1015A000A06B08F011F8A06B2B2107E0012108F0D7
:1015B0002DF9A06B08F008F8A06B2D2107F04AFE6A
:1015C000A06B2946E4E770BD61626300B4010024AA
:1015D0004142430031230000EF808D00EF849C00E6
:1015E000EF808C00456E746572000000EFA2A200CF
:1015F000EF819300EF819400EF959A002B2F2D003F
:101600002DE9F0410446074690F83D00174EC0070B
:1016100008D094F83C0056F820103846BDE8F04158
:10162000F9F7EBBA208E400001F098F997F83C10DA
:101630000546208E420056F82110284601F056FA41
:10164000002007E035F81020411C22F4806225F8C4
:10165000102088B2218E8142F4D829462046F9F71D
:10166000CCFA2846BDE8F04101F004BAD8010024C4
:1016700010B50749044690F83C0051F82010204668
:10168000F9F7C8FA2046BDE81040FFF7B9BF0000DF
:10169000B401002410B50C4691F848300020411EDA
:1016A000E16223F0180360620A0CA4F8440003F01E
:1016B000F803A4F84600216303F0BF01A063E263CE
:1016C00060632264A062204684F84810022102F080
:1016D00007FA0021204600F055FE2046BDE81040E4
:1016E00001A100F08BBE000054657874000000007A
:1016F0000146044810B502F045F9044602F0B6F977
:10170000204610BDA065039010B508460C4600F0B9
:101710000AF894F84800000702D4606A01F0AAF9B8
:101720000020606210BD10B5044690F848004006E5
:1017300003D5A06A08B101F09DF994F84800002192
:10174000A16220F0400084F8480010BD2DE9FF4759
:101750003F480E4602F0CCFD012876D13046FEF718
:10176000B2F804463046FEF7ECF82A2C05461CD0A9
:10177000132C0BD0292C18D02C2C1ED0152C64D156
:1017800004B03046BDE8F047F0F72DBB002103F070
:10179000A2FEB0F9080004B0C11700EB91708110EF
:1017A0003046BDE8F047FEF7F1B800F0B9FD04B0EF
:1017B0002846BDE8F04700F051BB002103F08BFE46
:1017C00000218146284603F098FE002180462846E5
:1017D00003F0ABFE074695F848000024C10600D58B
:1017E0000124800601D544F00204284602F014FECC
:1017F0000021284603F0EDFEA0F51C51D13905D19A
:10180000688C000502D441F6FF7002E0284602F021
:1018100003FE00974346CDE90104696A03A84A46DE
:1018200008F0B0FC3046FEF78AF8B0F90020BDF9A8
:101830000C108A4200DD11460180B0F90220BDF98A
:101840000E108A4200DD11464180BDE8FF8700008E
:10185000A06503902DE9F04F0D0080468BB059D064
:101860000021122203F0A7FD29881022081A002166
:1018700060F30F04404603F09EFD6988081A08A92A
:1018800060F31F444046A14602F07EFDBDF82400EF
:101890000025BDF820102C46D8F82470401A29469F
:1018A000401C00B20590404603F015FE0021029056
:1018B000404603F03AFE00210090404603F01DFE32
:1018C0000390AB4602985E4698F84810B0F90800BD
:1018D0000790C80600D50126880601D546F0020605
:1018E0004046002103F075FEA0F51C51D13905D109
:1018F000B8F82200000501D446F00406D8F82420E8
:101900000021404602F024F8079A8246009902EB33
:10191000010821E0FEE70020CDE90006059B7819CB
:10192000DDE90212E9F782FE079A4FEA29410444F1
:101930005A4491420BDC444A694600943846126886
:1019400090470A280BD0385D48B9641C07E008EBC3
:101950000B0025460FFA80FB785D0028DBD1BAF139
:10196000020F4FF0000807EB050B03D0BAF1030F8D
:1019700016D025E0611B5846DDE90223009608F0E9
:101980005FFCBDF8241000EBD073BDF82020881A4E
:10199000401C00B200EBD0704010A0EB63000DE0E3
:1019A000611B5846DDE90223009608F049FCBDF8AA
:1019B0002410BDF82020891A491C081A0FFA80F853
:1019C00000208DF81800824604903CBB2AE004AB4E
:1019D0006A4601A95846E9F711FEF00706D00499B6
:1019E00006A81BF80110E9F7CBFEB8B9009ADDE9AB
:1019F0000110FEF7C3F800B20FFA89F240448242A8
:101A00001EDB04994A19A2421AD00AEB0502BA5CFD
:101A1000B2B18A46039908440FFA80F80498284422
:101A2000A042D4D3094C58460499226890472268B2
:101A300006462946384690470BB03044BDE8F08F43
:101A4000CDF810A0EEE700009C020024A0020024C4
:101A50002DE9F74F5FEA020980468AB066D0D8F8D0
:101A600024504746002138462A4601F071FF83463C
:101A7000287800285BD007A9404602F085FCBDF815
:101A800020000024BDF81C102646401A2146401CA8
:101A900000B20490404603F01EFD00210390404632
:101AA00003F043FD00210690404603F026FD02901E
:101AB000A246039897F848105746B0F908000590D9
:101AC000C80600D50127880601D547F00207404621
:101AD000002103F07EFDA0F51C51D13905D1B8F8E5
:101AE0002200000501D447F004074C4A0B99284610
:101AF000126890478046A85DB0B3DDE90510084440
:101B000009900020049BCDE900072819DDE9022196
:101B1000E9F78CFD0644B04527D3A85D20B30999A9
:101B2000344601EB0A000FFA80FAEAE7FEE70020EC
:101B30005A46BBF1010FA9F8020007D0022A0AD0C9
:101B4000BBF1030F04D1404602F066FCA9F8000087
:101B50000DB0BDE8F08F404602F05EFC00EBD070A7
:101B60004110A9F80010F3E7FFE7B8F1000F12D019
:101B700005EB080010F8010C0A2801D00D280AD145
:101B800015F8080038B9DDE905014446014401EBC8
:101B90000A000FFA80FA039A2819A8EB0401CDE98C
:101BA0000070DDE9010308F04BFB0B990546A142EB
:101BB00002D00298284405B2BBF1020F03D0BBF15A
:101BC000030F16D025E00097311B039ADDE90103CE
:101BD00008F036FBBDF8202000EBD071BDF81C30BA
:101BE000D01A401C00B200EBD0704010A0EB610096
:101BF0000DE00097311B039ADDE9010308F020FB9B
:101C0000BDF82010BDF81C20891A491C081A284468
:101C100005B2A9F80050A9F802A099E7940200249F
:101C200090F84800C0F300107047406A7047006C9D
:101C30007047C06B704700002DE9F04117000D465A
:101C4000044627D094F84800000725D4204604F025
:101C5000C2F8606AE0F70AFC06463846E0F706FC80
:101C60008119606A491C00F029FF606298B1A5F5EE
:101C70007F41FF3903D10949096888470546606AF1
:101C80003A462946E9F752FD2046BDE8F0410021D9
:101C900000F0B4BBFEE7FEE7BDE8F081A40200243B
:101CA0002DE9F04F5FEA010A804695B05FD008A9A0
:101CB000404602F069FBBDF824000024BDF8201066
:101CC0004646D8F824702546401A2146401C00B2EA
:101CD0000B90304603F0FFFB00210390404603F0D9
:101CE00024FC00210090404603F007FC02900021F4
:101CF0000398B0F9080007904046726A01F028FE88
:101D0000834696F84800A1464E46C10600D50126F6
:101D1000800601D546F002064046002103F059FC3A
:101D2000A0F51C52D13A05D1B8F82210090501D40A
:101D300046F00406079A009902EB0108385DB8B135
:101D40000020CDE900060B9B3819DDE90221E9F7F7
:101D50006DFC079A0544BAF9023009EB02018B4287
:101D600006DD08EB09002C460FFA80F9E6E7FEE7EE
:101D70004FF00008BBF1020FC14603D0BBF1030FC7
:101D800016D025E0291B00963819DDE9023208F04B
:101D900057FABDF8241000EBD073BDF82020881A44
:101DA000401C00B200EBD0704010A0EB63000DE0CF
:101DB000291B00963819DDE9023208F041FABDF816
:101DC0002410BDF82020891A491C081A0FFA80F83F
:101DD000049400208DF844000D900F9005B36D1E03
:101DE0000498A8421CD804AB38460FAA0DA9E9F7FD
:101DF00005FCF00706D00498395C11A8E9F7C0FC8F
:101E00000028EDD10F9AC1460D990398FDF7B6FE53
:101E1000BAF9001000EB080210B2814215DA0494FE
:101E20000F9A0D990398FDF7A9FE029ABAF90010CE
:101E30001044401CA9EB020291420CDB4844814251
:101E400009DC012015B0BDE8F08F0299049C08441C
:101E50000FFA80F8C4E70020F4E700002DE9F04F06
:101E60000446406A99B000287ED003A94FF0FF399C
:101E70002046C4F8309002F087FABDF81000BDF893
:101E80000C10401A401C0FFA80F82046002103F085
:101E900022FB00210546204603F047FB00210746B0
:101EA000204603F02AFB824694F848000026C1062B
:101EB00000D50126800601D546F002062046002105
:101EC00003F087FBA0F51C51D13904D1608C0005CB
:101ED00001D446F00406009706A853462A46CDE9E9
:101EE0000186616A08F04EF9204604F040FC94F83F
:101EF00048004FF6FF7B4FF0000800F00700022873
:101F000004D003287ED001287DD0F5E100212046B1
:101F100002F0DEFF0604360C08D1204602F09CFADF
:101F2000FAF7C0FA032190FBF1F086B207A8F7F7A1
:101F300097FA4FF496700794ADF85CB000271490B0
:101F40001690BDF81000BDF80C10BDF91820401A0D
:101F5000401C00B2904233DA00210F91801ACDE983
:101F60001010E848014600E0C9E108902046F7F764
:101F70005FFA39460A4620B190F84220016BC2F35D
:101F80004002129888420FDD9DF85E00139120F008
:101F900001008DF85E003AB140F002008DF85E005D
:101FA00011990F980F9111903046119A0F99F7F7E8
:101FB000BEFA1290159007A8F7F7C6FA012705E0B8
:101FC000D0492046F7F704FAA4F84480BDF812007F
:101FD000BDF80E10BDF91A20401A401C00B2904204
:101FE0007EDA002F7CD1821AB5F9080000210F910A
:101FF000101ACDE91010C448089001462046F7F7A2
:1020000017FA01E023E0C4E039460A4620B190F80F
:102010004220016BC2F34002129888420FDD9DF806
:102020005E00139120F001008DF85E003AB140F09F
:1020300002008DF85E0011990F980F9111903046B3
:10204000119A0F99F7F773FA129015909DE00021FD
:102050002046642203F0AFF900210646204602F034
:1020600037FF07043F0C08D1204602F0F5F9FAF7D4
:1020700019FA032190FBF1F087B207A8F7F7F0F9FE
:10208000ADF85CB04FF00009BDF81020BDF80C3081
:10209000BDF91810D01A0794401C00B2884233DAF8
:1020A000202228461146FDF769FDBDF9181000EB06
:1020B0004002CDE90F99501849464042119091488D
:1020C000119A08903846F7F732FA8E491290204656
:1020D000F7F7AEF900B1006B36B1306B139000E04A
:1020E00026E0F06B169009E01299814206DD13900C
:1020F0009DF85E0020F001008DF85E0007A8F7F75C
:1021000023FA4FF0010905E07E492046F7F760F910
:10211000A4F84480BDF81200BDF80E20BDF91A10D5
:10212000801A401C00B2884202DAB9F1000F06D0D2
:1021300075492046F7F74CF9A4F84680DCE0B5F97C
:10214000082000200F9010905018404211906E48C7
:10215000119A0F9908903846F7F7E9F96A491290F1
:102160002046F7F765F900B1006B26B1306B13908C
:10217000F06B169009E01299814206DD13909DF8EC
:102180005E0020F001008DF85E0007A8F7F7DCF98B
:10219000B2E0BDF81210BDF80E20BDF91A00891A80
:1021A000491C09B2814209DAB5F90810884205DDF7
:1021B0005649606A09688847032802D8C4F82C90F9
:1021C0009AE0BDF810002E22BDF80C10461A1146F8
:1021D000761C2846FDF7D2FC5044BDF80E10A0EB4B
:1021E00080003044ADF80000BDF81200401A401CD9
:1021F00000B2ADF80200B5F90820D11990FBF1F357
:1022000001FB13018A42A0EB010004DCADF80200DF
:102210002989084400E0C01B6946ADF80200204649
:10222000FFF718FB8146606AE0F720F9384A074655
:10223000606A494612689047364D019005E02A6869
:1022400001A9606A9047A9F101090198C01CB84230
:10225000F5D8DFF8C4B00025019EAA46606A01994E
:102260000844DBF8001088472C4A284401A9C5B26D
:10227000606A12689047032D07D80198B84204D8C5
:102280000AF1010ABAF1030FE8D9616A204627462C
:1022900001EB060AFFF747FA042D12D9681C00F07B
:1022A0005DFBB86240B32A46514600F01FFCB96A94
:1022B00001F8058097F8480040F0400087F8480092
:1022C0000BE097F848002A46514620F0400087F876
:1022D000480007F1280000F009FC2E220020616A66
:1022E0003318401C0328CA54F9D3626AF61C09F15A
:1022F000030002F80680E062204603F06CFD19B08E
:10230000BDE8F08FC5DC0290CDDC0290A402002471
:10231000940200249C0200248C02002490020024D9
:102320002DE9F0410446054690F8480000F007000A
:10233000012823D1E96A481C20D0114AC91E686AC5
:102340001268904794F8481002460020490601D5CB
:10235000A16A06E004F1280103E00F5C401CF75479
:10236000C0B26E6A1318F75C002FF6D1095C1044F6
:1023700031542046FFF7D7F9781EE862BDE8F081B6
:102380009402002470B50D461A490446F7F720F868
:1023900019492046F7F71CF80020A4F84400022D44
:1023A000A4F846000FD0032D0DD0042D0BD094F8C7
:1023B000480020F0200100BF01F0070084F8481019
:1023C000012805D00AE094F8480040F02001F3E726
:1023D000E06A401C02D02046FFF7A2FF94F84800B4
:1023E00065F3020084F848002046BDE87040FFF71E
:1023F00035BD0000C5DC0290CDDC029070B50D4605
:10240000044603F0E8FC05B9656A606AA8420CD18D
:1024100094F84810090708D4E0F728F8411C606ACE
:1024200000F04CFB6062D0B9FEE738B194F8481078
:10243000090703D400F01EFB002161622846E0F783
:1024400015F8401C00F08AFA606268B12946E0F78E
:1024500022F894F8480020F0080184F8481020463B
:10246000BDE87040FFF7FABCFEE70FB470B5044654
:102470000598F8B1204603F0AEFC0598D8B1606A23
:10248000002530B194F84810090702D400F0F2FAA0
:10249000656206A90598E9F790F994F8481060621A
:1024A000204621F0080284F84820FFF7D7FC70BCD2
:1024B0005DF814FBFEE72046F7E7016403F08BBCF0
:1024C000C16303F088BC70B5044690F848000D461F
:1024D000000705D4606A18B100F0CCFA00216162EF
:1024E00035B194F84810656241F0080184F848104D
:1024F0002046BDE87040FFF7B1BC00002DE9F04177
:102500000A4C07460A4D0E466068401C6060C100D8
:10251000286800F0D3FA286038B1616800EBC10088
:1025200040E902760846BDE8F081FEE7E8000024B5
:102530004802002438B508460C4607F0EFFA009030
:10254000BDF80000A084FF2084F8260038BD0000FC
:1025500070B5A4B00D460846FDF7B5F91528064636
:1025600007D0162E05D08848294601F0C1FE012863
:102570007ED12846FDF7E5F9152E044678D102A84C
:10258000FBF7F4FA0021204602AA03F0C3FA0398ED
:10259000F9F7D3F90646F9F7B3F90146324654F88C
:1025A000240FF9F76DFB0090BDF80000ADF80C00AA
:1025B000BDF80E00ADF800000098F9F7BEF9064628
:1025C000F9F79EF9014620683246F9F759FB009069
:1025D000BDF80000ADF80E00BDF81200ADF8000027
:1025E0000098F9F7AAF90646F9F78AF90146206832
:1025F0003246F9F745FB0090BDF80000ADF8120037
:102600000D98F9F79AF90646F9F77AF90146206824
:102610003246F9F735FB0090BDF80000ADF8340004
:10262000BDF82600ADF800000098F9F786F90646D7
:10263000F9F766F9014620683246F9F721FB009068
:10264000BDF80000ADF826000B98F9F776F90646BC
:10265000F9F756F9014620683246F9F711FB009068
:10266000BDF80000ADF82C00F9F74AF9014600E08A
:1026700088E0A2780398F9F703FB0090BDF800000A
:10268000ADF80C00F9F73CF9A2780146BDF80E0050
:10269000ADF800000098F9F7F3FA0090BDF80000DB
:1026A000ADF80E00F9F72CF9A2780146BDF812003A
:1026B000ADF800000098F9F7E3FA0090BDF80000CB
:1026C000ADF81200F9F71CF9A2780146BDF8260012
:1026D000ADF800000098F9F7D3FA0090BDF80000BB
:1026E000ADF82600F9F70CF9A27801460D98F9F734
:1026F000C7FA0090BDF80000ADF83400F9F700F912
:10270000A27801460B98F9F7BBFA0090BDF80000DB
:10271000ADF82C00AF2014F8021FBDF83620503958
:1027200011FB02F1BDF83C2091FBF0F1ADF8361041
:1027300014F82619503911FB02F191FBF0F0ADF8B5
:102740003C002846FDF7C5F80646014610A801F0F2
:1027500023FC00200C4904F1140510AACDE9111046
:1027600002A91D902046CDE913511A21FDF7EEF87C
:1027700002A92A463046FBF7E5F91B21204610AA9C
:10278000FDF7E4F824B070BD4C2A03900846002100
:102790000185416280F82A10022101F0A1B90000F0
:1027A0002DE9F04F5D488FB00D4601F0A1FD0128E5
:1027B00049D12846FDF787F806462846FDF7C1F8B7
:1027C000132E044633D02C2E4FF002083ED0152E87
:1027D00039D107462846FDF77CF88346388D3C46BC
:1027E000002830D0786A00282DD003A9384601F09F
:1027F0002DFE204601F0FDFFBDF80C10081A06B2B0
:10280000204601F0FDFFBDF80E10081A05B2204663
:1028100001F055FE82466846FAF761FC00216A46DF
:10282000204603F019F900244FF0060967E0002163
:1028300002F00AFC04462846FDF781F8B0F90010C2
:10284000A14200DA04800FB0BDE8F08F208D00288F
:10285000F9D0606A0028F6D02846FDF770F8002508
:10286000228D07462E462846C4460DE0636A33F99A
:102870002010A94200DD0D460CEB8001595EB142EB
:1028800000DD0E46401C80B28242EFD80021204677
:1028900002F0DAFB2918398030447880D3E7786A6F
:1028A000042101EB840230F824103144ADF82C10DF
:1028B000815A08EB84023144ADF8301097F82A10A1
:1028C000C90721D0825A09EB8401AAEB02002844EF
:1028D000ADF82E00786A415AAAEB010069462844F7
:1028E000ADF832000CAB58460BAAFAF7EBFB9DF89B
:1028F0000900641CA4B220F004008DF80900388D92
:10290000401EA042CBDC9EE7805A09EB840128449C
:10291000ADF82E00786A405AE0E70000BC650390ED
:1029200030B58A42039C01DB904207DA8A4201DB20
:10293000884209DD8A4203DC904201DC204630BD3A
:102940008A4203DC884201DB184630BDE41A451A8E
:10295000501A654395FBF0F0184430BD70B5040083
:1029600010D0094D0146686807F0B5FA010007D09C
:10297000A8682044A860EA68904200D81046E86041
:10298000084670BD004870BD6002002470B5094D56
:102990000026344655F8340038B100F06BF805EBEA
:1029A000C40045F8346086718680641CE4B2102C43
:1029B000F0D370BDB41C02242DE9F04105000BD00A
:1029C000224C012600224FF0FF3000BF04EBC20171
:1029D0008B79DB0703D014E00020BDE8F081898803
:1029E000A9420ED305D104EBC200867154F832001F
:1029F000F3E7002804DB04EBC0039B88994200D274
:102A000050B2521CD2B2102AE0D3002805DB04EBEE
:102A1000C0018E7154F83000DFE7002704EBC700D7
:102A20008079C00704D07F1CFFB2102FF6D3FEE7D9
:102A300054F83700294600F041F830B104EBC701E3
:102A40008E718D8044F83700C7E7FEE7B41C02247E
:102A5000074A002152F83130834204D102EBC10110
:102A6000002088717047491CC9B21029F2D3704701
:102A7000B41C0224094910B588420DD000280BD09F
:102A8000064C0146606807F0F9F9A168814201D956
:102A9000081A00E00020A06010BD000060020024C1
:102AA00004484FF4801110B507F0DAF90249486084
:102AB00010BD0000000080C06002002410B539B1D4
:102AC000094A904208D1BDE810400846FFF746BFCA
:102AD000FFF7D0FF044810BD0A460146024840688F
:102AE000BDE8104007F00ABA6002002430B500F0DB
:102AF0000304034601F00305A54243D14EE00C78E0
:102B0000203A1C704C785C708C789C70CC78DC70AF
:102B10000C791C714C795C718C799C71CC79DC716D
:102B20000C7A1C724C7A5C728C7A9C72CC7ADC7255
:102B30000C7B1C734C7B5C738C7B9C73CC7BDC733D
:102B40000C7C1C744C7C5C748C7C9C74CC7CDC7425
:102B50000C7D1C754C7D5C758C7D9C75CC7DDC750D
:102B60000C7E1C764C7E5C768C7E9C76CC7EDC76F5
:102B70000C7F1C774C7F5C778C7F9C77CC7F2031DF
:102B8000DC772033202ABAD805E000BF11F8014BCA
:102B9000521E03F8014B002AF8D130BDFCB1C4F13C
:102BA000040405E011F8015B521E641E03F8015B8A
:102BB000ACB1002AF6D112E00C68203A1C604C68D7
:102BC0005C608C689C60CC68DC600C691C614C6942
:102BD0005C618C699C61CC692031DC612033202AE6
:102BE000EAD802E010C9121F10C3042AFAD804E080
:102BF00011F8014B521E03F8014B002AF8D130BDE9
:102C0000034610B505E000BF11F8014B521E03F852
:102C1000014B002AF8D110BD10F0030309D0C3F115
:102C2000040303E0521E5B1E00F8011B0BB1002AD7
:102C3000F8D101EB012303EB014303EB016309E04E
:102C4000036043608360C360036143618361C36168
:102C50002030203A202AF3D801E0121F08C0042AAD
:102C6000FBD802E0521E00F8011B002AFAD170477F
:102C7000002210F0030315D0C3F1040304E000BFE9
:102C8000491E5B1E00F8012B63B10029F8D1704783
:102C9000026042608260C260026142618261C26120
:102CA000203020392029F3D801E0091F04C004296D
:102CB000FBD802E0491E00F8012B0029FAD1704729
:102CC000FF2310F003020BD0C2F1040204E000BFA6
:102CD000491E521E00F8013B12B10029F8D170477D
:102CE0004FF0FF3209E0026042608260C260026120
:102CF00042618261C261203020392029F3D801E08D
:102D0000091F04C00429FBD803E000BF491E00F8D6
:102D1000013B0029FAD17047826C8A4206D0426B8F
:102D20008A4205D190F86100012801D8012070473E
:102D3000002070472DE9F0410446FCF7C4FD072848
:102D400040D12046FCF7FDFD05462046FCF7FBFD83
:102D50000446406BA84202D0A06CA84232D194F83D
:102D60006000294684F861002046FFF7D5FF00285F
:102D700028D104F154063046E8F713F90746014616
:102D80003046E8F720F905001CD039463046E8F710
:102D9000A3F93846FFF76EFE94F860002946401EFE
:102DA00004F8600F3046E8F797F92078401E04F8E1
:102DB00060092968204600F031F92846BDE8F04155
:102DC000FFF758BEBDE8F08110B504465430E8F76F
:102DD000D2F8002084F8600010BD00004A482DE9B8
:102DE000F0410C460188204604F018F800212046E6
:102DF00003F0E2FF94F86200002584F8605004219B
:102E000020F00E0084F86150C0B220F0010084F878
:102E1000620004F15400E8F7E1F8204600F0F0FE0B
:102E20000121606200F069FAE56321466564A564EA
:102E3000E5643648256400F0A5FD064600F016FE60
:102E400042F264073046394603F0D2FF0121304692
:102E500003F0C2FF0121304603F0AEFF4FF480487B
:102E60003046414600F049FA0221304600F038FE73
:102E700026483146A6621C3000F084FD064600F06C
:102E8000F5FD42F2D1723946304604F095F8002142
:102E9000304603F091FF0223304600211A4603F02A
:102EA0006FFF0221304600F01BFE4146304600F025
:102EB00024FA30462663F7F711FB15490722064628
:102EC000234600F0CBF94146304600F016FA0021C7
:102ED000304603F071FF30466663FDF7C9FA0DA175
:102EE000FDF7E0FF206BFEF703FC0121064600F032
:102EF00004FAE5622346A6631C2225651846BDE850
:102F0000F041054900F0AAB914010024642B039094
:102F1000352D0290EF819300F730029010B50C46EA
:102F20000021204603F048FF0223204600211A46D4
:102F300003F026FF2046BDE81040022100F0D0BD7E
:102F400001F15400E8F717B810B50C46084601F037
:102F5000F7FA416A204603F080FF0121204603F082
:102F60002BFF0223204600211A4603F009FF2046CA
:102F7000BDE810404FF4804100F0BFB910B5486A79
:102F80000C46002803D0FFF775FD0020606210BDDD
:102F900010B50446006B002833D0E16A002930D018
:102FA00094F86210C1F3410111B3012902D0022942
:102FB00008D11CE0002103F076F8D4F82C000021A1
:102FC00003F00AFF206B03F04FFAE06A03F04CFABB
:102FD000206B04F0E1F9206B01F004FA0028206B6B
:102FE0004FF0010109D0BDE8104000F079BD01218A
:102FF00003F059F8E06A0121E2E7BDE8104000F073
:103000007CB910BD10B50C460121204603F0D4FE5A
:103010002046BDE81040022100F062BD70B50446B4
:10302000C06A0D46A84265D010B1616A03F015FF71
:1030300085B104F15400E7F7D9FF50B1056094F869
:103040006000401C84F86000A16A284603F005FF78
:1030500003E0FEE72046FFF7B7FE206DE56248B1CA
:10306000216C00294FF0010102D000F08BF901E042
:1030700000F071FD206CD0B194F86200C10711D04E
:103080000007A06C4FF0010106D500F029FDA06CEF
:10309000022100F032F905E000F02FF9A06C0221C6
:1030A00000F01EFD94F86000022808D210E094F8A9
:1030B0006000022803D294F86200000708D5606B14
:1030C000012100F00DFD606B022100F016F907E010
:1030D000606B012100F011F9606B022100F000FD2E
:1030E000002220461C21FCF731FC2046BDE8704040
:1030F000FFF74EBF70BD10B5FCF725FC0446C06A53
:1031000078B1A26B6AB1416A39B11046FFF776F91E
:10311000A06B012100F0E4FC03E00121104600F067
:10312000ECF8206C002813D0E26C002A10D0416A21
:1031300041B11046FFF762F9E06C0121BDE8104093
:1031400000F0CEBCBDE810400121104600F0D5B81B
:1031500010BD10B50C46242104F12400E7F73EFF12
:1031600004F13000BDE810401C21E7F737BF10B56F
:1031700001F130000C46E7F7FEFE04F12400BDE843
:103180001040E7F7F8BE00002DE9F043324897B051
:103190000D4601F0ADF801285BD12846FCF793FB02
:1031A00006462846FCF7CDFB152E044651D128468D
:1031B000FCF78FFB01A98146204601F0E5F801AA42
:1031C00049462046EBF79EFB01AA49462046F1F707
:1031D00027FC01AA49462046EFF714FBBDF808007A
:1031E000BDF80410BDF80620401A401C00B200EBE8
:1031F000D07040100D18161803A8FAF7B7FC4FF45A
:103200000038204603AA414602F084FC01222046F1
:10321000414602F0D0F800B24146042200EBD070E3
:103220004710204602F0C7F800B2EA19ADF858205E
:1032300000EBD070E91BADF854104010331AADF814
:1032400056303044ADF85A0015AA484603A9FAF79B
:1032500079FC17B0BDE8F083B82B03902DE9F0415D
:103260001D4616460F46044600F070FAA1684FF05E
:1032700080608A7E00EBB2104FEAB060887600F082
:103280003F01A06801EB4101C0688900FFF716FC0F
:10329000A168C860A16870B391F81AC06FF00B0103
:1032A0006FF003020CF03F0C0B1D0CEB4C0C01EB10
:1032B0008C0C40F80C70A068877EC06807F03F0750
:1032C00007EB470702EB87028654A068827EC0683E
:1032D00002F03F0202EB420203EB82028550A0683B
:1032E000827EC06802F03F0202EB420201EB8201E3
:1032F0000844BDE8F081FFE7FEE72DE9FF410C46F9
:10330000074602F0C1FD0646E00702D0384602F04B
:1033100062FDF869E10740EA0400F86111D002217A
:10332000384602F070FA60B1384601F0C3F8050083
:1033300007D0FCF71FFF2846FCF79CFF08B102F0FE
:103340004AFD384602F0A0FDB04202D114F0C07F21
:1033500007D0384601F0F4F802F0CFFD384602F00D
:10336000CCFDE0060CD502AA6946384601F050FAB9
:103370006946384602F052FD02A9384602F04EFD79
:10338000BDE8FF81028C11438A4201D003F020BEC8
:10339000704700002DE9F0470446408C17468846E8
:1033A000C0F305103F2852D04FF6FF79394600236D
:1033B0004A4620460DF03CFC618C0426E06800255E
:1033C000C1F3051209E000BF06EBC503C3585FEA6D
:1033D000831C01D4DB0102D56D1CAA42F4D84FF046
:1033E000806202EBB1214FEAB1516184C1F3051152
:1033F000C900FFF763FB628C6FF00701E060C2F366
:1034000005100AE0E26801EBC00302EB030C02EBDB
:10341000C002DCE9003CC2E9003C401EA842F1D8F1
:10342000E068082100EBC500FFF722FCE16841F8E5
:103430003580E06806EBC501425867F31702425039
:103440004A4639462046BDE8F04703F0A7B9BDE833
:10345000F08770B51D4616460022044603F090FE24
:103460002A4631462046BDE8704003F063BD2DE991
:10347000FF4F81B093468846019803F08DFFB8F165
:10348000000F03D1019801F05BF8804601980024F9
:10349000254601F055F80021814601F07BFD002111
:1034A0000646484601F091FE30440FFA80FA48463D
:1034B000002101F032FF304400B20090002140466C
:1034C00001F068FD00210646404601F07EFE3044D2
:1034D00007B24046002101F020FF81190EB2BBF176
:1034E000000F0FD0BBF1160F35D2DFE80BF0D7116C
:1034F0002335404555686A13838898A2A7B7C1C78A
:10350000CDD3FDFC0021404601F0F9FC012823D079
:103510003C461FE0404600F07FFF0246019802F063
:103520001DF9014602EBD27001EBD1714010A0EB06
:1035300061004EE0404600F06FFF0246019802F045
:103540000DF902EBD27100EBD0704910A1EB6000D5
:10355000384404B23546A1E0404600F05DFF024623
:10356000019802F0FBF8101A3546384484E03C46D6
:103570001CE0304405B291E0404600F04DFF0246A9
:10358000019802F0EBF8014602EBD27001EBD17129
:103590004010A0EB610007E0404600F03DFF02460E
:1035A000019802F0DBF8101A384404B2404600F0EB
:1035B00019FF0246019800F082FF101AD9E73C4635
:1035C00009E0404600F028FF0246019802F0C6F8E4
:1035D000101A384404B2404600F004FF0246019835
:1035E00000F06DFF02EBD27100EBD0704910A1EB3F
:1035F0006000BEE7019800F062FF4042BAE7404633
:1036000002F0ACF80246019802F0A8F8014602EB7D
:10361000D27001EBD1714010A0EB610007E0404691
:1036200002F09CF80246019802F098F8101A04B2D1
:10363000E0E7404600F043FF05462FE0404602F039
:103640008DF80246019802F089F8014602EBD2702B
:1036500001EBD1714010A0EB610007E0404602F0A1
:103660007DF80246019802F079F8101A04B2E0E7FA
:10367000019802F073F8404204B20FE0019802F0A2
:103680006DF8404204B241E0019802F067F8404210
:1036900004B24EE0404602F061F80446484600217C
:1036A00001F02DFC012848464CD000F0CFFFB8F8BF
:1036B00014200499B9F814301144C91A0144A1EB3B
:1036C0000A00204404B2484601F08CF8B8F81620ED
:1036D0000E99B9F816301144C91A01440098081A15
:1036E000284405B201E020E00CE00198002201210D
:1036F00003F046FD019805B02A462146BDE8F04F8B
:1037000003F018BC404602F029F80446404600F099
:10371000D6FE0246019800F0D2FE02EBD27100EB19
:10372000D0704910A1EB600024E7404602F016F883
:103730000446404600F0C3FE0246019800F0BFFE7A
:10374000101A17E700F0E2FFB1E7000010B50446D9
:103750008068002813D10B484168491C41601C2037
:10376000FFF7FCF8A06058B11C21FFF781FAA168AF
:103770000F204876A068017E41F00301017610BD5C
:10378000FEE70000E00000242DE9FC410E4605465E
:10379000012102F02CF8E0BB284600F0D5FE0446DB
:1037A00000F05AFE0746F8F7BFFEA0420ED038469A
:1037B000F8F7C2FEA04209D03846F8F7A3FEA042AF
:1037C00004D03846F8F796FEA04237D14FF40024D3
:1037D0002846214602F012F828BB2846E7F7BFFC2E
:1037E00005F1140107466846F6F7C4FBBDF8000072
:1037F000C01BADF80000BDF80200C01BADF8020010
:10380000BDF804003844ADF80400BDF806003844A3
:1038100000E013E031466A46ADF806000846E6F7D8
:1038200020FB00280BD0002331460122284601F05E
:10383000E2FE1CE0012101F0DAFF10B10020BDE83A
:10384000FC812146284601F0D9FF80B9D5E9050160
:1038500000230122CDE900016946284601F0CBFE94
:1038600031466A460846E6F7FCFA0028E7D02846C3
:1038700000F066FE051EDDD10120E0E72DE9F041F4
:1038800000250E46074601F00AFE040035D03146F9
:10389000384601F0F8FD02282FD904EBD47001213D
:1038A00001EB60043146384601F0F3FD2044314617
:1038B0000FFA80F8384601F0CEFD0446314638460E
:1038C00001F0D5FD002C01DD214600E06142002819
:1038D00001DD024600E04242914205DD002C01DD9F
:1038E000204604E0604202E0002800DC4042404400
:1038F00000B2002800DA284605463146384601F075
:10390000F2FB04000ED03146384601F0E0FB0228FD
:1039100008D93146384601F0E0FB2044A84200DBDC
:1039200005462DB238466922314601F044FD04B205
:1039300038466A22314601F03EFD00B2844200DC86
:103940000446002C01DD281905B22846BDE8F081A7
:1039500070B55B220D46064601F02DFDC4B230461F
:103960001622294601F027FD04B90124204670BD26
:10397000002803D00068884201D101207047002050
:10398000704700002DE9F04100260D4636490746F4
:1039900000E00068B8B182690A42FAD08069C0F3D9
:1039A0000F108046FEF7DAFF041E31D04146FFF7C4
:1039B0005FF9C4E900756FF003074FF0010825B106
:1039C000A86878B332E03046EBE7F8F765FD05000C
:1039D0001AD0EA68F2B1686A401C68628100104639
:1039E000FFF76CF8696AE86007EB81014450A68232
:1039F0000020E682F8F768FD401E20830020F8F7DB
:103A0000A9FD401E608323E02046FFF733F8002025
:103A1000BDE8F0810420FEF7A1FFE8600460C5F86E
:103A20002480E4E7FFE72846FFF790FEA8680168D6
:103A300081B14168491C4160A86889000068FFF7AE
:103A40003DF8A9680860A968496807EB81014450FE
:103A50002046DDE70420FEF781FFAA6810600460BD
:103A6000A868C0F80480F3E7F0FF0F0070B50546C2
:103A700002F043FA002000F097FA284605F0D6FF3E
:103A8000284600F070F8012000F08EFA4FF4702103
:103A90004FF6FF72284602F081FE284602F067FECC
:103AA000FCF7DCFB030007D0284602F0DEF918B172
:103AB00029461846FCF724FB284600F041FD040087
:103AC0000DD022212A46FBF741FF23212A4620461A
:103AD000FBF73CFF2846BDE8704002F07CB970BDA2
:103AE0007FB50C46064602F0CFF90546E0060CD538
:103AF00002AA6946304600F08BFE6946304602F065
:103B00008DF902A9304602F089F9F069E10720EA4F
:103B10000400F0610ED0304602F05DF9304602F04C
:103B2000B3F938B1304600F00BFD02F0E6F930464B
:103B300002F0E3F9304602F0A7F9A84202D114F0EE
:103B4000C07F07D0304600F0FBFC04B0BDE87040F9
:103B500002F0D3B97FBD028C22EA01018A4201D072
:103B600003F036BA704770B504680546206818B18E
:103B700028602846FFF7F7FF2C6020466268002A7D
:103B800003D02946BDE87040104770BD2DE9F041D3
:103B90004D680C46EDB1284600F058FD0646284613
:103BA00000F020FE002107461022284601F003FC09
:103BB000E98A12220844C01BE082411E2846618324
:103BC000002101F0F8FBA98A0844801BA082411E55
:103BD0002183002D41F20200E06106D043F2020091
:103BE000C4F81C0043F20230E06140F0740040F47D
:103BF0000060E06102D040F40040E061BDE8F08187
:103C00000146044810B5FFF7BDFE0446FFF72EFF3E
:103C1000204610BDB024039070B5054602F0DBF8D5
:103C2000284600F08DFC0400284610D007F076FBF3
:103C3000204603F07BF8002220462221FBF786FE77
:103C40002046BDE8704000222421FBF77FBE00F033
:103C500003FC040007D02069A842284604D107F0DD
:103C60005DFB0020206170BDBDE8704007F056BBD1
:103C700070B50C460846E6F78DFD002000F094F97B
:103C8000144A0021204602F060FE012000F08CF969
:103C900000212046F5F79CFB204600F00BFC10B1FC
:103CA0002046FCF705FBA068002811D0006800251D
:103CB00018B1FEF7DFFEA0680560A068C06818B103
:103CC000FEF7D8FEA068C560A068FEF7D3FEA56029
:103CD00070BD0000FFFF0F002DE9F047A8B080463F
:103CE000FBF7F1FD06464046FBF72BFE122E05467C
:103CF0004FF001074FF0000478D0DFF89892152EAE
:103D000073D0182E6DD14046FBF7E3FD8246014685
:103D10002846EFF715FB0021284601F05FF950B166
:103D200005F59070F9F7E4FE060004D0F9F7C2FB40
:103D30003046FEF78DFE0021284601F023F90028C9
:103D40004FD018A8F9F712FF8DF86340002118AA88
:103D500028468DF87A408DF88A408DF8964001F01B
:103D6000D9FE0021284601F00AFC002180462846A1
:103D700001F0F9FB05F1140106466846F6F7F1F883
:103D8000BDF80010A1EB0800BDF80410ADF800006C
:103D900001EB0800ADF80400BDF802005146801B9D
:103DA000ADF80200BDF806003044ADF8060006A8E4
:103DB00000F0F2F818A80A90684613941A21CDF87A
:103DC0001C9006AACDE908702846FBF7BFFD18A98C
:103DD0006A465046F9F7B6FE06AA28461B21FBF7AD
:103DE000B5FD28B0BDE8F08700E052E04046FBF7A3
:103DF000A6FD064600780228F3D00021284601F0EF
:103E0000EDF810B102203070EBE70021284601F0F8
:103E10001CFB00218246284601F0B1FB00218146AF
:103E2000284601F0A0FB05F1140180466846F6F72C
:103E300098F8BDF800105246A1EB0900BDF8041037
:103E4000ADF8000001EB0900BDF80210ADF8040068
:103E5000A1EB0800BDF80610ADF8020001EB080068
:103E6000ADF8060070686946E6F724F868B10021ED
:103E7000284601F07BF8FD2807D300212846602260
:103E800001F099FAC0B2FD2801D23770A9E7347069
:103E9000A7E74046FBF71DFD804617A8F9F766FE29
:103EA0000021284601F06EF828B19DF87F0040F00F
:103EB00001008DF87F000021284617AA01F02AFE94
:103EC0000021284601F05BFB00210646284601F050
:103ED0004AFB05F1140107468A466846F6F741F8A1
:103EE000BDF800004146801BADF80000BDF804009D
:103EF0003044ADF80400BDF80200C01BADF802006C
:103F0000BDF806003844ADF8060005A800F044F8F6
:103F100017A809906846CDF818901A2105AACDE98E
:103F2000074028461294FBF711FD0021284601F0B6
:103F300055F830B1BDF85C0018B11B9E01271B94E9
:103F400001E01B9E002717A96A464046F9F7FAFDD3
:103F5000EFB11820FEF730FDBDF95C2000230746C5
:103F60005146F9F72FFD05F590713846F9F7D6F867
:103F70006EB18DF85F4017A98DF87E406A464046C5
:103F80008DF886408DF892401B96F9F7DBFD05AA67
:103F900023E70000B024039070B50D460446482185
:103FA000FEF766FE256070BD01490870704700008D
:103FB000F00000242DE9FF4188460846FBF783FC0A
:103FC00004464046FBF783FC012C054623D0082C11
:103FD00023D0032C3ED02A2C3ED00D2C4CD00E2CBE
:103FE0007DD0092C7CD00A2C7BD00F2C7AD0292CA8
:103FF00079D0222C78D0242C77D0132C76D0152C85
:1040000003D0182C01D0122C34D104B04046BDE8A6
:10401000F041FFF761BE2021FAE02021FFF79BFD70
:104020004046FBF767FCFDF766F8002822D108211F
:10403000284601F0DCFB00281CD095F820004FF04A
:104040000101C007284602D0FFF785FD30E0FFF7E9
:1040500099F92DE02021F8E000F072F900240646DD
:1040600006E0A868006850F8240001F046FF641CD0
:10407000B442F6D3BDE8FF81082101F0B8FBF8B1E6
:104080004046FBF75CFC0478132C06D0112C04D0BE
:10409000142C07D0122C05D008E001212846FFF788
:1040A00071F903E001212846FFF755FD0A2CE1D004
:1040B00004B0284600221C21BDE8F041FBF746BCB5
:1040C0004FF40161284601F092FB0028D2D0284627
:1040D00001F0BEFE0028CDD10027284607E06DE0A4
:1040E00095E09AE0B0E0B5E0D1E0F2E0F6E000F073
:1040F000ADFA0646284600F009FB04464046FBF7A9
:104100001EFC007812281BD011280CD013282BD0AD
:104110001428AFD1284600F071FA800703D0002E92
:1041200038DC002C36DC284600F0C9F90446284665
:1041300000F066FBE11704EB9171A0EBA1000BE02E
:10414000284600F0BCF90446284600F059FBE11768
:1041500004EB917100EBA1003A4604B001B228468D
:10416000BDE8F04102F0CCBD284600F047FA8007D8
:10417000E6D0002E01DC002CE2DD284601F0EEFA4C
:104180000446284600F035FBE11704EB917100EB83
:10419000A1000BE0284601F0E1FA0446284600F0B1
:1041A00028FBE11704EB9171A0EBA1003A4604B0A3
:1041B00001B22846BDE8F04102F08CBD4FF48061A9
:1041C00001F015FB18B10121284602F066FD2846D2
:1041D00000F070F9FCF748F802240646FCF756FF99
:1041E00010B94046FBF786FBFCF791FF022801D08F
:1041F000042800D106241EB144F00801284607E037
:1042000021462846FFF7BEF8082128461DE0402138
:1042100004B0BDE8F041FFF7B5B84021FFF79BFCC3
:10422000284600F023FE02287FF424AF02AA694644
:10423000284600F0EDFA6946284601F0EFFD02A994
:10424000284601F0EBFD15E70E2104B0BDE8F04172
:10425000FFF781BC002100F02FFE00210446284614
:1042600000F0E6FE204302D0284601F046FE284634
:1042700000F066F80024064606E0A868006850F8DA
:10428000240001F03AFE641CB442F6D3F2E60021A9
:10429000012201F090F806B228460021042201F024
:1042A0008AF804B22846002100F006FE00210746E5
:1042B000284600F0BDFE384305D142F2D170864257
:1042C00001D08442BFD104B02846BDE8F04101F0DE
:1042D00014BE688C40F002006884F4E70021FFF708
:1042E000CDFA04B001464046BDE8F041FBF74EBBB5
:1042F00010B50C4600B96068006868B10169002912
:10430000FAD00021E160026921469047217E012018
:10431000C90700D0002010BD012010BD8068002812
:1043200009D0002902DA4268511803D443680A46CA
:104330008B4201D800207047006850F82200704777
:104340008068002800D04068704770B50C4605466C
:1043500000F114012046F5F70DFEA868002812D0E0
:10436000808A2188081A2080A968A088898A084440
:10437000A080A9686088898A401A6080A968E0885E
:10438000898A0844E08070BD70B50C46054600215E
:1043900000F000FE06462146284600F057F870421D
:1043A00002B220461146F5F793FE0021284600F0A0
:1043B0000CFF2188084420800021284600F053FF8C
:1043C000A188081AA0800021284600F0A6FF618875
:1043D000084460800021284600F091FEE188081A18
:1043E000E08070BD70B50021044600F096FF00210A
:1043F0000546204600F083FE00210646204600F0D8
:10440000C9FD0246204600F05AF8401B5142801B6D
:1044100000EB410000B270BD70B50021044600F011
:10442000D4FE00210546204600F01DFF002106466F
:10443000204600F0AFFD0246204601F08FF9401BF8
:104440005142801B00EB410000B270BD0A4600F1F2
:1044500014011046F5F78EBD10B5416809B100F0A2
:1044600073F804460A48E6F79CFD0EE0426A002114
:1044700005E0C36853F82130A34208D0491C8A42A2
:10448000F7D801460248E6F79EFD0028EED110BDA0
:10449000341C02248068002805D0827E02F03F028E
:1044A0008A4201D800207047C06801EB410100EB4F
:1044B000810070478068002800D080687047418B79
:1044C000C08A081A401C00B2704770B5064600F05A
:1044D00037F8050001D000240AE0002070BD214615
:1044E0002846FFF71BFFB04201D1204670BD641C77
:1044F0002846FFF725FFA042F1D84FF0FF3070BDEE
:10450000F0B4468C04250024C6F3051613E000BF62
:10451000C76805EBC40C57F80C705FEAC71C09D5D7
:1045200027F07F479F4205D1C06850F83400F0BCA7
:1045300003F0BCBF641CA642EAD8F0BC0020704760
:10454000002800D04068704700B50146FFF7F8FF2B
:104550000028FAD1084600BD2DE9F047DFF8948025
:1045600006464446FFF7ECFEDFF88CA00025074620
:104570000EE0B0685146006850F82500814601F011
:104580003DF920B9B9F91A00A04200DB04466D1CC0
:10459000BD42EED30021304600F0C5FE0021814629
:1045A000304600F0B2FD00210746304600F0F8FC2E
:1045B0004445054604D0708BC01B401B201A04B232
:1045C000304600F05BFC80463046FFF778FF6942DA
:1045D000A0EB0900C01B00EB41013046A8EB010134
:1045E00000F00EF9081A00B2844200DD2046BDE852
:1045F000F087000001E0FFFF01000400806818B1AF
:10460000407E00F00F0070470F20704770B50C46D9
:104610000C490546F4F70CFF10B1806A404202E0F5
:10462000284600F0E6F8084920802846F4F700FF05
:1046300010B1806A404202E0284600F0E1F8608054
:1046400070BD00001BDB029033DB02902DE9F84FB8
:104650000021064600F059FC012807D0B068002868
:1046600002D0008A404200B2BDE8F88F00213046F7
:1046700000F0FFFD00210090304600F0ACFD00216D
:104680008146304600F08CFC41F6FF7A8046544665
:104690003046FFF755FE002507460EE0B068194981
:1046A000006850F82500834601F0A8F820B9BBF94E
:1046B0001400A04200DC04466D1CBD42EED35445FC
:1046C00006D0B28A09EB08001044001B04B200E0D7
:1046D0000D4C304600F0E0FB0546304601F03EF858
:1046E0000099C8F10002411AA1EB090000EB420059
:1046F000291A304600F07DF8084400B28442B3DD48
:104700002046B1E70100040001E0FFFF2DE9F0477A
:104710000021064600F0F9FB01280AD0DFF8A0804E
:1047200030464446FFF70CFEDFF898A00025074608
:1047300015E0B068002801D0B0F91000BDE8F0879E
:10474000B0685146006850F82500814601F056F8DF
:1047500020B9B9F91800A04200DB04466D1CBD4227
:10476000EED30021304600F084FD0021074630469C
:1047700000F031FD00218146304600F011FC444537
:10478000054604D0308BC01B401B201A04B23046B3
:1047900000F082FB8046304600F0E0FFC11B6A4219
:1047A000A1EB090000EB42013046A8EB010100F04B
:1047B00020F8081A00B28442C0DD2046BEE700009F
:1047C00001E0FFFF010004008068002802D0007EA5
:1047D000C0F3810070478068002802D0007EC0F3DB
:1047E000011070478068002802D0408A404200B221
:1047F00070478068002802D0008A404200B27047AB
:104800008068002802D0408A404200B27047000011
:104810002DE9F04F91B0164600220C464FF0FF37BD
:1048200005463B46114620460097F5F76DFC0022F1
:104830003B46114630460097F5F766FC10212846A6
:1048400000F0D5FF002816D0284600F00FFB070027
:1048500011D00020FCF720FC022F804608D010E089
:10486000FCF749FCA84209D04046FCF715FC8046FD
:10487000B8F1000FF4D111B0BDE8F08FB8F1000F1E
:10488000F9D02846FFF7AEFF05902846FFF764FEF3
:104890000A902846FFF7DAFE09902846FFF736FF10
:1048A00008902846FFF7AAFE10F00C0F81464FF043
:1048B00000000B9014D0012F10D0032F02D0022F34
:1048C00007D00DE00598002808DC0A98002805DCD0
:1048D00006E04046FCF700FC0C2801D101200B90BB
:1048E0005FEA89714FF00000079014D0012F10D0BB
:1048F000032F02D0022F07D00DE00998002808DC12
:104900000898002805DC06E04046FCF7E5FB032894
:1049100001D1012007900B9907980843ABD04FF4C1
:1049200080372846394600F0F0FA012800D00020F0
:1049300039460E90284600F0F6FC39460490284689
:1049400000F0E3FB39460F90284600F044FC804617
:104950003946284600F08DFC01228146284639461A
:1049600000F029FD0FFA80FB2846FFF7A8FD009014
:10497000284600F0F3FE02900B9800B158460799C4
:10498000824609B1584600E00020394621221090A5
:10499000284600F010FDC0B2022808D23122394664
:1049A000284600F008FDC0B20228FFF464AF059964
:1049B0004FF0A007009801440B9800280A9808447B
:1049C00000B20B9070D00028FCD0E98A0E9871805C
:1049D0000028688BF08008D0AA8AABF1010102EBB5
:1049E000080030800144B18007E0298BA1EB090069
:1049F000B080A0EB0B01491C318004990098411A4A
:104A00000F98091A1098081A00990C9048430B99AE
:104A100090FBF1F000B205900020F7F743FD00EBAA
:104A20008001502000EB4100B0F5A07F0ADB0020A0
:104A3000F7F738FD00EB8001502000EB410090FBC0
:104A4000F7F000E001200599884201DA084616E0F7
:104A50000020F7F727FD00EB8001502000EB41001C
:104A6000B0F5A07F0ADB0020F7F71CFD00EB80010A
:104A7000502000EB410090FBF7F000E00120009A8D
:104A80000B9900B2891A0AB20C99091A09B2002AC4
:104A90000BDCE98A049808447080698B0F98091A26
:104AA0001098081A401EF08090E00A9B401E11FBEF
:104AB00003FCEB8A9CFBF2F2891A049A1144194414
:104AC00009B271800844F080B5F9162004981044AA
:104AD000814238DA70800020F7F7E4FC00EB8001B7
:104AE000502000EB4100B0F5A07F0ADB0020F7F773
:104AF000D9FC00EB8001502000EB410090FBF7F067
:104B000000E00120B6F90210B6F9062008449042F0
:104B100019DD0020F7F7C6FC00EB8001502000EB08
:104B20004100B0F5A07F0ADB0020F7F7BBFC00EBEB
:104B30008001502000EB410090FBF7F000E00120E5
:104B400071880844F080B5F91A201098B6F906105B
:104B5000121A0F98101A814238DDF0800020F7F702
:104B6000A1FC00EB8001502000EB4100B0F5A07FDC
:104B70000ADB0020F7F796FC00EB8001502000EBE9
:104B8000410090FBF7F000E00120B6F90610B6F9FD
:104B90000220081A904219DA0020F7F783FC00EB94
:104BA0008001502000EB4100B0F5A07F0ADB00201F
:104BB000F7F778FC00EB8001502000EB410090FB00
:104BC000F7F000E00120F188081A70800999029836
:104BD0000144079800280898084400B200903FF468
:104BE0004AAE0028FBD0698B0F98081A0299E08022
:104BF000A1EB0802A0EB0B01A2EB0902A2EB0A0059
:104C0000029A0490491C6180A98A5043218000992E
:104C100090FBF1F1288BA08008B203900020F7F7F9
:104C200041FC00EB800050264FF4A07B06EB4000D7
:104C3000584509DB0020F7F735FC00EB800006EB58
:104C4000400090FBF7F000E001200399884201DA70
:104C5000084613E00020F7F725FC00EB800006EB88
:104C60004000584509DB0020F7F71CFC00EB8000F2
:104C700006EB400090FBF7F000E00120029A00995B
:104C800000B2891A0AB20499091A09B2002A18DC7A
:104C90000E9850B1AA8AAAF1010002EB080108445B
:104CA0002080298BA1EB090009E0A98A01EB08000B
:104CB0002080298BA1EB0901A1EB0A00401EA080F6
:104CC000D9E5089B11FB03FC0E9B9CFBF2F2A1EBC8
:104CD000020109B2EBB3AB8A08EB0A02401E194489
:104CE000114409B221800844A080B5F91400104491
:104CF000884233DD20800020F7F7D4FB00EB8000F2
:104D000006EB4000584509DB0020F7F7CBFB00EB32
:104D1000800006EB400090FBF7F000E00120B4F9C2
:104D20000010B4F904200844904217DD0020F7F782
:104D3000B9FB00EB800006EB400058450ADB002081
:104D4000F7F7B0FB00EB800006EB400090FBF7F0BC
:104D500001E03AE0012021880844A080B5F918203C
:104D6000B4F9041078E0A0800020F7F79BFB00EB7B
:104D700080005D4606EB4000A84273DB0020F7F799
:104D800091FB00EB800006EB400090FBF7F000BFCA
:104D9000B4F90410B4F90020081A904290DA002007
:104DA000F7F780FB00EB800006EB4000A8425BDBDE
:104DB0000020F7F777FB00EB800006EB400090FB4C
:104DC000F7F0A188081A208055E5AA8A4144401EC0
:104DD000114409B221800844A080B5F9142002EBE7
:104DE0000800814232DA20800020F7F75BFB00EBFD
:104DF000800006EB4000584509DB0020F7F752FB26
:104E000000EB800006EB400090FBF7F000E0012093
:104E1000B4F90010B4F904200844904216DD0020D3
:104E2000F7F740FB00EB800006EB4000584509DB3C
:104E30000020F7F737FB00EB800006EB400090FB0B
:104E4000F7F000E0012021880844A080B5F918207F
:104E5000B4F90410A2EB0A02A2EB0900814282DC41
:104E600009E5FFE7012093E70120AAE7806818B170
:104E7000007E00F00300704703207047054908B525
:104E80006A46496800912C21FAF760FDBDF90200DD
:104E900008BD0000CC240390054908B56A4609689E
:104EA00000912C21FAF752FDBDF9000008BD000069
:104EB000CC240390008C7047092210B500F07BFAD7
:104EC000C0B210BD092210B500F075FAC0B210BD15
:104ED000662200F070BA512210B500F06CFA00287A
:104EE00000D0012010BD502210B500F064FA00B2CD
:104EF00010BD502210B500F05EFA00B210BD1622AF
:104F000010B500F058FAC0B210BD162210B500F06E
:104F100052FAC0B210BD162210B500F04CFAC0B261
:104F200010BD162210B500F046FAC0B210BD162210
:104F300010B500F040FAC0B210BD162210B500F056
:104F40003AFAC0B210BD162210B500F034FAC0B261
:104F500010BD70B520220C46054600F02CFA024622
:104F600021462846BDE87040E6F729B9212210B550
:104F700000F021FAC0B210BD682210B500F01BFA93
:104F8000C0B210BD342210B500F015FA002800D0D0
:104F9000012010BD322210B500F00DFA00B210BD94
:104FA000322210B500F007FA00B210BD322210B55F
:104FB00000F001FA00B210BD322210B500F0FBF98A
:104FC00000B210BD322210B500F0F5F900B210BDEC
:104FD000322210B500F0EFF900B210BD172210B563
:104FE00000F0E9F9002800D0012010BD034A10B5F7
:104FF000528900F0E0F9C0B210BD00001401002495
:10500000042210B500F0D7F900B210BD042210B58B
:1050100000F0D1F900B210BD042210B500F0CBF9B8
:1050200000B210BD042210B500F0C5F900B210BDE9
:105030000A2210B500F0BFF980B210BD0A2210B5E7
:1050400000F0B9F980B210BD492210B500F0B3F9F3
:1050500000B210BD062210B500F0ADF900B210BDCF
:10506000052210B500F0A7F900B210BD602210B5FE
:1050700000F0A1F9C0B210BD70B50E460546FFF7AD
:10508000F5FF02281BD9FD284FF0FF0402D2C0EB28
:105090000020040A0EB1002603E02846FFF750FA6C
:1050A000054655B131462846FFF7E0FF022806D9EC
:1050B000FD28F2D24443240AEFE7022C01D8002055
:1050C00070BDFD2C01D3FF2070BD204670BD37227E
:1050D00010B500F070F9C0B210BD382210B500F064
:1050E0006AF900B210BD352210B500F064F900B2C3
:1050F00010BD112210B500F05EF900B210BD1122F2
:1051000010B500F058F900B210BD112210B500F032
:1051100052F900B210BD112210B500F04CF900B2E6
:1051200010BD112210B500F046F900B210BD1122D9
:1051300010B500F040F900B210BD112210B500F01A
:105140003AF900B210BD112210B500F034F900B2E6
:1051500010BD112210B500F02EF900B210BD1122C1
:1051600010B500F028F900B210BD112210B500F002
:1051700022F900B210BD112210B500F01CF900B2E6
:1051800010BD152210B500F016F900B210BD1522A1
:1051900010B500F010F900B210BD152210B500F0E6
:1051A0000AF900B210BD152210B500F004F900B2E2
:1051B00010BD152210B500F0FEF800B210BD12228D
:1051C00010B500F0F8F800B210BD122210B500F0D2
:1051D000F2F800B210BD122210B500F0ECF800B2E7
:1051E00010BD122210B500F0E6F800B210BD122278
:1051F00010B500F0E0F800B210BD122210B500F0BA
:10520000DAF800B210BD122210B500F0D4F800B2E6
:1052100010BD122210B500F0CEF800B210BD12225F
:1052200010B500F0C8F800B210BD122210B500F0A1
:10523000C2F800B210BD122210B500F0BCF800B2E6
:1052400010BD122210B500F0B6F800B210BD122247
:1052500010B500F0B0F800B210BD132210B500F088
:10526000AAF800B210BD132210B500F0A4F800B2E5
:1052700010BD132210B500F09EF800B210BD13222D
:1052800010B500F098F800B210BD132210B500F070
:1052900092F800B210BD132210B500F08CF800B2E5
:1052A00010BD132210B500F086F800B210BD132215
:1052B00010B500F080F800B210BD132210B500F058
:1052C0007AF800B210BD132210B500F074F800B2E5
:1052D00010BD132210B500F06EF800B210BD1322FD
:1052E00010B500F068F800B210BD142210B500F03F
:1052F00062F800B210BD142210B500F05CF800B2E4
:1053000010BD142210B500F056F800B210BD1022E6
:1053100010B500F050F800B210BD102210B500F02A
:105320004AF800B210BD102210B500F044F800B2E7
:1053300010BD102210B500F03EF800B210BD1022D2
:1053400010B500F038F800B210BD102210B500F012
:1053500032F800B210BD102210B500F02CF800B2E7
:1053600010BD102210B500F026F800B210BD1022BA
:1053700010B500F020F800B210BD102210B500F0FA
:105380001AF800B210BD102210B500F014F800B2E7
:1053900010BD102210B500F00EF800B210BD1022A2
:1053A00010B500F008F800B210BD102210B500F0E2
:1053B00002F800B210BD2DE9F843884606460121E7
:1053C0001446104603F08AF90025074615E06B469F
:1053D000224641463046F1F7F1FE0128054627D026
:1053E0007FB1022D05D0B8F1000F02D04FF00008B8
:1053F00003E03046FFF7A4F80646002EE7D1012D62
:1054000016D0B8F1000F03D1012C05D0042C03D025
:10541000204603F0F9F80AE031680FE0012C0AD0C9
:10542000C88A50B161B1012C0CD0B1F916000090BE
:105430000098BDE8F883888AF3E709680029EDD170
:105440000020F4E7B1F91400F1E70B2210B5FFF7E3
:10545000B2FF00B210BD412210B5FFF7ACFF00B2A1
:1054600010BD412210B5FFF7A6FF00B210BD4222C9
:1054700010B5FFF7A0FF00B210BD422210B5FFF734
:105480009AFF00B210BD452210B5FFF794FFC0B2DD
:1054900010BD432210B5FFF78EFF00B210BD4022B1
:1054A00010B5FFF788FF00B210BD70B555220C464D
:1054B0000546FFF780FF024621462846BDE87040BA
:1054C000E5F77DBE5722FFF776BF5722FFF773BF80
:1054D0005722FFF770BF5722FFF76DBF5722FFF724
:1054E0006ABF5722FFF767BF5722FFF764BF5822F2
:1054F00010B5FFF760FF00B210BD582210B5FFF7DE
:105500005AFF00B210BD582210B5FFF754FF00B289
:1055100010BD592210B5FFF74EFF00B210BD592241
:1055200010B5FFF748FF00B210BD592210B5FFF7C4
:1055300042FF00B210BD592210B5FFF73CFF00B288
:1055400010BD592210B5FFF736FF00B210BD592229
:1055500010B5FFF730FF00B210BD6E2210B5FFF797
:105560002AFF00B210BD6A2210B5FFF724FF00B277
:1055700010BD6A2210B5FFF71EFF00B210BD6922F0
:1055800010B5FFF718FF00B210BD692210B5FFF784
:1055900012FF00B210BD6D2210B5FFF70CFF00B274
:1055A00010BD012210B5FFF706FF00B210BD0122A9
:1055B00010B5FFF700FF00B210BD012210B5FFF7D4
:1055C000FAFE00B210BD012210B5FFF7F4FE00B2E2
:1055D00010BD012210B5FFF7EEFE00B210BD07228C
:1055E00010B5FFF7E8FE00B210BD082210B5FFF7B6
:1055F000E2FE00B210BD2DE9FF41074608880C46C7
:105600001D46ADF8000016464888ADF8020008882F
:10561000ADF80400C888ADF806008888ADF8080029
:1056200048886946ADF80A00A088ADF80C00E0880B
:10563000ADF80E00384601F07FFE01A92B46324638
:10564000384601F079FE02A92B463246384601F071
:1056500073FE03A92B463246384601F06DFEBDF9B4
:105660000030BDF90400834201DA1D4600E0054622
:10567000BDF90810BDF90C20914201DA0E4600E098
:105680001646B54205DA834201DA1A4604E00246BC
:1056900002E0914200DA0A462280BDF90030BDF9ED
:1056A00004108B4201DD1D4600E00D46BDF90800E7
:1056B000BDF90C20904201DD064600E01646B542D9
:1056C00005DD8B4201DD1A4604E00A4602E0904205
:1056D00000DD0246A280BDF90230BDF906209342EA
:1056E00001DA1D4600E01546BDF90A10BDF90E00AD
:1056F000814201DA0E4600E00646B54205DA9342E1
:1057000001DA184604E0104602E0814200DA084659
:105710006080BDF90230BDF906108B4201DD1D46E7
:1057200000E00D46BDF90A00BDF90E20904201DDF2
:10573000064600E01646B54205DD8B4201DD1846FF
:1057400004E0084602E0904200DC1046E0800522BA
:1057500020461146F4F7BCFCBDE8FF81018B808A2E
:10576000081A401C00B2704770B50546FEF7E8FE07
:10577000040012D0A88AA18A451A2046FFF739F8FA
:10578000054420460021FFF720FD2D1A2046002168
:10579000FFF700FC281A00B270BDB5F9140070BD07
:1057A00070B50546FEF7CCFE040012D0E88AE18A07
:1057B000451A2046FFF724F8054420460021FFF74C
:1057C000ACFD2D1A20460021FFF7E4FB281A00B299
:1057D00070BDB5F9160070BD10B50446FFF7E0FFC7
:1057E00002462046FEF76BFE104400B210BDC069B1
:1057F000814301D00020704701207047C0690840F4
:1058000000D001207047008C084000D00120704774
:105810007FB50D4606460221FFF7E9FF002820D09C
:1058200080213046FFF7EFFFE8B902A93046FEF7C6
:105830008CFD0022294602A8E4F7FCFB040012D0EC
:105840004FF480313046FFF7D2FF70B101206A4635
:10585000112100958DF804003046FAF777F89DF88D
:10586000040004B070BD0020FBE72046F9E7F8B55E
:1058700014460D4650220646FFF79DFD00B260809B
:10588000002810D0532230462946FFF794FDC0B2BD
:105890002073022807D929463046FFF7EDFB02287E
:1058A00002D800202073F8BDFD2804D2217B11FB13
:1058B00000F0000A2073207B0228F4D952222946E6
:1058C0003046FFF778FD024629463046E5F777FC7B
:1058D00000905422BDF80000294620803046FFF792
:1058E0006AFD51222946A0603046FFF764FD00B1F1
:1058F0000120617B002D60F382016173D3D02946C2
:105900003046FFF739FB617B60F301016173F8BD3D
:10591000F8B514460E4646220546FFF74CFDC0B2C8
:10592000E072022808D931462846FFF7A5FB022875
:105930004FF0000101D8E172F8BDFD2804D2E27AEF
:1059400012FB00F0000AE072E07A0228F4D921800C
:105950004FF4807060804822288BA98A401A401C2E
:1059600000B200EBD0704010A080688BE98A401A2A
:105970003146401C00B200EBD0704010E080284659
:10598000FFF719FD10F0FF00A0720DD0472231463D
:105990002846FFF710FD024631462846E5F70FFC82
:1059A0000090BDF800002081002EC5D03146284669
:1059B000FFF7E2FA2073F8BDF8B514460D465622FB
:1059C0000646FFF7F8FCC0B2A076022807D92946A0
:1059D0003046FFF751FB022802D80020A076F8BD20
:1059E000FD2804D2A17E11FB00F0000AA076A07E63
:1059F0000228F4D929463046FFF757FD0090582277
:105A0000BDF800002946A0813046FFF7D4FC59229A
:105A10002946A0823046FFF7CEFC5A2229466082F2
:105A20003046FFF7C8FCA17F60F30201A1773DB1CA
:105A300029463046FFF7A0FAA17F60F3C501A177A0
:105A400029463046FFF73EFD5B222946206030465E
:105A5000FFF7B1FC2077F8BDF8B514460D464E228D
:105A60000646FFF7A8FCC0B22072022807D92946D3
:105A70003046FFF701FB022802D800202072F8BD53
:105A8000FD2804D2217A11FB00F0000A2072207A4E
:105A90000228F4D9492230462946FFF78CFC00B28F
:105AA00060800028EBD04D2229463046FFF783FC6A
:105AB000024629463046E5F782FB00904A22BDF8AF
:105AC0000000294620803046FFF775FC00B2A08018
:105AD00028B14B2230462946FFF76DFCE0804C226E
:105AE00030462946FFF767FC08B1012100E000219C
:105AF000607A61F382008108002D61F3C300607257
:105B0000BDD029463046FFF737FA617A60F30101CC
:105B10006172F8BDF8B514460D460646FFF7ACFABB
:105B2000074685B1022F09D80020E070A07684F8DE
:105B3000220084F82A0084F83600F8BD2946304651
:105B4000FFF71AFAA0700B2230462946FFF733FC04
:105B5000E1782080002955D0212230462946FFF7E0
:105B60002AFCC0B2E07002284CD929463046FFF723
:105B7000F0F900902622BDF800002946A0803046AA
:105B8000FFF719FC010007D0487A400704D00A2229
:105B9000A01DFCF7ABFF35E0232230462946FFF776
:105BA0000AFCE17B60F30201E173480721D029463A
:105BB0003046FFF7CEF900902222BDF800002946BA
:105BC000E0803046FFF7F7FB024629463046E5F70E
:105BD000F6FA00902422BDF8000029466081304684
:105BE000FFF7E9FB2522294620723046FFF7E3FB49
:105BF0002073272230462946FFF7DDFBE17B60F367
:105C0000C501E173322230462946FFF7D4FB00B2CA
:105C1000208428B394F8220010B33122304629465C
:105C2000FFF7C9FBC0B284F82200022818D933223A
:105C300030462946FFF7BFFB94F82310302260F36B
:105C40004501304684F823102946FFF7B4FB02468D
:105C500029463046E5F7B3FA0090BDF80000E0832E
:105C600029463046FFF73FFAE084E8B194F82A006D
:105C7000D0B129463046FFF72AFA022884F82A00D4
:105C800012D929463046FFF728FA362229462085C0
:105C90003046FFF790FB024629463046E5F78FFA7B
:105CA0000090BDF80000A084A07E80B3282230467A
:105CB0002946FFF780FB206148B329223046294658
:105CC000FFF779FBC0B2A076022820D92069FBF744
:105CD00093F9022871D02A2229463046FFF76BFB40
:105CE000024629463046E5F76AFA00902B22BDF8B5
:105CF0000000294620833046FFF75DFB2C22294611
:105D0000E0763046FFF757FB00B10120207794F88A
:105D1000360070B329463046FFF7C1FBE08540B33B
:105D200094F83600022824D929463046FFF7ABFB09
:105D3000022884F836001CD929463046FFF78BFB31
:105D4000294620863046FFF792FB2946608630467A
:105D5000FFF79FFB44222946A0863046FFF72BFB26
:105D6000024629463046E5F72AFA0090BDF80000C1
:105D7000A085FD2FBFF4E1AEE278A57E94F8223035
:105D800094F82A0012FB07F294F8361015FB07F579
:105D900013FB07F3160AE67010FB07F02A0AA27637
:105DA00011FB07F11B0A84F82230000A84F82A004C
:105DB000090A84F83610F8BDFFE729463046FFF798
:105DC00081FB294660613046FFF76FFB0090BDF80C
:105DD000000020839BE77CB50546E5F7C0F905F197
:105DE000140104466846F4F7C5F8BDF8000069469A
:105DF000001BADF80000BDF80200001BADF802006A
:105E0000BDF804002044ADF80400BDF806002044AD
:105E1000ADF80600284600F001F87CBD7CB50C46C4
:105E20000546FEF719FBF6F7ABFB00280FD021461D
:105E30006846F4F79FF869462846FDF7A5FC002858
:105E400005D02846FEF708FB6946E5F729F87CBD32
:105E50000068002808D0017E8907F9D0007E00F094
:105E60000300012800D0002070470068002809D0F6
:105E7000017E11F00C0FF8D0007EC0F381000128E4
:105E800000D000207047000010B509490446FFF714
:105E9000B5FC08B1002010BD2046FEF751FB0028DC
:105EA000F9D00021FFF7CAF80028F4D0012010BD76
:105EB000010006007CB50546E5F751F905F114012E
:105EC00004466846F4F756F8BDF800006946001B22
:105ED000ADF80000BDF80200001BADF80200BDF8EF
:105EE00004002044ADF80400BDF806002044ADF8DD
:105EF00006002846FDF748FC7CBD10B5418C41F0FA
:105F000001014184FEF720FB418C41F004014184F2
:105F1000FEF7A2FA4068002803D0BDE8104003F065
:105F20004DBF10BD2DE9F047994617468846824679
:105F3000FEF706FA0025064624E000BFDAF808104E
:105F4000B9F1000F086850F8254005D04FF48021C2
:105F50002046FFF74CFCA0B9A38A628BE18A03EBD1
:105F60000800B4F818C03A44A082CB19E3820CEBC5
:105F70000801218300234146204662833A46FFF709
:105F8000D1FF6D1CB542D9D3BDE8F0872DE9FF479D
:105F9000456816460F4604469DB300212846FFF784
:105FA00014F9002180462846FFF7B7F94FF4802105
:105FB00081462046FFF71BFC48B1A98A07EB08037E
:105FC000EA8A06EB090019440FB2104410E0284693
:105FD000FEF70FFCAA8A02EB0801081A384407B240
:105FE0002846FEF70DFCEA8A02EB0901081A304444
:105FF00006B228460021FEF7CDFF391830440FB213
:1060000006B2A08AE18A381A711A06B20FB20EB926
:10601000002F40D02046FFF7DEFE02A92046FEF703
:1060200015FA4FF0000875B169462846FEF7ACF93D
:106030000022694602A8E3F73DFF5FEA000802D1AB
:10604000284600F073FEA08A628BE38A3044218BDD
:106050003A44A0823B44E382314421830023314609
:10606000204662833A46FFF75DFF8DB1222122462A
:106070002846F9F76BFC2046FFF7ADFE0022694683
:1060800004F11400E3F716FFB8F1000F07D104E0A4
:106090002046FFF7A0FEBDE8FF870028FBD028467A
:1060A00000F044FEF7E770B50C00064604D5FEF795
:1060B00047FAFEF745F904443046FEF706FA024671
:1060C0003046FEF73DFA002C05462DDBFEF738F989
:1060D000A04229DD944227D015DA6FF00301A242D5
:1060E00014DDA86801EB82030068C35840F8223031
:1060F000521EF4E7A86801EB82030068C35840F819
:106100002230521C00E00421A242F3DBA8680022E6
:106110002221006840F824602846F9F717FC284639
:10612000BDE87040FFF757BE70BD2DE9F0410D4648
:106130000646FEF750FBA0B93046FEF753FB044677
:106140003046FEF709FA00280BDA002C09DD404240
:10615000844200DB04462B4622B23046002100F088
:106160008DFC3046FEF730FB002825D13046FEF787
:106170006DFA04463046FEF7C9FA0021074630465C
:10618000FEF7C3FE01280BD0002F15DA002C13DD1B
:106190007842844200DB04462B4621B2002206E00E
:1061A000002C09DA002F07DD00222B46214630465D
:1061B000BDE8F04100F062BCBDE8F0812DE9F04798
:1061C00086B08946866802A904464846FEF73EF92D
:1061D0004846E4F7C4FF0146024602A8F3F778FFF9
:1061E00002AA314604A8E3F73CFE4FF400250DF166
:1061F000100A20B929464846FFF7F9FA98B1142148
:106200004FF0010822464846C4F808A0F9F79EFB63
:10621000152122464846F9F799FB162122464846A1
:10622000F9F794FB01E04FF0000829464846FFF7D4
:10623000DEFA20B1306800907068019006E009F144
:10624000140231466846E3F70CFE90B14846C4F8A4
:1062500008D0FEF775F80025074608E0D9F80800D1
:10626000006850F82510204606F0C4FA6D1CBD42A7
:10627000F4D3B8F1000F10D0172122464846C4F8D5
:1062800008A0F9F763FB182122464846F9F75EFBA0
:10629000192122464846F9F759FBA66006B0BDE829
:1062A000F0872DE9F14F82B00298FFF7EDFD00284D
:1062B0007CD10298FEF744F9009000210298FFF784
:1062C0008EF9002182460298FFF78FF90646009862
:1062D00068B1FEF7A1F881460098FEF783F80546FD
:1062E0004FF0640BCAF34130012803D012E032466C
:1062F0005146A4E02AF4C040B0F5FA6F0ADCB0F5CC
:106300007A7F01DDC0F57A7000FB09F090FBFBF0AD
:106310000FFA80FAC6F3413001280DD126F4C040AF
:10632000B0F5FA6F08DCB0F57A7F01DDC0F57A7060
:10633000684390FBFBF006B2029800216B22FFF746
:106340003AF807B2029800216C22FFF734F802B243
:106350000298FFF703FA80460298FEF7B0F8044669
:10636000C7F3413001280ED127F4C040B0F5FA6FD1
:1063700009DCB0F57A7F01DDC0F57A7000FB08F02A
:1063800090FBFBF007B2C2F3413001280DD122F49B
:10639000C040B0F5FA6F08DCB0F57A7F01DDC0F5DA
:1063A0007A70604390FBFBF002B200E05AE0B11853
:1063B0000AEB07000FB206B202980021FEF782FD39
:1063C00050B1012839D0801E082836D2DFE800F00D
:1063D0000B1320242E183D4000980021FEF78FFD5E
:1063E000012808D029E009EBD97108EBD8704910D1
:1063F000A1EB600001E0A9EB0800304406B21CE00C
:1064000005EBD57004EBD4714010A0EB610000E007
:10641000281B384407B210E009EBD97108EBD8709B
:106420004910A1EB6000304406B2F1E7291BA9EB4B
:1064300008003044394406B20FB231463A46029859
:1064400003B0BDE8F04FFFF7A1BDA9EB080006E0DF
:1064500009EBD97108EBD8704910A1EB600030440A
:1064600006B2CDE7BDE8FE8F2DE9F04F0446408C23
:1064700087B0010501D540057ED42046FEF760F8BF
:106480005FEA000878D02046FEF7E0F80190002689
:10649000608C4FF4FA6B42F2D17A000503D52046A6
:1064A000FFF75CF95DE000212046FFF77AF85045E0
:1064B000054601D1012600E00026C5F34130012840
:1064C00005D125F4C040584501DC012000E0002042
:1064D00081464046FDF7A0FF074626B12046E6F775
:1064E000BFFF05462BE0B9F1000F28D0B8F8220015
:1064F000000518D400214046FFF753F8504512D14B
:1065000000212046FEF746FD002105462046FEF705
:106510005CFE00EB050920460021FEF7A4FE4119B0
:1065200001EB09000AE025F4C040B0F57A7F01DDF7
:10653000C0F57A707843642190FBF1F005B22046F3
:1065400000210222FEF737FF0FFA80F920460021D2
:106550000322FEF730FF02B23B4649462846F5F7D4
:1065600085F907462046FEF73DF900904FF00009F7
:10657000618C480505D500E06CE02046FDF79FFFE3
:1065800054E000212046FEF73BFDA0F51C510546D6
:10659000D13907D05FF00000C5F3413181460129B0
:1065A00002D007E00120F7E725F4C040584501DCA0
:1065B000012000E0002083464046FDF713FFB9F1BB
:1065C000000F824604D02046E6F7D8FE05461BE0C1
:1065D000BBF1000F18D0B8F82200400507D4002105
:1065E0004046FEF70DFDA0F51C51D13936D025F4FB
:1065F000C040B0F57A7F01DDC0F57A70642100FB00
:106600000AF090FBF1F005B2204600210522FEF7CA
:10661000D2FE0FFA80FB204600210622FEF7CBFEB9
:1066200002B2534659462846F5F7EAF856EA0906F3
:10663000054605D000232046DDE9002100F01FFBC0
:106640002046FFF78BF8B8421BD12046FDF737FFF5
:10665000A84216D1002007B0BDE8F08F00212046E7
:10666000FEF798FC002105462046FEF756FE00EB9B
:10667000050B20460021FEF742FD411901EB0B00FE
:10668000C1E72046FFF7A7FB02A92046FDF7DEFE83
:1066900004A94046FDF778FE002204A902A8E3F70A
:1066A00009FC060002D1404600F040FBE08A6D1E66
:1066B0000021284460832046FEF721FC01281CD0DD
:1066C000A08A7F1E384420832921204602AAF9F798
:1066D0003DF9222122464046F9F738F92046FFF7D6
:1066E0007AFB608C002204A940F00200608404F16F
:1066F0001400E3F7DFFB36B904E0208BC01B401C1D
:10670000A082E1E710B1404600F010FB204600F007
:1067100002F801209FE738B50446E4F720FD05465E
:106720006A460020ADF8000013212046F9F70EF963
:10673000BDF90000A84202D02046FFF74CFBA0683C
:1067400018B1BDF80010C18209E0BDF8000030B1F9
:106750002046FCF7FBFFA168BDF80000C882BDF928
:106760000000A84202D02046FFF735FB38BD70B5C7
:1067700000210546FEF715FF002104462846FEF7D6
:106780003FFC42F2D172944203D0904201D00020EB
:1067900070BD2846FFF7B1FB012070BD2DE9F84F11
:1067A0000446514890460D460078002870D0204697
:1067B000FFF711FB0421404605F47F0501F08EFF31
:1067C00002210646404601F089FF012181464046EC
:1067D00001F084FF10210090404601F07FFF074642
:1067E0004FF6FF7BEEB1B5F5702F12D08DB10021C1
:1067F00020460422FEF7DFFD00B242F2D17A504576
:1068000007D0002120460122FEF7D5FD00B25045F9
:106810004DD1002220462A21F9F798F82046FFF7AB
:106820006CFB4FF4702A554500D085BBD84500D08D
:106830002EB12046FDF784FE08B1FFF75EFB5545FB
:1068400000D025BB1FB3002120466E22FEF7B3FD0A
:1068500000B240B9002120466D22FEF7ACFD00B227
:10686000B0F5807F01D0022714E00021204661228C
:10687000FEF7A1FDC0B2FF2807D100212046682203
:10688000FEF799FD10F0FF0F03D0012702E00EE0A4
:1068900028E00027A06820B1817E67F38711817608
:1068A00005E027B12046FCF751FFA068F4E75F46FA
:1068B000B84502D0B9F1000F02D02046FFF72BFFF8
:1068C0002046FFF788FAB84504D0009949EA060047
:1068D000084207D0B5F5803F04D02046BDE8F84F08
:1068E00006F052BABDE8F88FF00000242DE9F0411F
:1068F0000446408C15460E4604220021C0F30510C4
:106900000BE000BFE36802EBC107DB59DF0103D5F1
:1069100023F07F43AB4202D0491C8842F2D8884220
:1069200002D10020BDE8F081E06850F83100314626
:1069300001F00EFF28B1324629462046FFF72EFF10
:1069400001E00028EED00120ECE72DE9F05F4FF6E2
:10695000FF7A05461FFA82F856460F0002F47F09B7
:1069600002D0F87900B900260024214658E0EA68F0
:10697000042000EBC40BD04552F80B0083B2C0F3E7
:10698000074C4FEA0C4C01D0434509D1B9F5702FA3
:1069900001D0CC4504D12FB152F83420BA4201D0F5
:1069A000641C3DE0800105D5002352464946284637
:1069B0000AF03EF9E86850F80B10CA0101D48901C9
:1069C0000CD550F8340001F024FFE86850F834008A
:1069D000FCF750F8E968002041F83400082320460D
:1069E0000AE0E96803EBC0020A4401EBC001401C65
:1069F000D2E900C2C1E900C2698CC1F30511491E88
:106A00008142EED8688C0109491E61F3091068843F
:106A1000C0F30511E868C900FCF750F80121E860EF
:106A2000688CC0F30510A042A1D8002908D0002E20
:106A300006D0324649462846BDE8F05FFFF7AEBEB5
:106A4000BDE8F09F70B506460B480078002812D0CC
:106A500000200CE0002506E0E06850F825103046E4
:106A600006F06FFA6D1C606AA842F5D82046F5F76B
:106A700051FD0400EED170BDF00000242DE9F0417D
:106A800016460D4692B0074651EA06007AD0012B11
:106A90001DD03E493846F2F79BFC3D493846F2F797
:106AA00097FC002238460921F8F750FF012869D1E8
:106AB000324629463846E4F75EFB012862D112B01F
:106AC000384600220A21BDE8F041F8F73FBF3846BA
:106AD000FDF7C2FC80466846F2F7C2FC2D484FF431
:106AE000C874009703902DB34046F5F7EDFC4010B5
:106AF0002A460021F2F71BFDC82801D2C82002E077
:106B0000A04200D920460B903846FDF772FE291AA4
:106B10006A4640420890CDE909011D4809210190CB
:106B20001D4807903846F8F711FF01282AD168461A
:106B3000F2F70AFD002E25D04046F5F70BFD401078
:106B400032460021F2F7F3FCC82801D2C82002E047
:106B5000A04200D920460B903846FDF751FE311A6D
:106B60006A4640420890CDE9090108480921019090
:106B7000094807903846F8F7E9FE012802D168462F
:106B8000F2F7E2FC12B0BDE8F081000033DB0290C6
:106B90001BDB029083D70290C79401902DE9F04748
:106BA000154699460C46824651EA050065D0504686
:106BB00000F0F2FB5046FDF71CFE40420FFA80F851
:106BC00008EB040004B250460021FEF79EF90128AC
:106BD00013D0002C13DC25DA5046FDF737FD0646AE
:106BE0005046FDF793FD304400B2002800DA002043
:106BF0004042844216DA04B214E0002C02DA4FF06C
:106C000000040FE00EDD5046FDF720FD064650461D
:106C1000FDF77CFD304400B2002800DA00208442F9
:106C200000DD04465046FDF7EBFD404206B2701908
:106C300005B2002D02DD4FF0000510E00FDA5046DE
:106C4000FDF7D0FD07465046FDF786FC384400B2FC
:106C5000002800DA00204042854200DA05B2AA1B73
:106C6000A4EB080001B212B251EA020005D04B4673
:106C70005046BDE8F047FFF701BFBDE8F08770B5AB
:106C80001D46164604461A4600F024F82A463146A8
:106C90002046BDE8704000F033B8F8B50E46044613
:106CA00000F07AFB002000902046FDF749FC04F13B
:106CB000140705460AE033466A462146384606F080
:106CC0006DFD2C462046FDF73BFC0546002DF2D11C
:106CD000F8BD000070B514460D4608490646F2F7A7
:106CE00077FB3046FDF785FD401B234601B2304659
:106CF000BDE870400022FFF751BF00001BDB02908F
:106D000070B514460D4608490646F2F761FB304659
:106D1000FDF776FD401B234602B23046BDE87040C9
:106D20000021FFF73BBF000033DB02901FB502AA32
:106D300004466946FDF76CFD6846F3F79CF920B9F7
:106D400002A8F3F798F9002810D06846F3F793F9F2
:106D500018B169462046FFF761F802A8F3F78BF9EE
:106D6000002803D002A92046FFF758F81FBD70B5D0
:106D70000C460546FCF7EAFCA868848270BD00005A
:106D800070B51D4616460022044600F031FA002276
:106D90003146204600F014FA00222946204600F031
:106DA0002FFA0448002201882046BDE8704000F018
:106DB00034BA00001401002410B50022044600F08B
:106DC00007FA0448002201882046BDE8104000F080
:106DD00024BA00001401002410B50022044600F07B
:106DE000FFF92046FDF7ACFBBDE81040FFF785B882
:106DF00038B500230C46042105466A46FDF780FBA2
:106E0000012807D0002804D100222146284600F09E
:106E1000FFF938BD0098A042F6D138BD10B589B24F
:106E20000446002200F0F9F92046BDE81040FFF7C3
:106E300064B82DE9F04115460C461F460646194632
:106E4000F0F76EF82A46214601F0D2FD2246394677
:106E50003046BDE8F041FFF7A1BC70B5064640687A
:106E60000C46002865D0002C63D03046FEF7B3FFF7
:106E70002046FCF76BFC75683046FDF726FB0422C4
:106E8000014607E0A86802EB81030068C35840F898
:106E90002130491C2846FDF753FA801E8842F1DA5A
:106EA000A9684868401E4860A96806D00A68810041
:106EB0001046FBF703FEA96804E00868FBF7DAFD5B
:106EC000A96800200860A1684868401C4860A16863
:106ED000820008681146FBF7F1FDA16808602046B2
:106EE000FDF72EFAA1686FF0030202EB800009683B
:106EF0000E5028467460FFF719FF222132462846BB
:106F0000F8F724FD002228462421F8F71FFD22214E
:106F100032462046F8F71AFD002220462321F8F7D2
:106F200015FD3046FEF7E9FF3046BDE87040FEF73C
:106F300052BF70BD70B51546044600F0CCF9294625
:106F40002046BDE8704000F0DCB970B50C4605463F
:106F5000FCF7FCFBA868417E01F00F01A14200D0C4
:106F6000447670BD70B50C460546FCF7EFFBA8688B
:106F7000017E64F38301017670BD70B50C46054651
:106F8000FCF7E4FBA868017E64F30511017670BD8F
:106F900070B50C460546FCF7D9FBA868017E01F0E8
:106FA0000302A24207D064F3010101762846BDE83E
:106FB0007040FEF710BF70BD70B51546044600F076
:106FC00074F929462046BDE87040FFF711BF000064
:106FD0002DE9F34F8FB08246008C109988427DD006
:106FE00004905046AAF82010109A0499E4F7A8F9E2
:106FF0005FEA000872D04FF420742046FBF7DCFCF7
:1070000021460290FBF734FE0024204672E000BFC8
:10701000DAF80C00042202EBC90500EBC9010D915E
:10702000405920F07F4000F085F90090DAF80C001C
:10703000405920F07F4000F07AF9069010990098AE
:10704000884355D10D984068800151D40D9867212F
:107050000AAA006801F02CFA012849D10A9D0027EC
:1070600040E000261EE000BF029806EB860100EB20
:1070700081010E91D1F804B0584600F05BF90890F8
:10708000584600F054F92A680E9932F817200989F9
:107090008A4206D10699884203D10099089888420D
:1070A00002D2761CA642DFD3A6421AD1029B04EB81
:1070B00084010298AA8900EB810023F82120298A03
:1070C0004180A968C160296831F817100181696899
:1070D00001610D99496821F07F4100E04DE0641C99
:1070E00041607F1C286830F8170008B1202CB8D305
:1070F00009F101008146BAF82200C0F305114945A3
:1071000001D9202C84D3002510E000BF029805EBA4
:10711000850100EB8106706800F009F9109B0146BB
:10712000049A50460096E4F76BF86D1CA542EDD327
:107130000298FBF78DFCB8F1010F0ED0B8F1030FE8
:1071400011D0B8F1020F18D15046FEF744FE11B02D
:107150005046BDE8F04FFFF7DEBA11B05046BDE82B
:10716000F04FFEF738BE11B050464FF470214FF685
:10717000FF72BDE8F04FFFF711BB11B0BDE8F08F13
:1071800013460A460921FFF754BE13460A46162144
:10719000FFF74FBE07B481B01346BDF80810ADF835
:1071A00000102021009A04B0FFF743BE13460A46A0
:1071B0002821FFF73EBE13460A462121FFF739BEBC
:1071C00013460A460149C988FFF733BE140100245B
:1071D00013460A4601494988FFF72BBE14010024D3
:1071E00013460A4601494989FFF723BE14010024CA
:1071F00013460A4601498988FFF71BBE1401002483
:1072000013460A4601490989FFF713BE14010024F9
:1072100013460A460421FFF70CBE13460A460A210C
:10722000FFF707BE13460A460221FFF702BE1346C8
:107230000A461121FFF7FDBD13460A461221FFF74A
:10724000F8BD13460A461321FFF7F3BD13460A465D
:107250001021FFF7EEBD13460A460B21FFF7E9BDEB
:1072600013460A464021FFF7E4BD13460A465B2158
:10727000FFF7DFBD07B481B01346BDF80810ADF8C5
:1072800000105521009A04B0FFF7D3BD13460A46FB
:107290000121FFF7CEBD13460A460721FFF7C9BDFE
:1072A00013460A460821FFF7C4BD38B500230C4633
:1072B000012105466A46FDF723F9012807D0002879
:1072C00004D1002221462846FFF7E0FF38BD009890
:1072D000A042F6D138BD38B500230C46072105463B
:1072E0006A46FDF70DF9012807D0002804D10022D5
:1072F00021462846FFF7CFFF38BD0098A042F6D1BF
:1073000038BD38B500230C46082105466A46FDF70E
:10731000F7F8012807D0002804D10022214628468A
:10732000FFF7BEFF38BD0098A042F6D138BD00F48B
:107330007F00704780B270472DE9F0411E46154628
:107340008846070025D0E3F710FF022813D0002459
:107350009EB13DB13846FDF7F3F833462A46414623
:10736000FFF7EAFF002C14D0324641463846BDE80C
:10737000F04109F0B1BC0124EAE724B132464146AC
:10738000384609F0A9FC002D03D03846FDF7D8F89F
:10739000D7E7BDE8F081000070B50B4D29780029D2
:1073A00011D101212970FDF7CFF8044606E000BF96
:1073B00020F0040060842046F1F7B2FD608C4107A4
:1073C000F6D40020287070BDE8000024132808B50A
:1073D00002D209B1042905D9F4F7A5FA0090BDF845
:1073E000000008BD044A491EC9B202EBC00000EB10
:1073F0004100008808BD0000F8620390132808B51A
:1074000002D209B1052905D9F4F78DFA0090BDF82B
:10741000000008BD054A491E00EB8000C9B202EB1E
:10742000400000EB4100008808BD00003A62039074
:10743000132808B505D3F4F776FA0090BDF80000DC
:1074400008BD024901EB4000008808BD14620390AA
:10745000002801DAC0F57A7040F4005000B270479D
:107460002DE9FE4F0C00174605461E4602D1B7F522
:10747000807F72D02888002C3188A0EB010001B2F7
:10748000298070886A88A2EB000000B2688066D00C
:10749000DFF8FCB0DBF80000A04244D0B4F5616F27
:1074A000204601DDA4F56160002801DA00F5616085
:1074B0000A2190FBF1F8C8F100030FFA88F203EB00
:1074C000830308F1010A00EB4309104602F090FD26
:1074D00002900FFA8AF002F08BFD08F15A01019038
:1074E00008B202F085FD0AF15A01009008B202F0DC
:1074F0007FFD0299C9F10A020346DDF804C04FF08E
:107500000A0802FB01F000990CFB09004A4303FB47
:10751000092190FBF8F091FBF8F1CBF80040421103
:107520004911CBE90121DBE90132B5F90010B7F5CA
:10753000807FB5F9020034881BD002FB01FC59435F
:1075400003FB10C302FB00107B43784304EBA34111
:107550002980718801EBA0406880BDE8FE8F7943E7
:107560003288784302EB21212980598801EB2020C1
:10757000F2E702FB01F7594303FB107302FB001112
:1075800004EBA3202880708800EBA120E4E7000032
:107590003C02002430B5B0F90420B0F900300D8869
:1075A000D21A448802EBD272521098184B88291ACA
:1075B000A018181A11FB01F112FB02F210FB0010C7
:1075C000904201D8012030BD002030BD114A104B3F
:1075D0001148D10410B5F4F774FE0F481C30F4F7CD
:1075E0007FFE0D484FF448724FF4F0711C3002805A
:1075F00041800A4941610849C160016921F03001B7
:1076000041F0020120310161BDE81040F4F792BE63
:1076100000DC050000B80BC0381A022451E80090C5
:1076200010B509F0B9F80648F9F7F8FC044801214B
:10763000017004494160F9F705FD0349086010BD78
:10764000A41A0224B9090390C400002470B50123D0
:107650000C46002110E0D50706D0A3FB005601FB25
:10766000006103FB04112B46A0FB005604FB0066DF
:1076700000FB046452102846002AECD1184670BD65
:107680002DE9FC4100250E46143107462A46E2F753
:1076900011FC002826D001213046FEF7A8F800BBD7
:1076A0003046E3F762FDE0B900206A4612218DF80A
:1076B000000030460197F8F749F99DF800000228CC
:1076C0000FD03046FCF73CFE401E04000ED4B068DC
:1076D000006850F824103846FFF7D2FF050009D1A2
:1076E00002E00020BDE8FC81641EF0D59DF800009A
:1076F00000B935462846F5E72DE9FC41DFF8B480AE
:1077000000254FE0294491F83011E9BB002441E005
:10771000011991F83011C1BBA5423AD000EBC40168
:1077200000EBC50030303031E2F718FC68B3706808
:10773000B04600EBC40200EBC50168463031303280
:10774000E2F70BFD6846F2F796FC0646D8F804000F
:1077500000EBC5003030F2F78EFC0746D8F8040085
:1077600000EBC4003030F2F786FC3844864210D279
:10777000D8F804004646694600EBC5003030F2F701
:1077800002FC7168012001E00BE002E0214481F875
:107790003001641CD8F804004646B0F85011A142EC
:1077A000B6D86D1CD8F80410B1F85021AA42A9D857
:1077B000BDE8FC81F400002410B50C4691F82A10B5
:1077C000002021F00101A084E0842085204684F877
:1077D0002A101021FCF784F94FF400712046FCF7C1
:1077E0007FF906482146FCF7CDF8FCF73FF9204623
:1077F000BDE81040002202A100F00AB9F465039030
:107800004F7074696F6E20310A4F7074696F6E200B
:10781000320A4F7074696F6E20330A4F7074696F4B
:107820006E20340A4F7074696F6E203500000000BE
:10783000F8B557480E46FCF75BFD01282ED13046BF
:10784000F8F741F805463046F8F77BF82C2D04464A
:107850001CD02A2D23D0292D2DD0012D2DD0022D45
:1078600037D0082D50D0032D4ED00E2D50D00F2DD7
:107870005DD00D2D66D0132D7CD0152D01D0182D87
:107880000CD13046BDE8F840EAF7E8BB3046F8F7DF
:1078900056F805462046EFF70FFE2880F8BDEFF7B3
:1078A0003CFB18B100222A21F8F750F82046FEF7D9
:1078B0005EFF002141E0002140E0A06A20F4003199
:1078C0002046A162EFF729FBBDE8F8403149F1F706
:1078D0007FBDF9F7DBFB6946F9F71EFCBDF8020036
:1078E0000028DBD02046EFF718FB0546FDF758FFD0
:1078F000BDF80210084401B22846FFF702FDA06A55
:1079000040F40030A062F8BDBDE8F84005F05CBA74
:10791000FCF7D0FDF8F7A8FC0546F9F7B7FBF9F737
:10792000F6FB042800D115B1E08C2085F8BDE18C70
:10793000208D8142FAD00121E0842046BDE8F84044
:1079400005F0A8B83046F7F7FAFF0078132812D0F0
:10795000122810D0142801D01128E7D1E08C00287B
:10796000E4D0258D401E81B22046012200F0BBF8F4
:107970002585F8BD06E0E08CA18C401C8842F8D239
:10798000258DF0E7EFF7C9FABDE8F840FEF7C3BE72
:10799000D8650390D5DC029070B50E460846F7F71F
:1079A00092FF1528044605D018483146FCF7A0FC84
:1079B000012823D13046F7F7C4FF132C054608D021
:1079C000292C1CD0152C19D13046BDE87040E9F7A0
:1079D000DFB93046F7F7B3FF04462846FCF7B0FDA1
:1079E000EFF76AFD06462846FDF7B8FE0246B4F9F1
:1079F0000000B11A884200DC0846208070BDFCF708
:107A00009FFDBDE87040002105F044B8F465039087
:107A10002DE9F84F5FEA0109154604460DD02046CE
:107A2000EFF77BFA00904FF0000BA4F826B0584611
:107A3000A4F828B0A4F824B006E0FEE70A2902D191
:107A4000A18C491CA184401C19F800100029F5D113
:107A5000A08C00F10100A08494F82A00D5B340F076
:107A60000101484684F82A10DAF700FD471CC7EBED
:107A7000C7008246FAF7A0FF00250646A0F10108DC
:107A8000494607FB0560DAF706FD6D1C0A2007FB77
:107A900005F1EDB2072D01F80800F1D30AEB06015C
:107AA00001F801BC31460098FAF7A8FC3046FAF715
:107AB000CFFFA08C00EB4001E184C0EBC000A084AC
:107AC0002046F0F799FCE08C20850098BDE8F84F3F
:107AD000FEF721BE20F0010084F82A0000984946F4
:107AE000FAF78CFCEFE7F0B490F82A30DC07838CCF
:107AF0001ED00724C58CB3FBF4F4B5FBF4F7A14208
:107B000016D207FB1455AEB20FFA86FCACEB01059A
:107B1000002D01DCA1EB0C05B5EB540F05D98E420D
:107B20000D4601D9291900E0291B04FB071189B270
:107B30008B4200D8591EC18401851146F0BC04F067
:107B4000A9BF70B50C4691F87400002120F0030025
:107B500021674FF4407184F874002046FBF7C0FFA2
:107B600010212046FBF7BCFF0020F4F79BFC5025BA
:107B700005EBC000B0F5A07F08DB0020F4F792FC15
:107B8000A02105EBC00090FBF1F000E0012001B264
:107B90002046BDE87040FFF7EAB800002DE9F34F3A
:107BA00083B0FE480499FCF7A3FB012852D1049846
:107BB000F7F789FE05460498F7F7C3FE044600F080
:107BC00061FA112D064617D0012D46D0022D78D02E
:107BD000082D77D0032DFCD00E2D74D0292D73D015
:107BE000132D72D00D2D71D0152D33D1049805B001
:107BF000BDE8F04FE9F70AB80498F7F7A0FE05468C
:107C0000A06810B1B0F9147000E00027684604F1D4
:107C10006801F2F700FA3A4668461146F2F758FA58
:107C2000296800226846E2F705FA0028287111D178
:107C3000022E0FD104F160016846F2F7ECF93A46E2
:107C400068461146F2F744FA296800226846E2F7CE
:107C5000F1F9287105B0BDE8F08F2046FEF7BBF8BA
:107C600094F8740040F0010184F874109EB1012E64
:107C700011D0022EEED1F9F709FA6946F9F71CFA8C
:107C80002046FDF76BFD05462046FCF718FC8542B3
:107C900004DB012503E004F1240042E00025204636
:107CA0000021FDF74AF9DDB3012810D0B4F96C10BA
:107CB000BDF900008842EEDCB4F96010884240DB78
:107CC0000FE067E0EFE01FE12DE132E1A2E1B4F95E
:107CD0006810BDF900008842DDDBB4F96410884209
:107CE0002FDCB4F96420B4F96000BDF90010121A59
:107CF00002EBD27200EB6202501A002800DC881AF4
:107D0000B4F9682003B2B4F96C00801A00EBD070AB
:107D100002EB6002501A002800DC881A00B22BE047
:107D200005E0206796E7206784F8741092E7B4F9BD
:107D30006A20BDF902009042ADDBB4F966108842BA
:107D400002DD04F13000ECE7B4F96230C91A01EB4E
:107D5000D17103EB6103191A002900DCC11A0BB2BF
:107D6000B4F96E10891A01EBD17102EB6102111A9C
:107D7000002900DC811A08B294F87410984204DAE1
:107D800004F1240021F00201CDE704F1300041F0BC
:107D90000201C8E7206F0028C4D0F9F777F905463B
:107DA000F9F7B5F90128BDD169462846F9F784F9F4
:107DB000D4E90A010E1A2046F0F7C3FD00284FF05F
:107DC0000001204633D0FDF730FA002180462046DE
:107DD000FDF779FA07462046FDF7C0FCA0EB080046
:107DE000C01B05B220460021FDF7A7F8012818D0D6
:107DF000B4F91420BDF9001002EB0800081A05EBD5
:107E0000D571704300EB610090FBF5F0A16A04F1BD
:107E10003005226FAA420144D4E90A3023D1606AB6
:107E200022E0B4F91810BDF90000C91BE6E7FDF720
:107E3000AAFA002107462046FDF791F9054620469B
:107E4000FCF73DFBB4F91A20401BBDF90210C01B22
:107E50002A44891A00B2714300EBD072C1EB62016F
:107E600091FBF0F0D2E7236B814201DA0E4600E08D
:107E700006469E4201DA194602E0814200DB0146D5
:107E80001068884288D0AA424FF00102204602D1F1
:107E9000F2F76EFA01E0F2F790FA002220461C2178
:107EA000F7F754FDD6E694F874000022226720F01C
:107EB0000101204684F87410FDF78DFF2046FCF781
:107EC000F9FA0646F8F7D0F90546F9F7DFF8F9F7B9
:107ED0001EF90428E6D1002DE4D0204600F0D2F8A7
:107EE00002280AD194F87400810702D440F00200FD
:107EF00016E020F0020084F8740005B0304600213E
:107F0000BDE8F04FF8F731BAF9F7C0F8F9F7FFF824
:107F1000042801D00228C5D194F8740020F0020092
:107F200084F8740096E605B02046BDE8F04FFEF7F1
:107F3000F2BB4FF4403720463946FDF776F98146CB
:107F400039462046FDF7BFF9804639462046FDF701
:107F50001AFA064639462046FDF701F96D22054614
:107F600020463946FDF727FA00B2394600902046F0
:107F7000FDF70BFB834639462046FDF7FAFA8246A9
:107F80002046FDF7EBFB00EB4B072046FCF797FA8A
:107F900000EB4A008742204607DA01E010660390B2
:107FA000FDF7DCFB00EB4B0003E0FCF788FA00EB8D
:107FB0004A00009942464010C14510FB01F040F3D1
:107FC0000F2001DD494600E01146B54201DD2A4699
:107FD00000E03246914207DDC1454946424601DD97
:107FE0000D4604E0154602E0B54200DC3546054486
:107FF0002046AD1C4FF44031FBF740FC284405B24D
:108000000498F7F79CFCB0F90040AC4200DC2C4629
:1080100004801FE60498F7F792FC0078132813D029
:10802000112811D0142801D01228F2D194F874002C
:108030008007204617D4F2F78DF90122401E014631
:108040002046F2F7BAF915E094F87400800720464C
:1080500004D4F2F77FF90122401CF0E7F2F76BF944
:108060000122411C03E0F2F766F9411E012220467D
:10807000F2F77EF905B0204600221C21BDE8F04F42
:10808000F7F764BC10B5F2F751F9012802D00228C5
:1080900000D0002010BD00000FB40A4608B505A9A5
:1080A000009101460348049BE4F768F801B05DF8CD
:1080B00014FB00006BBA009070B50C46B1F8740068
:1080C0000F4A643400210125534284E82E0020F039
:1080D000FF002946401D24F8100F80B220F4E06014
:1080E00000F5806024F87409204601F001FC0121AC
:1080F000204601F084FB2046BDE8704000F00AB93C
:108100009F860100D0E91B23416ECB1A934209DB05
:10811000002B03D5002901DD4A424266426E016F01
:10812000521A06E0B0F87430DB0502D5914200D156
:10813000826E426600F0EEB870B556480E46FCF707
:10814000D7F801287DD13046F7F7BDFB054630460C
:10815000F7F7F7FB082D044617D00D2D71D1F8F76E
:1081600095FFF8F7D4FF05463046F7F7E8FB0068BF
:10817000132867D0142866D011287ED0122879D110
:108180002046BDE87040FFF7BDBFF8F77FFFF8F766
:10819000BEFF042820460CD001F028FB0546DAF784
:1081A00065F9616C6A5C2E2A32D0814234D1411E5D
:1081B00037E0FCF77FF9F8F757F800285AD0B4F801
:1081C000740000F00F02012A54D9C0F341200228A4
:1081D0000ED00A200021521EFFF738FA226F034604
:1081E000D017D21A884150DB0A212046216703E0CC
:1081F000206F012804DD2046BDE8704000F066B81D
:108200000A200021921EFFF721FA206720463DE058
:10821000204601F0A4F907E031B9E06E002803DA46
:108220000121204601F0F2FAB4F87410606C01F0FC
:108230000F02C1F30313984280B2A2F1010209D9DF
:1082400003E017E017E01DE017E011F0F00F01D098
:10825000401E80B2E36E111A002B00DA491C012285
:10826000002004E0401C02EB820280B25200226730
:108270008842F7D370BD042DBDD12046BDE87040C3
:1082800000F00AB8042D3FF47BAF2046BDE87040F3
:1082900000F028B8282C0390036FD0E919120B4482
:1082A000934209DC002B03DD002901DA4A424266D1
:1082B000426E016F0A4406E0B0F87430DB0502D567
:1082C000914200D1C26E426600F024B8016F0A22CA
:1082D00091FBF2F1002901DD016701E00122026753
:1082E00000F018B8D0E91A31002901DA4A4200E05A
:1082F0000A46934201DD194602E0002900DA4942AC
:10830000026F02EB820252008A4200DC026700F038
:1083100001B800002DE9F0418EB00546122108A8F1
:10832000FAF7A6FCE86E002708AC002809DA686EA8
:10833000002801DB2B2000E02D208DF82000641C9C
:1083400000E001276B6E002B00DC5B420E2137A2A0
:1083500002A8FFF7A1FE02A8DAF788F8014695F80F
:1083600074000DF1080800F00F00461A002E13DD0E
:108370004046DAF77BF881B24FEA080201EB060CBF
:10838000535C491E02F80C30F8D50020302101E082
:108390001154401CB042FBDBB5F8740010F0F00F34
:1083A00004D0C0F303164146002006E000F00F069B
:1083B000F9E700BF401C04F8012BB04202DA0A5C66
:1083C000002AF7D195F8742012F0F00F10D02E2269
:1083D00004F8012B03E000BF401C04F8012B95F8C2
:1083E000742002F00F02824202DD0A5C002AF3D1FF
:1083F00008A9284601F0B6FA95F874300A22296FC8
:1084000003F00F0003E091FBF2F1401EC0B20A2915
:10841000F9DAB04201DD401CC0B2C01BC1B228462F
:1084200001F0F4F90EB0BDE8F08100002564000011
:1084300030B50C460221204691B0FBF751FB68464F
:10844000F1F70EF81548CDE900404FF6FF70ADF892
:108450004000134801680B914268089202F5B4701D
:10846000CDE909206846F1F76FF80E484FF4B4756E
:10847000079000200890CDE909050B480190684657
:10848000F1F762F800212A462046F1F769FC4FF423
:1084900087712046F1F715FD11B030BD89CA0090F3
:1084A000FC010024959401908FCA009000F052B80E
:1084B00070B514468288C379A2F57F45FF3D07D089
:1084C0007BB3012B35D90668002206EB83052DE02E
:1084D000002213E0056805EBC2052E8826F440460D
:1084E0008E420AD12888010429D4400401D530469F
:1084F00014E068682060012070BD521C9342E9D8E6
:1085000025E000BF35F8120020F4404088420CD12D
:1085100035F812100B0412D4490403D500F074F896
:10852000E8E714E006EB82000FE0521C9342E9D822
:108530000DE022F440438B4209D1110401D5022001
:1085400070BD510401D51846E8E70068D2E7002065
:1085500070BD000070B514468288C379A2F57F45CE
:10856000FF3D07D07BB3012B35D90668002206EB0F
:1085700083052DE0002213E0056805EBC2052E8877
:1085800026F440468E420AD12888010429D44004AA
:1085900001D5304614E068682060012070BD521C8F
:1085A0009342E9D825E000BF35F8120020F440409E
:1085B00088420CD135F812100B0412D4490403D5AB
:1085C00000F022F8E8E714E006EB82000FE0521C0E
:1085D0009342E9D80DE022F440438B4209D11104C3
:1085E00001D5022070BD510401D51846E8E70068A6
:1085F000D2E7002070BD0821FAF73ABBC07908B174
:1086000000207047012070471CB545284FF000023C
:108610004FF0FF0155D01EDC302844D00EDC22285C
:1086200041D006DC032853D0062851D0202830D171
:1086300035E0252845D029282BD142E0362832D0F4
:1086400004DC31283DD0332823D13CE0372838D012
:1086500044281ED127E0552825D00EDC4E2830D0E6
:1086600006DC46282DD047281DD04D2811D11AE010
:10867000522818D053280CD123E0602821D004DCE4
:1086800056281ED0572804D120E0612819D06D2823
:1086900002D0009200981CBD4FF4807014E0FF22BD
:1086A0001146104602E0002211461046F3F787FA01
:1086B0000190BDF804000190BDF80400ADF8000081
:1086C000E8E70091E6E70F200090E3E70248FBE7C8
:1086D00041F6FF70F8E70000F861039010B50C4612
:1086E000E2F73EFF204000D0012010BD2DE9F0410F
:1086F000154D0646154C286818B900226260702195
:10870000218021884A1C12F4404F02D00020BDE88D
:10871000F08162686F398A420AD21F3131F01F0737
:1087200010D03946FAF7CAF90028F0D028606760FF
:108730002088401C80B22080296821B1014401F8C2
:10874000716CE4E7FEE7FEE75C020024700200249F
:108750002DE9F0410F4681880446A1F57F40FF389E
:1087600055D0E07900284DD0012804D0266800219A
:1087700006EB800549E021F44040B84247D1002093
:10878000A080E0713DE000BF35F8112022F44042A6
:10879000BA4239D1022813D0401E00EB40004000FD
:1087A000FAF7DCF8010032D0E379002021600246BC
:1087B0005B1E03F0FF0C84F807C001EB8C0319E08B
:1087C0000120E07121B12888A0803068206015E088
:1087D0006888A0807068F9E735F810C0BC4508D0FB
:1087E00056F820C041F822C035F810C023F812C056
:1087F000521C401C94F807C08445EDD23046FAF76D
:1088000039F90120BDE8F081491C8842BCD800201C
:10881000F8E710B504468088A0F57F41FF390BD0FA
:10882000E079012802D92068FAF724F92046BDE84A
:1088300010400821FAF71CBA10BD0A46652100F065
:10884000D7B803B482B0BDF80C10ADF800105221B7
:10885000009A04B000F0CCB80A46512100F0C8B824
:108860000A46502100F0C4B803B482B0BDF80C1021
:10887000ADF800102021009A04B000F0B9B803B49C
:1088800082B0BDF80C10ADF800102221009A04B09F
:1088900000F0AEB80A46282100F0AAB80A46212105
:1088A00000F0A6B803B482B0BDF80C10ADF800100B
:1088B0003021009A04B000F09BB80A46312100F044
:1088C00097B80A46342100F093B80A46332100F0E5
:1088D0008FB80A46322100F08BB80A46172100F003
:1088E00087B80A46622100F083B80A46632100F087
:1088F0007FB80A46042100F07BB803B482B0BDF80B
:108900000C10ADF800104D21009A04B000F070B8C2
:108910000A46492100F06CB80A46062100F068B802
:108920000A46032100F064B803B482B0BDF80C100D
:10893000ADF800103621009A04B000F059B80A468C
:10894000372100F055B80A46382100F051B80A46E0
:10895000352100F04DB870B50C46054600F02CF8F6
:108960002146284600F02CF82146284600F030F831
:1089700021462846BDE87040AFF300800A46112129
:1089800000F036B80A46152100F032B870B50C4632
:10899000054600F019F821462846BDE87040FFF76B
:1089A000F1BF70B50C46054600F006F82146284692
:1089B000BDE8704000F004B80A46122100F018B873
:1089C0000A46132100F014B80A46142100F010B82A
:1089D0000A46102100F00CB870B50C460546FFF7AA
:1089E000F7FF21462846BDE87040FFF7C7BF0000EB
:1089F000014B00F007B80000FD890290108019605B
:108A0000704700002DE9F0470446808889461D46DE
:108A1000A0F57F41FF3968D0E17929F44046174637
:108A20004FF00108012936D92368084603EB81027B
:108A30000BE000BF32F810C02CF4404CB44504D118
:108A400003EB800302EB40022CE0401EF2D5491CF0
:108A500001EB410041001846FAF730F8020044D01B
:108A6000E079226002EB800106E000BF01EB400CE0
:108A700031F81030ACF80430401EF7D5E0793946B3
:108A8000401CC0B2E07102EB800303EB4002484699
:108A9000921E1B1F20E02AD120F44040B04207D193
:108AA000221D234639464846AC46BDE8F04760479C
:108AB0000C20F9F753FF002817D021682060E279D5
:108AC000521CD2B2E271A38800EB820222F8023B70
:108AD000031D016039464846A8473046E2F73AFD93
:108AE000A27908FA00F10A43A271BDE8F087221DBD
:108AF000234684F80780EDE70A460B21FFF778BF8D
:108B000003B482B0BDF80C10ADF800104421009AF7
:108B100004B0FFF76DBF0A464221FFF769BF0A465E
:108B20004521FFF765BF0A464321FFF761BF0A46AB
:108B30004021FFF75DBF70B50C46054600F029F8EF
:108B400021462846BDE87040FFF7D3BE0A465B21A8
:108B5000FFF74EBF03B482B0BDF80C10ADF80010A3
:108B60005521009A04B0FFF743BF0A465721FFF78B
:108B70003FBF0A465921FFF73BBF0A466A21FFF76C
:108B800037BF0A466921FFF733BF0A466721FFF75F
:108B90002FBF0A460121FFF72BBF00002DE9F04748
:108BA0001E4615460F4604461421DDE90889FAF7EA
:108BB0005FF8276005B9044DC4F80490083484E8D0
:108BC0006001BDE8F0870000FB9401904162FDF771
:108BD00002B900684FF0FF314162FDF7FCB810B5F3
:108BE0000C464FF0FF30486210212046FAF778FF1C
:108BF00008212046FAF781FB2046BDE810404FF4DB
:108C00008061FAF77ABB08460021F0F7E1BB00006B
:108C10002DE9F04735488946FBF76AFB01285CD10E
:108C20004846F6F750FE04464846F6F78AFE132CEF
:108C3000804608D01C2C52D0152C4ED14846BDE899
:108C4000F047E9F7D4BA4FF440352946FCF7F3FA78
:108C5000074629464046FCF73CFB06462946404667
:108C6000FCF797FB044629464046FCF77EFAB742DC
:108C700001DD394600E03146A04201DD024600E058
:108C80002246914205DDB74201DD384604E0304618
:108C900002E0A04200DC20462946841C4046FAF748
:108CA000EDFD204405B24846F6F749FE0446B0F90A
:108CB0000000A84200DD054640464FF400362580FE
:108CC0003146FAF7DBFD0146B4F90000814203DBCF
:108CD00031464046FAF7D2FD2080BDE8F08700F02B
:108CE00007F84046BDE8F047FDF775B82C660390DD
:108CF000F0B500210646652291B0FCF75CFB070049
:108D00002DD03046FCF7D6F8746A00F001004FF41D
:108D10008075611C01D038B905E008B1002403E07A
:108D20002C46002503E00025601B002801DD601BA8
:108D300000E0281B00217843070A3046F0F748FB83
:108D40006846F0F78DFB074809A90894CDE9006053
:108D500005480390684681E8B000F0F7F5FB11B0D4
:108D6000F0BD0000CD8B0290D38B029010B5012096
:108D700088840C46C8840220F9F7F0FD2063E08C5B
:108D80004000F9F7EBFDE0628220216B0880E16A88
:108D90000880E18CA08C4143A06A8900F9F78EFE1F
:108DA000A0620021016010BD70B500260C4635465A
:108DB00015E000BF50F8250078B1406828B1F9F7F8
:108DC00059FEA06A50F825004660A06A50F82500B8
:108DD000F9F750FEA06A40F825606D1CADB2A08C7A
:108DE000E18C4843A842A06AE4DC08B1F9F742FEEE
:108DF000E06A08B1F9F73EFE206B002803D0BDE819
:108E00007040F9F737BE70BDF0B5714889B00F46B4
:108E1000FBF76EFA012845D13846F6F754FD0546B2
:108E20003846F6F78EFD2A2D044615D02C2D19D084
:108E3000012D39D0022D37D0082D4FF6FF764BD0BB
:108E40000E2D68D00D2D6BD0152D2BD109B03846C5
:108E5000BDE8F040E9F77CBA09B00021BDE8F04078
:108E600003F0A2BE3846F6F76AFD0021A28C034645
:108E7000084605E0256B35F81050401C294409B21E
:108E80008242F7D80020E58C024605E0E66A36F813
:108E90001260521C304400B29542F7D8491E198026
:108EA000401E588009B0F0BD01A96A46EEF717F9D7
:108EB0000128F7D1A18EBDF80000814204D1E18ED6
:108EC000BDF804209142EDD0A0862046BDF80410E4
:108ED000E186FCF780FFE5E7FCF77DFFF8F7D6F8C1
:108EE000F8F709F9A18EB1420AD0E18EB14207D05C
:108EF00030B9002220461C21F6F728FD0128D1D1E7
:108F0000F8F7C4F8F8F703F9012801D00328C9D10C
:108F1000A686E686C6E709B0BDE8F040FCF75BBF71
:108F20003846F6F70CFD0246A18EE08EB1420F46A0
:108F30001568844601D0B04207D10020A086E086A3
:108F4000204604F0B0FD2046E5E7A38C8B4200DC10
:108F50000021E28C824200DC0020142D0ED0132D63
:108F60000ED0112D0ED0122D9CD1401C8B420DDC49
:108F7000511E814208DD0021401C0EE0491EF5E72C
:108F8000491CF3E7401EF1E7591E06E0002904DA08
:108F900010B1591E401E00E00021824201DC501E2B
:108FA00002E0002800DA00208F4201D1844592D0EF
:108FB000A186E0862046FCF70EFF204604F073FDF4
:108FC00009B0204600221C21BDE8F040F6F7BEBCE7
:108FD000486603902DE9F0414A4E0C46307881F8FE
:108FE0002C00012849D0022849D0042802D00828A2
:108FF00006D101E0012100E009212046FDF7DCFE59
:1090000042F26405204629462A46FDF7D5FF204650
:10901000F1F7B6FA07462046FAF7F2FD012180463D
:109020003846F1F7CFFE0420F9F798FC606236A1CC
:1090300001603846616AF1F7EDFD344900231C22D6
:109040003846FAF70BF94FF480413846FAF755F9EC
:1090500000232F491A464046FAF700F900214046FE
:10906000FDF796FF94F82C00012815D0022813D0A4
:10907000042806D008281DD103E00021BDE70821FF
:10908000BBE7B6F9022029463846FDF795FF294689
:109090004046FEF70AF909E0B6F902102A463846BA
:1090A000FDF78AFF29464046FDF7A2FE0121404612
:1090B000FDF792FEF7F7D2F810B13946F7F720F82E
:1090C00094F82C0010F00C0F08D000214046FDF75A
:1090D00073FE03214046FDF745FF07E001214046AE
:1090E000FDF76AFE03214046FDF747FF8021404619
:1090F000FAF703F94046BDE8F0414FF48061FAF712
:10910000EFBC00000402002400000000E9D0009041
:10911000A3E0009070B591F82C0000260C4610F0EA
:109120000C0F0DD0002508E0606A50F82500F9F713
:10913000A1FC606A40F825606D1C208DA842F3D820
:1091400094F82C0080070DD0002508E0606A50F8E4
:109150003500F9F78FFC606A40F835606D1C208D92
:10916000A842F3D8606AF9F785FC666270BD00001A
:1091700070B50B480C46FBF7BBF801280ED1204612
:10918000F6F7A1FB05462046F6F7DBFB292D05D1B6
:10919000418D0022BDE8704000F00AB870BD0000AB
:1091A000602C03900121FBF7B9B80021FBF7B6B89A
:1091B0002DE9F0470646408C91460C46C00447D442
:1091C000308DA04200D8441E3046FEF7E5F8304608
:1091D000FFF7E8FF05003BD096F82C004FF00001A8
:1091E00010F00C0F28461CD01522FCF7E4F807B24B
:1091F0002846FBF711F9002180463046FBF797FE21
:10920000012804D007EB0800604301B204E060428B
:1092100007EB0801414309B24A462846FDF75AFDCB
:109220000DE01422FCF7C7F807462846FBF7DAF8EA
:1092300038444A46604301B22846FDF761FD304696
:10924000FFF7B3FFA1B24FF48072F1F789FC748588
:10925000BDE8F0872DE9F34383B090F86010044631
:109260000498090703D50A2830D00D282ED00027EE
:10927000E9464946CDE900072046EFF7A7F901285E
:1092800024D1DFF8CC80002104A8D8F80020904732
:10929000A16B06462046254639B100F0A7FA2D49B4
:1092A00009688847A96B884210D2686B88B100783A
:1092B00078B1029705E0D8F8002002A99047B042A3
:1092C00007D0686B0299415C0029F4D105B0BDE874
:1092D000F08394F86000400702D5204602F01EFF9C
:1092E000A06A38B1606AF8F7A0FC007810B920468F
:1092F000FCF771FD616C4A46606AF8F79DFC2046F8
:1093000000F098F894F86000400714D5E06AD9F7A7
:10931000ADF805464846D9F7A9F82918E06A491C6E
:10932000F9F7CCFBE06288B1616C4A46E2F7FEF9DE
:109330002046E3F727FD616C2046491C00F066FAE1
:10934000002220461C21F6F701FBBFE7FEE70000E4
:1093500090020024A4020024F8B50D00044609D0B0
:1093600094F86000400702D5204602F0D7FE606BFB
:1093700018B900E0FEE7A06B98B12B4E00202B4FF0
:1093800000900AE032686946284690473968884765
:1093900001462046FFF75EFF0098285C0028F1D1C7
:1093A000F8BD29462046EFF711F90128F8D1A06A47
:1093B00038B1606AF8F739FC007810B92046FCF73C
:1093C0000AFD616C2A46606AF8F736FC204600F018
:1093D00031F894F86000400714D5E06AD9F746F8F0
:1093E00006462846D9F742F83118E06A491CF9F7D1
:1093F00065FBE062B0B1616C2A46E2F797F920465E
:10940000E3F7C0FC0A492846666C096888473118AA
:10941000204600F0FBF92046BDE8F84000221C2160
:10942000F6F794BAFEE700009002002498020024A8
:10943000A402002470B50446406AF8F7FAFB4FF620
:10944000FF75A84204D1606AF8F7F1FBA84209D081
:10945000606A2946F9F734F8606A2946BDE8704029
:10946000F9F72BB870BD000070B50C4691F860207C
:1094700091F85430002022F0040240F2DC5184F8CC
:10948000602043F0010294F86050D3B2E062012200
:10949000206343F00203A18725F00A05606362643C
:1094A000A06384F85430A4F8400084F860506062EF
:1094B000A0622046F8F71CF960626420FDF7C8FF3F
:1094C0000146606AFDF7F1FE606A0BA1F8F796FFAE
:1094D00000230A49606A1A46F9F7C0FE4FF480611A
:1094E0002046F9F70AFF0021204600F08FF92046B8
:1094F000BDE8704004F060BE00000000E38D019004
:1095000038B5416C0446406A6A46F8F7A1FA002172
:109510002046FCF71CF8002105462046FBF7E4FF37
:1095200000896D1CBDF8021008442844ADF8020003
:10953000B4F84000ADF80000606AFAF7C0FFBDF96A
:10954000021088420ADD606A6946F8F783F901462D
:10955000204634F8405F00F059F9258038BD416C51
:10956000002902D0491E00F051B97047416C491CD6
:1095700000F04CB938B5416C0446406A6A46F8F7C9
:1095800067FA00212046FBF7E2FF0021054620464E
:10959000FBF7AAFF0189BDF802002944401A694679
:1095A000401CADF80200B4F84000ADF80000606A5D
:1095B000F8F750F9B4F840500146204600F026F97B
:1095C000A4F8405038BD000038B50446406C00286F
:1095D0003FD021A06946006800902046EEF7F6FFD4
:1095E000012836D1606AF8F720FB616C012205463C
:1095F000491EE1F7E3FF606A2946F8F7FFFE2046BF
:10960000FFF718FFA06A38B1606AF8F70EFB007820
:1096100010B92046FCF7DFFB94F8600040070ED538
:10962000616C0122E06A491EE1F7C8FFE06AD8F7E1
:109630001DFF411CE06AF9F741FAE06250B1616C2C
:109640002046491E00F0E2F8002220461C21F6F7D1
:109650007DF938BDFEE700007F00000070B5456C65
:109660000446691C00F0D2F8606CA84204D0204681
:10967000BDE87040FFF7A8BF70BD70B5C86A00258F
:109680000C4610B1F9F7F6F9E562206B10B1F9F765
:10969000F1F92563A06A002802D0F9F7EBF9A56279
:1096A00070BD000070B540480E46FAF721FE012853
:1096B00078D13046F6F707F904463046F6F741F917
:1096C0000E2C054612D00D2C14D0012C60D0022C8B
:1096D0005ED0032C5CD0082C5AD0152C5DD0182CF1
:1096E00060D13046BDE87040E6F764BABDE870402E
:1096F00004F062BD3046F6F722F90168132910D054
:10970000142913D0112916D0122919D008291CD0D8
:109710007F291FD0022922D0032922D00A2927D04D
:1097200031E02846BDE87040FFF720BF2846BDE87D
:109730007040FFF714BF2846BDE87040FFF71ABF1E
:109740002846BDE87040FFF7DBBE2846BDE8704004
:10975000FFF73ABF2846BDE87040FFF77FBF002102
:1097600001E047F6FF712846BDE8704000F04EB8B2
:10977000284600F01DF830B12846BDE870400022B0
:109780001F21F6F7E3B82846BDE87040FFF762BD39
:109790003046BDE8704007F0A3BB3046BDE87040DE
:1097A000E9F7F2B970BD000064660390406C704741
:1097B00090F86000C0F3C000704700001FB5016B57
:1097C00011B1084604B010BD0021FBF78DFE002347
:1097D00042F222026946F6F726F908B101A0F1E744
:1097E00001A0EFE7E280A2002A00000090F86010DC
:1097F000490702D4406AF8F718BAC06A704790F86F
:10980000542061F3410280F854207047F8B50546B2
:10981000406C0C46A04267D0686AF8F706FA3349F4
:1098200009688847002C00DA0444844203DCA4F56C
:10983000FE41FF3900D1044628466C64FDF7ACFDBB
:1098400000212846FBF750FE0646686A6A46214614
:10985000F8F7FEF8B6F908402846FAF7C3FFBDF955
:109860000210884203DD01222846FDF749FA284606
:10987000FAF7B8FD06462846FAF7B4FFBDF902101C
:109880000A19101AB04206DD881B204401B228468E
:109890000122FDF735FA2846FAF7D8FEBDF9001087
:1098A000884203DD01222846FDF714FA2846FAF71C
:1098B000B3FD06462846FAF7C9FEBDF900100A199D
:1098C000101AB04206DD881B204401B2284601224E
:1098D000FDF700FABDF800102846A5F8401004F086
:1098E0006BFC284602F0E4FDF8BD0000A402002451
:1098F0002DE9F041044690F860000D46C0F3C00128
:10990000A9422DD042F2D17865F3C30084F86000FB
:109910002DB164204746FDF79BFD064604E0642018
:10992000FDF796FD00260746606A3946FDF7BDFC47
:10993000606A00223146FDF775FC25B1414620469C
:10994000FDF756FA04E0002220460421FCF7CEFF82
:109950002046BDE8F04100231A461946FDF78FB9AD
:10996000BDE8F081F8B50D00044606D0FFF762FDB2
:10997000606B47F6FF7618B900E0FEE7A06B08B30E
:10998000606A27A1F8F73AFD31462046FFF73EFF0F
:1099900094F860100020490701D5E16A0870214E53
:1099A000214F009009E0326869462846904739689F
:1099B000884701462046FFF74DFC0098285C0028A8
:1099C000F1D107E0606A2946F8F718FD31462046D4
:1099D000FFF71CFFA06A38B1606AF8F726F9007833
:1099E00010B92046FCF7F7F994F8600040070ED54F
:1099F0002846D8F73BFD411CE06AF9F75FF8E062C2
:109A000060B12946D8F747FD2046E3F7BBF9204669
:109A1000BDE8F84000221C21F5F798BFFEE70000E2
:109A200000000000900200249802002470B5044653
:109A300000F081F805000AD0054A00212046FCF715
:109A400084FF21462846BDE87040E3F70DB870BD9D
:109A5000FFFF0F0000B500F059F8002800D00148C2
:109A600000BD0000041C02242DE9FF47994607466B
:109A70000C9E00F04BF8214D40B9002028704FF4A7
:109A80001270F8F76BFF1E490860E860F2F704FDFA
:109A9000F2F71AFDB0F5A07F4FF0010801DC0320BA
:109AA00007E0F2F7F9FCF2F70FFDB0F5347F02DAC8
:109AB0000220687001E085F80180124CA4F12800B2
:109AC000E760BDF804100187BDF8081041876661A2
:109AD0000D48A6612060C4E9076904F0BFFB27B107
:109AE0003846F2F731FDA04202D10020FCF7AAFF70
:109AF00085F8008004B00348BDE8F08738010024F1
:109B000050020024041C022471F8029002480068EC
:109B1000002800D0012070475002002408B500F052
:109B20000AF808B1006902E01120FDF781FC0090FD
:109B3000BDF8000008BD10B510B1FAF78DFC01E0CA
:109B4000F2F7AAFCBDE81040F2F7FEBC10B50446DF
:109B500008F012FA001B10BD08F00EBA10B50C4642
:109B600042F264010A462046FDF726FA002309491D
:109B70001A462046F9F772FB80212046F9F7BDFB13
:109B800003212046FDF7EEF92046BDE810400321F1
:109B9000FDF7F3B9010603902DE9F0410D460846A3
:109BA000FAF7CEFC42F2640106460A462846FDF763
:109BB00003FA2846FDF7F0FB3046FAF713FC0E4C8B
:109BC0002189484307B23046FAF726FCA1883A4675
:109BD000484301B22846FDF7ADF9217885F82410F5
:109BE000D4E90102104304D13046BDE8F041FDF74D
:109BF000ACB9BDE8F0810000080200242DE9F04175
:109C000015460E4607460B48E1F7F0F9040010D060
:109C10000021A7604FF0FF302660C4E90401FFF780
:109C20009BFF054960600120E56008712046BDE8A2
:109C3000F081FEE7281C02247802002410B50446B7
:109C400001460548E1F748FA04490120C87020465A
:109C5000BDE81040F8F70EBF281C0224780200244B
:109C60000148407870470000780200242DE9F04751
:109C7000494CA07810B10120BDE8F0870120A07008
:109C80002078002628B1FFF767FF5FEA000902D0BD
:109C900007E0A670EFE72069401C2061642800D926
:109CA00026614FEA06083D4D84F803803C4884F85D
:109CB0000480E1F776F9286037E03948E1F783F965
:109CC0002E680746307DC0072ED18246304600F010
:109CD00078F888B93069B0F1000A01DD401E3061C2
:109CE000FFF73AFFB168706021B1BAF1000F01D0FF
:109CF000304688474FF0010AE07820B9306910B942
:109D00003046FFF79BFFBAF1000F0DD02079E178C4
:109D1000084309D028680028C6D100BF20484FF06A
:109D2000FF36E1F73EF911E02F6029680029C4D120
:109D3000F4E7287DC00705D1284600F042F8B0427C
:109D400000D2064616482946E1F73DF90500F0D154
:109D50004846FFF7FBFEE1680844E060A068FFF7B3
:109D6000F5FEB0F5FA7F13D3E16864225143B1FBED
:109D7000F0F0C0B26070642801D9002001E0C0F1A9
:109D8000640060702546C4F80C80FFF7E5FEA8600B
:109D9000304684F802806FE7780200244C020024E9
:109DA000281C022401214161704710B50446FFF7C9
:109DB000D3FE2168401A401E606010BD0021416141
:109DC000704710B504464068FFF7C0FE2168814225
:109DD00001D8002010BD081A10BD000070B5083A67
:109DE0000C46034602F00300111AA00704D10E4AE4
:109DF000A1F10C00904201D3002070BD2078251FF6
:109E000000F00300084320F0020040F00101184672
:109E100021602946E2F7F7FF2846E3F729F80179A0
:109E200002214160204670BDF5FF0F0070B581072B
:109E300001D0002070BD002380601946C0E90303F3
:109E400000EB8105002200EBC1146B6104EB82067C
:109E5000521C202AF064F9DB491C0E29F0DB70BD8E
:109E600070B50C460546FFF7E1FFA4F24C720646BA
:109E700005F24C71FFF7B2FF304670BD2DE9F0419D
:109E80004FF0000611B3083905460C464E68F0073E
:109E900000D0FEE70846E3F741F821792846890714
:109EA0000CD52768AFB13979C90713D03946E3F724
:109EB0009DF821463846E2F78BFF044628462146A6
:109EC000E3F746F801462846E2F79DFF3046BDE835
:109ED000F081FEE7FEE770B50A460546042110460C
:109EE000E2F799FB044601462846E2F7C7FF014620
:109EF00022462846BDE87040E3F750B82DE9F05FF0
:109F00000C00904681464FF0000521D0B8F1000FBB
:109F10001AD0A4F108052846E3F735F869688246A7
:109F2000406821F0030620F00300304400F1040BE8
:109F300040460421E2F76FFBB045074600D967B100
:109F40002879C0070CD0FEE74846FFF797FF45E0A9
:109F50001146FFF7C0FF054640E00020BDE8F09F36
:109F6000B74216D99AF80400C00701D05F4510D94E
:109F700041464846FFF7AFFF05002FD04645404613
:109F800000D30646214632462846F8F7AFFD214663
:109F9000DAE7B74206D929464846E2F7D9FF28460C
:109FA000E2F7C9FF28792E464D46C00700D0FEE7EC
:109FB00039463046E2F71DFF78B139463046E3F7BF
:109FC00026F80146406820F0020048602846E2F783
:109FD000BFFF01462846E2F716FF25462846BDE7A3
:109FE0005A3000B200F004B85A3000B2AFF300802B
:109FF0004FF4B47190FBF1F201FB1200002802DA79
:10A0000000F5B47000B20E495A2802DA31F9100096
:10A010007047A0F15A025A2A03D2C0F1B40000B22C
:10A02000F4E7A0F1B4025A2A01D210B202E0C0F55E
:10A03000B47000B231F81000404200B27047000026
:10A04000906303902DE9FF4F83B05FEA0009119FF1
:10A050006FD099F8000000286BD00498002879D0C0
:10A060001098800702D541F6FF700690424A0024FE
:10A070000094A3460194254626464FF0FF385268C7
:10A0800069464846904782460098019058E03A4A0F
:10A0900001A94846526890478346109806F1010688
:10A0A000C00709D012985146E1F76AFB20B1DDE9FB
:10A0B0000040DA46009043E004985A465146F5F7CE
:10A0C0005DFD00B229180DB2002802DD0598284474
:10A0D00005B2B8F1FF3F05D10598291A06988142CB
:10A0E00000DDA0465046BAF10A0F1AD0BAF10D0FA2
:10A0F00017D0014645F2A512A0F59C40904210D918
:10A10000002005E01DA2125C8A420AD0401CC0B2A9
:10A110001AA2125C002AF5D177B1B8F1FF3F0AD03C
:10A120000AE024B9B8F1FF3F01D107B13D60761EC6
:10A130000AE01FE00EE03D60DA46DDE900410091F3
:10A1400019F804000028A2D1B8F1FF3F05D01398F8
:10A1500068B1404607B0BDE8F08F2EB1BAF10D0FDF
:10A1600003D1BBF10A0F00D1009C2046F2E70FB1EA
:10A17000002038600020EDE78C020024202C2E3BCC
:10A180003A2D5F002DE9FF4F83B004464FF00000E9
:10A1900093460F00DDF848A0DDF8409020806080F5
:10A1A00049D0BBF1000F46D05FEA8A7002D541F674
:10A1B000FF7011900025BBF80860A84625E07819CB
:10A1C000002100915946CDE901A0119B069AE1F7C3
:10A1D0002DFA8044B4F9020006EB09028118B1F5AA
:10A1E000004F28D230445A4648446080069BA8EB72
:10A1F00005010298CDF800A000F022F8B4F9001093
:10A20000814200DB084645462080785D0028D6D193
:10A210005DB1781910F8010C0A2801D00D2804D17D
:10A22000618806EB090008446080B4F9021029B186
:10A23000A1EB0900608007B0BDE8F08F6680FAE707
:10A240002DE9FF4707001E4690460D46DDF8309089
:10A250000CD0B8F1000F09D03878002807D00020C2
:10A26000009004468DF80800EDB923E0002004B00A
:10A27000BDE8F08703AA6B4601A93846E1F7BEF9AD
:10A280005FEAC97004D0019902A8E1F779FA50B9E0
:10A29000039A40460199F5F771FC00B2002802DDEF
:10A2A0002044304404B20098A842E3D3002C01DDDE
:10A2B000A01B04B22046DAE730B5802828D300F08E
:10A2C0003F024FF00003B0F5006F42F080020BD266
:10A2D000C0F3841040F0C004084664F3070062F342
:10A2E0000F2063F3174011E0C0F38514B0F5803FF1
:10A2F00044F080040DD2C0F3033040F0E00508467E
:10A3000065F3070064F30F2062F3174063F31F60E7
:10A3100030BDB0F5881F11D2C0F3824343F0F00581
:10A32000C0F3053040F08003084665F3070063F38F
:10A330000F2064F3174062F31F6030BD002030BD72
:10A340002DE9F0410024DFF82C800F460646254613
:10A3500007E0D8F800103019884700B901206D1CBB
:10A360000444BD4202D2305D0028F2D12046BDE84F
:10A37000F08100008C020024F8B50746074E00204B
:10A380000D460446009004E07268694638469047DE
:10A39000641C0098A842F7D32046F8BD8C02002424
:10A3A000F8B50024074E05462046009405E0726883
:10A3B0006946284690470098641C285C0028F6D11E
:10A3C0002046F8BD8C02002478B504464FF0000505
:10A3D000009501B969460A68A05C030601D40546E8
:10A3E0003AE006260223B6EB501F09D1521C0A6040
:10A3F000C006A45C400D2AE004F03F031D182BE0CA
:10A400000E26B6EB101F05D1521C0A600007A55C92
:10A41000000C12E01E26B6EBD00F1DD1521C0A60B4
:10A420004007A55CC00AB3EB951F13D1521C0A600C
:10A4300005F03F06A55C00EB0630B3EB951F09D194
:10A44000521C0A6005F03F05A45C00EB8510B3EBDD
:10A45000941FD1D0002078BD521C28460A6078BDD8
:10A46000F8B50746086800250E4E401E0C460860E9
:10A4700002E0042D13D2206831683844884718B9A7
:10A48000216861B1491E21606D1C0028EDB2F0D039
:10A49000206869460090384672689047F8BD0020F1
:10A4A000F8BD00008C0200240078010601D40120D0
:10A4B00070470621B1EB501F01D1022070470E21D9
:10A4C000B1EB101F01D1032070471E21B1EBD00F5B
:10A4D00001D10420704700207047000008B50093A8
:10A4E00013460A4601460248E1F748FE08BD00004F
:10A4F0006BBA009070B50D460846FAF721F806468B
:10A50000F9F7DDFF04463046FBF728F901462246FD
:10A510002846FCF751FD01212846FCF74DFC284652
:10A52000F9F76EFB0446104842F264063146B0F972
:10A5300000202046FCF740FD00212046FCF73CFCB3
:10A540000223204600211A46FCF71AFC2846F9F798
:10A5500057FB01210446FCF73FFC31462046BDE88D
:10A560007040FCF7A2BE00001402002472B66748D7
:10A57000674908600025DFF8988108F17C08C8F871
:10A580000050BFF34F8F624A0C32106820F48030C5
:10A590001060BFF34F8FA8F1040BDBF8000043F607
:10A5A000FF74DFF870C1C0F34E31C0F3C90604EA8E
:10A5B0004117304647EA8073CCF80030401EF9D28C
:10A5C000491EF4D2BFF34F8FBFF36F8FBFF34F8F8E
:10A5D000BFF36F8FDFF83CA1914610461268AAF1D5
:10A5E000240A22F4003251460260CAF80050BFF338
:10A5F0004F8FBFF36F8FBFF34F8FBFF36F8F0D6020
:10A60000BFF34F8FBFF36F8FC8F80050BFF34F8F6A
:10A61000DBF800003F4E143EC0F34E31C0F3C903D7
:10A6200004EA4117184600BF47EA80723260401EB4
:10A63000FAD2491EF4D2BFF34F8FBFF36F8F62B6C9
:10A6400035493648016000F00EFDD9F80000494652
:10A65000800311D4BFF34F8FBFF36F8FCAF8005040
:10A66000BFF34F8FBFF36F8F086840F4003008606E
:10A67000BFF34F8FBFF36F8F0868C0031DD4C8F8B6
:10A680000050BFF34F8FDBF80000C0F34E32C0F331
:10A69000C90304EA4215184645EA80773760401E30
:10A6A000FAD2521EF5D2BFF34F8F086840F48030C3
:10A6B0000860BFF34F8FBFF36F8FDAF749FFDEF704
:10A6C000BFFADDF7A3FDDDF705FDDDF73BFFDDF7A5
:10A6D00017FDDDF757FDDDF7C1FEDDF769FEDDF79C
:10A6E000F1FEDDF7D3FCEEF75BFC0D480022022102
:10A6F000DAF715FF0BA0DFF7D7F906F04DF800F0F9
:10A70000AFFEDDF773FD00F0BDFEFEE70020009018
:10A7100008ED00E074EF00E000004090000000242D
:10A720000004025874657374207374617274200D90
:10A730000A0000002DE9F0414FF480740E460746F0
:10A740002246F0F701FA054621463846EFF7F6FEB5
:10A75000002D06D0224631463846BDE8F041F0F7DC
:10A76000FFB9BDE8F08100002DE9FF4F8A881D4642
:10A770000B888BB0CE8804464F88A2EB03011C984F
:10A7800001F10101A6EB0702DDF868A002F1010268
:10A790000FB20FFA82F9012805D0022805D003284C
:10A7A0004DD14F4802E04F4800E04F4880465FEAF5
:10A7B0000A002088ADF804002888ADF8080005D00C
:10A7C0009AF80000FD283DD319983EE0DDE901101C
:10A7D0004346199A9847009000202DE0002621E07A
:10A7E00035F81610BDF80800884205D134F8161067
:10A7F000BDF8040088420FD004EB4600434605EB49
:10A800004601199A0088ADF804000888ADF80800E0
:10A81000DDE901109847009004EB4600BDF80010F8
:10A82000761C0180BE42DBDB0D9804EB40041898D7
:10A8300005EB40050AF1010048458246CEDB0FB02A
:10A84000BDE8F08F19994843000A0090024643463C
:10A85000DDE901109847099000203DE000262FE037
:10A860001AF8060058B3FD2801D3199802E0199987
:10A870004843000A35F81620BDF80810914208D167
:10A8800034F81620BDF80410914202D1009981429B
:10A8900010D004EB4601434605EB46020988ADF8AB
:10A8A000041011880246ADF808100090DDE901108F
:10A8B0009847099004EB4601BDF824000880761CF7
:10A8C000BE42CDDB0D981B9904EB400418988A44D6
:10A8D00005EB40050BF1010048458346BEDBAEE7C2
:10A8E000EFDE00907BDE00905FDF00902DE9FF4FF0
:10A8F0008BB0CC884F8806468A881D46DDE919BA98
:10A900000B885FEA0A00A4EB0700A2EB030100F149
:10A9100001000FFA80F8584601F101010FB205D08D
:10A92000FD286ED90020A7F1040B33E1FD2813D3D5
:10A930007F0000240BE03A4629463046F8F7D6F867
:10A940000D98641C06EB4006189805EB400544453D
:10A95000F1DB0FB0BDE8F08F002021E0002415E00E
:10A9600006EB440A5A4605EB4401BAF80000ADF87C
:10A9700018000888ADF81400DDE90501F1F732F997
:10A980000590641CBDF81410AAF80010BC42E7DB67
:10A990000D9806EB4006189805EB400509F10100FB
:10A9A00040458146DADBD4E70024D1461CE000BFF5
:10A9B00099F80020AAB1FF2A1CD006EB44000690AB
:10A9C00005EB44010088ADF824000888ADF82000AC
:10A9D000DDE90801F1F706F907900698BDF81C10AB
:10A9E0000180641C09F10109BC427EDA5FEA8970CA
:10A9F000DED17AE005EB440006EB440100880880D4
:10AA0000EFE7D3E0D9F80000F0B3401C72D099F81A
:10AA10000020AAB1FF2A79D006EB4400099005EB8B
:10AA200044010088ADF820000888ADF81C00DDE97D
:10AA30000701F1F7D7F806900998BDF818100180C2
:10AA400009F10100059099F80120AAB1FF2A64D00C
:10AA500006EB4400099005EB44014088ADF81C006A
:10AA60004888ADF82000DDE90710F1F7BBF8069043
:10AA70000998BDF8181041800598401C059002788F
:10AA8000BAB1FF2A50D000E02CE006EB4400089059
:10AA900005EB44018088ADF824008888ADF81C00DF
:10AAA00009990798F1F79EF806900898BDF81810D4
:10AAB000818005984278AAB1FF2A3CD006EB440079
:10AAC000089005EB4401C088ADF81C00C888ADF8BB
:10AAD0001800DDE90601F1F785F80590BDF81410BE
:10AAE0000898C180241D09F104095C458ADB45E012
:10AAF00000E00BE005EB440106EB44000A8802800D
:10AB00004A8842808A888280C988EAE705EB440047
:10AB100006EB44010088088092E705EB440006EB51
:10AB2000440140884880A7E705EB440006EB440158
:10AB300080888880BDE705EB440006EB4401C088AF
:10AB4000C880CFE799F80020AAB1FF2A27D006EBEA
:10AB50004400099005EB44010088ADF82000088806
:10AB6000ADF81C00DDE90701F1F73CF80690099803
:10AB7000BDF818100180641C09F10109BC42E1DB39
:10AB80000D981B9906EB400618988A4405EB400582
:10AB90000198401C01904045FFF606AFD9E605EB51
:10ABA000440006EB440100880880E4E700202CE024
:10ABB00000241EE01AF80400D0B1FD2801D35A4643
:10ABC00002E000FB0BF0020A06EB4400039005EBE9
:10ABD00044010088ADF818000888ADF81400DDE9DC
:10ABE0000501F0F7FFFF05900398BDF814100180F0
:10ABF000641CBC42DEDB0D9806EB4006189805EBA2
:10AC000040051B98824409F1010040458146CFDB95
:10AC10009FE600002DE9FF4F85B09A460C46DDF80F
:10AC200050B0E0F785FC0390BBF1000FA1882288AB
:10AC3000E388A1EB0200658800F10100A3EB0501A8
:10AC400001F1010106B20FFA81F801D000204BE0BA
:10AC500000271DE0002515E0139802900AEB45003F
:10AC6000079A0088ADF804006088384400B200906C
:10AC700003982188294400680BB20599D0F81CC0BC
:10AC8000E0476D1CB542E7DB12997F1C0AEB410AD5
:10AC90004745DFDB09B0BDE8F08F00251BE000BFB2
:10ACA0001BF80500B0B113994843000A02900AEB63
:10ACB0004500079A0088ADF80400618801EB09009F
:10ACC00000B2009003982188294400680BB20599CE
:10ACD000C769B8476D1CB542E2DB159909F101005F
:10ACE0008B4412990AEB410A81464045D5DBD1E7F6
:10ACF00070B5802815460E46044605D2E11700209F
:10AD000004EB9171891006E005F0DEFC411FCC4098
:10AD1000801F84F020013060296070BDFD2902D2BF
:10AD2000022901D80020704710FB01F000EBC01190
:10AD300001EBC030C0F3C750704700002DE9FF4F52
:10AD40004FF00009164681B00F460446CB46D7F7B0
:10AD50008DFB054631463846D7F7F3FE06466019A7
:10AD600010F8010C3F2806D1B81910F8010C3F2843
:10AD700015D16D1E761E20785B2803D1641C4FF020
:10AD800001096D1E20783A2801D1641C6D1E3878A7
:10AD90003A2808D1022E06D378782A2871D10020CB
:10ADA00005B0BDE8F08F2946204600F03DFC5EA2CC
:10ADB00080463146384603F03BFA98B3C01BB8F1E1
:10ADC000000F824605DD04EB080010F8010C232873
:10ADD0002BD0002053463A4641460090204600F0D2
:10ADE000A5F800287DD0A5EB0805A6EB0A0644448B
:10ADF0004FF0010855EA060057444CD025B32EB356
:10AE0000002D05DD20783978884201D13A2844D0D8
:10AE1000012D55DD60783978884243D122785B2A4C
:10AE20003ED03FE0FFE73046C9E7049840B10E98B6
:10AE3000834505D204980F9900EB8B00016000E078
:10AE400000200BF1010BC5E70EBB24E0294620468C
:10AE500000F0EAFB215C5B2902D05D2906D102E00B
:10AE600009F1010101E0A9F1010189462D1A04440B
:10AE7000641CB9F1000FA5F1010503D0002DE5D147
:10AE800009E018E0002D03DD20785B28DED000E02B
:10AE90000DB14FF00008404682E7641C6D1E0AE0C9
:10AEA0003A2805D088420BD121785D2906D007E0E9
:10AEB00009F1010018E0761E7F1C74E73A2811D0D2
:10AEC000022DE6DDA07839788842E2D121785D292B
:10AED000DFD161785B29DCD13A28DAD1E41CED1EA0
:10AEE000E9E705E0A9F10100A41C8146AD1EE2E7F7
:10AEF0004444A5EB080520785D2802D161783A2901
:10AF00000CD0022DC5DD5D28C3D160785B28C0D18F
:10AF1000A0783A28BDD1E41CED1E44E7A41CAD1E68
:10AF2000A9F101093FE700003A3F00002DE9F8438D
:10AF30000C001F4690460646089D04D0301910F8B4
:10AF4000010C23280BD0304600F07EFB05463B4623
:10AF5000424621463046E3F73CF8F0B915E04C1E76
:10AF60003046214600F070FB81463B464246214672
:10AF700030460095E3F73AF878B93B4642464946F1
:10AF800030460095E3F732F805E03B464246294655
:10AF90003046E3F71EF8002800D00120BDE8F88312
:10AFA0002DE9F041F4F7CDFC0746F9F7C9FA06465A
:10AFB000F9F7C6FA0546EFF7A5FF04680021304609
:10AFC000F9F7ACF9B84244F3074008D1012801D0A1
:10AFD000401E07E00C2060F31744601E1FE00C28A1
:10AFE00019D0401C60F317442846A1B244F307422D
:10AFF0000C461746EFF788FF01213046F9F78EF926
:10B000000849224601EB870151F8043C06A1BDE83E
:10B01000F041F7F72ABA012060F31744601C60F38F
:10B020000F04E1E77401002425642025730000006B
:10B0300070B50546F4F785FC04462846F4F783FC12
:10B0400005462046F4F708FA04462846EFF75AFF6B
:10B05000641C018862B22846BDE8704062F3174163
:10B0600089B2EFF751BF7FB50124002522460326A0
:10B07000009610212B46CDE901544806039400F0B8
:10B0800049F812210096CDE90154002303940222CD
:10B09000480600F03FF803220096CDE90154002352
:10B0A00003941221100700F035F800960023CDE933
:10B0B0000154042203940F214FF0605000F02AF84D
:10B0C000002302950522039519217007CDE900653B
:10B0D00000F020F806220096CDE9015400230394E5
:10B0E0001921500700F016F81B2102950123039542
:10B0F0000722C807CDE9006500F00CF80096002390
:10B10000CDE901540822039416214FF0104000F0BD
:10B1100001F87FBD2DE9FF410AAC4FF0010E94E824
:10B12000E0100024029403948DF808108DF80C3080
:10B1300000948DF809408DF80D608DF800E08DF8D1
:10B140000A408DF80E708DF8012001908DF80B509B
:10B150008DF80FC0DAF7BAFB6846DAF789FB0420EE
:10B16000DAF7C2FBBDE8FF8170B50D460021284625
:10B17000FAF799FF00212846FBF71EFE0023284618
:10B1800002221946FBF7FCFD2846EFF7A7F900223B
:10B19000064628A1FCF70AF842F264013046FBF7A4
:10B1A00027FE3046FCF7F8F83046F9F788F90446F0
:10B1B00001463046FCF779F81F4900230722304644
:10B1C000F8F74CF804213046F8F78AFC2846F6F7E1
:10B1D0008FFA03210646F7F7D5F800223046022100
:10B1E000FCF743F801213046FBF7F6FD2846EFF760
:10B1F00075F90022064611A1FBF7D8FF224630461A
:10B200001146FBF7D9FE0C49002307223046F8F718
:10B2100025F804213046F8F763FC094900231C2275
:10B220002846F8F71BF82846BDE8704000221C218C
:10B23000F4F78CBBEF819300A1AF0290EF819400F3
:10B24000DD1403902DE9F0410F460846F9F778F92F
:10B25000002104463846FAF726FF00213846FBF75E
:10B26000ABFD3846F4F74EF8164D06466968F4F71C
:10B2700082FA15491C2223463046F7F7EFFF0121D9
:10B280003046FBF7A9FD3846F4F73CF82968064636
:10B29000F4F771FA0D491C2223463046F7F7DEFF1A
:10B2A00001213046FBF798FD094900231C2238464E
:10B2B000F7F7D4FF3846BDE8F04100221C21F4F72F
:10B2C00045BB0000A4010024C522039031B00290C8
:10B2D0002115039070B5094D04466868002808D010
:10B2E00044B12046EBF762FBA9682044884200D3B2
:10B2F000002070BD0248006870BD000000010024FD
:10B3000058020024002902D00068091D42507047ED
:10B31000002901D000684250704700002DE9F0413B
:10B32000002204462121F4F711FB00287ED0608C16
:10B3300040F48050608401E0FFF7F0FF00212046D8
:10B34000F8F7ECFF0028F7D12046F9F7B3F80646E6
:10B350000020F5F7A1FE002705461CE0A86AA042E0
:10B3600002D0E86AA04203D121462846F5F73CFF07
:10B37000686BA04200D16F63686DB04207D1F5F7EA
:10B3800095FEA04203D121462846F5F72DFF284619
:10B39000F5F782FE0546002DE0D12046DFF7D1FE0D
:10B3A000606804260028204602D0F9F78EF82BE0CA
:10B3B000F9F752F805460020EA68696A05E000BF1F
:10B3C00052F82030A3420AD0401C8142F8D806E04F
:10B3D000E96806EB80028A5841F82020401C696A1F
:10B3E000491E8142F4D8686A401E6862EA6881009A
:10B3F0001046F7F763FBE8601CE0096806EB800283
:10B400008A5841F82020401C616889684A68521EA9
:10B410008242F2D8606880684068401E4860626876
:10B42000810090680068F7F749FB00E007E0616879
:10B43000896808602046BDE8F041F7F71BBBBDE80E
:10B44000F08110B5EFF3058111B16FF0050404E050
:10B450004FF0000408B105F039FF204610BD000090
:10B46000EFF3058010B16FF00500704704490868DC
:10B4700010B14FF0FF30704701220A600020704782
:10B480008C00002410B5EFF3058010B16FF00500BB
:10B4900010BD08480168012902D04FF0FF3010BDEF
:10B4A000054A002182F8141D0221016005F076FF93
:10B4B000002010BD8C0000240BE000E070B50546B4
:10B4C0004FF00004EFF3058050BB0DB1686800E059
:10B4D0000020C10701D0012600E0002600071FD48C
:10B4E0006DB1D5E9021021B1502819D31EB1042045
:10B4F00002E020B114E0012006F051F905E00EB1A0
:10B50000042000E0012006F03FF9040008D00DB14E
:10B51000296800E0002105F0A3FE0EB144F001040B
:10B52000204670BD3EB5040001D0002903DA6FF05B
:10B53000030001902BE04FF0FF300190EFF3058006
:10B54000D0B10025029502A82B460122009020468A
:10B5500006F082FC0022204601AB1146009506F061
:10B560007BFC029898B10B494FF080500860BFF304
:10B570004F8FBFF36F8F0AE000232046012206F0B1
:10B58000FBFB0022204601AB114606F0F5FB0198BB
:10B590003EBD000004ED00E02DE9FF414FEA01034C
:10B5A0004FF00005EFF30581039561BB58B34FF0F1
:10B5B00080064FF018014FF000044AB3176807B136
:10B5C0003C4697691FB139467F1E382F02D2177942
:10B5D000FF0703D0002004B0BDE8F081576907B130
:10B5E000BE08D2F808C0BCF1000F0DD0D568602DA0
:10B5F00018D312693AB137B18DE8061032462146A8
:10B6000006F08FFB03900DE0D7685FB912694AB965
:10B6100003AACDE90012B2B2214606F055FB01287B
:10B6200000D003950398D6E730B505A20D46044631
:10B6300002F0FEFD08B1001B30BD284630BD000001
:10B640003F3A5B5D000000002DE9F04100240D460B
:10B65000074606E0D6F7D4FE0068805D000705D4F3
:10B66000641CAC4202D23E5D002EF3D12046BDE800
:10B67000F081F0B58E1A4FF00007012BDDE905458A
:10B6800005DC03280CD004280AD0052808D0891A24
:10B6900009B2062827D2DFE800F02607031D110BA8
:10B6A00006EBD6702F8011E02F802088304418E000
:10B6B0005B1E18B291FBF0F02880F0BD91FBF3F017
:10B6C0002988084400B2288000EBD070218801EB63
:10B6D000600006E05B1C18B291FBF0F02880218826
:10B6E00008442080F0BD2F80F0BD2DE9F05F0C46AE
:10B6F0000546A2F1010053B12188A1EB620121802E
:10B700000844A080E88A6080688BE08009E0618856
:10B71000A1EB620161800844E080A88A2080288B28
:10B72000A0804FF4403631462846F9F77EFD80462A
:10B7300031462846F9F7C7FD824631462846F9F7D3
:10B7400022FE814631462846F9F709FD83463146F7
:10B750002846F9F71AFF074631462846F9F709FF48
:10B76000268808EB070C0146A38865885744B4F87F
:10B770000680A6EB0C0609EB010026800BEB01020C
:10B78000D919A180281A60804244E280BDE8F09F68
:10B7900070B50446EBF7BAFB05001DD0F8F78FFE35
:10B7A00006462046F8F71EFE864215DD0021284693
:10B7B000F9F78EFE068900212846F9F7B0FEE18EE2
:10B7C000304400224143606A09B2FBF799FA606A8B
:10B7D000BDE87040FAF7FFBA70BD00002DE9F047F0
:10B7E000026A00F11405816A0446D0F8108001262F
:10B7F000881810F8010C3F2804D0002794F838006E
:10B8000010B107E00127F9E727B1012220461CA16A
:10B8100005F022FF4FF0000984F83990C4F8309009
:10B82000C4F83490C4F89490D8F80410A9B1204614
:10B830008847012894F8390006D030B96FF0C70165
:10B840002046DCF7EEFF00E008B1002605E094F8A2
:10B85000380010B10FB184F83890A968D5E900021A
:10B860000844904208D994F8390028B96FF06B0168
:10B870002046DCF7D6FF00263046BDE8F087000002
:10B880003B0000002DE9F041134C0F460546E668E9
:10B890002068001D05F0E3FB681C07D137B1216863
:10B8A000BDE8F0410D48091D05F02CBC2068354469
:10B8B000B5424560216805D2206C091DBDE8F04104
:10B8C00005F008BCE06B091D05F004FCA06A854288
:10B8D00000D2A562BDE8F081340000244C0E0024A3
:10B8E0002DE9F041054605F019FC2D4C2D4FA068BF
:10B8F000401CA060206810B1606930B32BE0256067
:10B90000A068012827D1002606EB860007EB8000FF
:10B9100005F0D2FB761C382EF6D3234805F0CCFB7D
:10B920002148143005F0C8FB1F48283005F0C4FB3F
:10B930001D483C3005F0C0FB1B48503005F0BCFBF7
:10B940001948E0631430206405E0E86A2168C96A98
:10B95000814200D82560606A401C60626864E86AC1
:10B960002169884200D9206100EB8000291D07EB86
:10B97000800005F0C7FB05F0F1FB606900280CD0E2
:10B980002068E96AC06A884207D208494FF08050AF
:10B990000860BFF34F8FBFF36F8FBDE8F0810000E9
:10B9A000340000249C090024FC0D002404ED00E078
:10B9B00038B505F0B3FB104C2068C8B90F4805F046
:10B9C0007BFB0E48143005F077FB0C490020E1604A
:10B9D00014312161A1F582730090A1F1B40210210C
:10B9E0000A2005F00AFF206010B105A105F038FC1F
:10B9F000BDE8384005F0B2BB78000024500F0024A9
:10BA0000546D72510000000030B4026C0B46002AE5
:10BA10000BD0D0E902411144C160A14201D30168B9
:10BA2000C160184630BCD6F7EFBC30BC70472DE97A
:10BA3000F041856B1746026C0446002682B1C7B1FF
:10BA4000E068D6F7E1FCE168206C2268091AE16041
:10BA5000914202D2A168081AE060022F16D017E0C6
:10BA60002068A8B9A06806F0F1FA06460020A06098
:10BA70000EE06068D6F7C8FCD4E90101226C1044DE
:10BA80006060884204D32068606001E005B16D1EEB
:10BA90006D1CA5633046BDE8F08110B5044690F8F2
:10BAA0005D0058B101280CD002280FD0502080F33F
:10BAB0001188BFF34F8FBFF36F8FFEE7206B05F048
:10BAC00061FB2046BDE8104005F05CBB10BD0000E6
:10BAD00011484FF4003110B5420706D00E49C01D81
:10BAE00020F00700411AC1F500310C4C002301443D
:10BAF0000839A4F1180221F00701C4E900030C1A67
:10BB000011604B600B60C0E9001494604FF000417D
:10BB10005460516110BD0000381A0024A8000024B0
:10BB2000144E4FF08058144CDFF85090A6F29C470A
:10BB300012E000BF05F0F2FAF068C568281D05F0B4
:10BB40008EFAA068401EA0606068401E606005F02C
:10BB500005FB2846FFF7A1FF60680028EAD1386896
:10BB60000128F9D9C9F80080BFF34F8FBFF36F8F59
:10BB7000F2E70000380E00243400002404ED00E059
:10BB8000002807D00021816001600B460A46C16091
:10BB900005F0B0BE7047000070B51D46049C51B161
:10BBA000C4F80020C4E90F010121204605F058FE29
:10BBB00084F84C5070BD2460F4E72DE9F05F8846AE
:10BBC0009A4691001546DDE90B940A9EA52283460C
:10BBD000206BD6F739FC206B6FF0030101EB850178
:10BBE000084420F00707780707D0502080F3118819
:10BBF000BFF34F8FBFF36F8FFEE7B8F1000F4FF029
:10BC000000050ED00020221818F8001082F8341019
:10BC100018F8001011B1401C1028F4D384F84350D8
:10BC200001E084F83450382E00D33726E662201D18
:10BC3000C4E9136505F04BFA04F1180005F047FA62
:10BC40006565C6F13800A565A06184F85C50524670
:10BC5000246159463846646200F0A0FAB9F1000F39
:10BC6000206001D0C9F80040BDE8F09F30B511490F
:10BC700000E011460A688242FBD34B685C1884429C
:10BC800003D14468084623444B6043681D1895421D
:10BC900009D1084C183C2468A24209D052681A44C1
:10BCA00042600A6812680260814200D0086030BDBC
:10BCB0000460F9E7A800002470B50D4D9142416081
:10BCC0004FF00004006106D88169D21A8A4206D278
:10BCD000011D286907E09A4203D2994201D3012449
:10BCE00003E0011DE86805F0F5F9204670BD00008D
:10BCF0007800002410B5044605F010FAA06B28B1B6
:10BD00005FF0000405F02AFA204610BD0124F9E78F
:10BD100030B53C4D89B06BE00498002806DA059AEE
:10BD2000DDE9060190470498002861DB069C606904
:10BD300010B1201D05F093F903A800F0D5F80246D4
:10BD400004980A2854D2DFE800F00505052D304795
:10BD500005052D3094F8280040F0010084F82800F3
:10BD6000A06905990B4601442046FFF7A5FF50B393
:10BD7000216A2046884794F82800400738D50020DB
:10BD8000009005980023A16942181946204606F044
:10BD900065FAC0B9502080F31188BFF34F8FBFF30D
:10BDA0006F8FFEE794F828001EE094F8280040F01A
:10BDB000010084F828000598A06128B18118134675
:10BDC0002046FFF779FF13E0502080F31188BFF37E
:10BDD0004F8FBFF36F8FFEE794F82800810703D4DD
:10BDE000204605F0CFF903E020F0010084F8280098
:10BDF0002868002204A905F08DFE00288CD109B026
:10BE000030BD0000780000242DE9FC410F460546B6
:10BE100005F00AFB01A800F067F80446019818B184
:10BE200006F08AF9BDE8FC81254EAFB130690068A3
:10BE3000D0B300273068291B3A4605F025FA06F0F2
:10BE40007BF90028EED11F494FF080500860BFF306
:10BE50004F8FBFF36F8FE5E7A542EBD806F06CF983
:10BE6000F0682746C068C468201D05F0F8F894F80B
:10BE70002800410719D5A0692B463A4641192046AA
:10BE8000FFF71AFFA8B100202A460346014600909A
:10BE9000204606F0E3F960B9502080F31188BFF323
:10BEA0004F8FBFF36F8FFEE707E020F0010084F8AB
:10BEB0002800216A20468847B4E70127BAE7000036
:10BEC0007800002404ED00E00648C16B096829B140
:10BED000C16BC968C9684968816270474FF0FF311A
:10BEE000FAE700003400002470B5054606F044F877
:10BEF000064E0446B068844203D200F009F80120DF
:10BF000000E0002028602046B46070BD7800002466
:10BF1000F8B5194D20E0C068C4680668201D05F01A
:10BF20009EF8216A2046884794F82800400713D5D8
:10BF3000A0693044B04206D92461211D6060E868E0
:10BF400005F0C8F808E0002032460346014600909C
:10BF5000204606F083F938B1E86801680029DAD193
:10BF60002969C5E90310F8BD502080F31188BFF39B
:10BF70004F8FBFF36F8FFEE77800002408484068BA
:10BF8000401C4FF0500080F3118804D0BFF34F8F56
:10BF9000BFF36F8FFEE7BFF34F8FBFF36F8FFEE7E7
:10BFA000B0000024074CE068016841B1C06800217E
:10BFB000D0F80000FFF728FFFFF7AAFEF3E7012102
:10BFC0000020F7E7780000242DE9F041044605F051
:10BFD000A5F894F9455004F1240609E0606A48B1D7
:10BFE000304606F071F808B105F09EF96D1E6DB28D
:10BFF000002DF3DC4FF0FF3684F8456005F0AEF815
:10C0000005F08CF894F9445004F1100709E0206918
:10C0100048B1384606F058F808B105F085F96D1EAC
:10C020006DB2002DF3DC84F84460BDE8F04105F00A
:10C0300095B800002DE9F0410027044605F0F4F919
:10C04000354E306808B9FFF743FD7069044216D1D8
:10C05000ACB1083460070ED004F00700C0F108004E
:10C060000444600707D0502080F31188BFF34F8F3E
:10C07000BFF36F8FFEE714B17068844202D906F0F7
:10C080005BF839E02448183001460D6801E0284685
:10C090000D466968A14202D229680029F7D13168AA
:10C0A0008D42ECD007682968016008376868011B79
:10C0B00010290ED92819420707D0502080F3118883
:10C0C000BFF34F8FBFF36F8FFEE741606C60FFF7E8
:10C0D000CDFD69687068401A7060B268904200D205
:10C0E000B060002072691143C5E90001F068401C8E
:10C0F000F06006F021F80FB904F0DCFF780707D0F4
:10C10000502080F31188BFF34F8FBFF36F8FFEE78E
:10C110003846BDE8F0810000900000242DE9F0478A
:10C12000064690F8600040072FD5706AF5F77DFD50
:10C13000174909688847040027D03046FDF73EFBC1
:10C140008146D6F793F9074604FB07F0401CF6F743
:10C1500033FC0025804606E005FB07803A46494649
:10C16000F6F7C4FC6D1CA542F6D37D43002108F808
:10C170000510706A4146F6F741F94046F6F768FC4B
:10C180003046BDE8F04700F093B9BDE8F087000005
:10C19000A402002470470068FFF7C0BF70B5041FF9
:10C1A000094E231F4FF0807521F0010125601C1FEF
:10C1B0001960A0F120010B1F266044380A606FF05F
:10C1C00002051D6070BD00007DBF02902DE9F04F9B
:10C1D000544E054685B070680168CA68CC6B91689A
:10C1E0002160016809698A0701D4C90723D0F0F7E3
:10C1F000B1F9401E07B27068F0F766F9401E00976B
:10C2000003B2002203A81146EDF77EFF03A9616087
:10C2100070680068027CC068920705D5826942F0A8
:10C2200002028261A16076E08169826961F3410264
:10C230008261A5606FE0A9882A88EB88891A6F88D7
:10C24000491CDA1B521C0FFA81F90FFA82F8F0F739
:10C2500081F90146B5F90600814203DC7068F0F708
:10C2600079F9401E424607B270684946B246EAF77D
:10C27000BFFE00268146B5F902000DF1040B28E04F
:10C280002E88ADF80460AE88ADF80860ADF8060001
:10C29000ADF80A10C4F804B0C4F808B0DAF8040025
:10C2A0000168C96889682160BDF90A10B94201DDD9
:10C2B000ADF80A70BDF90A60B74205D10068C068E0
:10C2C000816941F002018161204600F02DF80FFAEA
:10C2D00088F000EB0908A8F10101B942D0DDB742AE
:10C2E0001CD02B88ADF80430AB88ADF80830ADF821
:10C2F0000600ADF80A70C4F804B0C4F808B0DAF863
:10C3000004000168C968896821600068C0688169A3
:10C3100041F002018161204600F006F805B0BDE859
:10C32000F08F0000F40000242DE9F0415F4C94B040
:10C3300007466068F0F7C4F8F968054609B1384661
:10C3400088476068E96800680288408812FB00F04E
:10C35000884201D1012000E00020296859B16968B4
:10C3600031B128B907E060680068816A01B1884787
:10C3700028690028F7D160680025F0F7D5F8014654
:10C380007868FBF77DF961680646496919B17868F4
:10C39000FBF776F9054656EA050052D16068F0F7DA
:10C3A000D9F8401E0FFA80F86068F0F78DF8411E4A
:10C3B000CDF800800BB2002211A81146EDF7A4FEC3
:10C3C000386BB0B103A8F1F7D1FB606811AAC16A5C
:10C3D000079190F829108DF82610418DADF81010B6
:10C3E00003A990F829008DF80F0038463B6B984759
:10C3F00027E06068C16AA1B108466946F4F786FB88
:10C4000001281ED103A8F0F71BFB606811AA90F861
:10C4100029108DF8171003A9C36A3846F0F7DCFA23
:10C420000FE003A8F1F7A2FB6068418DADF8101092
:10C4300003A990F829008DF80F0038467A68F1F7C3
:10C4400081FB606890F82810C9070CD006B906690E
:10C450003846314600F0E0FA6068406990B105B9AD
:10C46000054629460BE0406928B105B9054638461E
:10C47000294600F0D1FA0EB960680669314638469F
:10C4800000F0CAFA6068F0F73DF80146384600F05F
:10C49000C3FA6068F0F72EF80146384600F0BCFA9F
:10C4A000606814B0BDE8F041E3F782B9F4000024FD
:10C4B0002DE9F04F0021044691B0F9F715F800215D
:10C4C00004902046F9F743F80990606C0690606A82
:10C4D000F5F7ABFB724A8246069912689047DFF87F
:10C4E000C4B1064600210AEB06008146DBF80020B5
:10C4F0009047054607460498B0F908803846ECF79F
:10C500002EFA00B12027049800223946F3F736FBB3
:10C5100007B2606A06990DAAF5F79AFA606AF5F70C
:10C5200084FB00210246606AF7F712FA616ABDF9DE
:10C530003420B1F91430B1F918101A443A448A423F
:10C5400028DD94F86010090724D4032822D0099923
:10C550000022ADF8342008EB0100BDF83610084485
:10C56000ADF836005DB15049484609688847DBF8A8
:10C570000020064400210AEB0600904705462846A5
:10C58000ECF7EDF900B12025049800222946F3F7D5
:10C59000F5FA07B220464FF4E02B26655946F8F726
:10C5A00017FD054659462046F8F7FFFE00EB050A41
:10C5B000204611225946F8F7FEFE00EB05095946C0
:10C5C0002046F8F744FE4619204613225946F8F74C
:10C5D000F2FEBDF8342028447F1E931BADF82C30AA
:10C5E0001318BDF83620A8F1010102EB0905A2EBF2
:10C5F0000A00ADF82E00DA19ADF830202944ADF864
:10C60000321004F1480102A80D46EDF70DFD606AF5
:10C61000BDF80810828A1144ADF80810C18ABDF82F
:10C620000A000844ADF80A00616ABDF80C00898A66
:10C630000844ADF80C00616ABDF80E00C98A0844D0
:10C64000ADF80E0002A92046F9F7E8FB0BA9284631
:10C65000EDF7EAFC02A82946EDF7E6FC606ABDF8B2
:10C660000810828A1144ADF80810C18ABDF80A008A
:10C670000844ADF80A00616ABDF80C00898A0844D4
:10C68000ADF80C00616ABDF80E00C98A0844ADF827
:10C690000E0002A92046F9F7C1FB11B0BDE8F08FEA
:10C6A00094020024900200248C0200242DE9F04121
:10C6B0002C4C002020606068B0F85051002D4ED006
:10C6C000002703E0411991F83011D1B16D1EF9D561
:10C6D0000068416B01B18847606800260168C9683D
:10C6E0008A6922F001028A610168C9688A6922F0B8
:10C6F00002028A6190F8281041F0040180F82810A5
:10C7000022E02F46E4E7811991F83011D9B9BE42F1
:10C7100005D10168C9688A6942F001028A6101682D
:10C72000C9688A6922F002028A6100EBC6003030D3
:10C73000FFF74CFD606800EBC6003030EDF79BFC66
:10C74000216808442060761C6068B0F85011B1423E
:10C75000D9DC90F8281021F0040180F82810BDE8F9
:10C76000F0810000F40000242DE9F0410446ECF7CC
:10C7700020F82046F8F7F2FF002105462046F8F79A
:10C78000B2FB281A94F83C1000EBD07001F00301C2
:10C7900040F34F066420012903D0022904D0A08C65
:10C7A0000BE094F8261001E094F827104FF4B472CF
:10C7B00011FB02F1B1FBF0F080B200B20746FDF7C9
:10C7C00017FC10FB06F0C11338462185FDF708FC65
:10C7D00010FB06F005EBD571228DC01302EB610250
:10C7E000228500EB610060852046BDE8F041EBF753
:10C7F000E0BF00002DE9F04F0C46824601212046A3
:10C800008BB0F8F7F4FF00287ED12046DEF7ADFCB0
:10C81000050027D0002120466122F8F7CCFD00F06A
:10C82000FF09B9F1020F6FD36B462A4621465046E5
:10C83000ECF727FB012867D101276846002204F1A5
:10C840001401DDF737FBA8B100208DF8200012217C
:10C85000204608AACDF824D0F3F778F89DF82000F8
:10C8600038B107E00BB021465046BDE8F04FF9F76C
:10C87000A5BC0027012D01D147F0020769463A46C1
:10C880005046F0F7CBFB05003ED0002120466F223A
:10C89000F8F791FD00B20021804660F30F062046B4
:10C8A0007022F8F788FD01B24FF06403C8F34130FD
:10C8B00061F31F4601284FF4FA624FF47A7B17D1D7
:10C8C00028F4C040904213DCB4F818C05845B4F8BE
:10C8D0001480ACEB080C0CF1010C0FFA8CFC01DDA0
:10C8E000C0F57A700CFB00FC9CFBF3F060F30F06C4
:10C8F000C1F34130012813D121F4C04090420FDC34
:10C90000618BE28A891A00E080E0491C09B258452F
:10C9100001DDC0F57A70414391FBF3F060F31F46EF
:10C9200002A8F0F78DF8002120466E228DF81390B2
:10C93000F8F741FD00B2ADF80800B0F5616F02DD17
:10C94000A0F5616003E0002803DA00F56160ADF84E
:10C950000800002120466D22F8F72DFD0021ADF8DA
:10C960000A0068222046F8F726FD8DF81400B90762
:10C97000284840680068007CC0F3C0008DF81C00A7
:10C980003AD52868A860688A69896A680144B5F957
:10C990000600491EEA6009B2E98181422CDDE88186
:10C9A0002AE0B80705D53B462A4651462046ECF713
:10C9B00035FA21465046F9F701FCDAF80400294619
:10C9C000A28A32440088101AADF80C00DAF804206C
:10C9D000E08A00EB26405288801AADF80E0002AAC9
:10C9E0005046F0F716FBB8070CD5E889698A401C59
:10C9F00068810144491EE981B5F90A00BDF90610B4
:10CA00008842CEDD29465046F0F739FB0BB0BDE831
:10CA1000F08F0000F40000242DE9F0470C0081465F
:10CA200005D11B484068EFF77FFD04002AD021465E
:10CA30004846FFF7DFFE1FE00027F7F781FC0025DF
:10CA4000064608E0A068006850F82510E7B148469F
:10CA5000FFF7D0FE6D1CB542F4D317214A4620469D
:10CA6000F2F774FF18214A462046F2F76FFF1921AA
:10CA70004A462046F2F76AFFA0464046F7F760FDB7
:10CA80000400D9D1BDE8F0874145E3D10127E1E7B2
:10CA9000F40000242DE9F04792B088460646EAF7F4
:10CAA0003CFA05006CD0F5F7C0F800210246284694
:10CAB000F6F74EFF012838D0022802D0032819D1FA
:10CAC0000CE03046F7F7A8FC04462846F8F746FE87
:10CAD000201A00EBD07040F34F0108E03046F7F722
:10CAE0009BFC04462846F8F739FE201A01B2284676
:10CAF000FAF7F1FB00213046F8F7F0FC002104467C
:10CB00003046F8F718FDB4F9087082463046F7F75A
:10CB100069FC0021814665223046F8F74CFC84B25E
:10CB2000B8F1000F03D014B104E00021DFE7304674
:10CB3000EBF762FCF18C07EB0A0007EBD772484376
:10CB400009EBD9714910A1EB6201A1EB000006B21B
:10CB5000B8F1000F17D0B4B16846ECF781FC0F486C
:10CB6000CDE900502846F8F71BFE0B940890CDE95C
:10CB700009060B4803900B4807906846ECF7E4FC65
:10CB800012B0BDE8F08705492846ECF721FC12B049
:10CB900031462846BDE8F047FAF7B3BBD5DC029032
:10CBA0008DD70290C79401902DE9F04F4FF4A02645
:10CBB0000C4689B005463146F8F743FB31460790ED
:10CBC0002846F8F78CFB834631462846F8F7E7FB02
:10CBD000824631462846F8F7CEFA81463146284645
:10CBE000F8F791FC314606902846F8F7AAFC8046F3
:10CBF00031462846F8F775FC314605902846F8F787
:10CC00002FFA074631462846F8F724FA06461CE074
:10CC1000079BA1B2CDF808B02846CDE90083CDE945
:10CC200003A9DDE90523EAF789FBB04201DA0146F1
:10CC300000E03146B94201DA384602E0B04200DB9A
:10CC40003046E96A21F81400641CE88CA042DFD861
:10CC50002846F9F78CFD09B02846BDE8F04FF9F7F2
:10CC6000BAB800002DE9F04F464C8DB060680168FD
:10CC70000A7CD2077ED0C968496800297FD000F5B8
:10CC8000AC70DEF720FA002879D160680168CA68C4
:10CC9000936811680C938B4200D151688946EFF775
:10CCA00013FC20210B9003A8D5F7D5FB0025A04647
:10CCB0003CE0411991F83011B9BB00F5AC70DEF7DA
:10CCC00070F90646A0462EE0D8F8040031464446E6
:10CCD00000F5AC70DEF777F983466068314600EB0B
:10CCE000C502303203A8DDF70DF80746401C19D005
:10CCF00000240DF10C0A09E0DEF796F90AEBC401F5
:10CD0000641C64B20A68026049684160BC42D8F899
:10CD10000400314600F5AC70EEDBDEF7DDF930469D
:10CD2000F5F7A8FE5E46002ECED16D1CD8F80400A3
:10CD30004446B0F85011A942BBD800F5AC70254666
:10CD4000DEF72FF912E00B982346CDF80090CDE9DD
:10CD500001046868DDE90B210068C06B866BB04791
:10CD60006868214600F5AC70DEF72DF90400EAD1C1
:10CD7000686800E003E000F5AC70DEF7FCF80DB089
:10CD8000BDE8F08FF40000242DE9F0410746F7F7E5
:10CD9000D7FA0024054612E0B868006850F824600D
:10CDA0003046F9F718F8002230462A21F2F7CEFD76
:10CDB0003046F9F710F83046FFF7E6FF641CAC4246
:10CDC000EAD3BDE8F08100002DE9FE4F0446EAF702
:10CDD000A4F8060009D0F4F759F98046F4F797F95A
:10CDE000042805D0022803D011E00120BDE8FE8F01
:10CDF000E18C04282046218509D1F7F75BFB054625
:10CE0000F3F732FA18B100212846F3F7AEFA40469C
:10CE1000F4F77DF9012804D04046F4F778F90328A7
:10CE200063D1A06A800331D4002569464046F4F7F7
:10CE300043F9BDF80200F18A401AADF80200BDF8CE
:10CE40000000B18A401A6946ADF800003046F4F798
:10CE500001FD07463046F4F7E8FE8246DFF89C9075
:10CE600000200190804606460DE0D9F8002001A977
:10CE7000504690470A2803D1B84501D06D1C2DB209
:10CE8000DDF80480761CBE42EFD327E00021204667
:10CE9000F8F724FB002105462046F8F74CFB2989CA
:10CEA000B4F91A200844B4F9161007B2501A00EB6E
:10CEB000D07001EB600005B240460C21F4F7EAF9AE
:10CEC000F18A084400B2281A90FBF7F0002800DA33
:10CED0000020A18C814200DC481E05B2002D04DB3D
:10CEE000A9B220460122FAF7FEFDE08C1C2102AA1D
:10CEF00002902046F2F72AFD78E700009002002415
:10CF000070B5D1E90245D5B1D4B100EBC216E560E8
:10CF1000AC6006EB8305EE6C8E420FD18442EC646C
:10CF20000CD100EB820501216C6901FA03F39C43EB
:10CF30006C6103D1036991408B43036170BDFEE7CF
:10CF4000FEE72DE9F0410C46498C06460020C1F36E
:10CF500005110EE026B1E26852F83020B24207D146
:10CF60004FF470214FF6FF722046F9F717FC02E0EC
:10CF7000401C8142EED82046F7F7E2F9002507462B
:10CF800007E0A068006850F825103046FFF7D9FF89
:10CF90006D1CBD42F5D3BDE8F08100002DE9FF5FB7
:10CFA000DDF840B0DDE90E54DDE91196DDE9148AC3
:10CFB000DEF7BEFA00683146876B4046F5F780FE23
:10CFC0000020034632E000BF0BFB00F109FB00F23A
:10CFD00005EB212104EB222209124FEA222209D477
:10CFE000DDF804C0614505DA002A03DBDDF808C07E
:10CFF000624502DB08F800300BE0DDF80CC002FBF4
:10D000000C1C0099139A01EB4C0102EB40020988B9
:10D010001180BAF1060F07D11399BAB231F8101086
:10D02000914201D108F80030401C00B2B042CBDB85
:10D03000BDE8FF9F2DE9F84F04464068486000278F
:10D040000D4680462321204600F0EBFF4FF01A0AE0
:10D05000BB46C0B32046EBF793FC30BB606881460B
:10D060000678D5F7CDF900900068805D20281CD1A6
:10D07000302E1AD0303E09F10100606012E02046E7
:10D08000EBF77EFC80B90099606809680278895CDA
:10D09000202909D107EB8701401C60604900303925
:10D0A0005718761E002EEADC76B12046EBF768FCB6
:10D0B00048B100BF85F800A0C5F808B0A168206895
:10D0C0000844606014E00DE0D4E90010A268384420
:10D0D000606011448142EDD3C11BC5E901170D20E9
:10D0E000287005E085F800A069686160C5F808B09F
:10D0F000D5E90112A1EB08001044BDE8F88F70B526
:10D10000044640680D4648602046EBF739FCF8B904
:10D11000D5F776F90646606831680278895C11F0C7
:10D12000980F15D0401C60602046EBF729FC10B129
:10D130000EE06068F6E7616830680978405C10F0DE
:10D14000380FF6D15F212046EBF712FC0028F0D112
:10D1500060686968401AA860002801DD092100E0C4
:10D160001A21297070BD10B50C46416861602C21F0
:10D1700000F057FF00284FF0000003D00121A1600C
:10D18000207002E0A0601A212170A06810BD70B567
:10D19000044640680D464860204600F08FFF204658
:10D1A00000F076FF2E210646204600F03AFF18B127
:10D1B000204600F06DFF0644DEB16668204600F0B0
:10D1C000E7FF2046EBF7DCFB88B961680878652843
:10D1D00001D045280BD1491C2046616000F0D8FFE2
:10D1E000204600F06BFF204600F052FF18B9666041
:10D1F00001E06868606060686968401AA86000289B
:10D2000001DD0A2100E01A21297070BDEBF7B8BBDF
:10D2100070B50546406848600C460D21284600F070
:10D2200000FF0A21284600F0FCFE69686068091AC0
:10D23000A160002902DD0520207004E01A2222707E
:10D2400068600021A160084670BD2DE9F0410446E8
:10D25000406848600E462321204600F0E2FE002888
:10D260004FF0000769D02046EBF78AFB002864D115
:10D270006068017868290AD0482908D071291ED031
:10D2800051291CD0622939D0422937D055E0401CA1
:10D290006060002502E0401C60606D1C2046EBF7DA
:10D2A0006FFB50B9D5F7ACF80146606809680278A1
:10D2B000895C81EA81010906EDD406202CE0401C3E
:10D2C000606000252046EBF75BFB88B96168087851
:10D2D00030280FD031280DD032280BD0332809D078
:10D2E000342807D0352805D0362803D0372801D078
:10D2F000072011E0491C61606D1CE3E7401C606081
:10D3000000252046EBF73CFB28B9616808783028F7
:10D310000FD031280DD00820307075B17068801C96
:10D3200070606168081AB06000280BDD801CBDE8E1
:10D33000F081491C61606D1CE3E71A203070706851
:10D340006060B7600020F2E770B5054640680C46A3
:10D3500048602846EBF714FB4FF0000670BB28210D
:10D360002846EBF705FB48B3686811E06868017868
:10D37000A1F120025E2A12D8222910D023290ED032
:10D3800027290CD028290AD0292908D03B2906D0E2
:10D39000401C68602846EBF7F3FA0028E6D02846E0
:10D3A000EBF7EEFA80B929212846EBF7E1FA58B1FC
:10D3B0006868401C68606168401AA060A068002826
:10D3C00003DD1020207005E0A6601A202070606840
:10D3D0006860A660A06870BD2DE9F0410C46416808
:10D3E00005461A20616020702846EBF7C9FA4FF015
:10D3F0000006E0B92A212846EBF7BAFAB8B1686806
:10D40000401C6860284600F06AFE00280AD001DB54
:10D4100001280ADB3F21284600F003FE012810DB2B
:10D4200016200FE02846EBF7ABFA14200AE0284656
:10D4300000F009FE0746284600F051FE012809DAEF
:10D440000EE01320207013E0284600F048FE00286C
:10D4500014DB08D0284600F0F6FD0028F4D10DE0DA
:10D4600000280BDB0FB11220ECE720781A280FD030
:10D4700068686168401AA060BDE8F0813F212846D5
:10D4800000F0CFFD012801DB1520DBE71120D9E7F3
:10D49000A66060686860A068EEE710B50C46416859
:10D4A00061603B2100F0BDFD10B10120A06002E0F1
:10D4B0000021A1601A202070A06810BD70B504463C
:10D4C00040680D4648602046EBF75AFA58BB606842
:10D4D0000178222902D027290ED027E0401C606065
:10D4E0000F2120462970222100F029FE2046EBF76B
:10D4F00047FAC8B922210CE0401C60600E2120468A
:10D500002970272100F01BFE2046EBF739FA58B9A5
:10D5100027212046EBF72CFA30B16068401C606090
:10D520006968401AA86001E06868606060686968BE
:10D53000401AA860002804DC1A222A7061600020CA
:10D54000A86070BD2DE9F0410546406848600C4672
:10D550002F21284600F065FD284600F04BFD4FF0D6
:10D560000007E0B12D21284600F05BFD284600F0C1
:10D570007BFD2846EBF704FA88B92F212846EBF704
:10D58000F7F92E2106462846EBF7F2F9064306D0B6
:10D590006868401C6860284600F02CFDE2E7696876
:10D5A0006068091AA160002902DD0C20207003E0E8
:10D5B0001A2121706860A760A068BDE8F08170B58D
:10D5C000054640680C464860284600F0E1FD686862
:10D5D0006168401AA060002801DD172100E01A21CF
:10D5E000217070BD2DE9F04186B0044600260491FB
:10D5F000039169460592866103A8FFF7E0FF03A83F
:10D600002146FFF7E9FE010004F10C0817D403A836
:10D610006946FFF7D4FF002806DD04F118024146F1
:10D6200003A800F03AF803E004994046EBF758F8F5
:10D6300003A86946FFF7ECFD050006D00AE0039950
:10D640002046EBF74DF80399EFE703A86946FFF78B
:10D6500024FF054603A8FFF7D9FD4FF0010750B995
:10D660004DB904981921401C0490A76040462170D0
:10D670000399EBF735F89DF80000012808D005283C
:10D6800009D02677DDE9031006B0401ABDE8F08125
:10D6900002202077F6E72777F4E72DE9FE4380465E
:10D6A0000C464FF0FF378F6018200870D8F8041030
:10D6B0000025012016466160A16808446946A06003
:10D6C000404600F019F89DF800101A290AD0A16808
:10D6D0006D1C08446946A0604046FFF744FD0028E1
:10D6E000EAD104E01A21217000203D46A06006B175
:10D6F0003560A068BDE8FE832DE9FE430D468046F7
:10D700006946FFF75CFF064629464046FFF79DFD48
:10D7100004002ED129464046FFF7F1FC040028D131
:10D7200029464046FFF733FD040011D069464046C4
:10D73000FFF745FF074669464046FFF703FF00280D
:10D7400017DDA9683A180B2028708C18AC6010D12E
:10D7500029464046FFF7B2FE04000AD1294640465A
:10D76000FFF768FC040004D129464046FFF7ECFDB2
:10D77000044669464046FFF722FF30442044BDE896
:10D78000FE83002200680A21F2F7E0B810B50068B5
:10D79000F6F7D6FEBDE81040EAF72EBE2DE9FF4FA2
:10D7A00085B091460C460846F6F7CAFE102106469B
:10D7B000F8F71DF8002877D03046F6F71FFF002550
:10D7C00083463046F7F707F81434CDE9024000B934
:10D7D000059C00213046F7F7E3FB0021009030461E
:10D7E000F7F7A1FD0146009808440FFA80F830468B
:10D7F0000021F7F78AFC01460098728B0844F18AF1
:10D8000000B20190101AE78801EB080CB9F8021079
:10D810006388C01B081AACEB03020FFA80FA30468B
:10D82000521A17B2F6F74BFEA0EB08010198002F31
:10D83000A1EB000000B204900BDBBAF1000F14DA88
:10D84000002F06DD3D463046F6F7CCFF401B0BD4DB
:10D850000BE0BAF1000F08DDCAF1000005B2304656
:10D86000F6F77AFEE84200D500250398012804D097
:10D87000022809D003280FD117E0F28A618802EB51
:10D8800008002944401A05E0718B0198E288091AC2
:10D8900050191BE0284405B230460024F6F794FFE7
:10D8A0000190A8B1029F14E0C4E00498F18A00EB53
:10D8B000D07208EB6200E28801446088121A521CA0
:10D8C00012B202EBD27205EB62021044081AE1E7D1
:10D8D000059F00213046F7F77EFC009908440FFAB7
:10D8E00080FA30460021F7F7C4FCB28A0099B6F8F6
:10D8F00018C052443B88084401B20091B7F8048034
:10D90000ACEB0101B9F80000D21AA1EB0801411AF1
:10D91000121A10B209B200280ADB002912DA002814
:10D9200006DD04463046F6F791FE001B09D409E0F7
:10D93000002907DD484204B23046F6F7E7FEE04230
:10D9400000D500243046F7F709FFA0EB0A02009843
:10D950000199A2EB000000B2012904D0022908D0ED
:10D9600003290ED123E0B28A398802EB0A00214450
:10D970002DE0318B0098BA88091A1019081A204432
:10D9800004B22E493046EBF723FD2D4907463046B9
:10D99000EBF71EFD384306D0002230460A21F1F78E
:10D9A000D5FF012846D15FEACB7012D014E000EB1E
:10D9B000D072B18A0AEB62003A880844B988891AA1
:10D9C000491C09B201EBD17104EB61011144401A09
:10D9D000D5E7002C00DA00245FEA8B7002D4002C1B
:10D9E00000DD00245FEA4B7002D4002D00DA002530
:10D9F0005FEA0B7002D4002D00DD00250898B9F90C
:10DA00000010002800D02046B9F902200844A9F8E7
:10DA1000000002D14FF0000000E0284621461044EB
:10DA2000A9F80200089B09B02A463046BDE8F04F2D
:10DA3000F9F724B809B0BDE8F08F000033DB02909D
:10DA40001BDB029030B5AAB1B2F90050B0F91A4010
:10DA5000B0F9363025449D4201DA1B1B1380B2F920
:10DA60000050B0F91A40B0F93A3025449D4201DD2A
:10DA70001B1B1380002915D0B1F90040B0F91830F4
:10DA8000B0F934201C44944201DAD21A0A80B1F968
:10DA90000030B0F91820B0F938001344834201DD9A
:10DAA000801A088030BD1CB5828E0446C18E6B463C
:10DAB000E8F785FFBDF90000002801DA40420CE0DC
:10DAC0002046F7F74BFEBDF9041088420BDA2046DA
:10DAD000F7F744FEBDF80410401A01B220460123B6
:10DAE0000022F9F75BF8BDF90200002801DA404294
:10DAF0000CE02046F6F7E3FCBDF9061088420BDA8D
:10DB00002046F6F7DCFCBDF80610401A02B22046AB
:10DB100001230021F9F742F81CBD034610B5F6F7C2
:10DB200068FE084401B21846BDE810400022DDF747
:10DB300022BB034610B5F6F763FE084402B218464E
:10DB4000BDE810400021DDF716BBF8B505460C46D0
:10DB50000846F0F70BF84FF4803628463146F7F7C1
:10DB600005FA0228E07008D9202231462846F7F746
:10DB700022FC0090BDF80000A080312228463146EA
:10DB8000F7F719FC0027C0B284F82200022814D944
:10DB9000322228463146F7F70EFC00B220840028D6
:10DBA00009DD302231462846F7F705FC0090BDF824
:10DBB0000000E08301E084F82270452228463146C7
:10DBC000F7F7F9FBC0B284F8360002281AD94022D0
:10DBD00028463146F7F7EFFB00B2E08500280FDD5D
:10DBE000432228463146F7F7E6FB44223146A08619
:10DBF0002846F7F7E0FB0090BDF80000A08501E0A3
:10DC000084F8367031462846F7F736FAFD280AD2EE
:10DC1000E17811FB00F1090AE1704843000A84F839
:10DC2000220084F83600E07830B994F8220018B960
:10DC300094F83600002805D031462846F7F705FC51
:10DC400020800120F8BD00002DE9FF4100264FF69D
:10DC5000FF7710251A4801243A46CDE90246CDE95E
:10DC600000456946D9F73CFA0120D6F787FE022025
:10DC70003A46CDE9000512486946CDE90246D9F792
:10DC80002FFA08210396032000900D483A46CDE96B
:10DC900001516946D9F724FA4FF408713A46042035
:10DCA000CDE90005CDE9024105486946D9F718FAE2
:10DCB000034840F29631D9F7FBF9BDE8FF81000037
:10DCC000D4030024A0F84410F8F785B8A0F8461053
:10DCD000F8F781B809B2F9F714BB00002DE9F84F45
:10DCE0004FEA610791464FEA610A0D460446C807AC
:10DCF00000D17F1E60008346F4F75EFE06464B4669
:10DD0000002029E003EB44010091601E31F8021C61
:10DD100001FB05F118D400BF00EB0A024FF0000C24
:10DD2000A24226F8101001DA33F812C0C21B012AF1
:10DD3000A1EB0C0101D51A8803E003EB420232F893
:10DD4000022C401E1144E7D55A4631461846F4F7D6
:10DD5000CDFE009B08F10100A0428046D2DB4FF4CB
:10DD60007F51B1FBF5F2002014FB04F31FFA82FC93
:10DD70000DE000BF39F8102042B18A4202D129F8E3
:10DD800010C003E092FBF5F229F81020401C8342FA
:10DD9000F0D800203FE000BF09EB400300219B4684
:10DDA0001A886A4329E0002A02DA4FF0000C01E0E9
:10DDB0004FEAA21CA1EB0A08B8F1000F26F811C027
:10DDC00002DCB3F800C003E008FB040839F818C00F
:10DDD00001EB070808F10108A045A2EB0C0202DAEA
:10DDE00008FB040803E0A4F1010C0CFB0408491C27
:10DDF00003EB440339F818C06244A142D3DB00218D
:10DE00005A4605E036F81130491C138002EB4402F3
:10DE1000A142F7DB401CA042BEDB3046BDE8F84F14
:10DE2000F4F716BE2DE9F0478AB01F460E46154698
:10DE3000D41980469146014607A8ECF7C8F805EBCF
:10DE4000D57045F3000107EB6002511A891EADF849
:10DE50002010012101EB6000ADF81E004046ECF7F8
:10DE600025F9BDF82010081AADF81C004046ECF763
:10DE7000E4F8BDF81E1000233A460844ADF822002D
:10DE800007A901A8EFF79EFDB9F1010F4D4601D09A
:10DE90004FEA69052046F4F78FFD00278246B04619
:10DEA00036E021465046F4F70BFFDDF804C023B2FC
:10DEB0003AB2002101A800905046E04740B19AF8DC
:10DEC0000000810191FBF5F10120A8F800101AE093
:10DED00061004046F4F7CCFE17E000BF0AEB0002F9
:10DEE0001AF8001012F8012C914206D108EB4001FB
:10DEF00031F8022C28F8102004E0890191FBF5F19B
:10DF000028F81010401CA042E8DB7F1C08EB4408F6
:10DF1000A742C6DB5046F4F79BFD01A8EFF7CAFA0B
:10DF2000012D14D020B2324629460746FFF7D6FE0F
:10DF300009F00100284401B2012926DD4FF47F5089
:10DF400090FBF1F304FB04F200209DB217E0644360
:10DF5000002004E036F810108A093254401C844234
:10DF6000F8DC0AB0BDE8F08736F8103033B1FF2B8B
:10DF70000ED09B0193FBF1F326F81030401C824237
:10DF8000F2D832463846FFF7A9FE6443002007E086
:10DF900026F81050F2E700BF16F810103154401C5C
:10DFA0008442F9DCDDE7F0B597B014460D4607462C
:10DFB00001A8EFF7DBFDFF2211461046EDF7A5FDA6
:10DFC00000900026BDF8000001A900902A46BDF887
:10DFD0000000ADF808003846EFF7B4FD0FA8EEF7E3
:10DFE000EDFF0FA923462A4638460096EEF742FD7C
:10DFF00017B0F0BD70B50024054602E0401C686013
:10E00000641C2846EAF7BCFC48B9D4F7F9F9014684
:10E01000686809680278895C11F0980FEED1204693
:10E0200070BD70B50D460446EAF7AAFC48B929460A
:10E030002046EAF79DFC20B16068401C606001202A
:10E0400070BD002070BD10B50446EAF799FC48B9D0
:10E050003A212046EAF78CFC20B16068401C6060E1
:10E06000012010BD002010BD10B50446EAF788FC61
:10E0700040B9D4F7C5F90146606809680278895C3F
:10E08000202901D0002010BD401C6060012010BD7F
:10E0900070B50024054602E0401C6860641C2846F8
:10E0A000EAF76EFC40B9D4F7ABF901466868096835
:10E0B0000278895C2029EFD0204670BD10B5044657
:10E0C000EAF75EFC28B9606801782B2903D02D2976
:10E0D00001D0002010BD401C6060012010BD70B553
:10E0E00045680446EAF74CFCF8B9D4F789F90646C6
:10E0F000606831680278895C11F0980F15D0401C77
:10E1000060602046EAF73CFC10B10EE06068F6E77C
:10E11000616830680978405C10F0380FF6D15F21F3
:10E120002046EAF725FC0028F0D12046EAF728FC33
:10E130000028606801D0281A70BD401B70BD70B502
:10E140000D4604461AE0606800787F2804D8294606
:10E150002046EAF70DFC70B160680178A94212D13F
:10E16000401C60602046EAF70BFC68B9294620464F
:10E17000EAF7FEFB40B16068401C60602046EAF7A9
:10E18000FFFB0028DFD070BD6068401E606070BD7E
:10E1900070B5002405462846EAF7F2FB28B96868FE
:10E1A0000178202903D0092901D0204670BD401CE8
:10E1B0006860641CEFE7000030B56522054691B049
:10E1C0004FF4E021F7F7F7F8040017D06846EBF7B3
:10E1D00047F9104800210B940E94CDE9005001201E
:10E1E0000890CDE909010C4807904FF6FF70ADF893
:10E1F00040006846EBF7A8F911B030BD0549284644
:10E20000EBF7E6F895F8540040F0010085F854006B
:10E21000F2E70000C9E500901F95019038B50C4663
:10E2200005466946D4F759F920600098401B38BD6F
:10E2300030B5451809E0114603E0A34201D1401E64
:10E2400030BD11F8013B002BF7D1854203D010F807
:10E25000014B002CEFD1002030BD00002DE9FC4720
:10E26000FD4DFE4C95F82000C00703D0FC48EDF7AB
:10E27000D0FB03E004211220F9F7C0F80090BDF8AC
:10E280000000608095F82000C00704D0052112200E
:10E29000F9F7B4F803E004211220F9F797F8009099
:10E2A000BDF80000A08095F82000C00703D0ED481D
:10E2B000EDF7AFFB01E0EDF769FD0090BDF8000060
:10E2C000E08095F82000C00703D0E748EDF7A1FBF8
:10E2D00003E002211220F9F791F80090BDF8000048
:10E2E0002081E068D03001F07DFAE068D83001F09C
:10E2F00079FA0026DD4A4620DD495023CDE90006A3
:10E30000D5482838FAF74AFCD3485023D74AD84989
:10E31000143800960196FAF741FCCF49E068283995
:10E32000D030FAF732FCCC49E0681439D830FAF72B
:10E330002CFCE068083001F055FA95F82000C00781
:10E3400004D002211220F9F741F802E01220F9F777
:10E350006FF80146E0680830FAF786FAE06847F699
:10E36000FF7A51460830FAF7C7FBE8680721EDF756
:10E370008DFF0146E0680830FAF7EDFAE8680521FC
:10E38000EDF784FF0146E0680830FAF702FCE06828
:10E3900066210830FAF782FAAF49E068143908308C
:10E3A000FAF7F3FBE068103001F01CFAE068FF2197
:10E3B0001030FAF773FAE06801F014FAE068FF2110
:10E3C000FAF76CFA6088ADF800000099E068FAF797
:10E3D0004BFAA088ADF800000099E068FAF7BAFBA4
:10E3E000607801287ED00228E8687CD05FF00A01BE
:10E3F000EDF74CFF0146E068FAF7E6FA607801288D
:10E4000072D00228E86870D05FF00A01EDF73EFF95
:10E410000146E068FAF7B6FAE068183001F0E2F970
:10E4200060780128E8687DD05FF00801EDF72EFFE5
:10E430000146E0681830FAF75FFBE068FF2118300A
:10E44000FAF72CFAE088ADF80000E068009918307F
:10E45000FAF70AFA2089ADF80000E0680099183050
:10E46000FAF720FAE8680221EDF710FF0146E068AC
:10E470001830FAF72EFAE06801211830FAF721FA7D
:10E48000A088ADF80000E06800991830FAF762FB48
:10E49000607801287ED00228E8687CD05FF0100107
:10E4A000EDF7F4FE0146E0681830FAF754FA6078A8
:10E4B000012871D00228E8686FD00A21EDF7E6FE46
:10E4C0000146E0681830FAF77FFA6078012865D0D5
:10E4D0000228E8687ED00A21EDF7D8FE0146E06800
:10E4E000183003E083E085E086E088E0FAF74AFA36
:10E4F0001220F8F79DFF0146E0681830FAF7FDF9A1
:10E50000E8680121EDF7C2FE0146E0681830FAF72D
:10E51000FFF9E068A03001F065F9DFF83C81A8F16F
:10E52000280800E06DE0E0684646D8F83810A030D2
:10E53000FAF7FAF9E8680321EDF7A8FE0146E0686A
:10E54000A030FAF704FAE8680321EDF79FFE0146D0
:10E55000E068A030FAF7F7F9E0687F21A030FAF719
:10E56000EEF9E068A83001F03DF9708FADF80000D9
:10E57000E0680099A830FAF7D7F9E8680321EDF7C9
:10E5800085FE0146E068A830FAF7E1F9E0687F21EE
:10E59000A83004E037E039E03AE03CE03DE0FAF74B
:10E5A000CEF9E068203001F01DF96078012839D0FB
:10E5B0000228E86839D00821EDF768FE0146E068D6
:10E5C0002030FAF799FAE068FF212030FAF766F96F
:10E5D000208900E024E0ADF80000E06800992030D8
:10E5E000FAF742F995F82000C00720D06FE0E868FC
:10E5F0000E21FDE60C21FBE6E8680E2106E70C2162
:10E6000004E70C2112E7E868182149E7142147E7DD
:10E61000E8680E2152E70C2150E7E8680E215BE71D
:10E620000C2159E7E8681021C6E70C21C4E7122045
:10E63000F8F7FEFE0146E0682030FAF761FA0020A4
:10E64000EDF730FF00EB4000A02650304FF4A079EA
:10E65000484517DB00200DE0041C0224380100248B
:10E660001A171500302B280037322F00FB94019029
:10E6700014260390EDF716FF00EB4000503090FB9E
:10E68000F6F000E0012001B2E0682030FAF74FFA1E
:10E69000E0687F212030FAF742FA0020EDF702FF10
:10E6A000502707EB8000484507DB0020EDF7FAFE16
:10E6B00007EB800090FBF6F000E0012001B2E86873
:10E6C000EDF7E4FD0146E0682030FAF724FAA0886F
:10E6D000ADF80000E06800992030FAF73BFA607866
:10E6E00001287DD00228E8687BD01021EDF7CEFD0F
:10E6F0000146E0682030FAF754F96078012871D0BB
:10E700000228E8686FD00A21EDF7C0FD0146E068F5
:10E710002030FAF761F9E8680521EDF7B7FD014609
:10E72000E0682030FAF72EF9E8680521EDF7AEFD34
:10E730000146E0682030FAF747F9FF49FD480860D4
:10E740000831FE480860E068583001F04BF8E06896
:10E75000F9495830FAF7C5F8E06823215830FAF73C
:10E76000C4F8E068603001F03DF8F349E068083132
:10E770006030FAF7B6F8E0687F216030FAF7B5F854
:10E78000E068C03001F02EF8E0680121C030FAF7EF
:10E79000A4F8E0680121C030FAF793F8E06880300F
:10E7A00001F020F8607801287ED00228E8687CD04B
:10E7B0005FF01001EDF76AFD0146E0688030FAF77E
:10E7C000CAF86078012871D00228E8686FD010215B
:10E7D000EDF75CFD0146E0688030FAF7F5F803E0FC
:10E7E000ECE3ECE3ECE3ECE3607801287ED0022874
:10E7F000E8687CD05FF01001EDF748FD0146E06865
:10E800008030FAF7BFF8E068783000F0EBFF60780E
:10E8100001286DD00228E8686BD00A21EDF736FD9B
:10E820000146E0687830FAF796F8607801287CD0E5
:10E830000228E8687AD00A21EDF728FD0146E06851
:10E840007830FAF7A3F8E068883000F0CBFFE8688A
:10E850000A21EDF71BFD0146E0688830FAF7B4F8AD
:10E86000E8680A21EDF712FD0146E0688830FAF702
:10E8700089F8E068903000F0B5FFE8681421EDF702
:10E8800005FD0146E0689030FAF773F9E0689830CA
:10E8900000F0A8FFE06802219830FAF757F9E06825
:10E8A000683000F09FFF03E0FEE3FEE3FEE3FEE3DB
:10E8B000E06800216830FAF74EF8E068002168301F
:10E8C000FAF782F8E06800216830FAF75BF8E06850
:10E8D000703000F087FF607801287CD00228E8685B
:10E8E0007AD00221EDF7D2FC014603E0FEE3FEE31D
:10E8F000FEE3FEE3E0687030FAF72DF86078012857
:10E900006BD00228E86869D05FF00201EDF7BEFC29
:10E910000146E0687030FAF757F8607801287DD03A
:10E920000228E8687BD0022101E0E6E3E6E3EDF7A8
:10E93000ADFC0146E0687030FAF724F8E068283052
:10E9400000F050FFE0684646D8F838102830F9F754
:10E950008BFFEDF71BFA0146E0682830FAF7FAF86A
:10E96000E068FF212830F9F799FFE068303000F0C7
:10E9700039FFE068B16B3030F9F776FFE068B16BD2
:10E980003030FAF7E7F8E06833213030F9F786FFE6
:10E99000E068383000F026FF708FADF80000E068C6
:10E9A00000993830F9F760FFEDF7F0F90146E068BB
:10E9B0003830FAF7CFF8E068FF213830F9F76EFF0A
:10E9C000E068403000F00EFF708FADF80000E068A6
:10E9D0000099403003E0FDE3FDE3FDE3FDE3F9F7DB
:10E9E00043FF708FADF80000E06800994030FAF7FF
:10E9F000B1F8E06833214030F9F750FFE068483063
:10EA000000F0F0FE2089ADF80000E0680099483081
:10EA1000F9F72AFFE068FF21483001E0FDE3FEE35B
:10EA2000F9F73CFFA088ADF80000E0680099483095
:10EA3000FAF790F8E068503000F0D4FEE088ADF8C6
:10EA40000000E06800995030F9F70EFFE068FF2100
:10EA50005030F9F723FFA088ADF80000E068009976
:10EA60005030FAF777F8E068B03000F0BBFEE068AD
:10EA700057465146B030FAF73FF8E068B83000F03A
:10EA8000B1FEE0680021B830FAF736F8E068C83027
:10EA900000F0A8FEE8680321EDF7F8FB0146E06806
:10EAA000C830FAF76EF8E8680321EDF7EFFB01468E
:10EAB000E068C830FAF761F8E068F03000F092FEE4
:10EAC000E068B16BF030F9F7CFFEE068FF21F0307D
:10EAD000F9F7E4FEE8680621EDF7D8FB0146E068A7
:10EAE000F030F9F738FFE0683946F030FAF704F80B
:10EAF000E068E03000F076FEE068C821E030F9F729
:10EB00009CFEE068E83000F06DFEE0687821E830B7
:10EB1000F9F793FEE06800F5807000F063FE20894D
:10EB2000ADF80000E068009900F58070F9F789FE03
:10EB30000F2105E037E6009048010024DD750190C3
:10EB4000E868EDF7A3FB0146E06800F58070F9F78F
:10EB500087FEE068012100F58070F9F77DFEE0682E
:10EB600000F5847000F03EFEE068B16B00F5847043
:10EB7000F9F767FEE06800F5987000F033FEE06892
:10EB80004FF4827100F59870F9F7C6FEE06800F561
:10EB90009C7000F027FEE8680321EDF777FB014643
:10EBA000E06800F59C70F9F7D6FEE8680221EDF701
:10EBB0006DFB0146E06800F59C70F9F78AFEE0689D
:10EBC000B16B00F59C70F9F76DFEE088ADF80000C0
:10EBD000E068009900F59C70F9F746FEE068FF21B7
:10EBE00000F59C70F9F75AFE60780128E8687CD03F
:10EBF0005FF00801EDF74AFB00EBD0704110E068D0
:10EC000000F59C70F9F778FFE06800F5A07000F05F
:10EC1000E9FDE068FCA100F5A070F9F73BFEEDF717
:10EC2000B5F80146E06800F5A070F9F793FFE068D9
:10EC3000696900F5A070F9F798FFE06800F5A47025
:10EC400000F0D0FDE8680421EDF720FB404201B25E
:10EC5000E06800F5A470F9F77EFEEDF797F801463D
:10EC6000E06800F5A470F9F7FFFDE06800F5A87012
:10EC700000F0B8FDE068012100F5A870F9F748FE42
:10EC8000A088ADF80000E068009900F5A870F9F7D9
:10EC900034FEE06800F5947000F0A4FDE068002107
:10ECA00000F59470F9F70DFEE8680A21EDF7EEFA29
:10ECB0000146E06800F59470F9F764FE2089ADF82C
:10ECC0000000E068009900F59470F9F716FEE0681E
:10ECD00000F5887000F086FDE8680321EDF7D6FAAC
:10ECE0000146E06800F5887000E019E3F9F710FECE
:10ECF000E8680321EDF7CAFA0146E06800F588707C
:10ED0000F9F7FAFEE8680821EDF7C0FA0146E06875
:10ED100000F58870F9F70FFFE8680221EDF7B6FA01
:10ED20000146E06800F58870F9F72CFEE06800F510
:10ED30008C7000F057FDE068394600F58C70F9F7EB
:10ED4000DBFEE8680821EDF7A1FA0146E06800F56E
:10ED50008C70F9F7F0FEE068B16B00F58C70F9F794
:10ED600083FDE068FF2100F58C70F9F797FDE068FE
:10ED700000F5907000F036FDE8680121EDF786FAA5
:10ED80000146E06800F59070F9F7C2FDA088ADF883
:10ED90000000E068009900F59070F9F7AEFDE868B2
:10EDA0000221EDF773FA0146E06800F59070F9F77B
:10EDB000D2FD1220F8F73CFB0146E06800F59070A8
:10EDC000F9F7C8FEE06800F5D07000F00BFDE068D0
:10EDD000002100F5D070F9F7BEFDE068002100F5D4
:10EDE000D070F9F7D3FDE068002100F5D070F9F795
:10EDF00083FEE068012100F5D070F9F76EFDE06850
:10EE0000002100F5D070F9F760FDE06800F5EC70C6
:10EE100000F0E8FC60780128E8687CD05FF0080129
:10EE2000EDF734FA0146E06800F5EC70F9F764FE9E
:10EE3000E068012100F5EC70F9F74FFDE068FF2173
:10EE400000F5EC70F9F72AFDE088ADF80000E06805
:10EE5000009900F5EC70F9F707FDA088ADF8000007
:10EE6000E068009900F5EC70F9F774FEE06800F5D1
:10EE7000D47000F0B7FC607801287DD00228E868E3
:10EE80007BD00A21EDF702FA0146E06800F5D47064
:10EE9000F9F787FD6078012870D00228E8686ED005
:10EEA0005FF00A01EDF7F2F90146E06800F5D47071
:10EEB000F9F792FD607801287ED00228E8687CD0BE
:10EEC0005FF00A01EDF7E2F90146E06800F5D47061
:10EED000F9F75CFDE8680121EDF7D8F90146E06833
:10EEE00000F5D470F9F7F5FCE068192100F5D4704D
:10EEF000F9F7E3FCA088ADF80000E068009900F5A0
:10EF0000D470F9F7CFFCE068002100F5D470F9F770
:10EF1000DCFCE06800E005E200F5D87000F062FC7F
:10EF2000E068002100F5D870F9F715FDE0680021D0
:10EF300000F5D870F9F72AFDE8680121EDF7A6F988
:10EF40000146E06800F5D870F9F7C3FCE0681921C4
:10EF500000F5D870F9F7B1FCA088ADF80000E068C2
:10EF6000009900F5D870F9F79DFCE068082100F5DC
:10EF7000D870F9F7AAFC03E0D6E1D8E1D9E1DBE1EA
:10EF8000E06800F5DC7000F02DFCE068002100F581
:10EF9000DC70F9F7E0FCE068002100F5DC70F9F7BF
:10EFA000F5FCE06800F5E47000F01CFC60780128D6
:10EFB0007ED00228E86805E0C0E1C2E174E177E1B3
:10EFC00078E17BE175D00A21EDF760F90146E06850
:10EFD00000F5E470F9F7E5FC607801286AD00228B2
:10EFE000E86868D05FF00201EDF750F90146E0688B
:10EFF00000F5E470F9F7F0FC607801287AD0022877
:10F00000E86878D00A2101E0EF808C00EDF73EF946
:10F010000146E06800F5E470F9F7B8FCE06800F537
:10F02000E87000F0DFFB6078012865D00228E8680E
:10F030007DD00221EDF72AF90146E06800F5E8707D
:10F04000F9F7AFFC6078012872D00228E86870D028
:10F050005FF00201EDF71AF90146E06800F5E8708B
:10F06000F9F7BAFCE068002100F5E870F9F757FD00
:10F07000E068002100F5E870F9F710FCA088ADF811
:10F080000000E068009900F5E870F9F763FDE068BA
:10F0900000F5E07000F0A6FBE068002100F5E070EC
:10F0A000F9F77FFC002107E00AE10DE10EE111E133
:10F0B00049E14BE14CE14EE1E06800F5E070F9F721
:10F0C00065FCE06800F5F07000F08CFBE06833212F
:10F0D00000F5F070F9F7E2FB1220F8F7A9F9014604
:10F0E000E06800F5F070F9F7BFFB08E0F4E0F7E046
:10F0F000F8E0FBE031E133E134E1F9E0FCE0E06825
:10F1000000F5F47000F06EFBE068002100F5F4708B
:10F11000F9F7C4FB607801287ED00228E8687DD02A
:10F120005FF00201EDF7B2F80146E06802E01CE191
:10F130001DE11FE100F5F470F9F74EFCE06800F501
:10F14000B07000F04FFBE8680521EDF79FF801462D
:10F15000E06800F5B070F9F7DBFBA088ADF80000BF
:10F16000E068009900F5B070F9F7C7FBE868142172
:10F17000EDF78CF80146E06800F5B070F9F7DBFCBC
:10F18000E8680F21EDF782F80146E06800F5B070FD
:10F19000F9F712FCE06800F5B47000F023FBE068BA
:10F1A000394600F5B470F9F7A7FCA088ADF8000067
:10F1B000E068009900F5B470F9F756FBE068FF21AC
:10F1C00000F5B470F9F76AFBE8680F21EDF75EF817
:10F1D000014603E092E095E096E099E0E06800F5F2
:10F1E000B470F9F7A8FCE06800F5AC7000F0FAFA2A
:10F1F000E8680121EDF74AF80146E06800F5AC70D7
:10F20000F9F767FB2089ADF80000E068009900F588
:10F21000AC70F9F747FB03E0AEE07BE0B0E07DE0E7
:10F22000E068032100F5AC70F9F74FFBE06800F5EA
:10F23000B87000F0D7FAA088ADF80000E068009937
:10F2400000F5B870F9F72EFBE8680221EDF71EF81B
:10F250000146E06800F5B870F9F73BFBE86801216A
:10F26000EDF714F8404201B2E06800F5B870F9F724
:10F27000A3FBE068042100F5B870F9F726FBE0680D
:10F280004FF4C87100F5B870F9F7D7FAE06800F5E7
:10F29000BC7000F0A7FA95F82000C00772D00221D8
:10F2A0001220F8F793F871E0E8681821FFF71EBA0A
:10F2B0001421FBE7E8680E21FFF726BA0C21FBE7D3
:10F2C000E8681821FFF776BA1421FBE7E8681821EF
:10F2D000FFF77EBA1421FBE7E8681821FFF78CBA24
:10F2E0001421FBE7E8680E21FFF798BA0C21FBE731
:10F2F000E8680E21FFF7A0BA0C21FBE7E8680821B7
:10F30000FFF7F0BA0621FBE7E8680821FFF7FEBA2D
:10F310000621FBE7E8680821FFF706BB0621FBE7AB
:10F320000C2167E40C217BE5E8680E21AAE50C219D
:10F33000A8E5E8680E21B5E50C21B3E5E8680E21E3
:10F34000C0E50C21BEE5E8680E213DE60C213BE658
:10F35000E868082148E6062146E6E8680E2152E6FC
:10F360000C2150E6E868082164E6062162E6E868B8
:10F3700008216FE606216DE6E8680821D2E601E083
:10F380000621CFE601211220F8F738F80146E0689F
:10F3900000F5BC70F9F7DEFBE06800F5C07000F026
:10F3A00021FA607801287DD00228E8687BD00A2104
:10F3B000ECF76CFF0146E06800F5C070F9F7CBFA96
:10F3C0006078012870D00228E8686ED05FF00A01EA
:10F3D000ECF75CFF00EBD0704110E06800F5C07006
:10F3E000F9F7D4FAE06800F5C47000F0FBF9E868BA
:10F3F0000121ECF74BFF0146E06800F5C470F9F716
:10F4000068FA2089ADF80000E068009900F5C47042
:10F41000F9F748FAE088ADF80000E068009900F5D7
:10F42000C470F9F721FAE068332100F5C470F9F7E8
:10F4300035FAE06800F5C87000F0D4F9607801286A
:10F440007DD00228E8687BD05FF00A01ECF71EFF50
:10F450000146E06800F5C870F9F7A3FA6078012862
:10F460006FD00228E8686DD05FF00A01ECF70EFF5C
:10F470000146E06800F5C870F9F7AAFA607801283B
:10F480007DD00228E8687BD05FF00201ECF7FEFE39
:10F490000146E06800F5C870F9F770FA6078012855
:10F4A0006FD003E05BE160E161E163E10228E868BD
:10F4B00068D00A21ECF7EAFE0146E06800F5C87062
:10F4C000F9F764FAE06800F5CC7000F08BF9E868B1
:10F4D0000A21ECF7DBFE0146E06800F5CC70F9F795
:10F4E000BFF9E06800F5FC7000F07CF9E8680421E1
:10F4F000ECF7CCFE0146E06800F5FC70F9F72BFA5A
:10F50000E06800F5F87000F06DF9E06842F264011F
:10F5100000F5F870F9F704FAE06800F5007000F003
:10F5200061F91220F7F784FF0146E06800F50070EA
:10F53000F9F79AF9E0687F2100F5007003E01BE11C
:10F540001EE11FE121E1F9F7A9F9E06800F5027079
:10F5500000F048F9E068002100F50270F9F7E7FAD9
:10F56000607803287ED00128E8687CD05FF008012D
:10F57000ECF78CFE0146E06800F5027003E006E15E
:10F5800008E109E10DE1F9F7B7FAE06800F50E705E
:10F5900000F028F9E068B16B00F50E70F9F782F918
:10F5A000E8680221ECF772FE400001B2E06800F565
:10F5B0000E70F9F78EF9E068012100F50E70F9F789
:10F5C00084F9E06800F50C7000F00CF9E86802219D
:10F5D000ECF75CFE404201B2E06800F50C70F9F710
:10F5E000B2F9E06800F5047000F0FCF860780128DA
:10F5F0007ED00228E8687CD05FF01001ECF746FE70
:10F600000146E06800F50470F9F7CBF9E0680021E5
:10F6100000F50470F9F7E0F9E068002100F50470E6
:10F62000F9F7B4F9E068012100F50470F9F755F92C
:10F63000E06800F5067000F0D5F8E8680121ECF705
:10F6400025FE0146E06800F50670F9F742F92089C9
:10F65000ADF80000E068009900F50670F9F722F9AE
:10F66000012101E09FE0A6E0E06800F50670F9F7EF
:10F670002CF96078012875D00228E86873D00A2137
:10F68000ECF704FE0146E06800F50670F9F763F94F
:10F690006078012868D00228E86870D05FF00A011D
:10F6A000ECF7F4FD0146E06800F50670F9F76AF939
:10F6B000E06800F5087000F095F8607801286ED0D9
:10F6C0000228E8686CD01021ECF7E0FD0146E06804
:10F6D00000F50870F9F755FAE06800F5107000F0D1
:10F6E00081F8E068FF2100F51070F9F7D7F801E024
:10F6F00063E065E0ECF74AFB0146E06800F5107056
:10F70000F9F7B2F81220F7F793FE0146E06800F52A
:10F710001070F9F7B4F8E068394600F51070F9F7A1
:10F72000EBF9E8680F21ECF7B1FD0146E06800F560
:10F730001070F9F7FCF9ECF729FB0146E06800F5D9
:10F740001070F9F7DDF9E8680521ECF79FFD014637
:10F75000E068BDE8FC4700F51070F9F7E4B9E86827
:10F760000E2125E62EE030E031E00C2120E6E868AD
:10F770000E212DE60C212BE6E8680E2166E629E035
:10F780000C2163E6E8680E2170E60C216EE6E8685D
:10F7900008217BE6062179E6E8680E218AE61BE06F
:10F7A0001DE00C2186E6E8680821ECF76FFD00EB10
:10F7B000D0704010DEE60C21DAE6E86818211DE77B
:10F7C00014211BE7E8680E215AE70C2158E7E86886
:10F7D0000E2165E70C2163E7E868182174E714211E
:10F7E00072E700000349097809B1F9F712B8F8F790
:10F7F00002BF0000380100247FB50546F0F763F82A
:10F8000004462846F0F79DF8072C05462CD1174CE6
:10F810002078401C20700920F7F70AFE0090BDF800
:10F820000000ADF808000520F7F702FE0090BDF8D3
:10F830000000ADF80A000E20F7F7FAFD0090BDF8C1
:10F840000000ADF80C0003202178B1FBF0F200FBC2
:10F85000121002A9002201EB40000088ADF8000060
:10F8600028460099F7F796FC7FBD0000BC000024F5
:10F870002DE9F35F0198F4F763FEFF4C00287DD07B
:10F88000FE490198F4F774F800284BD00198F4F77A
:10F8900057FEFB490546F4F76BF800286FD1284660
:10F8A000F4F74EFEF649F4F763F830B1E168002250
:10F8B00001988031F3F76EFDF7E30198F4F705FE48
:10F8C00088B90198F4F73CFEEE49F4F751F850B1CD
:10F8D000E168002201984831F3F75CFDE1680022FD
:10F8E0000198703144E20198F4F7EFFD01280CD142
:10F8F0000198F4F725FEE349F4F73AF828B1E168F6
:10F9000000220198F3F746FDD0E70198F4F718FEBE
:10F91000DD49F4F72DF80028C0D1E16800220198F4
:10F920001831C7E7D9490198F4F722F8002854D0D4
:10F93000E168002201982031F3F72CFDE1680022F4
:10F9400001982831F3F726FDE16800220198D031B3
:10F95000F3F720FDE168202201985831F3F71AFDF2
:10F96000E16820220198D831F3F714FDE168042200
:10F970000198A031F3F70EFD202201E0FEE39CE0A8
:10F98000E1680198C831F3F705FDE16801220198AB
:10F990003831F3F7FFFCE168802201986031F3F71A
:10F9A000F9FC0198F4F7CCFDB949F3F7E1FF38B958
:10F9B0000198F4F7C5FDB749F3F7DAFF00287CD0CA
:10F9C000E1680022019801F5E871F3F7E3FCE168D2
:10F9D0002022019801F5F07184E7AF490198F3F70F
:10F9E000C7FF28B1E1680022019801F5A87179E705
:10F9F000AA490198F3F7BCFF4FF4A028002808F1AA
:10FA0000010908F1040A70D00198F4F799FDA4499E
:10FA1000F3F7AEFF20B3E1680022019801F5FC7115
:10FA2000F3F7B8FCE168002201988831F3F7B2FCE3
:10FA3000E168424601982031F3F7ACFCE168994A4D
:10FA400001985831F3F7A6FC964AE16801986032B4
:10FA50006031F3F79FFCE1684A4601982831FDE3E5
:10FA60000198F4F76DFD8649F3F782FF30B3E16842
:10FA7000002201985031F3F78DFCE16804220198CF
:10FA8000A031F3F787FCE1680422019801F50C71BD
:10FA9000F3F780FCE168834A01985831F3F77AFC68
:10FAA000E1684D4601984A463031F3F773FCE1684E
:10FAB0002A46019801F50E7101E0F5E316E0F3F72F
:10FAC00069FCE168554601985246A031F3F762FCA3
:10FAD000744AE1680198183AA831F3F75BFCE168D1
:10FAE0002A46019801F50C71FCE662E00198F4F7F2
:10FAF00027FD6549F3F73CFFE168002801984FF0C6
:10FB0000000222D001F5C071F3F744FCE168042241
:10FB10000198A031F3F73EFCE16808220198A83172
:10FB2000F3F738FCE1684246019801F5C471F3F738
:10FB300031FCE1685B4A01985831F3F72BFC594AD4
:10FB4000E16860320198603125E01831F3F722FC5A
:10FB5000E16804220198A031F3F71CFCE168082257
:10FB60000198A831F3F716FCE1684246019820316C
:10FB7000F3F710FC4B4AE168019860326031F3F70B
:10FB800009FCE168474A01985831F3F703FCE16842
:10FB90004A4601982831F3F7FDFBE1685246019887
:10FBA000A031F3F7F7FB3F4AE168183A0198A83112
:10FBB00098E63D490198F3F7DBFE4FF4003510B3AA
:10FBC000E168002201983031F3F7E4FBE16800229C
:10FBD0000198B031F3F7DEFBE16804220198A0310F
:10FBE000F3F7D8FBE16808220198A831F3F7D2FBBC
:10FBF000E1682A4601982831F3F7CCFBE1682A46F0
:10FC00000198B031B4E029490198F3F7B1FE4FF4FF
:10FC1000403678B3E168002201983031F3F7BAFB3F
:10FC2000E16800220198B031F3F7B4FBE1680422E7
:10FC30000198A031F3F7AEFBE16808220198A831E2
:10FC4000F3F7A8FBE1682A4601982831F3F7A2FBF5
:10FC5000E1682A460198B031F3F79CFBE16832462F
:10FC60000198F031F3F796FB114DE16801982A46AF
:10FC7000C8311FE025E0000038010024B0240390C3
:10FC8000602C0390B42C03902C260390F86403900E
:10FC90009C2B0390802B0390BC650390146503900C
:10FCA000D42B039020000500DC64039010660390C1
:10FCB00020000300F3F76EFBE16832460198D03173
:10FCC000F3E0FA490198F3F753FEE8B3E168002244
:10FCD00001981831F3F75EFBE16800220198683162
:10FCE000F3F758FBE16800220198B831F3F752FBB3
:10FCF000E16804220198A031F3F74CFBE168082287
:10FD00000198A831F3F746FBE1684FF4803201987F
:10FD10000831F3F73FFBE168E54A01981031F3F74A
:10FD200039FBE1684546019842465031F3F732FB12
:10FD3000E1682A46019801F5AC71F3F72BFBE16805
:10FD40002A460198803100E013E0F3F723FBE168D5
:10FD5000D84A01985831F3F71DFBE16852460198E3
:10FD60002831F3F717FBD34AE168183A0198383184
:10FD700028E2D1490198F3F7FBFDDFF840B3D04FFB
:10FD8000F0B3E168002201988831F3F703FBE168E2
:10FD900004220198A031F3F7FDFAE1685A46019870
:10FDA0006031F3F7F7FAE1682A46019801F59C7192
:10FDB000F3F7F0FAE1683A4601982831F3F7EAFAE6
:10FDC000E1683A46019801F5A071F3F7E3FABC4EF9
:10FDD000E1681F36019858313246F3F7DBFAE168E3
:10FDE00032460198C831F3F7D5FAE16832460198F6
:10FDF000D831F3F7CFFAE1682A460198D031EBE326
:10FE0000FFE7B0490198F3F7B3FDE8B3E1680022DA
:10FE100001984831F3F7BEFAE16800220198B03149
:10FE2000F3F7B8FAE16800220198E831F3F7B2FA83
:10FE3000E168802201986031F3F7ACFAE1680422AE
:10FE40000198A031F3F7A6FAE1683A460198283103
:10FE5000F3F7A0FAE1682A460198B031F3F79AFA6D
:10FE6000E1685A4601986031F3F794FAE168324646
:10FE70000198F031F3F78EFAE1683246019850317B
:10FE8000F3F788FA324600E016E0E168019801F5E0
:10FE9000A471F3F77FFAE1688B4A01986031F3F7B8
:10FEA00079FAE1683A460198D831F3F773FAE168D4
:10FEB0002A460198D8318FE384490198F3F758FD19
:10FEC0004FF4E02BD8B3E168002201981831F3F722
:10FED00061FAE168002201987831F3F75BFAE16892
:10FEE0000022019801F59471F3F754FAE1684FF498
:10FEF000803201980831F3F74DFAE1686C4A0198B5
:10FF00001031F3F747FAE1684246019801F588712C
:10FF1000F3F740FAE1682A46019801F58C71F3F78E
:10FF200039FAE1684FF4C022019801F59071F3F7B6
:10FF300031FAE1685A46019801F588714CE3FFE710
:10FF400063490198F3F714FD4FF4802728B3E16863
:10FF5000002201981831F3F71DFAE1680022019898
:10FF6000E031F3F717FAE168002201989031F3F7D6
:10FF700011FAE168002201989831F3F70BFAE16871
:10FF800004220198A031F3F705FAE16808220198EC
:10FF9000A831F3F7FFF93A461EE24E490198F3F70C
:10FFA000E7FC40B3E168002201981831F3F7F2F959
:10FFB000E168002201987831F3F7ECF9E16800225A
:10FFC0000198D031F3F7E6F9E16820220198D831A1
:10FFD000F3F7E0F9E168202201985831F3F7DAF9F4
:10FFE000E16804220198A031F3F7D4F9E16808220E
:10FFF0000198A83159E738490198F3F7B9FCA0B343
:02000004900367
:10000000E168002201981831F3F7C4F9E168002291
:100010000198C031F3F7BEF9E168002201989031F0
:10002000F3F7B8F9E1680022019801F59871F3F748
:10003000B1F9E1684FF4803201980831F3F7AAF979
:10004000E1681B4A01981031F3F7A4F9E1683A46D8
:1000500001985031F3F79EF9E168204A0198283160
:10006000F3F798F91D4A1F326BE1FFE71C4901982D
:10007000F3F77EFCB0B3E1680022019801F58071CE
:10008000F3F788F9E1682A46019801F58071F3F7E2
:1000900081F9E1682A46019801F58471F3F77AF94C
:1000A000E16832460198F03196E248E248660390F2
:1000B0004000010020000500306503908000020030
:1000C000010002002C66039080000300802603904C
:1000D000D86503904C6503906865039001000400A7
:1000E000C0640390FFE7F9490198F3F741FC98B128
:1000F000E1680022019801F58071F3F74BF9E1689E
:100100002A46019801F58071F3F744F9E1682A461F
:10011000019801F584715FE2ED490198F3F728FC3D
:1001200088B1E168002201981831F3F733F9E168EA
:1001300000220198B031F3F72DF9E1682A460198C1
:1001400001F5B47148E2E3490198F3F711FCD0B32B
:10015000E168002201981831F3F71CF9E1680022E8
:1001600001987831F3F716F9E1688022019860313F
:10017000F3F710F9E1680422A03100E0A1E1019851
:10018000F3F708F9E16808220198A831F3F702F9BA
:10019000E1684FF4803201980831F3F7FBF8E16829
:1001A000CD4A01981031F3F7F5F8E168CB4A019890
:1001B00001F5B871F3F7EEF8E1684FF40022019809
:1001C00001F5BC7108E2FFE7C5490198F3F7D0FBE0
:1001D00020B1E168002201981831C4E1C1490198B9
:1001E000F3F7C6FB28B1E1680022019801F5C87158
:1001F000F2E1BD490198F3F7BBFB0028F3D1BB49FD
:100200000198F3F7B5FB50B3E16800220198F3F7CA
:10021000C1F86078E168012847D070310198002268
:10022000F3F7B8F8E16804220198A031F3F7B2F8C7
:10023000E16808220198A831F3F7ACF8E168454677
:10024000019842462031F3F7A5F8E168A84A0198E1
:100250006031F3F79FF8E1682A4601E016E026E0F6
:1002600001985031F3F796F8E1682A46019801F5B4
:100270000271F3F78FF89E4AE1680198603A5831AD
:10028000F3F788F8E1684A4601984831F3F782F8B5
:10029000E168524601983031F3F77CF8944AE168FE
:1002A000783A0198403197E19BE17831B6E791497E
:1002B0000198F3F75DFB60B1E16800220198183105
:1002C000F3F768F8E1680022019801F50471FFF77F
:1002D000F1BA89490198F3F74BFB58B1E168002264
:1002E00001984831F3F756F8E1680022019801F5CA
:1002F000087171E181490198F3F73AFB28B3E1688D
:10030000002201985031F3F745F8E1680022019886
:1003100001F50671F3F73EF8E168042201982831EF
:10032000F3F738F8E1680422019801F50871F3F752
:1003300031F8E1682022019801F50871F3F72AF8F5
:100340002022E1680198583146E16D490198F3F7A0
:100350000FFB58B1E168002201981831F3F71AF841
:10036000E1680022019801F5D07135E165490198F5
:10037000F3F7FEFA28B1E1680022019801F5D8717F
:10038000A5E761490198F3F7F3FA28B1E168002283
:10039000019801F5DC719AE75C490198F3F7E8FAF6
:1003A000F0B1E1680022019801F5D471F2F7F2FF93
:1003B000E1682022019801F5F071F2F7EBFFE168A6
:1003C000212201983031F2F7E5FFE168012201981E
:1003D0003031F2F7DFFF0422E16801982831FBE0B9
:1003E0004B490198F3F7C4FA20B94A490198F3F749
:1003F000BFFA28B1E1680022019801F5E471EBE051
:1004000045490198F3F7B4FA28B1E1680022019850
:1004100001F5E0715BE741490198F3F7A9FA28B1CA
:10042000E1680022019801F5EC71D5E03C490198A2
:10043000F3F79EFA28B1E1680022019801F5F47102
:10044000CAE038490198F3F793FA58B1E1680022FD
:1004500001981831F2F79EFFE1680022019801F53A
:10046000F871B9E030490198F3F782FA28B1E168F0
:100470000022019801F50071AEE02C490198F3F7D4
:1004800077FAC8B1E168002201981831F2F782FFCB
:10049000E168002201987831F2F77CFFE1680422DC
:1004A0000198A031F2F776FFE16808220198A8319F
:1004B000F2F770FF5A468FE71D490198F3F758FA93
:1004C00018B1E1680022019801E733E0442C039061
:1004D000B82B0390646603904000010002000700FF
:1004E0002C2603904826039064260390B826039098
:1004F00080000500682A0390A02A0390842A0390B4
:10050000BC2A0390482B0390642B0390F42A039099
:100510009C2B0390802B0390D82A0390102B0390E0
:100520002C2B0390D42B03900C2C0390282C03909D
:100530007C2C03902C490198F3F71AFA58B1E16822
:100540004FF4803201980831F2F724FFE168274A1E
:100550000198103140E026490198F3F709FA48B1B3
:10056000E16800220198F2F715FFE1680022019886
:10057000683131E01F490198F3F7FAF920B1E168D9
:1005800000220198C03127E01B490198F3F7F0F9E8
:10059000B8B1E1680022019801F5CC71F2F7FAFEDA
:1005A000E168002201988031F2F7F4FEE1683246FA
:1005B00001985031F2F7EEFEE16832460198803141
:1005C0000AE00E490198F3F7D3F9002809D0E16851
:1005D0000022019801F5107102B0BDE8F05FF2F75A
:1005E000D9BEBDE8FC9F0000982C0390400001009C
:1005F000602C0390B42C03909C2603904C2A03900B
:100600002DE9F84F0546EFF75EF904462846EFF767
:1006100098F90A2C05464DD1F0F738FD10B1007954
:10062000012847D02846F3F7F7FE06462846F3F799
:10063000D9FE044669462846F3F7E8FFBDF90020D5
:1006400006EBD670BDF9021002EB600090FBF6F0ED
:1006500070430F2607B204EBD47001EB600090FBEF
:10066000F4F0604300240FFA80F81AE0214628468F
:10067000F3F754FE8146F5F777F882464846F5F7DA
:100680008FF8BA4501460BD1414509D1C5F82490F0
:10069000002299F824601C212846EFF757F905E05D
:1006A000641C2846F3F74CFEA042DFD831462846AA
:1006B000F6F74BFCBDE8F88F20B190FAA0F0B0FA45
:1006C00080F0401C401E704718B1B0FA80F0C0F1B5
:1006D0002000401E70470000F0B587B01421684626
:1006E000D1F7B9FE2848016841F080010160016836
:1006F00001F080010591016841F48071016000689A
:100700000221224F4FF4807500F480700590012083
:10071000CDE902016946CDE900503846D4F7DCFD49
:100720001B4E8024694600943046D4F7D5FD002244
:1007300029463846D4F7F3FE002230468021D4F70C
:10074000EEFE1420D4F71AF9012230468021D4F7A6
:10075000E6FE0220D4F712F9012229463846D4F7E2
:10076000DEFE1420D4F70AF9002130460291CDE9CB
:1007700000416946D4F7B0FD064914200870642092
:10078000D4F7FCF807B0F0BDE0440258002002584E
:10079000001C0258300000243EB50024009401944F
:1007A000FFF79AFFDDF7ECFD0422694648F240109E
:1007B00000F05AF815A168468DF80440D1F75DFEA7
:1007C00050B114A16846D1F758FE28B113A069466C
:1007D000D9F76AF901203EBD18A06946D9F764F936
:1007E000022048F2400501228DF8080002A928469F
:1007F00000F0B4F80A20D4F7C1F80122284602A973
:100800008DF8084000F0AAF800203EBD31313531A6
:10081000000000003131353800000000556E6B6E6D
:100820006F776E20546F756368204368697021206C
:100830005049443A2025730A00000000546F756344
:10084000682043686970204964656E7469666965EB
:10085000643A2025732C20496E697469616C697A49
:10086000696E672E2E2E0A002DE9F04115460F46BF
:100870000446DDF735FE184E30784006000EDDF7F1
:1008800001FEDDF76FFE200ADDF7FCFDDDF76AFEF5
:10089000E0B2DDF7F7FDDDF765FEDDF721FE31782B
:1008A000012000EB4100C0B2DDF7ECFDDDF75AFEA0
:1008B0006E1E002409E0B44201D0012000E00020B7
:1008C000DDF7B0FD611C3855CCB2AC42F3D3BDE8C6
:1008D000F041DDF729BE0000300000242DE9FE4381
:1008E00048F24E180D460122064669464046FFF77B
:1008F000BBFF9DF8000001062ED500F00F04052C6B
:100900002AD8AC4200D92C4648F25017002516E0F0
:1009100007EBC50080B2062201A9FFF7A5FF05EB92
:100920004500BDF804206D1C06EB400126F81020A0
:10093000BDF80600EDB24880BDF808008880A542E9
:10094000E6D30020694601228DF80000404600F001
:1009500005F82046BDE8FE830020FBE770B515468C
:100960000E460446DDF7BCFD124800784006000E36
:10097000DDF788FDDDF7F6FD18B1DDF7D5FD0120C7
:1009800070BD200ADDF77EFDDDF7ECFDE0B2DDF79E
:1009900079FDDDF7E7FD002406E0305DDDF772FD4F
:1009A000DDF7E0FD641CE4B2AC42F6D3DDF7BCFD3C
:1009B000002070BD300000241CB50C4668460121A3
:1009C000FFF78CFF98B10120A073BDF80000C0F5BF
:1009D00048702080BDF80200C0F5F0706080BDF85E
:1009E000022004A0BDF80010D9F75EF81CBD00205D
:1009F000A0731CBD4C56474C20546F7563683A2059
:100A0000583D25642C20593D25640A00FEB504227A
:100A10000668002504460BE0F06802EBC503C058E9
:100A2000830104D5A36820F07F40984206D06D1C56
:100A3000708CC0F30510A842EED8FEBDA388442BED
:100A40005BD00EDC332B4BD006DC202B55D0222B79
:100A500053D0302B13D150E0342B41D0362B0ED154
:100A60004BE0622B3FD006DC472B46D0552B44D0C1
:100A7000572B04D134E0672B32D0682B30D059B3D8
:100A8000FF292BD0D4E90302121A4A4300EB22209B
:100A90000090F068012701AA194650F83500F7F7D1
:100AA00005FD50B1DDE90001884206D1BDF8000026
:100AB000BDF80410884200D10027F068A188009A90
:100AC00050F83500F7F794FF002FB6D0A288A16840
:100AD0002068F5F763FEFEBDE068D9E72069D7E737
:100AE000FF29FBDAF8E7E0680028F7D02269002A3E
:100AF000CED08029CCDB0092CBE7002901DCA08995
:100B00001EE0FF2901DB208A1AE0A089CAB2278AE9
:100B1000121D0D4980B2BFB240EA004047EA0747C4
:100B200008400F40D2083F1A574300EB57100840C7
:100B300040EA1040ADF8080080B20290BDF808000D
:100B4000ADF80000A5E700001FF8E0072DE9F0412F
:100B500004682648A6882568DAF723FA10E0A1423F
:100B60000BD008682268904207D18868A26890423A
:100B700003D18888A288904236D01C48DAF723FA3D
:100B80000100ECD1698C04200027C1F3051129E094
:100B9000EA6800EBC703D258930122D5A36822F07C
:100BA0007F429A421DD111482146DAF795FA204634
:100BB000F1F760FFE868314600EBC7042068F7F7FB
:100BC000C7FDE86850F83700F7F718FD00280BD08C
:100BD000D4E9001020F07F422846BDE8F041F5F747
:100BE000B4BE7F1CB942D3D8BDE8F0817C1C02247E
:100BF00070B50468A068A28800F47F0620683146BA
:100C0000F4F7D9FBE0600020A5882346A080314698
:100C100020682A4600F00CF8A580A1682068E6F755
:100C200087FC0068A188E268BDE87040F7F7E0BE85
:100C30002DE9FF5F00259A460E4607462548DAF75C
:100C4000C9F94FF4702804464FF004093CE05445BC
:100C50003CD020482146DAF7BAF983462068B842EA
:100C600031D1A068B04201D046452CD1A18802986C
:100C7000814203D0A0F57F41FF3924D1002511E046
:100C8000F86809EBC50141588A010AD5464503D0E9
:100C900021F07F41B14204D150F83500A188F7F727
:100CA00057FD6D1C788CC0F30510A842E8D80021D0
:100CB0002046E8F78DFB07482146DAF70DFA204673
:100CC000F1F7D8FE01255C46002CC0D104B02846BF
:100CD000BDE8F09F7C1C02242DE9F84F92468B461C
:100CE000002104466E22F4F766FB06B2204600217E
:100CF0006D22F4F760FB05B216B9B5F5807F63D0BD
:100D0000002120466F22F4F756FB0021ADF80000C9
:100D100070222046F4F74FFBADF802006427BDF9BE
:100D200000004FF4FA684FF47A79C0F34131012999
:100D300015D120F4C040404511DC04F11400E9F75E
:100D4000A9F90146BDF9000020F4C040484501DD85
:100D5000C0F57A70414391FBF7F0ADF80000BDF9A2
:100D60000200C0F34131012911D120F4C0404045B7
:100D70000DDC618BE28A891A491C09B2484501DD04
:100D8000C0F57A70414391FBF7F0ADF80200BAF17B
:100D9000000FA18ABDF8002001EB0200ADF80000B1
:100DA000E08ABDF802100844ADF8020006D04FF406
:100DB000803090FBF5F071420EB205B26B462A46C8
:100DC00031465846F6F74CFBBDE8F88FF0B5D0E950
:100DD00006464FF48077059D36B9BC4204D108021F
:100DE000186011022960F0BDB0F928E0B0F92AC0FE
:100DF000A1EB0E01A2EB0C029EB1BC421AD1D0E9CC
:100E00000464076A4C4306FB124407EBA4041C600D
:100E1000D0E90434406A4B4304FB023100EBA100EB
:100E20001DE0066A01FB04611960416A806902FBEA
:100E3000001014E0D0E90476D0F820C04E4307FB40
:100E4000126666430CEBA6241C6000F11006406A93
:100E500058CE4B4304FB0231714300EBA1202860C4
:100E6000F0BD000070B5EBF717FBEBF75DFBE9F7A2
:100E700035FB50220546C821F6F79EF8C8232846C0
:100E80005A420921F2F7E5FA2846F0F731FC0EA1A3
:100E90000446F1F7B3FA0023204609211A46F2F777
:100EA000D8FA00230B491A462846F2F7D7F9002250
:100EB00028460A21F6F7CFF92846BDE870400022FF
:100EC0001421F6F7CDB90000544F5543482054453E
:100ED00053540000F9F7029000880988401A7047BF
:100EE0002DE9F04186B00646F0F7D0F8050071D044
:100EF0003046EEF726FD044690F85400800769D589
:100F00002846F0F704F9022864D02846F0F7FFF8E5
:100F100004285FD0606A6946F3F798FA03A9284667
:100F2000F0F7CAF804A92846F0F7F6F8BDF90C1056
:100F300000294FDBBDF90E0000284BDBBDF8002077
:100F4000891AADF80810BDF80210401AADF80A0071
:100F50003046EEF7B8FC0646606AF4F7FFFBBDF9D1
:100F600008100027656A002901DA01200FE081429C
:100F700002DB47F6FF77F8E702A92846F0F76AFC9C
:100F800087B2606A02A9F0F78BFE80F0010094F846
:100F900060104FF6FF788A0723D550EAC1724FF4EC
:100FA000407001D1012E08D0C9071ED0022E12D0E8
:100FB000032E12D0082E10D019E094F860300146AC
:100FC000C4E9167843F00102204684F86020F2F765
:100FD00087FD06E040E0E76503E001462046F2F7C2
:100FE0008CF994F86000C00701D1012E34D1394644
:100FF0002046F8F70BFC94F86000C0072CD0D4E929
:101000001610814208D9EA6B824202D12A6C8A42C8
:1010100018D0E863A06D11E008D2EA6B8A4202D1D1
:101020002A6C82420ED0E963E06D07E0E96B40462E
:10103000814202D1296C814204D0E86328642046B1
:10104000F4F7C9FE032E01D0082E05D194F86000F4
:1010500020F0010084F8600006B0BDE8F081D0E91E
:10106000013201699A60D0E901235A604A688242DC
:1010700001D182684A60002202610868401E08604F
:101080000868704710B5044C8023046004F16000C8
:101090000860136010BD0000780F002410B5044CE8
:1010A0004FF40073046004F160000860136010BD29
:1010B000D8110024704770474FF0FF3300F108014A
:1010C0000022C0E901130260C16001617047002184
:1010D0000161704730B50B685A1C02D000F108025C
:1010E00002E0026904E02246546825689D42FAD96C
:1010F00053684B6099608A60516008610168491CBF
:10110000016030BD42684A6093688B6093685960A3
:10111000916008610168491C01607047502080F3AC
:101120001188BFF34F8FBFF36F8F0A494868401C87
:10113000486001280CD10848006810F0FF0F07D064
:10114000502080F31188BFF34F8FBFF36F8FFEE7FE
:1011500070470000B000002404ED00E00849486832
:1011600028B1401E486001D180F31188704750209B
:1011700080F31188BFF34F8FBFF36F8FFEE700003E
:10118000B000002470B500282AD0164DA0F1080444
:1011900061686869014207D1502080F31188BFF36C
:1011A0004F8FBFF36F8FFEE722683AB1502080F374
:1011B0001188BFF34F8FBFF36F8FFEE781436160EC
:1011C00000F032F960686968084468602046FAF700
:1011D0004DFD2869401C2861BDE8704000F0ACBF9F
:1011E00070BD0000900000244FF0E020002101615C
:1011F0004FF47A728161072303490968B1FBF2F168
:10120000491E4161036170472800002410B5D1F7E1
:10121000ABF8114910280ED300F1E0200A7890F8BD
:10122000F003904207D2502080F31188BFF34F8F14
:10123000BFF36F8FFEE709488968006800F4E0603B
:10124000884207D9502080F31188BFF34F8FBFF336
:101250006F8FFEE710BD0000B00000240CED00E031
:10126000084B5FF0000210B553F832401CB1521C1D
:10127000082AF9D310BD03EBC20443F832106060B2
:1012800010BD00005C09002470B515460E460446EA
:10129000FFF744FF94F944100020491C01D184F861
:1012A000440094F94510491C01D184F84500FFF72A
:1012B00055FFA06B28B904F124002A46314600F0FE
:1012C00051F82046BDE87040FAF77EBE020010B526
:1012D00014D00F48006B38B1502080F31188BFF351
:1012E0004F8FBFF36F8FFEE700F09EF8002110468E
:1012F000FAF7C8FA00F020FF002807D105494FF09F
:1013000080500860BFF34F8FBFF36F8F10BD000098
:101310003400002404ED00E002490A6A0260C96852
:10132000416070473400002401490120C8617047C2
:101330003400002410B50C4650B109490968183131
:10134000FFF7C8FE2046BDE810400121FAF79ABA1F
:10135000502080F31188BFF34F8FBFF36F8FFEE7EC
:101360003400002470B514460D4668B10A49096876
:101370001831FFF7C7FE0CB14FF0FF352146284664
:10138000BDE87040FAF77EBA502080F31188BFF3B1
:101390004F8FBFF36F8FFEE73400002430B587B066
:1013A000002405AA04A9039403A80494FFF76AFE85
:1013B000DDE9030100940023CDE90110184816A1CE
:1013C000059A00F0AEFC174D0028E86221D000F02D
:1013D00015FF012809D0401C1BD1502080F3118833
:1013E000BFF34F8FBFF36F8FFEE7502080F311885C
:1013F000BFF34F8FBFF36F8F01214FF0FF30A86213
:101400006961EC60DCF74CFE07B0BDE8304000F0ED
:101410002BB907B030BD000049444C450000000026
:1014200021BB0290340000240248016B491C016377
:10143000704700003400002410B5264C206B10B11A
:101440000120E06110BD0020E061E5F7A9F9A0638B
:10145000616B884204D9421A21684B6D1A444A656F
:1014600060634FF0A5312068006B02688A4208D1A2
:1014700042688A4205D182688A4202D1C0688842A5
:1014800004D0216820683431FFF715FE1249206925
:1014900001E0B8B1401E00EB800251F82220002A82
:1014A000F7D000EB800201EB820101F108034A68EA
:1014B00052684A609A4201D152684A60D1682160FC
:1014C000206110BD502080F31188BFF34F8FBFF310
:1014D0006F8FFEE7340000249C09002470B5EEF7FE
:1014E00030FA0546F3F72CF8E9F70CFD0121044624
:1014F0002846F2F713FF054694F9020005492288B1
:1015000001EB800004A150F8043C2846BDE870407F
:10151000F0F7ABBF740100242564202573000000A0
:101520002DE9F041EEF70DFA0646F3F709F8E9F771
:10153000E9FC002104463046F2F7F0FE0546EDF7DF
:1015400083FF01786423427830398778C07801EBD3
:10155000410C12FB03F2CCEBC11107EB870300EB4C
:10156000C10002EB430101442088A1F5A051D0390C
:10157000081A81B22846EEF773F901213046F2F7D6
:10158000CDFE024694F90200BDE8F041401E81B252
:101590001046EEF765B9F8B50446B0F92E0010F51F
:1015A000004F58D0A18D658D0BB2A94202D201F532
:1015B000B4710BB294F83410C1F34101D1B30129D5
:1015C0000DD0022947D10095B4F93220B4F930107A
:1015D000F1F7A6F905B2A28DA9B2204637E0E918C5
:1015E000B4F93070B4F9322001EBD17141F34F06F8
:1015F000B91801EBD17141F34F0188420CDA2B4647
:101600000A4639460096F1F78BF905B22046A9B291
:10161000E8F75AFCB1B209E000933346F1F780F9DC
:1016200005B22046B1B2E8F74FFCA9B22046E8F770
:101630000FFC0EE0FFE700932B46B4F93220B4F91B
:101640003010F1F76DF905B2618DAAB22046E8F7C6
:101650007BFBA4F84050F8BD1AB111B1C36A5B68B6
:10166000184700207047000037481CB5374902680A
:101670008A4207D1502080F31188BFF34F8FBFF308
:101680006F8FFEE731490068491E884207D150201C
:1016900080F31188BFF34F8FBFF36F8FFEE72C49A4
:1016A000FF200A780192087008788DF800009DF8F4
:1016B00000209DF8000002F0F002824207D0502086
:1016C00080F31188BFF34F8FBFF36F8FFEE79DF854
:1016D000002007201F4C02F050022270A06005E09D
:1016E0009DF8002052008DF80020401E9DF800203B
:1016F0001206F5D40328A06007D0502080F311888B
:10170000BFF34F8FBFF36F8FFEE74FF44070A060C1
:10171000019808700C482030016841F470010160A4
:10172000016841F070410160FFF75EFD00206060DC
:10173000D0F7E2FD0848016841F040410160D0F770
:10174000C7FD00201CBD000000ED00E071C20F418C
:1017500000E400E0B000002434EF00E0502010B5B9
:1017600080F31188BFF34F8FBFF36F8F00F00AFC37
:1017700018B104494FF080500860002080F31188B0
:1017800010BD000004ED00E000210246012010B56C
:1017900000F012F80446FAF7F3F9204610BD38B508
:1017A00000220B4611460090012000F026F8044666
:1017B000FAF7E6F9204638BDF8B5050017460E469B
:1017C00013D005FB06F05030FAF734FC04000AD0C1
:1017D000002084F8460004F150023B46314628467A
:1017E0000094FAF7D9F92046F8BD502080F311880B
:1017F000BFF34F8FBFF36F8FFEE7F8B5069D18B1AB
:1018000053B1CAB181B120E0502080F31188BFF3F9
:101810004F8FBFF36F8FFEE7502080F31188BFF327
:101820004F8FBFF36F8FFEE7502080F31188BFF317
:101830004F8FBFF36F8FFEE739B1502080F31188CF
:10184000BFF34F8FBFF36F8FFEE750241C46012676
:1018500083F8466000932B46FAF79EF92046F8BDC0
:101860002DE9F04704008A4629D0FFF757FC21688C
:101870000025D4E90F23D4F840C004F11008104625
:101880000E46401E4FF0FF3902FB031200FB0C1006
:10189000BAF1000FA563666084F8449084F845901F
:1018A000C4E9022013D04046FFF706FC04F12400EF
:1018B000FFF702FCFFF752FC0120BDE8F087502043
:1018C00080F31188BFF34F8FBFF36F8FFEE720695E
:1018D0000028EFD0404600F0F7FB0028EAD004498A
:1018E0004FF080500860BFF34F8FBFF36F8FE1E779
:1018F00004ED00E02DE9FF4704001D4682B08A4652
:101900004FF0000803D0BAF1000F08D011E05020CA
:1019100080F31188BFF34F8FBFF36F8FFEE7206C0A
:1019200038B1502080F31188BFF34F8FBFF36F8F12
:10193000FEE7022D0AD1E06B012807D0502080F38A
:101940001188BFF34F8FBFF36F8FFEE700F006FBE8
:101950003F4F4FF080564FF0000948B9049838B116
:10196000502080F31188BFF34F8FBFF36F8FFEE7D6
:10197000FFF7D4FBA06BE16B884207D3022D05D0A3
:101980000498D0B1B8F1000F1AD01EE02A46514693
:101990002046FAF74CF8616A19B104F1240000F00E
:1019A00093FB20B13E60BFF34F8FBFF36F8FFFF704
:1019B000D5FB012006B0BDE8F087FFF7CFFB22E0A2
:1019C0006846FFF7A9FC4FF00108FFF7C7FBFFF7D8
:1019D0002BFDFFF7A3FB94F94400401C01D184F8D0
:1019E000449094F94500401C01D184F84590FFF7DC
:1019F000B5FB04A9684600F02BF930B12046FAF790
:101A0000E3FA00F099FB0020D4E7FFF787FBA06B17
:101A1000E16B884213D1FFF7A1FB049904F1100098
:101A2000FFF788FC2046FAF7CFFA00F085FB002884
:101A30009ED13E60BFF34F8FBFF36F8F98E7FFF7E4
:101A40008DFB2046FAF7C0FA00F076FB90E7000025
:101A500004ED00E02DE9F04704001F46904689465A
:101A600003D0B9F1000F08D011E0502080F31188A5
:101A7000BFF34F8FBFF36F8FFEE7206C38B150205C
:101A800080F31188BFF34F8FBFF36F8FFEE7022FF4
:101A90000AD1E06B012807D0502080F31188BFF3F2
:101AA0004F8FBFF36F8FFEE7FFF7B0FB5020EFF3D0
:101AB000118680F31188BFF34F8FBFF36F8FA06B38
:101AC000E16B884206D3022F04D0002086F31188F0
:101AD000BDE8F08794F94550A06B3A464946204648
:101AE000F9F7A5FF681C04D06D1C84F8455001204F
:101AF000ECE7606A0028FAD004F1240000F0E4FA70
:101B00000028F4D0B8F1000FF1D00121C8F800107E
:101B1000EDE700002DE9F74704008A4683B04FF057
:101B2000000603D0BAF1000F08D011E0502080F376
:101B30001188BFF34F8FBFF36F8FFEE7206C38B172
:101B4000502080F31188BFF34F8FBFF36F8FFEE7F4
:101B500000F004FADFF8F4804FF080574FF00009EE
:101B600048B9059838B1502080F31188BFF34F8FE2
:101B7000BFF36F8FFEE7FFF7D1FAA56BC5B15146F2
:101B80002046F9F741FF6D1EA563206950B104F1AD
:101B9000100000F099FA28B1C8F80070BFF34F8F19
:101BA000BFF36F8FFFF7DAFA012006B0BDE8F087C8
:101BB000059808B11EB106E0FFF7D0FA27E06846A5
:101BC000FFF7AAFB0126FFF7C9FAFFF72DFCFFF785
:101BD000A5FA94F94400401C01D184F8449094F98A
:101BE0004500401C01D184F84590FFF7B7FA05A9DC
:101BF000684600F02DF8002820460AD0FAF7E4F9EC
:101C000000F09AFA2046FAF775F80028B3D00020C1
:101C1000CBE7FAF76FF890B1059904F12400FFF7CC
:101C200089FB2046FAF7D0F900F086FA0028A2D105
:101C3000C8F80070BFF34F8FBFF36F8F9BE720464C
:101C4000FAF7C2F900F078FA95E7000004ED00E039
:101C50002DE9F04105000C4612D0CCB1FFF75EFA39
:101C6000184E2068F268471C6B68A2EB030117D07E
:101C70002F68366AB74215D0934213D801251CE06D
:101C8000502080F31188BFF34F8FBFF36F8FFEE7B3
:101C9000502080F31188BFF34F8FBFF36F8FFEE7A3
:101CA00000250AE0884205D9401A20602846FFF73F
:101CB00033FBF5E7002020600125FFF74FFA2846A7
:101CC000BDE8F081340000242DE9FF5F99461646F7
:101CD0008A4683469000DDE90E87FAF7ABF90500E6
:101CE0001CD06020FAF7A6F9040014D00020256368
:101CF00084F85D004B46CDE90087CDE902403246CD
:101D000051465846F9F759FF2046F9F7E9FD0120F9
:101D100004B0BDE8F09F2846FFF734FA4FF0FF30DB
:101D2000F6E7F0B585B0DDE90B740A9DA7B1DCB12B
:101D300060262763022684F85D60002703970DF173
:101D4000100C0095CDE901C4F9F737FF2046F9F7EB
:101D5000C7FD049805B0F0BD502080F31188BFF393
:101D60004F8FBFF36F8FFEE7502080F31188BFF3D2
:101D70004F8FBFF36F8FFEE72DE9F0411F4690466E
:101D80000D464FF0010690B10446FFF7C7F90FB1B9
:101D9000A06D3860022294F85C0084F85C20B8F1F1
:101DA000050F19D2DFE808F0230B0E1412005020A3
:101DB00080F31188BFF34F8FBFF36F8FFEE7A16DE4
:101DC000294301E0A16D491CA16510E0022801D062
:101DD000A5650CE0002634E0A16D491C07D0502019
:101DE00080F31188BFF34F8FBFF36F8FFEE7012899
:101DF00027D1201DFFF733F9144DE06A2969884285
:101E000000D9286100EB8000114901EB8000211D01
:101E1000FFF778F9A06A38B1502080F31188BFF33A
:101E20004F8FBFF36F8FFEE72868E16AC06A814277
:101E300007D908494FF080500860BFF34F8FBFF3B8
:101E40006F8FFFF78BF93046BDE8F0813400002436
:101E50009C09002404ED00E02DE9F04704001F4632
:101E600092460D46DDF820904FF001081AD0FFF79A
:101E7000CDF95020EFF3118680F31188BFF34F8F17
:101E8000BFF36F8F0FB1A06D3860022294F85C0031
:101E900084F85C20BAF1050F1AD2DFE80AF0240BAF
:101EA0000E141200502080F31188BFF34F8FBFF340
:101EB0006F8FFEE7A16D294301E0A16D491CA1656B
:101EC00011E0022801D0A5650DE04FF000083AE0CE
:101ED000A16D491C07D0502080F31188BFF34F8FAC
:101EE000BFF36F8FFEE701282DD1A06A38B15020D3
:101EF00080F31188BFF34F8FBFF36F8FFEE7144D50
:101F0000286B18B1134804F118010DE0201DFFF7EC
:101F1000A6F8E06A2969884200D9286100EB8000B0
:101F20000D4901EB8000211DFFF7ECF8E06A2968FC
:101F3000C96A884207D9B9F1000F4FF0010001D0FA
:101F4000C9F80000E86186F311884046BDE8F087D3
:101F500034000024240E00249C0900240548416913
:101F600019B1006B18B100207047012070470220A2
:101F700070470000340000240148C068704700002A
:101F8000340000242DE9F0412E4C206B002728B1AD
:101F9000A069401CA0613846BDE8F081E668761C67
:101FA000E66013D1E06B006838B1502080F31188EF
:101FB000BFF34F8FBFF36F8FFEE7E06B216CE163E0
:101FC0002064206A401C2062F9F77EFFDFF87880E9
:101FD000A06A864209D3E06B0068A0B1E06BC068DC
:101FE000C5686868864211D2A0622068C06A00EBAA
:101FF000800158F82100012800D90127E069002854
:10200000C9D00127C7E74FF0FF30EDE7281DFFF7E4
:1020100026F8A86A18B105F11800FFF720F8E86A59
:102020002169884200D9206100EB800108EB810022
:10203000291DFFF767F82068E96AC06A8142CAD3A0
:102040000127C8E7340000249C09002470B5044629
:102050004FF0000190B31A4D2868844207D05020F9
:1020600080F31188BFF34F8FBFF36F8FFEE7206DB2
:1020700038B1E36C401EE26A20659A421ED040B13E
:102080001CE0502080F31188BFF34F8FBFF36F8F98
:10209000FEE7201DFEF7E3FFE06CC0F13801A1610F
:1020A000E0622969884200D9286100EB8000054977
:1020B00001EB8000211DFFF725F80121084670BDC6
:1020C000340000249C09002470B5C068C46854B171
:1020D00004F118000646FEF7C2FF144D286B50B1FC
:1020E0001348314615E0502080F31188BFF34F8F1D
:1020F000BFF36F8FFEE7201DFEF7B1FFE06A29698D
:10210000884200D9286100EB80000A4901EB800079
:10211000211DFEF7F7FFE06A2968C96A884203D9E2
:102120000121E961084670BD002070BD3400002423
:10213000240E00249C0900242DE9F0472C4D286B27
:102140000024274638B1FEF7E9FF286B401E2863BC
:10215000286B40B147E0502080F31188BFF34F8FC8
:10216000BFF36F8FFEE7234E0120A968D9B3A6F510
:10217000916980463068E0B1F068C46804F11800E5
:10218000FEF76DFF201DFEF76AFFE06A29698842AD
:1021900000D9286100EB800109EB8100211DFEF7C9
:1021A000B1FFE06A2968C96A8842E3D3C5F81C8098
:1021B000E0E70CB1F9F788FEAC694CB14FEA0806CC
:1021C000FFF7E0FE00B1EE61641EF9D10020A861C6
:1021D000E86940B1084901274FF080500860BFF31B
:1021E0004F8FBFF36F8FFEF7B9FF3846BDE8F0871A
:1021F00034000024240E002404ED00E010B586B065
:10220000F9F7D6FB114C2068B8B10020039005AA5D
:10221000049004A903A8FEF741FFDDE90321022091
:1022200000238DE807000C4809A1059AFFF779FD06
:10223000606010B106B0012010BD502080F31188FD
:10224000BFF34F8FBFF36F8FFEE7000078000024CD
:10225000546D722053766300A5BF02902DE9FF41B3
:102260001E46134602004FF000000A9D16D0144C83
:102270002768002F0FD006290292CDE9001317DA44
:10228000FFF76CFE02284FF000030FD000222068F9
:102290006946FFF72FFB04B0BDE8F081502080F3C2
:1022A0001188BFF34F8FBFF36F8FFEE72A46EEE72B
:1022B0000023324669463846FFF7CCFBEBE70000C7
:1022C000780000242DE9F0410446EDF73AFB07467B
:1022D0002046EDF738FB06463846EDF7BDF80446D4
:1022E0003046E8F70FFE05683846EDF7ADF801789F
:1022F0006427437830398278C07813FB07F301EB09
:102300004107C7EBC11102EB820200EBC10003EBF6
:1023100042010144A1F5A051D039081B81B23046D9
:1023200045F30742BDE8F041E8F7EEBD08670390CA
:10233000000000000000000000000000000000009D
:102340000010000018000000000000000000000065
:102350001067039003000000000000000000000070
:1023600000061016000610160001020304050607F9
:10237000080C10141820304000000000000000007D
:10238000000000000000000000000000010000004C
:102390000200000003000000040000000000000034
:1023A0000500000000000000000000000000000028
:1023B0000600000000000000000000000000000017
:1023C00007000000010002000400060008000A00E7
:1023D0000C001000200040008000000101010103FA
:1023E00007010000080402040801010100000000C8
:1023F0000102030401020304060708099CFF39FFD8
:10240000200038FFD5FE1000D4FE71FE0800010048
:10241000FF7F080070FE0DFE04000CFEA9FD800089
:10242000A8FD45FD400044FDE1FC0200E0FC7DFC10
:102430000100000001000201030102020302040284
:1024400002030303040300010B0B0B0B0000020348
:102450000B0B0B0020000405060B0B008000070887
:10246000090B0B00080000001C670390000000002F
:10247000206703900100000000000000FFFFFFFF45
:102480001A00000000000000000000002467039014
:10249000000000000000000000000000000000003C
:1024A0000004000018000000000000000000000010
:1024B000000000008D3B0290713C02900000000083
:1024C000B53F0290820082004A020000000001E055
:1024D00001E0000000FF0055AAFF0011223344551F
:1024E00066778899AABBCCDDEEFF000102030405E4
:1024F000060708090A0B0C0D0E0F10111213141504
:10250000161718191A1B1C1D1E1F202122232425F3
:10251000262728292A2B2C2D2E2F303132333435E3
:10252000363738393A3B3C3D3E3F404142434445D3
:10253000464748494A4B4C4D4E4F505152535455C3
:10254000565758595A5B5C5D5E5F606162636465B3
:10255000666768696A6B6C6D6E6F707172737475A3
:10256000767778797A7B7C7D7E7F80818283848593
:10257000868788898A8B8C8D8E8F90919293949583
:10258000969798999A9B9C9D9E9FA0A1A2A3A4A573
:10259000A6A7A8A9AAABACADAEAFB0B1B2B3B4B563
:1025A000B6B7B8B9BABBBCBDBEBFC0C1C2C3C4C553
:1025B000C6C7C8C9CACBCCCDCECFD0D1D2D3D4D543
:1025C000D6D7D8D9DADBDCDDDEDFE0E1E2E3E4E533
:1025D000E6E7E8E9EAEBECEDEEEFF0F1F2F3F4F523
:1025E000F6F7F8F9FAFBFCFDFEFF8080808181821E
:1025F000828384858687898A8C8D8F91939597991C
:102600009B9EA0A2A5A7AAADAFB2B500FF1FFF1F5A
:1026100001E001E02100200069006A006C006B000D
:102620006D006E006300620000000000B0240390A3
:10263000FDAD01900000000000000000000000005F
:10264000C300C300041C0000B024039069B10290D1
:1026500000000000000000000000000064202B00CB
:1026600000000000B024039045B20290000000007A
:1026700000000000000000006420D12700000000DE
:10268000B02403904FB00190C9B001900000000049
:102690002DB1019064200401C0080000B024039013
:1026A000B5BD0190000000000000000001BE0190D7
:1026B000040104010104000014650390B5130290A5
:1026C0000000000000000000000000006420322034
:1026D00001040000486A03909C6A0390B46A039066
:1026E000746A0390A06A0390A86A0390BC6A03907E
:1026F000AC6A0390806A0390946A0390986A03908E
:10270000D06A0390406A03905C6A0390646A039005
:10271000A46A0390706A0390786A03907C6A0390BD
:1027200054670390846A0390886A03905C670390FF
:10273000D86A0390406A0390606A0390506A0390DD
:10274000C06A0390B86A03906C6A0390B06A039001
:10275000686A0390906A03908C6A0390546A0390AD
:102760004C6A0390586A0390406A0390D46A0390BD
:10277000C86A0390446A0390CC6A0390C46A0390C9
:10278000DC6A039025030404040404040404040420
:1027900004040404040404040404070126030304D9
:1027A00003040304030403040304030403040304F1
:1027B00007010105010501040104010401040104EC
:1027C00001040104010501050105220302010600BF
:1027D00002012203486A0390206B0390386B039038
:1027E000F06A0390246B03902C6B0390406B039072
:1027F000306B0390006B0390186B03901C6B03907D
:10280000D06A0390406A0390486B0390E06A03909B
:10281000286B0390EC6A0390F46A0390F86A0390C3
:10282000FC6A0390046B0390086B03900C6B03909D
:10283000D86A0390406A0390606A0390506A0390DC
:10284000446B03903C6B0390E86A0390346B0390F5
:10285000E46A0390146B0390106B0390546A039026
:102860004C6A0390586A0390406A0390D46A0390BC
:10287000C86A0390446A0390CC6A0390C46A0390C8
:10288000DC6A03902503040404040404040404041F
:1028900004040404040404040404070126030304D8
:1028A00003040304030403040304030403040304F0
:1028B00007010105010501040104010401040104EB
:1028C00001040104010501050105220302010600BE
:1028D00002012203806B0390846B0390886B03904A
:1028E0008C6B0390906B0390946B0390986B0390A8
:1028F0009C6B0390A06B03907C6B0390D06A039059
:10290000406A0390486B0390746B0390606B039074
:10291000786B0390706B0390AC6B03905C6B0390CF
:102920004C6B0390B46B0390546B0390A86B0390B3
:10293000B06B0390406A0390C06B0390B86B039038
:10294000586B0390686B03906C6B0390C86B03909B
:10295000CC6B0390BC6B0390C46B0390A46B03908F
:10296000506B0390646B0390406A0390D46A0390A9
:10297000C86A0390446A0390CC6A0390C46A0390C7
:10298000DC6A039001040104010401040104010450
:1029900001040104010401040201220301040104F1
:1029A00001040104010401040104010401040104FF
:1029B00001040104010401040104010401040104EF
:1029C00001040104010401040104220302010600C0
:1029D00002012203806B0390846B0390886B039049
:1029E000D46A0390406A03908C6B0390906B0390C1
:1029F000946B0390C46A0390406A0390986B0390B1
:102A00009C6B0390A06B0390D06A0390406A039084
:102A1000D06B03907C6B0390546A0390C86A039058
:102A2000CC6A0390DC6A03900100010001002203DC
:102A30000100010001002203010001000100020069
:102A4000010001000100010001000000B02403901A
:102A50003525029000000000000000005125029082
:102A60001A001A0080020000B02403900000000049
:102A7000000000000000000000000000C30004018E
:102A800000000000F8640390000000000000000057
:102A90000000000000000000000000000000000036
:102AA000A06503900000000000000000000000008E
:102AB000000000000000000000000000B0240390AF
:102AC000DD2D0290412F0290000000000000000068
:102AD000C300040140060000B0240390492F029077
:102AE0007D2F029000000000000000006420D1272C
:102AF00080020000B02403901D2F0290000000000F
:102B000000000000000000006420D1270000000049
:102B1000B024039005300290000000000000000087
:102B2000000000006420D12700000000B0240390C2
:102B30000000000000000000000000000000000095
:102B4000D127D12700000000B0240390000000002E
:102B50000000000000000000000000000000000075
:102B600000000000B02403900000000000000000FE
:102B70000000000000000000000000000000000055
:102B8000B0240390000000000000000000000000DE
:102B9000000000000000000000000000B0240390CE
:102BA0000000000000000000000000000000000025
:102BB0000000000000000000B02403905331029098
:102BC0006F31029000000000893102900000000087
:102BD000C0030000B02403900000000000000000CB
:102BE00000000000000000000401D1278003000065
:102BF000B02403900000000000000000000000006E
:102C0000000000006420D12740020000B02403909F
:102C100000000000000000000000000000000000B4
:102C2000642064204002000064660390B980029032
:102C300000000000000000003981029082000000C6
:102C400081070000C06403903184029000000000FE
:102C50000000000000000000000000000000000074
:102C6000B0240390D58F02901591029000000000CF
:102C7000719102906420642000030000B02403904E
:102C80005D9B0290000000000000000000000000BA
:102C90000000000080020000B0240390999B029085
:102CA0000000000000000000000000000000000024
:102CB00080020000B0240390F5A402900000000000
:102CC00000000000000000006420642040020000BA
:102CD0000EA0D90D90C80C80B70A60110B80D91FC7
:102CE0000991F0881F0880F088000000000D203C4A
:102CF00000000F0069002FFFFFFFF7015C11A61015
:102D0000006900C300008800D2009FFFFFFFF0129F
:102D1000C523E22000D203C00000F004B000000090
:102D2000700000000E00000000E0000019EFEA3023
:102D30000CD6E6A702F40E00001F80E000006FEF43
:102D400050000016FFE500000E0AF00100E05F13DE
:102D5000F85E6EB005CFFE9100000E00000000701E
:102D6000000008DD3000A7004B02D004C00077004F
:102D7000D01D20004B03D0A7000007DC34C4CC30AA
:102D800000001D2D22D00000A63B00B30005C03A74
:102D900000A3001D200D00D000A60004CC40004D73
:102DA000FC300000F718C00001F205D00000BB6E37
:102DB0004000005FF3000007E6DB03802F301DBA00
:102DC000A05F0001DF401FB448FEC003BFFC40B25B
:102DD00000000000001F01F01F00F0000003F10BD5
:102DE000900F404F007D009B00AA00AA009B007D31
:102DF000004F000F400B9003F15E000E6008C0040E
:102E0000F001F300F500E600E600F501F304F00838
:102E1000C00E605E0000930088A6C209FE404DDD32
:102E2000B1429350005200000450000008A000007E
:102E300008A0001FFFFFF30339B3300008A0000013
:102E400008A0000103F61E60E12C00000003FFF95A
:102E50000333100003F52E4000000E400004E00094
:102E6000009A00000E400004F000009A00000E409E
:102E70000003F000009A00000E500003F000009ADA
:102E800000000E500003F00000004CFE70004FB632
:102E90008F900DB0005F32F40000E74F20000CA4CB
:102EA000F20000CA2F40000E70DB0005F204FB6840
:102EB000F90004CFE700EFFB44CB00AB00AB00AB65
:102EC00000AB00AB00AB00AB00AB07DFEA108E85B8
:102ED0007EC0010006F1000006F000000D90000029
:102EE000CC00001CC00001DB00001DE544427FFF58
:102EF000FFF97FFFFFF024445F900000BC00000951
:102F0000E100003FD81000046DD0000002F4100072
:102F100002F4BD757DD019DFEA1000000DA000009D
:102F200000AC00000007E10000004F40100002F676
:102F300000F5001DA000F5007FFFFFFFF313333302
:102F4000F730000000F500000000F50009FFFFF079
:102F50000AB444400C8000000E7000000FFFFC40DB
:102F600003345CF2000000F7100000F78E856CF16E
:102F700008DFFB30002AEFD5003FD657400CC000D9
:102F80000002F40000004F5BFFA104FE845DD03F0F
:102F900080003F30E80003F206F845DC0005DFE979
:102FA000109FFFFFFD9D4444E99C0004F200000BCC
:102FB000B000002F400000AD000001F6000008E066
:102FC00000000E8000006F1000019EFE9100BE63A5
:102FD0006EC00F60006F00CC202BC002EFFFE2003C
:102FE000DC424CD05F20001F55F20002F50ED535B3
:102FF000DE001AEFEA1003BFEA202FA44BE18E0097
:1030000000E99D0000DD4F7129FF07FFFC9E0002D3
:1030100010AC000002F607658FB00AEFD7002E5300
:10302000F50000000000003F52E42E53F5000000C0
:103030000000002E52F60D21D001000000003100EA
:10304000006CF2018ED6000FC300000AFB400000A6
:1030500017EE70000005C3000000001FFFFFF30320
:1030600033333000000000000000001FFFFFF303B7
:10307000333330040000000ED71000005CF920004C
:10308000002AF20003AFB106DE82001C60000000DF
:1030900000000007DFEA109E746EC0010006F00019
:1030A0000009C000008E200006F200000870000039
:1030B000000000000B8000000C900000006CEFDAB4
:1030C0004000003DA41016D90001E509EE98CA9011
:1030D0000A80BD43AFC0D30F13F2000CC0693C0699
:1030E000D00007C03B4B06D00007C02C3C03F200C9
:1030F0000CC04A0F10BD439EE3C50A8009EE91CF74
:103100009001E50000000000003DA4102800000030
:10311000007CEFD9100000000CF1000000003FD748
:1031200000000000B96E00000002F20E500000091D
:10313000A007D000001F3000F400007FFFFFFB005D
:1031400000E733334F2005F000000C900C90000096
:1031500006F18FFFFEC408E3334BF28E00001F58C8
:10316000E00018F18FFFFFF808E33337F68E000018
:1031700009C8E000009D8E33347F78FFFFFD7000AA
:1031800007CFFB4000CF966AF50AE20000301F60CF
:103190000000004F200000004F200000001F6000D2
:1031A00000000AE200003001CF966AF50007DFFB5D
:1031B000408FFFFEA4008E4446CF708E000007F3C0
:1031C0008E000000DA8E0000009D8E0000009D8EB3
:1031D000000000DA8E000007F38E4446BF708FFFB8
:1031E000FEA4008FFFFFF68E4444418E0000008E47
:1031F0000000008FFFFFC08E3333208E0000008E52
:103200000000008E4444428FFFFFF98FFFFFF68ECF
:103210004444418E0000008E0000008E0000008FAC
:10322000FFFFC08E3333208E0000008E0000008E22
:103230000000000007CFFC5000CF966AF60AE200BB
:1032400000201F600000004F200000004F20000001
:10325000B91F600000B90AE30000B900CF966AF810
:103260000007DFFC608E000008E8E000008E8E00A2
:103270000008E8E000008E8FFFFFFFE8E333339E95
:103280008E000008E8E000008E8E000008E8E000F4
:10329000008E8E8E8E8E8E8E8E8E8E8E02FFFFC054
:1032A0000444BC000009C000009C000009C00000EC
:1032B0009C000009C02000BA0EB58F603CFE808ED5
:1032C00000004F508E0004F6008E003F70008E0309
:1032D000F800008E2EC000008EECF600008FB07F4C
:1032E00030008E000AE1008E0000CC008E00001E2F
:1032F000A08E0000008E0000008E0000008E0000F6
:10330000008E0000008E0000008E0000008E000085
:10331000008E4444408FFFFFF28E00000008E8F763
:10332000000002FE8FF10000BFE8DCA0004F9E8D80
:103330002F300D87E8D09C06E07E8D01E7E507E899
:10334000D006FC007E8D000A2007E8D00000007E39
:103350008E100008E8FC00008E8FF90008E8E6F601
:10336000008E8E09F308E8E00CE18E8E001EB8E8AE
:10337000E0003FEE8E00006FE8E00000AE0007CFF7
:10338000EB500000CF966BF9000AE200005F601F6F
:103390006000000AD04F20000006F04F2000000619
:1033A000F01F6000000AD00AE200005F6000CF96C4
:1033B0006BFA000007DFEB50008FFFFD7008E4455B
:1033C0008FB08E00005F38E00001F58E00003F48AE
:1033D000E0014DD08FFFFFB208E33310008E0000F4
:1033E0000008E00000000007CFEB500000CF966B14
:1033F000F9000AE200005F601F6000000AD04F2061
:10340000000006F04F20000005F01F6000000AD009
:103410000AE200005F6001DF855AFA000008DFFC65
:103420005000000001EC21940000001BFFC10000CF
:10343000000012008FFFFD7008E4458FB08E000081
:103440005F38E00001F58E00003F38E0014DD08F7D
:10345000FFFFC208E333DA008E0002F608E0000541
:10346000F3019EFDA200CE646B702F40000001F8B6
:1034700000000006FD950000016AEE500000009F6C
:1034800000200005F13FA547EB004BEFE910FFFFDF
:10349000FFFF2444BD44400009C00000009C000020
:1034A0000009C00000009C00000009C00000009C52
:1034B00000000009C00000009C00009C00000BA957
:1034C000C00000BA9C00000BA9C00000BA9C00001C
:1034D0000BA9C00000BA8E00000D94F40003F50C97
:1034E000F868FD0009EFE9100CB000000AC05F2089
:1034F0000001F500E900008E0008F0000E70001FCA
:103500006005F10000AD00C9000003F43F30000089
:103510000CBAC00000005FF500000000EE00006F74
:1035200010000DB00002F21F60003FF10008D00B48
:10353000B0008BE6000D7006F000E69B002F200126
:10354000F503F14F108D0000CA09B00E60D80000DD
:103550006F0E6009B2F300001F9F1004F9D0000045
:103560000CFB0000EF80000007F600009F30003FDA
:1035700050000DA008F2009D0000CC04F300002FC5
:103580009E70000006FC00000009FE1000004F4D78
:10359000B00001E802F7000BD0007F207F20000B75
:1035A000D00CB000009C002F50002F30009E000C6B
:1035B000900000E805F1000005F3E60000000CFDB6
:1035C000000000003F4000000002F3000000002F58
:1035D0003000000002F300004FFFFFFF9144444A17
:1035E000F3000003F6000001EA000000CC00000038
:1035F0009E1000006F4000003F7000001ED4444445
:1036000036FFFFFFFC8FF68D318D008D008D008D14
:10361000008D008D008D008D008D008D008D318F0F
:10362000F65D000000F200000B8000006D0000015C
:10363000F200000B8000006D000001F200000B7032
:1036400000006D000001F200000B7000006D000032
:1036500001F2BFF325F302F302F302F302F302F3E4
:1036600002F302F302F302F302F325F3BFF300AD1A
:1036700000001EC4000885A000E20E105B00970B3E
:103680005002E0EEEEEEE00BC00009B004CFEA100D
:103690000B745DB0000004F004CEEEF21F8214F251
:1036A0004F1004F21F703DF204DFD7F2BA000000A1
:1036B000BA000000BA000000BA8EFC30BFD54BF350
:1036C000BE1000CABA00007EBA00007EBE1000CA5A
:1036D000BFD55BF3B98EFC30007DFD6009F748F47F
:1036E0002F5000205F0000005F0000002F500020DE
:1036F00009F748F4007DFD600000001F4000000154
:10370000F40000001F4008EFC4F40AF748FF42F538
:103710000007F45F00002F45F00001F42F50006F08
:1037200040AE637EF4008EFC4F40008EFC400AD514
:1037300038F42F20008C5FEEEEFF5F2111112F7007
:10374000001009F846E4007DFE80009EE305F44188
:1037500008C000CFFFF029D32008D00008D000080F
:10376000D00008D00008D00008D000007EFC4E60D9
:10377000AF747FF62F50005F65F00000F65F000029
:103780000F62F60006F609F747FF5007EFC4F50091
:1037900000003F20CB646EB003AEFD8000BA000095
:1037A00000BA000000BA000000BA8EFB20BFC56D51
:1037B000D0BE0003F2BA0000F4BA0000F5BA00006F
:1037C000F5BA0000F5BA0000F5BAA800BABABABA5C
:1037D000BABABABA000AB0009900000000AB000AF9
:1037E000B000AB000AB000AB000AB000AB000AB0FA
:1037F00000AA064E71DFA0BA000000BA000000BAAD
:10380000000000BA001CC0BA01CC00BA1CD100BB39
:10381000CF6000BFDBE100BD11DC00BA003F70BA31
:103820000007F3BABABABABABABABABABABAB99E49
:10383000FA15DFD40BFB45EDE64AF2BE0006F600B2
:103840000E7BA0004F2000C9BA0003F1000C9BA022
:10385000003F1000C9BA0003F1000C9BA0003F100C
:1038600000C9B99EFB20BFB45DD0BE0003F2BA0010
:1038700000F4BA0000F5BA0000F5BA0000F5BA008D
:1038800000F5007DFD60009F748F702F50007F0554
:10389000F00001F35F00002F32F50007F009F74850
:1038A000F70007DFD600B98EFC30BFC43AF3BE1074
:1038B00000CABA00007EBA00007EBE1000CABFD5A2
:1038C0005BF3BA7EFC30BA000000BA000000BA0018
:1038D0000000008EFC3F40AF748EF42F50007F45F7
:1038E000F00001F45F00002F42F50007F40AF748EA
:1038F000FF4008EFC4F40000001F40000001F40086
:1039000000001F40B98E4BFD71BE100BB000BA0015
:103910000BA000BA000BA00005DFEA13F735A06F7B
:10392000000001EE9610016AEF300000D96C646F60
:1039300062AEFD7008D00008D000CFFFF029D32080
:1039400008D00008D00008D00008D00005F55100CC
:103950009FE3C80002F3C80002F3C80002F3C800E6
:1039600002F3C90003F3AB0007F35F837EF306DFC6
:10397000C5F30D90000AA06E0001F300F5007D0074
:1039800009C00E60003F24F00000C8B9000006FF27
:103990003000000FC000C80006F1000D56D000CF67
:1039A0006003F01F302F9C009A00B807B2F10E4060
:1039B00005E0D60C74E0000F6F007C990000AFA00A
:1039C00001FF400005F4000BE0004F3007E109D093
:1039D0002F4000D9D900003FD000004FE10001E79F
:1039E000BB000BB01E707E1005F30D90000AA06F97
:1039F0000001F300F6007D0009C00D60002F34F0D7
:103A00000000C9A9000005FF2000000EC000000052
:103A1000E5000094AD00001BFC2000005FFFFFA14B
:103A20003337F40001E70000CB00008E10004F4058
:103A3000001EA33326FFFFFC006EA00F9201F400CE
:103A40001F4001F4003F303FC0006F3001F4001F01
:103A50004001F4001F4000FA2005EA8B8B8B8B8B12
:103A60008B8B8B8B8B8B8B8B8BBE5002AE0005F0C0
:103A7000005F0005F0004F1000DF104F5005F00010
:103A80005F0005F0005F002AE00BE40007EC40B4A3
:103A90001E25DFC00100000004CC302B01C0570000
:103AA000932B01C005CC3006A10FF60BE2000000FD
:103AB000000000000000000000027BFB000000048A
:103AC0009DFFFFD00003AFFFFFFFFD0000AFFFFF32
:103AD000FFDFD0000AFFFFB610ED0000AF9400003A
:103AE0000ED0000AF1000000ED0000AF1000000E43
:103AF000D0000AF1000045FD0000AF1001EFFFD03B
:103B0000179DF1005FFFFC0EFFFF1000AFFD31FFBE
:103B1000FFE00000010003BDA300000000005018FA
:103B20008888888405FABFDDDDDDFDAFE47F100005
:103B300000CA4EE04F100000C80EFEEF100000CF8C
:103B4000EFE03FEEEEEEF80EF68F766666EB6FF87E
:103B5000AF100000CC8FE03F100000C80EFCDF6506
:103B60005555EECFC25FFFFFFFF92C5775057777EC
:103B70007775FFFF1FFFFFFFFFFFFF2FFFFFFFFF17
:103B8000EFFF0EFFFFFFFE01100011111110EFFEFD
:103B90000EFFFFFFFEFFFF2FFFFFFFFFFFFF1FFFD7
:103BA000FFFFFF6887078888888668870788888876
:103BB00086FFFF1FFFFFFFFFFFFF2FFFFFFFFFDF5E
:103BC000FD0DFFFFFFFD00000000000150000000A0
:103BD00000001DF80000000001DFFD000000001DD6
:103BE000FFE22D600001DFFE20DFF7001DFFE20095
:103BF0008FFF71DFFE200008FFFEFFE20000008F54
:103C0000FFFE2000000008FFE200000000007D2011
:103C100000000000000000007F60000BE2EFF600F3
:103C2000BFF84FFF6BFFD104FFFFFD10005FFFE106
:103C30000000BFFFF6000BFFDFFF60BFFD14FFF5C4
:103C4000CFD1004FF61710000360000000110000F4
:103C500000000000FF000000006F21FF12F70006C7
:103C6000FF61FF16FF601FF901FF109FF16FE00178
:103C7000FF100EF6AF8001FF1008FACF6001FF10B1
:103C800006FCAF8000AA0008FB7FD00000000DF703
:103C90001FF80000008FF107FF91002AFF70009FBE
:103CA000FFEEFFF9000005CFFFFD500000000244C9
:103CB0002000000000000000000000000AFFA0003B
:103CC0000000000CFFC0000003D6DFFFFD6D300ECA
:103CD000FFFFFFFFFFE05FFFFFAAFFFFF51AFFF402
:103CE000004FFFA103FFD0000DFF3004FFF0000FD5
:103CF000FF404FFFFB22BFFFF42FFFFFFFFFFFF24C
:103D000009FEFFFFFFEF9000505EFFE50500000099
:103D10000CFFC0000000000477400000000000031A
:103D2000100341000000009FF50DF50000001BFD91
:103D3000FF8DF5000002DFB12DFFF500004FF83ECA
:103D4000C2BFF50007FF55FFFE39FE409FE38FFF1E
:103D5000FFF56FF6AC2AFFFFFFFF73E6005FFFFF82
:103D6000FFFFF100006FFFD77FFFF200006FFF90B1
:103D70000DFFF200006FFF900DFFF200004FFF708B
:103D80000BFFE1000000003300000000000BFFB05B
:103D9000000000000CFFC0000000000CFFC000008D
:103DA00000000CFFC0000000000CFFC00000008FEE
:103DB000FFFFFFF800002EFFFFFFE2000002EFFF11
:103DC000FE200000002DFFE20000799982DE289994
:103DD00097FFFFFB22BFFFFFFFFFFFFFFFFFFFFF7C
:103DE000FFFFFFFAB3CFACCCCCCCCCCCCA0006BB27
:103DF000BBBBBA3000004FFFFFFFFFE10000EF3018
:103E0000000006FB0009F800000000CF504FD00072
:103E10000000002FE1DF84420000344BF9FFFFFD7A
:103E20000001FFFFFBFFFFFF988BFFFFFCFFFFFF81
:103E3000FFFFFFFFFCFFFFFFFFFFFFFFFB9FFFFFF9
:103E4000FFFFFFFFF60000000000003300018DFFC0
:103E5000C600EF004EFFFFFFE4DF04FFB3004CFF9E
:103E6000FF0EF90000008FFF6FC00001FFFFFF8E03
:103E7000500001DEEEED00000000000000222222D2
:103E800000000021FFFFFF100008F8FFFBBC10003E
:103E90001EF4FFFC100001DFC0FEEFE8448EFE10B0
:103EA000FE1AFFFFFFC100FD0028BB9400000000C8
:103EB00002700002EF0002EFFDFFFFFFFFFFFFFFB8
:103EC000FFFFFFFFFFFFFFFFFFFF3447FFF000058D
:103ED000FF000005C00000000000027000000002AA
:103EE000EF00000002EFF0000DFFFFFF0220FFFFD8
:103EF000FFF08E1FFFFFFF00E7FFFFFFF03F5FFFB8
:103F0000FFFF08903447FFF000000005FF000000AD
:103F10000005C000000000000000000000000007D5
:103F20007000000002700005FA0000002EF0008111
:103F30004F600002EFF001DD07F0DFFFFFF0321EFF
:103F400080F6FFFFFFF08E27E0B9FFFFFFF00E7352
:103F5000F19BFFFFFFF03F54F09AFFFFFFF0890A4B
:103F6000C0D83447FFF0007F43F300005FF002F653
:103F70000CB0000005C00000BF10000000000009E8
:103F8000E30000000000000210003788888888885D
:103F900073EFFFFFFFFFFFFEFE32DFFFFFFFFFF9C2
:103FA000007FFFFDFFFFFD10CFFFA07FFFFFFFFFA2
:103FB000FA0007FFFFF35FA00000CFFF300300000F
:103FC00000CFFC0000000000CFFFCCCCCCCCCCFF5D
:103FD000AFFFFFFFFFFFF900002000000001FA0023
:103FE000000006FF1000000DFF7000006FFFF100E1
:103FF00001EFFFFA000BFFFFFF605FFFFFFFE0CF65
:10400000FFFFFFF6FEBFFFFFF9FD4FFFFFF9BF49BE
:10401000FFFFF53FE52EFFD006FFFFFD200028BA89
:10402000600004300000311FE00006F91FE0007F4F
:10403000FA1FE009FFFA1FE0AFFFFA1FEBFFFFFADC
:104040001FFFFFFFFA1FFFFFFFFA1FE6FFFFFA1F28
:10405000E05FFFFA1FE004FFFA1FE0003EFA0FD016
:104060000002D700000000000200000000000CFB6E
:104070002000000000FFFF900000000FFFFFE6009F
:104080000000FFFFFFFC30000FFFFFFFFF9100FF6C
:10409000FFFFFFFFE60FFFFFFFFFFFF2FFFFFFFF46
:1040A000FFFD0FFFFFFFFFF800FFFFFFFFB2000F54
:1040B000FFFFFD400000FFFFF70000000FFFA10021
:1040C0000000006A40000000000014442001444247
:1040D0000DFFFF10DFFFF1FFFFF30FFFFF3FFFFFBB
:1040E00040FFFFF4FFFFF40FFFFF4FFFFF40FFFF14
:1040F000F4FFFFF40FFFFF4FFFFF40FFFFF4FFFF50
:10410000F40FFFFF4FFFFF40FFFFF4FFFFF40FFF2F
:10411000FF4FFFFF30FFFFF39FFFC009FFFC0014BC
:1041200044444444420DFFFFFFFFFFF1FFFFFFFF48
:10413000FFFF3FFFFFFFFFFFF4FFFFFFFFFFFF4F0A
:10414000FFFFFFFFFFF4FFFFFFFFFFFF4FFFFFFF3A
:10415000FFFFF4FFFFFFFFFFFF4FFFFFFFFFFFF435
:10416000FFFFFFFFFFFF4FFFFFFFFFFFF39FFFFF7B
:10417000FFFFFC0002100000420FE20003FB0FFEF5
:104180003004FB0FFFF404FB0FFFFF54FB0FFFFF96
:10419000FAFB0FFFFFFFFB0FFFFFFFFB0FFFFFD639
:1041A000FB0FFFFD14FB0FFFC104FB0FFB0004FB23
:1041B0000CA00003FA000000000000000012000044
:1041C00000000003FF60000000002EFFF50000006B
:1041D00001EFFFFF4000001DFFFFFFF30000CFFFD6
:1041E000FFFFFE200AFFFFFFFFFFE00EFFFFFFFFC4
:1041F000FFF2039999999999500588888888887061
:104200000FFFFFFFFFFFF30FFFFFFFFFFFF40BFFA9
:10421000FFFFFFFFD1000000000000003F90000002
:104220003FFC00003FFD10003FFD10003FFD10006F
:104230001FFD100000CFF4000000CFF4000000CFFD
:10424000F4000000CFF4000000CFE0000000A40064
:104250000000000000CD1000001FFD1000003FFD19
:104260001000003FFD1000003FFD1000003FFD006A
:104270000008FF900008FF900008FF900008FF90E2
:104280000002FF90000007800000000000045000C2
:1042900000000002FF60000000003FF70000000087
:1042A00003FF70000000003FF7000006999AFFC965
:1042B0009980FFFFFFFFFFFF3DFFFFFFFFFFF201C0
:1042C000113FF71110000003FF70000000003FF7DE
:1042D0000000000003FF70000000000CD30000008D
:1042E0006999999999980FFFFFFFFFFFF3DFFFFF8F
:1042F000FFFFFF20000000000000000001566400E6
:1043000000000003BFFEEFF91000007FFA1003DF8A
:10431000E40008FFA009B41EFF504FFF200BFF264A
:10432000FFE1EFFF09CFFF63FFFABFFF09FFFF5473
:10433000FFF61EFF51DFFB09FFB003EFE204305F21
:10434000FC10002CFF956AFF9000000049DFFD92F1
:104350000000000000000000000000CD2000000070
:10436000000000008FF50014664000000004EFAC70
:10437000FFEFFF910000001CFFA1004DFE30000088
:10438000009FF5AB31EFF40007B105FFFFE17FFEC1
:10439000100FFE302DFFF54FFF900CFFE000AFF641
:1043A0005FFF6002FFF40006FFEFFB00004FFD100F
:1043B000003EFFC0000002DFE85401BFE300000040
:1043C00005AEFF6007FF60000000000000004EF631
:1043D0000000000000000001A1000000000000003B
:1043E00000000000003ED00000000000000CFF8034
:1043F000000000000006FFFF200000000000EFFFAB
:10440000FB00000000008FFCCFF4000000002FFB39
:1044100000FFD00000000BFFC00FFF70000004FF82
:10442000FD01FFFF100000DFFFE02FFFFA00007F1B
:10443000FFFF9BFFFFF3001FFFFFB00EFFFFC00A4F
:10444000FFFFFE24FFFFFF60FFFFFFFFFFFFFFFAFC
:1044500006CCCCCCCCCCCCCB30000000000036005D
:1044600000000000007F80DDDB00008DEFF8FFFF23
:10447000B007FFFFFD556FF46FF8AFE2000574FF62
:10448000907E2000003FFA0000000002EFB2504A88
:1044900000012EFD1DF48FB0FFFFD10BFFFFFBFFCE
:1044A000FE2000CFFFFB12210000029FC000000091
:1044B00000005B00000007A00000000008FFB00043
:1044C000000008FFFFB0000008FF95FFB00008FFE4
:1044D0009005FFB007FF900005FFB09F900000051A
:1044E000FD004000000003104C20000000B60BFE51
:1044F000200000CFF02EFE2000CFF4002EFE20CFB3
:10450000F400002EFECFF40000002EFFF4000000A7
:10451000002EF4000000000013000000000830002E
:10452000000000000000BFF308BBBBBB90000BFF06
:10453000FF39FFFFFFF1008FCFCFF000000AF1003D
:10454000382F948000000AF100002F900000000A2C
:10455000F100002F900000030AF130002F900000BE
:104560001FCBF8F8002FEBBBBB39FFFFE2001FFFAA
:10457000FFFFB09FFD2000000000000008D10037C1
:10458000888700000000EFFFFFA0000000FFFFFF92
:10459000FDCCCCB6FFFFFFFFFFFFFFFFFFFFFFFFDC
:1045A000FFFFFFFFFFFFFFFFFFFFFFFFFFFFFFFF1B
:1045B000FFFFFFFFFFFFFFFFFFFFFFFFFFFFFFFF0B
:1045C000FFFFFFFFFFAFFFFFFFFFFFF9000000004D
:1045D000000000000001DD10000000001DFFD10000
:1045E000000001DFFFFD1000001DFFFFFFD10000F4
:1045F0009FFFFFFFF90000011CFFC1100000000C2D
:10460000FFC0000000000CFFC0000000000CFFC055
:10461000000079993BFFB39997FFFFB2442BFFFF4E
:10462000FFFFFEDDEFFFFFFFFFFFFFFAB3CFACCCD4
:10463000CCCCCCCCCA00000000000200000000007E
:104640000004FFC70000000000AFFFF00000000002
:104650001FFFFD0000000006FFFFC0000000000873
:10466000FFF700000000000CFF300000000004FF16
:10467000C00000000001EFF300004A3002DFF80044
:1046800005DFFE15EFFB0000EFFFFFFFFA00000B58
:10469000FFFFFFF70000007FFFFFA200000002BA4B
:1046A00085000000000004860000001006FFFA00EC
:1046B00002DFD1EF3CF101DFFA0EE0AF21DFFA00BB
:1046C0009FEFF6DFFA00008DFFFFFB00000006FF02
:1046D000FD00000048EFFFF600006FFFFBFFF60053
:1046E0000EF3CF23FFF600EE0AF204FFF609FEFCFC
:1046F0000004FFF108DA1000026200000000000070
:104700000000006FFFF987000008FFFF98F708A678
:104710008FFFF95990FFA8FFFFFCCC0FFA8FFFFF26
:10472000FFF1FFA8FFFFFFFF1FFA8FFFFFFFF1FF61
:10473000A8FFFFFFFF1FFA8FFFFFFFF1FFA8FFFF9A
:10474000FFFF1FFA7FFFFFFFF0FFE3122222210F7E
:10475000FFFFFFF90000ACCCCCCB50000049999989
:104760009995000EFFFFFFFFF600FD2222224FF673
:104770000FC0000001FFF3FC0000001FFF6FC0002E
:104780000002FFF6FFFFFFFFFFFF6FFFFFDCFFFFF1
:10479000F6FFFFB005FFFF6FFFF6000FFFF6FFFF0C
:1047A000C006FFFF6FFFFFEDFFFFF69FFFFFFFFF5C
:1047B000FD10CDDDDDDDDDDD2FFFFFFFFFFFF3129F
:1047C000222222222200000000000000000000003F
:1047D00000000FFFFFFFFFFFF3DEEEEEEEEEEE2038
:1047E0000000000000000000000000000DEEEEEEF2
:1047F000EEEEE2FFFFFFFFFFFF30000000000000D1
:1048000037888888888873EFFFFFFFFFFFFEEFFF80
:10481000FFFFFFFFFE1CFFFFFFFFFFC1D28FFFFF67
:10482000FFF82DFF64EFFFFE45FFFFFA2BFFB2AF4D
:10483000FFFFFFD3553DFFFFFFFFFFBBFFFFFFFF64
:10484000FFFFFFFFFFFFAFFFFFFFFFFFF9000000CB
:10485000000001FFFFF00004FFFFD00006FFFF8013
:104860000008FFFF30000AFFFFAAA60CFFFFFFF8B9
:104870000EFFFFFFE10BDDDFFF6000004FFD0000DA
:10488000007FF3000000BFA0000000FF1000000345
:10489000F800000003C000000000200000000455E4
:1048A000EFB5520000FFFD1FFFB0000FFFFFFFFC40
:1048B0000000FFFF533320000FFF97FFFB5700FF5F
:1048C000F8AFFFC6F80FFF8AFFFC4AA1FFF8AFFF61
:1048D000E3220FFF8AFFFFFFF4FFF8AFFFFFFF4F58
:1048E000FF8AFFFFFFF43552AFFFFFFF40000AFFD2
:1048F000FFFFF400007FFFFFFE200000011000001A
:10490000000000AF00000000018FFA30000002EF4D
:10491000FFFF500000BFFFFFFF10001FFFFFFFF56C
:104920000003FFFFFFFF70005FFFFFFFF90008FFBC
:10493000FFFFFFC000DFFFFFFFFF209FFFFFFFFF24
:10494000FD0EFFFFFFFFFFF20222222222210000C4
:1049500008FFC00000000009A20000005BBBBBBB59
:10496000BBBBBBA3FFFFFFFFFFFFFFFBFC0C30E166
:104970001D0D11FCFC0B30E01D0D10FCFFFEFFEFC8
:10498000FEFEEFFCFFF15A0870A05FFCFFF37B29ED
:1049900092C27FFCFFBFCBBBBBBFCBFCFC0B20009C
:1049A000000D00FCFFCFCCCCCCCFCCFB9FFFFFFF9A
:1049B000FFFFFFF600000000000002000000000002
:1049C0000005DFB00000000007EFFFD00000001876
:1049D000FFFFFF70000029FFFFFFFF00003BFFFF0C
:1049E000FFFFF8000AFFFFFFFFFFF1000FFFFFFFCF
:1049F000FFFFA000049AAAAFFFFF20000000000EF6
:104A0000FFFB00000000000EFFF400000000000E9D
:104A1000FFC000000000000EFF5000000000000D6D
:104A2000FD00000000000004B300000035555502F1
:104A3000000FFFFFF2F400FFFFFF2FF40FFFFFF264
:104A4000FFF3FFFFFF32221FFFFFFFFFF7FFFFFF14
:104A5000FFFF8FFFFFFFFFF8FFFFFFFFFF8FFFFF4D
:104A6000FFFFF8FFFFFFFFFF8FFFFFFFFFF8FFFFD4
:104A7000FFFFFF8FFFFFFFFFF88AAAAAAAAA300054
:104A800000002455310000000003AFFFFFFFC70006
:104A90000002BFFFFEDEFFFFF6005FFFB510000360
:104AA0008EFFB0DFD300000000008FF5180005AEC8
:104AB000FEC81004600002DFFFFFFFF80000000CDA
:104AC000FF95347DFF40000002A200000077000047
:104AD0000000000296000000000000000DFF5000E2
:104AE00000000000000EFF6000000000000005DA7A
:104AF000000000005BBBBBBBBBBBBBBA20FFFFFF22
:104B0000FFFFFFFFFF90FC1222222222220FF7FC60
:104B10005FFFFFFFFFFF2CFAFC5FFFFFFFFFFF219E
:104B2000FAFC5FFFFFFFFFFF27FAFC26666666665A
:104B3000661FFAFEBBBBBBBBBBBBBFB1AFFFFFFF7A
:104B4000FFFFFFFF500000000000000000005BBB03
:104B5000BBBBBBBBBBBA20FFFFFFFFFFFFFFFF904C
:104B6000FC1222222221000FF7FC5FFFFFFFF8005A
:104B70000CFAFC5FFFFFFFF80001FAFC5FFFFFFF8C
:104B8000F80007FAFC2666666663000FFAFEBBBBF8
:104B9000BBBBBBBBBFB1AFFFFFFFFFFFFFFF5000C1
:104BA00000000000000000005BBBBBBBBBBBBBBA8E
:104BB00020FFFFFFFFFFFFFFFF90FC1222221000EB
:104BC000000FF7FC5FFFFFD000000CFAFC5FFFFF57
:104BD000D0000001FAFC5FFFFFD0000007FAFC26BE
:104BE00066665000000FFAFEBBBBBBBBBBBBBFB1D0
:104BF000AFFFFFFFFFFFFFFF5000000000000000BD
:104C000000005BBBBBBBBBBBBBBA20FFFFFFFFFF12
:104C1000FFFFFF90FC1222000000000FF7FC5FFF77
:104C2000300000000CFAFC5FFF3000000001FAFCCD
:104C30005FFF3000000007FAFC2666100000000F3E
:104C4000FAFEBBBBBBBBBBBBBFB1AFFFFFFFFFFFF0
:104C5000FFFF500000000000000000005BBBBBBB7A
:104C6000BBBBBBBA20FFFFFFFFFFFFFFFF90FC00B5
:104C700000000000000FF7FC0000000000000CFA2C
:104C8000FC00000000000001FAFC00000000000031
:104C900007FAFC0000000000000FFAFEBBBBBBBB24
:104CA000BBBBBFB1AFFFFFFFFFFFFFFF5000000026
:104CB0000000000000000000000007B2000000003B
:104CC00000000ADFFA000000000000A93DF5000026
:104CD00000044002E00010000000AFF80B6000008C
:104CE000006C30FFFFFFFFFFFFFFFFF4AFF9000C88
:104CF0005000006D4005500004C00000100000008E
:104D00000000C43EE80000000000002EEFFA0000A2
:104D100000000000004FFA0000000000000000004A
:104D200000000000011000000007EFFFB30000AF1B
:104D3000FD8FFF2004FFFD09FFB00AFEFD12AFF05A
:104D40000EF55D2C0EF30FFF33129FF50FFFF307E7
:104D5000FFF60FFFE206FFF60FFE24137FF50DF5B9
:104D60007D2C0DF30AFFFD11BFF003FFFE0BFFA02A
:104D7000007FFEBFFE100003ACDC81000000344366
:104D8000000005667FFFF96650FFFFFFFFFFFF355C
:104D90006666666666501CCCCCCCCCC402FFFFFFB6
:104DA000FFFF602FF3FB7F6DF602FF2FB7F5DF608B
:104DB0002FF2FB7F5DF602FF2FB7F5DF602FF2FBCE
:104DC0007F5DF602FF2FB7F5DF602FF3FB7F6DF6F7
:104DD00001FFFFFFFFFF5007BCCCCCCC90000000D0
:104DE0000000000120000000000004FF500000004F
:104DF0000002FFFF500000000439FFFE0000000425
:104E0000FF39FFA0000004FFFF39B0000004FFFFDE
:104E1000FF20000004FFFFFFB0000004FFFFFFB011
:104E2000000004FFFFFFB0000004FFFFFFB0000020
:104E300000BFFFFFB00000000DFFFFB0000000004A
:104E4000FFFFB00000000009A860000000000000A3
:104E500000178888888887400002EFFFFFFFFFFF68
:104E6000F4003EFFFFCFFFCFFFF703EFFFF908F895
:104E700009FFF83EFFFFFE20402EFFF8DFFFFFFF97
:104E8000E101EFFFF89FFFFFFF80008FFFF809FFB0
:104E9000FFF902C209FFF8009FFFFE4EFE4EFFF829
:104EA0000009FFFFFFFFFFFFF700008FFFFFFFFF7D
:104EB000FFC100000000000003EFFFFFE203FBFB67
:104EC000CEBFA4FF1D03A1FAFFF1D03A1FAFFFFF31
:104ED000FFFFFAFFFFFFFFFFAFFFFFFFFFFAFFFF3C
:104EE000FFFFFFAFFFFFFFFFFAFFFFFFFFFFAFFF77
:104EF000FFFFFFFAFFFFFFFFFFADFFFFFFFFF829F6
:104F0000AAAAAAA8000000000000000300000000F8
:104F1000000004F1000820000001FF100BF7000062
:104F2000002FF10CFF94444445FF1BFFFFFFFFFFE0
:104F3000FFF18FFFFFFFFFFFFD007FF70000000084
:104F400000006F6000000000000030000000000062
:104F500000000000000000000000C003000000008E
:104F60000000C003030A00000F00800505050005CE
:104F70001C00D0090A0A00004E00B008090F00FE0C
:104F80009200D00B0C0A0000CE00A0090A0B00FF13
:104F90000501F002030500050D01B004040E01FD3A
:104FA0002901C004040E00FD4501A0050606000508
:104FB000570120080807000273013003030500FEB3
:104FC0007B01600505030003830130030303000038
:104FD0008801F004070EFFFFB9015009090A00001B
:104FE000E6013005040A0000FA011008080A000072
:104FF00022020008080A00004A0260090A0A0000AA
:105000007C021008080A0000A402A008090A000097
:10501000D1026008080A0000F9020009090A00002C
:105020002603A008080A00004E033003030800000E
:105030005A033003030B00FD6B032008080800012E
:105040008B03200808060002A303200808080001BB
:10505000C3030008080A0000EB03800E0E0D00FDDC
:105060004604400A0C0AFF008204A00A090A010053
:10507000AF04200A0A0A0000E104900B0A0A0100AA
:1050800013056009080A01003B05E008080A010051
:105090006305D00A0A0A00009505600B090A0100A1
:1050A000C2055004020A0100CC053007070AFF00C0
:1050B000EF05100A0A0A010021065008080A01003B
:1050C0004906600D0B0A01008006600B090A010009
:1050D000AD06C00B0C0A0000E906200A090A01000F
:1050E0001607C00B0C0D00FD6407300A090A010009
:1050F0009107B008090A0000BE073008090A00003D
:10510000EB07100B090A01001808F0090B0AFF0051
:105110004F08C00F100A00009F0870090A0A00001B
:10512000D10810090B0AFF0008093009090A00001C
:105130003509B004040E01FD5109F004070EFFFF0C
:105140008209B004040E00FD9E0930080706010222
:10515000B3090007070100FFB7096008050201094C
:10516000BC09600808080000DC099009080B010070
:10517000080A000808080000280A9009090B000026
:105180005A0A9008080800007A0AF004060B00008A
:105190009B0AB009090B00FDCD0A9009080B01001C
:1051A000F90AE003020B0100040B0004050EFEFDEA
:1051B000270BA008080B0100530BE003020B0100B2
:1051C0005E0BD00E0D080100920B9009080801003B
:1051D000B20BE00809080000D60B9009080B01FD8E
:1051E000020C9009090B00FD340CC00505080100F4
:1051F000480C000707080000640CD005060A0000F0
:10520000820C800908080100A20CD0070908FF00E1
:10521000C60C900C0D080000FA0CC007080800002E
:105220001A0DD007090BFFFD4C0D500707080000B1
:10523000680DF004050E00FD8B0D3004020E01FD1B
:10524000990DF004050E00FDBC0D200808030003B5
:10525000C80DE00506050006D70D60040403000331
:10526000DD0D000E0F0FFFFE4E0E000E0E0B0000A8
:105270009B0E000E0E0D00FFF60E000E0E0B000032
:10528000430FA0090A0B00007A0F000E0E0F00FE5C
:10529000E30F000E0E0F00FE4C10C00F100D00FFAC
:1052A000B410000E0E0F00FE1D11C00F100B0000F9
:1052B0007511000E0E0F00FEDE110007070C00FF37
:1052C0000812800A0B0C00FF4A12C00F100E00FEDD
:1052D000BA12000E0E0B00000713A0090A0F00FE01
:1052E0005213400C0A0E01FE9813400C0D0F00FEE5
:1052F000FA13400C0D0D00FF4F14400C0D0D00FF74
:10530000A414400C0A0E01FEEA14400C0E0DFFFF1F
:105310004515C008090D00FF8015C008090D00FFE4
:10532000BB15400C0D0D00FF1016400C0D040003C2
:105330002A16C00F100B000082168011120F00FEFB
:105340000917C00F110FFFFE8917000E0E0D00FF89
:10535000E417400C0D0800011818400C0D0800015E
:105360004C188011120B0000AF18000E0E0B00003D
:10537000FC18000E0E0F00FE6519000E0F0FFFFE49
:10538000D619400C0D0D00FF2B1A400C0D0F00FE1E
:105390008D1A400C0D0D00FFE21A400C0D0C00FFA1
:1053A000301B000E0E0B00007D1BC0080A0FFFFE15
:1053B000C81B400C0D0F00FE2A1C400C0D0F00FEF8
:1053C0008C1CC00F100B0000E41C000E100FFFFE21
:1053D0005C1D800A0B0F00FEAF1D8011120D00FF37
:1053E000241E8011120A00007E1E8011120A000085
:1053F000D81E8011120A0000321F8011120A00000C
:105400008C1F8011120A0000E61F8011120C00FF91
:105410005220400C0C0F00FEAC20400C0D0F00FE83
:105420000E21000E0F0FFFFE7F218011120B0000D6
:10543000E221800A0B0F00FE3522100E0F0A000039
:105440000000721F51EF58EF5BEF5CEF5DEF61EF13
:1054500063EF65EF69EF6CEF71EF76EF77EF78EF61
:105460008EEF93EF98EF9BEF9CEF9DEFA1EFA2EFF4
:10547000A3EFA4EFB7EFB8EFBEEFC0EFC1EFC4EFFB
:10548000C7EFC8EFC9EFCBEFE3EFE5EF14F015F08E
:1054900017F019F030F037F03AF043F06CF074F098
:1054A000ABF03BF190F191F192F193F194F1D7F1DE
:1054B000E3F13DF254F2AAF412F7F2F720000000F3
:1054C0005F0001000000000000000000000002007A
:1054D000B0000000F3F760004054039000000000AB
:1054E0003E00030000000102000304050206070855
:1054F000090A090A0B0C000D0E0F101112130C14DF
:10550000140000001516171819161A1B1C1D1D1E55
:105510001F201D1D1621222303241E252526272892
:10552000292A2B002C002D2E2F303132332D3434EC
:1055300035302D2D2E2E36373839333A3A3B3A3C1A
:10554000290000093D0900000000000000000000E3
:10555000000000000000000000000000000000004B
:10556000000000000000000000000000000000003B
:10557000000000000000000000000000000000002B
:105580000000000001020003040502060708090AE2
:10559000090A0B0C0D0E0F10110C12131415150027
:1055A000000016171819171919191719191A1919A6
:1055B000191917191719031B1C1D1D1E1F20212245
:1055C00023002400252627272700272628292626EA
:1055D0002A2A272A272A2B2C2D2E2E2F2E30000068
:1055E0002309310900000000000000000000000055
:1055F00000000000000000000000000000000000AB
:10560000000000000000000000000000000000009A
:10561000000000000000000000000000000000008A
:105620000001000000000000000100000200000076
:105630000002000000000000000000000000000068
:105640000000010000000000000000000000000059
:1056500000010A0006FB00000000F4F3020B050441
:10566000F7020B0109020700000000000000000023
:1056700000000D02FE00000000000000000000001D
:10568000000400F90000000000FC04040000FE001B
:10569000FE0200FE00FEFFFC00000000FE0000FD18
:1056A000FD0000FE00FC000000000000000000FE05
:1056B000FE00FD00FA00E50000FC0004070000FC0D
:1056C00002020704FC040000F300000000000000D8
:1056D00000000000F80000000000000000000000D2
:1056E000000000FAFDF500F7FE00000000000900D0
:1056F000F9FEFF0100FC0000FEEF000000000000CA
:105700000000000000EEFE090000000000000000A4
:1057100000000000F700000000000000000000078B
:1057200000020000FC00000000000000000000007B
:10573000000000000000090201000000000000005D
:105740000000000000000000000000000000000059
:105750000000000000000000000000000000000049
:10576000F800000000000000000000000000000041
:105770000000000000000002040207FE000004FE1A
:10578000F9E102060400FD00080007000700EB0035
:10579000FD070007FE0402000001FE0000FC1200ED
:1057A0001200070009030407000000F800000000D1
:1057B00001FE0002FCFDFC0200FE000000F70000FC
:1057C000000000000000000000F1000000000000E8
:1057D00000000000000000000001F400F2000000E2
:1057E00000FE0016FDFD0202FE00FD020000F400B6
:1057F00000000000000000000000EA0002000000BD
:10580000000000000000000000F2000D0000F800A1
:105810000700F1EAF1FC070000F10003FB00FD00C6
:1058200000000000000000000000000607E5000086
:10583000000000000000000000000B00020000005B
:1058400000000202FDFC00FFFFFE0000FE00000061
:10585000FC00FE00FBFC00FAF9F9FC00FC00FC0077
:10586000000000FE0000020002FE00010000000235
:10587000FE000000FE0202FF000000FC00FF00002E
:10588000000000010003FE00FD00FC0000FE000718
:105890000000FE0000000000FF01FEFE0000FE0010
:1058A000FE000000000000000000FFFF00FEFD0001
:1058B00000000000010000FE00FEFEFE00000000EF
:1058C0000000000000FF00000000FEFD00FD00F9E8
:1058D000FEF9040000FC02040600FAFFFD00FFF5DB
:1058E00002FE02F402000001F400F4FEEDFE00F5F9
:1058F0000004060003000000000000FCFD00F900A9
:105900000000FE000000FE0000000000FFFF00FF9E
:10591000FD00000000000000FEFE00FEFDFE000095
:10592000FE0000000000000000000000FEFE00FD80
:1059300000FE00FC020000FD010202000000000069
:1059400000FE0000000000020000FE00FEFEFD0060
:105950000000000000000200FE00000000FEFD004C
:10596000FC0007FE01F9000006F5F4F7FC0200FE5A
:10597000F1FC00FC00FC03FCF200FA000001FF0255
:10598000FE000200F9F700F5FBFBFBF9FDFA00FC55
:10599000FA01000100FE0000000200020000000009
:1059A00000000000000000FE00FF00FFFE00FCFB06
:1059B000FBFF00F9000000000000FE0000000001F5
:1059C000FF0000000200000000000000000B0000CB
:1059D0000000000002000000FE00000000000000C7
:1059E00000000000FC0002000000000000000000B9
:1059F00000000000FE000000FC00000000F5F900BF
:105A00000000FDF50000FE0200FA000000000000AA
:105A100000000000FC0000FC00000000000000008E
:105A2000000000000200FC00000000030002FCFC7B
:105A300000FEFEFD000000000000F900FE00FDFE7B
:105A400000FBFAF9FE00FC00F90000000012000063
:105A5000010000FD000200F60000000000EBFC0762
:105A600007FEF70002FD00F5FFFD02F0FE03000354
:105A7000F8FDF8F9F70000F3000D0000FF0000004A
:105A8000FFFFFEFAF900EB0000000000000000003C
:105A90000100000000000000000000000000000005
:105AA00000FE00FFFEFD0000FC00FE000000000004
:105AB00000000000000000000000FF00FC000004E7
:105AC000FF0300FB02FEFFFAFE00FDFEFE00FDFCF0
:105AD0000000FEFFFEFCFD0000FE0002FE00FB00D9
:105AE0000000FC00FC00FCFC0200000000000000C4
:105AF00000FC0200FD00FEFDF9FEFEFEFFFEFDFFC4
:105B00000000000000FEFEFE0000000003FE00FE9C
:105B1000000000FEFDFEFEFDFE000209FF00FA008F
:105B2000FE0400FEF7FD030000F5FC02FC0200FE8F
:105B3000FEF900FD010000FC0000000202FCFC0078
:105B4000FCFEFDFEFE00FC01FCFC07000000000066
:105B50000000000002000000000000000000000043
:105B6000000000000000000000000000FC00000039
:105B70000000000000000000000000000000000025
:105B80000000000000000000000000000000000015
:105B90000000000000000000FE0000000000000007
:105BA00000000000000000000000000000000000F5
:105BB000000000000000FEFE0000000000000000E9
:105BC00000000000FD0000FD0000FEFE00000000DF
:105BD000FE00000000FF0000000000FE00000000CA
:105BE000FD00FC000000F90002FB0400FEF50000CF
:105BF000FBFE00F7FAFA0000F6FEF7F7F500FA00F0
:105C0000020FFD00FBFEFFFEFCFAFCF8F7FBFE00B6
:105C100000FE00010000F0FE0705FBF80001F9009E
:105C2000F5FEFE04EBFD010000F1FDF4FEF00000C6
:105C3000F0000D0100FE00000000FFFEF7FE00F185
:105C400000000000F900FE00FFFAF50000FFFDF97A
:105C5000FE00FE00000000F6FEF9F9FEFCFAFEFC74
:105C600000FCFEF9FD00FDFCFEFC000100FEF90059
:105C70000400FC00000000030002FC0900FEFEFD21
:105C8000000000000000F900FE00FDFE00FBFAF934
:105C9000FE00FC020900000000120000010000FDEF
:105CA00000020000000000000000000000000000F2
:105CB000FEFC0000000000FF000000FEFE0000FCF3
:105CC000FE0000FC0004FF000000000000010000D6
:105CD0000000030402FE00F9FC0007F9F9FCFC09CE
:105CE0000402EDFE04FE00FE02FEF800FE02FDFED0
:105CF000F9FE0000070400FA00F4FD06FDF701FDBF
:105D0000F9F9FE090200FD00FA000207FBF8F7FAB4
:105D1000070001F0FE02FCFEFB00FBF8FDFDFE00AB
:105D200000FBFBFE000705FEF400F4FD00F8F3FFA6
:105D3000F9FCF9FA060000FD00FCFE00FEFC000480
:105D4000F9020000F400FEFBFCFEF9FAF9FB00F991
:105D5000FEFBFCF9FE0000010BFC00F9FE00FEFC5E
:105D6000FBFAFAF7FDFC0400FD00F5FD0104F9F86B
:105D7000FCF907FE01EBFC04FBFCF800F9F7FDFE63
:105D8000FEFEFBF9FF00000706FEF100F3FB05F73E
:105D9000F1FCF8F7F5F90400000000FD000002FD39
:105DA0000402FC040000F9FF00FF000101FE0000F6
:105DB00000000000FE0000000002070000FD0000DF
:105DC0000000FEFEFD0000000102000000000200D5
:105DD000FE000900040101FD0004000000020000B3
:105DE00000000000000000000007000600000000A6
:105DF00000000000000000000000F300FE040007A7
:105E000000001603FCFC0202FE01F500000BF3008B
:105E100000000000000000000000F1091F00000069
:105E2000000000000000000000F30000000000007F
:105E30000000000000000000000000000000000062
:105E400000000000FC0000FCFE000000000000005C
:105E5000000000000000000000000000FE00FA004A
:105E600000010000021DFCFE0706FA02000002020B
:105E7000FD0000000000000000000000E30600003C
:105E8000000000000000000000000000000000FA18
:105E9000000000FA00000000FBFF000000FB00FD16
:105EA00000F50000000000000000000000F100000C
:105EB000000001000000000000FE0000FC00FD00EA
:105EC000FA000000FC02FD0000FAFEFB0000FA00F0
:105ED000FE00F500FE0000EEFCF7FEF80000F10009
:105EE000FAFF0000000000000000FDFCFEFC0000C6
:105EF0000000FB00FB03FE0400FEFBFEFCFC00FDBB
:105F0000FFFE02FAFF000000ECFEFD00FB00FEF5C4
:105F1000FE0000FEFE000000000200FEFCFE040089
:105F20000000000000000000000000000000000071
:105F30000000000000000000000000000000000061
:105F4000000000000000000000000300000000004E
:105F500000FB00FE000000FC02000000FAFEFC0056
:105F600000FA00FE00F500000000EA00FCF8F50071
:105F700000F100FEFD0000000000000000FEFDFF3B
:105F8000FD01000004FD00070BFEFEF9030B0405F4
:105F9000FA030903060506000000000000000000E7
:105FA00000000E0BFCFE00FE120A120000000200B0
:105FB00000080000FC000000000000000000FE00DF
:105FC000000000000000000300000000EDFDFEF7EF
:105FD000F50000F1000000000000000000000000DB
:105FE0000000000000FC000000000000000000FEB7
:105FF00000000000000000000300000000EDFDFEB6
:10600000F7F50000F70000000000000000000000AD
:106010000000000000000000FE000000FB0200FE87
:10602000020402F90000FE02000200000000FA0073
:10603000FEFEFC00FEF7000EFE00FBFE00FEFC0074
:10604000FEFAFCFD000000FC000000000000000063
:1060500000FE00000000000000000300000000ED52
:10606000FDFEF7F50000F10000000000000B00004D
:106070000000000000000000FC00F9FDFE07FEFE2D
:10608000F701FF01FEFA000500020102FBF7FD0027
:10609000F7FCFAF7F700FCFCFDFDFEFEFDFE00FE3E
:1060A000FF030003FE0007000000000000000000E6
:1060B000000000FEFEFE0000FA00FF00FC000000F1
:1060C0000000000000000000F300000000000000DD
:1060D00000000000FEFE00FD00000000FE0000FCCD
:1060E000FE0200FCFCFE00FAFEFBFEFD00FC0000D0
:1060F000000000000000000000F100070000FC00AC
:10610000000000FD00FE0000FF0000FE00FB00009C
:1061100009FDF9F902020200FA020302070207FE72
:10612000FA0000F70000F9FA0000FC00FDFC00FD99
:1061300000FD00FE0300FEF9FE080000FE00FC006A
:106140000003FB0002FE020000F900FEFF00FE0259
:10615000FE000000F7FDFB00F90000F50008FE005E
:10616000FC000100FE00FEF900FE0200000000FE3F
:10617000000002FD010000FDFE00FD000000000027
:10618000000000000000000000000000F200050018
:1061900000FE000000000000FEFE000000040005FC
:1061A0000000000000F2F3010A0704F702090008EA
:1061B000000400000000000000000000000C0000CF
:1061C00000000000000000000000000000000000CF
:1061D00020560390E4540390825503903D31000013
:1061E000D02C0390504F0390BC540390D061039087
:1061F0001000022818020024D1FA0190F1F9019050
:106200001000030000FF0100E061039000000000A7
:106210000000000006F2ECE83699D661963ABE24FA
:106220005E05FA05B1046A4D098EE7CE47FF00FE10
:10623000C0FCA4FAA97AF163F39C8AEA8EE3D3EC5A
:106240007AFE5DFF0FEA12F376F4DAFD3DFF37AA1E
:1062500059BB9BCCFCE53EF7B87AB993FBB43DD66D
:106260003EEF585B397C5B9D5DC65EEF3E45BE658B
:106270005F96FFBE9FE7BE2D1E4EBF863FB7BFE7AE
:106280003B269C4EFD865EB7BFE73325B54D58864D
:10629000FBB69EE7CD653086B4A639CFBDEF6C9EC8
:1062A000B0AE14C779DFDDF70AD72EDF73E7B8F792
:1062B000DCFF6BFF8EFFB3FFD8FFFCFF45FEA9FE9E
:1062C00010FF76FFDCFF24FDA9FD70FE16FF9CFF8A
:1062D00088FB4CFC52FD77FE5CFF6C8B4FA454BDD9
:1062E00079D65DEF937C3595F8B5DBCE7EEFF7BDC3
:1062F0001CE77DEFBEF7DFFFC6E165D145C1E3B026
:10630000CCD8CBC0AAA869883589F478D368B148BD
:10631000B65975513441D230553AF331B2290F197B
:106320005C1CBA1B3813340ADC045A04B703B302EA
:106330007805B40411040C034F04CD034B03680229
:106340000845673CE62BE41A887DE76C45544333E7
:1063500046C6A5ADE49CA283C6FE05FE44FDE2F35D
:1063600080FD00FD60FC60FB60FCE0F360EB80E220
:1063700083F243E202DAA1B9686A065AA5492439D0
:106380006F53CC4229328721AE730C63084204213B
:1063900000003C027804B306EE08280B610D990F4B
:1063A000D01106143A166C189D1ACB1CF71E212129
:1063B00048236C258E27AC29C72BDF2DF32F033202
:1063C000103418361C381C3A173C0E3EFF3FEC4187
:1063D000D443B64593476A493C4B084DCD4E8D504A
:1063E0004652F953A5554B57EA58825A135C9C5DA7
:1063F0001F5F9A600D627963DD6439668D67D968C5
:106400001D6A596B8C6CB76DD96EF36F04710C7289
:106410000B730174EE74D275AD767F774778067989
:10642000BB79677A0A7BA27B327CB77C337DA57D02
:106430000D7E6C7EC07E0B7F4B7F827FAF7FD27FD5
:10644000EB7FFA7FFF7F00000000000000040404DF
:106450000404040404040400000000000606060608
:10646000060605000000000000000000000000001B
:106470000000000002000000000000000000040016
:1064800000020002020000000000000002020202FE
:1064900000020000000200000000000002000000F6
:1064A00000010105050501050000000000100101C3
:1064B000000000001002020C0C121200000000008C
:1064C000B0240390739601900000000000000000CB
:1064D000A59801900000000041040000B024039042
:1064E000F1A101903FA20190000000005DA2019087
:1064F00004010D0000060000B0240390C3A4019025
:10650000000000000000000000000000D127D1279B
:1065100044020000B02403905DA5019099A501906C
:1065200000000000B1A50190040182008503000075
:10653000B024039001B5019039B50190000000002E
:1065400005B70190D127D127C4020000B0240390E1
:1065500085F201901DF301900000000041F30190CD
:106560008200D12705040000B02403908DF801902B
:10657000BFF8019000000000CDF401900000000081
:1065800080020000B024039013040290470C029094
:1065900000000000710C0290D127D127C003000039
:1065A000B024039095160290091702900000000095
:1065B0004D170290D127D127C0040000B0240390CA
:1065C0008D2702900000000000000000A12702902B
:1065D000D127D127C0020000B0240390B9770290E0
:1065E000000000000000000031780290D1278200F6
:1065F000C5020000A065039000000000000000003C
:10660000000000009979029000000000C004000022
:10661000DC640390437B0290000000000000000057
:106620009D7B02900000000085070000B0240390CD
:10663000DF8B0290078C029000000000118C02900A
:1066400034001E0084020000B02403906D8D02907F
:10665000A98D029000000000098E0290D127D12759
:1066600085030000B0240390699402907B96029009
:1066700000000000A596029004018200440600007C
:106680000040404040404040404041414141414045
:1066900040404040404040404040404040404040FA
:1066A0004005020202020202020202020202020289
:1066B000022020202020202020202002020202028E
:1066C00002029090909090901010101010101010E6
:1066D00010101010101010101010101002020202F2
:1066E0000202888888888888080808080808080836
:1066F0000808080808080808080808080202020232
:1067000040000000816603904755495461736B0057
:10671000646D6132644D7574657800004F464600C3
:106720004F4E00004C65645461736B005361000070
:1067300057650000546800004D6F0000467200006D
:1067400053750000547500004A756E650000000026
:106750004D61726368000000417072696C00000056
:10676000446563656D626572000000005365707476
:10677000656D6265720000004E6F76656D626572D0
:10678000000000004F63746F6265720041756775A9
:10679000737400004D6179004A756C790000000047
:1067A0004A616E75617279004665627275617279CF
:1067B00000000000323032330A323032320A3230D6
:1067C00032310A323032300A323031390A32303125
:1067D000380A323031370A323031360A3230313508
:1067E0000A323031340A323031330A323031320A2F
:1067F000323031310A323031300A323030390A32F7
:106800003030380A323030370A323030360A3230DF
:1068100030350A323030340A323030330A323030D8
:10682000320A323030310A323030300A31393939B7
:106830000A313939380A313939370A313939360AA2
:10684000313939350A313939340A313939330A3174
:106850003939320A313939310A313939300A313965
:1068600038390A313938380A313938370A31393844
:10687000360A313938350A313938340A3139383342
:106880000A313938320A313938310A313938300A67
:10689000313937390A313937380A313937370A311E
:1068A0003937360A313937350A313937340A31390F
:1068B00037330A313937320A313937310A3139370A
:1068C000300A313936390A313936380A31393637F2
:1068D0000A313936360A313936350A313936340A11
:1068E000313936330A313936320A313936310A31E3
:1068F0003936300A313935390A313935380A3139C2
:1069000035370A313935360A313935350A313935B5
:10691000340A313935330A313935320A31393531B2
:106920000A313935300A313934390A313934380AC3
:10693000313934370A313934360A313934350A318C
:106940003934340A313934330A313934320A31397D
:1069500034310A313934300A313933390A31393373
:10696000380A313933370A313933360A3139333558
:106970000A313933340A313933330A313933320A7F
:10698000313933310A313933300A313932390A3148
:106990003932380A313932370A313932360A313927
:1069A00032350A313932340A313932330A31393227
:1069B000320A313932310A313932300A313931391A
:1069C0000A313931380A313931370A313931360A29
:1069D000313931350A313931340A313931330A31FB
:1069E0003931320A313931310A313931300A3139EC
:1069F00030390A313930380A313930370A313930D3
:106A0000360A313930350A313930340A31393033C8
:106A10000A313930320A31393031000030310A3030
:106A2000320A30330A30340A30350A30360A303709
:106A30000A30380A30390A31300A31310A3132002D
:106A40000A00000020000000312300002C0000009C
:106A50002D0000002E0000003A00000041424300DB
:106A60005F000000610000006200000063000000A1
:106A70006400000065000000660000006700000080
:106A8000690000006A0000006B0000006D0000005B
:106A90006E0000006F000000700000007100000038
:106AA0007200000073000000740000007500000018
:106AB00076000000770000007800000079000000F8
:106AC0007A000000EF808C00EF819300EF8194004A
:106AD000EF959A00EF849C00EFA2A2000000000056
:106AE000410000004200000043000000440000009C
:106AF000450000004600000047000000480000007C
:106B0000490000004A0000004B0000004C0000005B
:106B10004D0000004E0000004F000000500000003B
:106B2000510000005200000053000000540000001B
:106B300055000000560000005700000058000000FB
:106B4000590000005A00000061626300210000004B
:106B500022000000230000002400000025000000A7
:106B60002600000027000000280000002900000087
:106B70002A0000002B0000002F0000003000000061
:106B8000310000003200000033000000340000003B
:106B9000350000003600000037000000380000001B
:106BA000390000003B0000003C0000003D000000F8
:106BB0003E0000003F000000400000005B000000BD
:106BC0005C0000005D0000007B0000007D00000014
:106BD0002B2F2D0042746E310000000042746E3283
:106BE0000000000042746E330000000042746E34F6
:106BF0000000000042746E35000000001C6C039021
:106C000000000024CC020000EC2A0090E06C03900D
:106C1000CC0200245C1F0200049B0090011C320186
:106C200082102C90D003040283141AAA01011002CE
:106C3000272D29D401641E4067039038041A4404A8
:106C40001A30041A34041A3C041A2C041AA0041A28
:106C5000A8041A50041A58041A94041A48041A98DA
:106C6000041A8C041A6C041A84041A78041A600436
:106C70001E1C6A0390B4082132FF1809FFFFD426B6
:106C80000390D427041A28041A29042910990441CE
:106C90001A84201A84201A84201B282A0829109973
:106CA000040147022080C5D4C3B2A1021B70180A98
:106CB000A9A40290C9A3029041041EB9A202906146
:106CC000101A790C1AA1041ED46B0390DC041AE488
:106CD000041E406A0390EC082AF414190C81000089
:0400000590002299AC
:00000001FF
